# Blender 5.2.1 LTS
# www.blender.org
o NEW_Right_atrium
v -0.014434 1.250934 0.028863
v -0.008863 1.290533 0.064248
v -0.021051 1.278785 0.061905
v -0.034549 1.278392 0.029199
v -0.025157 1.276408 -0.004695
v 0.007923 1.275525 0.006564
v -0.000933 1.315066 0.064373
v -0.029352 1.309197 0.043699
v -0.035821 1.313180 0.007825
v -0.005847 1.314054 0.000692
v 0.005032 1.312188 0.035368
v -0.014422 1.340357 0.028942
v -0.021772 1.276911 0.059870
v -0.023293 1.271551 0.055456
v -0.022570 1.267620 0.051760
v -0.021395 1.264431 0.047431
v -0.021126 1.261565 0.042272
v -0.015357 1.256216 0.037961
v -0.015984 1.251474 0.033529
v -0.010014 1.251023 0.032716
v -0.006131 1.252666 0.034647
v -0.005133 1.252829 0.033927
v -0.004448 1.252739 0.033355
v -0.004205 1.252747 0.033119
v -0.004212 1.252819 0.033074
v -0.004230 1.252879 0.033039
v -0.010408 1.287917 0.063957
v -0.013040 1.283265 0.062796
v -0.013907 1.281447 0.062206
v -0.014442 1.280449 0.061975
v -0.015325 1.279165 0.061578
v -0.017455 1.278458 0.062163
v -0.019477 1.278298 0.062373
v 0.007916 1.273512 0.007216
v 0.007811 1.271116 0.008002
v 0.007531 1.268062 0.009227
v 0.005596 1.260871 0.015333
v 0.005057 1.260106 0.016562
v 0.004534 1.259445 0.017428
v -0.003053 1.252613 0.031808
v -0.009501 1.251037 0.027075
v -0.005484 1.252055 0.022616
v -0.000238 1.254325 0.019146
v 0.004364 1.257707 0.015564
v 0.006844 1.262069 0.012023
v 0.007651 1.266583 0.009199
v 0.007952 1.271109 0.007464
v -0.033936 1.274040 0.027937
v -0.033372 1.270596 0.026333
v -0.031879 1.266236 0.026251
v -0.029760 1.259981 0.025861
v -0.028025 1.255334 0.027002
v -0.025412 1.252298 0.029205
v -0.020020 1.250873 0.030014
v -0.023597 1.276614 0.057810
v -0.025642 1.274516 0.054863
v -0.027184 1.274195 0.051786
v -0.030827 1.275531 0.044424
v -0.032904 1.276577 0.040531
v -0.033936 1.277078 0.037178
v -0.034355 1.277520 0.033796
v -0.024769 1.271803 -0.003536
v -0.024388 1.266497 -0.001831
v -0.023317 1.261571 0.001832
v -0.022528 1.256962 0.005761
v -0.023768 1.252195 0.009204
v -0.024869 1.251384 0.022783
v -0.016763 1.250181 0.028595
v -0.035582 1.276738 0.020562
v -0.035995 1.275665 0.017033
v -0.036029 1.274917 0.013117
v -0.035359 1.274286 0.009035
v -0.033888 1.273953 0.004726
v -0.031673 1.274320 0.000830
v -0.028678 1.275297 -0.002414
v -0.020736 1.275078 -0.005842
v -0.015305 1.273804 -0.006583
v -0.009331 1.272904 -0.006572
v -0.003456 1.272328 -0.005101
v 0.001948 1.272816 -0.001974
v 0.005612 1.273314 0.001626
v 0.007446 1.274229 0.005071
v 0.005371 1.312249 0.036944
v 0.005740 1.312730 0.038761
v 0.005593 1.312332 0.038635
v 0.005487 1.312174 0.038753
v 0.005359 1.312053 0.038836
v 0.005229 1.311967 0.038890
v -0.006867 1.294285 0.064224
v 0.007828 1.279016 0.006447
v 0.007545 1.283086 0.006698
v 0.007058 1.290022 0.007295
v 0.008057 1.300804 0.011759
v 0.008141 1.302230 0.012617
v 0.007799 1.305208 0.013170
v 0.006045 1.310875 0.017236
v -0.003721 1.309760 0.065989
v -0.005378 1.306088 0.066822
v -0.007959 1.300794 0.066530
v -0.012223 1.294430 0.066792
v -0.014225 1.290228 0.066345
v -0.018719 1.284554 0.064721
v -0.020011 1.281303 0.063603
v -0.007670 1.292612 0.064397
v -0.005036 1.297374 0.064600
v -0.002925 1.300565 0.065101
v -0.001179 1.303464 0.064948
v 0.000051 1.305588 0.064685
v 0.000953 1.307716 0.064425
v -0.000158 1.311441 0.064874
v -0.030603 1.306666 0.042806
v -0.032289 1.302190 0.041412
v -0.033662 1.298176 0.039779
v -0.034643 1.293782 0.038246
v -0.034895 1.289986 0.037419
v -0.035082 1.285056 0.035188
v -0.034915 1.281455 0.032424
v -0.022242 1.281294 0.061603
v -0.022525 1.283879 0.061020
v -0.023920 1.288031 0.057975
v -0.026179 1.293178 0.054124
v -0.027378 1.297713 0.051390
v -0.028243 1.303232 0.048443
v -0.028840 1.306846 0.045919
v -0.036014 1.309841 0.005510
v -0.035784 1.305573 0.002660
v -0.035063 1.300777 0.000084
v -0.034046 1.295618 -0.002071
v -0.032523 1.290836 -0.003383
v -0.030350 1.285769 -0.004093
v -0.027737 1.280643 -0.004288
v -0.035822 1.281903 0.022055
v -0.036631 1.285579 0.019366
v -0.037201 1.289957 0.016391
v -0.037540 1.295749 0.013395
v -0.037616 1.300043 0.011109
v -0.037142 1.305119 0.009790
v -0.036616 1.309410 0.008620
v -0.003021 1.309352 0.000870
v -0.000764 1.304940 0.001134
v 0.001482 1.300414 0.001762
v 0.002965 1.294602 0.002344
v 0.004757 1.288301 0.003624
v 0.006799 1.282659 0.004932
v 0.007755 1.279285 0.006016
v -0.022850 1.280382 -0.006150
v -0.020233 1.285244 -0.007581
v -0.017458 1.290122 -0.008583
v -0.015198 1.294693 -0.008406
v -0.014332 1.298830 -0.006823
v -0.011380 1.304046 -0.003918
v -0.008269 1.309235 -0.001233
v 0.007487 1.319068 0.041511
v 0.007808 1.320422 0.042165
v 0.007986 1.321814 0.043083
v 0.008435 1.323314 0.054094
v 0.007654 1.320600 0.057077
v 0.005968 1.318324 0.060973
v 0.002199 1.317133 0.064236
v -0.003670 1.314710 0.063270
v -0.006675 1.313026 0.061618
v -0.012395 1.313096 0.057070
v -0.018040 1.312784 0.053673
v -0.022475 1.311539 0.051032
v -0.025449 1.311171 0.048463
v -0.027429 1.310593 0.046163
v -0.030175 1.310492 0.040855
v -0.031178 1.310741 0.037413
v -0.032027 1.312546 0.031213
v -0.033544 1.315473 0.023986
v -0.034611 1.315679 0.019508
v -0.035535 1.314650 0.014449
v -0.035861 1.314149 0.011014
v -0.034762 1.314580 0.005273
v -0.033033 1.315661 0.002925
v -0.029615 1.316405 0.000085
v -0.024906 1.316638 -0.001853
v -0.020027 1.315895 -0.002508
v -0.015013 1.315277 -0.001820
v -0.009804 1.314615 -0.000564
v -0.001985 1.314884 0.002615
v 0.001431 1.315921 0.005034
v 0.003915 1.316117 0.007722
v 0.005144 1.314509 0.009189
v 0.005576 1.314165 0.012406
v 0.006564 1.310965 0.015727
v 0.006020 1.311123 0.017188
v -0.012960 1.339723 0.033366
v -0.013096 1.335525 0.035820
v -0.005412 1.330586 0.045515
v -0.004126 1.330160 0.049743
v -0.002456 1.327696 0.054917
v -0.001494 1.323556 0.059605
v -0.001024 1.319278 0.063071
v 0.007457 1.319735 0.041431
v 0.006612 1.322169 0.040918
v 0.004922 1.324050 0.039824
v -0.001071 1.332401 0.025536
v -0.002032 1.335942 0.026411
v -0.004136 1.338852 0.028551
v -0.008982 1.340223 0.029522
v -0.018804 1.340337 0.032935
v -0.021820 1.337460 0.033053
v -0.023874 1.332959 0.034635
v -0.024987 1.329541 0.035873
v -0.025587 1.325299 0.037355
v -0.026878 1.317010 0.041558
v -0.028204 1.313168 0.042908
v -0.019504 1.340769 0.028050
v -0.024870 1.339456 0.023709
v -0.029301 1.337098 0.019255
v -0.032040 1.333628 0.015687
v -0.032415 1.328761 0.013220
v -0.033406 1.322691 0.011185
v -0.034845 1.317096 0.008679
v -0.011441 1.341022 0.028130
v -0.004601 1.339884 0.020474
v -0.006703 1.337244 0.010482
v -0.007276 1.333794 0.007410
v -0.006591 1.329269 0.005151
v -0.006263 1.323087 0.003792
v -0.005728 1.316941 0.001372
v -0.006306 1.339692 0.024451
v -0.001055 1.337894 0.023568
v -0.003964 1.338062 0.018078
v -0.000154 1.334717 0.021958
v 0.000451 1.335640 0.017558
v -0.002661 1.335243 0.011999
v 0.000435 1.330496 0.021117
v 0.000931 1.331440 0.017257
v 0.000349 1.331750 0.012573
v -0.002204 1.331102 0.007998
v 0.001077 1.325784 0.019716
v 0.001601 1.326360 0.016442
v 0.001484 1.326324 0.012855
v 0.000345 1.326312 0.009598
v -0.002741 1.325267 0.006185
v 0.003890 1.315809 0.017336
v 0.003791 1.318536 0.014570
v 0.003772 1.319178 0.012435
v 0.003211 1.319521 0.009527
v 0.001183 1.319748 0.006736
v -0.001845 1.318832 0.004053
v -0.021990 1.341004 0.026427
v -0.016275 1.337093 0.007114
v -0.027091 1.338926 0.016124
v -0.013533 1.335135 0.007428
v -0.021392 1.335798 0.008678
v -0.026898 1.335181 0.013023
v -0.011971 1.331357 0.004026
v -0.018754 1.332463 0.003765
v -0.026060 1.332579 0.005813
v -0.030873 1.331163 0.010086
v -0.011310 1.325142 0.002973
v -0.017030 1.326742 0.002589
v -0.023317 1.327497 0.003199
v -0.028597 1.327005 0.005533
v -0.031773 1.325178 0.008671
v -0.010525 1.319012 0.000929
v -0.016116 1.320501 0.000150
v -0.021279 1.321480 0.000286
v -0.026706 1.321704 0.001624
v -0.030906 1.320617 0.004043
v -0.033685 1.318527 0.006630
v -0.023109 1.339336 0.028846
v -0.028844 1.337960 0.025901
v -0.025977 1.336685 0.030171
v -0.031332 1.334888 0.021517
v -0.029368 1.334453 0.026654
v -0.027261 1.331930 0.031376
v -0.032452 1.330727 0.018020
v -0.031381 1.331112 0.023422
v -0.029726 1.329575 0.028586
v -0.027880 1.327825 0.032986
v -0.033316 1.325164 0.015552
v -0.032739 1.326356 0.020240
v -0.031499 1.326518 0.025464
v -0.029884 1.326012 0.030025
v -0.027979 1.323803 0.034435
v -0.034646 1.318730 0.012864
v -0.033974 1.320716 0.017412
v -0.033118 1.321677 0.021686
v -0.031393 1.322627 0.026989
v -0.029437 1.320900 0.032374
v -0.029119 1.314031 0.039921
v -0.016782 1.337278 0.034922
v -0.019552 1.333320 0.037730
v -0.015273 1.332683 0.039805
v -0.021428 1.330168 0.039163
v -0.017837 1.330546 0.041176
v -0.009825 1.327873 0.045862
v -0.022565 1.325745 0.040750
v -0.019613 1.325970 0.043235
v -0.014989 1.325027 0.046161
v -0.006330 1.326656 0.051230
v -0.024708 1.318960 0.043218
v -0.021334 1.320692 0.045517
v -0.017148 1.320984 0.048411
v -0.011117 1.321371 0.051804
v -0.004151 1.323313 0.056448
v -0.026242 1.313964 0.045488
v -0.023640 1.315100 0.047689
v -0.019894 1.316107 0.050147
v -0.015222 1.316777 0.053024
v -0.008511 1.317584 0.056758
v -0.003430 1.318603 0.061132
v -0.008525 1.338724 0.032109
v -0.003688 1.330629 0.043512
v -0.005142 1.336280 0.030361
v -0.001834 1.331742 0.046938
v 0.000549 1.330720 0.044030
v 0.002131 1.327895 0.040686
v -0.000573 1.331225 0.052626
v 0.003655 1.331314 0.047666
v 0.004949 1.328646 0.044086
v 0.005478 1.326110 0.041766
v 0.001423 1.326537 0.057330
v 0.005676 1.328108 0.053013
v 0.008287 1.327041 0.047974
v 0.008026 1.324987 0.044144
v 0.007902 1.323596 0.042918
v 0.002260 1.321622 0.061317
v 0.007517 1.323234 0.058084
v 0.008651 1.324489 0.052883
v 0.008597 1.326170 0.048653
v 0.008102 1.322971 0.043123
v 0.007789 1.321127 0.042020
v 0.006627 1.310669 0.015803
v 0.007869 1.305253 0.012943
v 0.006917 1.310189 0.014457
v 0.008187 1.302240 0.012342
v 0.007872 1.305297 0.012615
v 0.006378 1.311104 0.010946
v 0.007836 1.300163 0.010237
v 0.007727 1.301478 0.009641
v 0.007322 1.304350 0.009427
v 0.005364 1.312508 0.008382
v 0.007099 1.289232 0.006966
v 0.007167 1.295872 0.007087
v 0.007091 1.301139 0.007646
v 0.005811 1.303641 0.006394
v 0.003011 1.311905 0.005493
v 0.007567 1.282830 0.006326
v 0.007003 1.289082 0.006567
v 0.006822 1.295352 0.006517
v 0.004877 1.301026 0.004671
v 0.002625 1.304364 0.003334
v 0.000301 1.310672 0.002946
v -0.013092 1.310626 -0.002574
v -0.016777 1.304690 -0.005773
v -0.018805 1.311022 -0.004276
v -0.018889 1.300039 -0.008012
v -0.021078 1.305667 -0.006989
v -0.023306 1.311402 -0.004676
v -0.020846 1.295447 -0.008551
v -0.023858 1.301072 -0.007912
v -0.026556 1.306526 -0.006115
v -0.028016 1.311485 -0.003467
v -0.023414 1.290627 -0.007876
v -0.026513 1.295813 -0.007586
v -0.028869 1.301093 -0.006411
v -0.030864 1.306627 -0.003874
v -0.032005 1.311142 -0.000853
v -0.025942 1.285521 -0.006220
v -0.028798 1.290594 -0.006043
v -0.031123 1.295779 -0.005186
v -0.032691 1.301018 -0.003359
v -0.033936 1.306231 -0.000719
v -0.034593 1.310540 0.002336
v -0.036456 1.310447 0.012045
v -0.036887 1.305657 0.013350
v -0.035901 1.311031 0.016580
v -0.037082 1.300680 0.015343
v -0.036096 1.306237 0.018674
v -0.035111 1.310954 0.021161
v -0.036804 1.294759 0.017969
v -0.035957 1.301108 0.020925
v -0.034925 1.306252 0.024641
v -0.033777 1.309050 0.028044
v -0.036380 1.289160 0.021458
v -0.035095 1.294652 0.027886
v -0.034695 1.298668 0.031540
v -0.033668 1.304425 0.033599
v -0.032648 1.307424 0.035571
v -0.035277 1.285811 0.027359
v -0.035151 1.289395 0.032821
v -0.035024 1.294041 0.034902
v -0.034387 1.297612 0.036644
v -0.033102 1.302850 0.038437
v -0.031661 1.306951 0.039941
v -0.026648 1.307623 0.048887
v -0.026097 1.303814 0.051042
v -0.024609 1.308099 0.051073
v -0.024996 1.297594 0.054255
v -0.022959 1.303864 0.054032
v -0.021073 1.308052 0.053862
v -0.022829 1.292125 0.058319
v -0.020457 1.295927 0.059163
v -0.018257 1.302577 0.058011
v -0.015517 1.308023 0.057604
v -0.020983 1.286891 0.062447
v -0.018929 1.291617 0.062632
v -0.015597 1.296360 0.063710
v -0.012347 1.302969 0.062647
v -0.008677 1.308523 0.062820
v -0.020717 1.283901 0.063335
v -0.019068 1.287765 0.064005
v -0.014695 1.293643 0.065652
v -0.012567 1.297170 0.065670
v -0.007944 1.304478 0.065859
v -0.006007 1.309295 0.065111
v 0.003862 1.313576 0.062427
v 0.003131 1.311060 0.062386
v 0.005765 1.315664 0.060361
v 0.001663 1.308433 0.063325
v 0.004942 1.313938 0.060858
v 0.006936 1.318769 0.058162
v 0.000362 1.306079 0.064079
v 0.004085 1.312499 0.061275
v 0.006010 1.316355 0.059505
v 0.008151 1.322242 0.055178
v -0.001214 1.303465 0.064644
v 0.002753 1.310431 0.062051
v 0.005283 1.314720 0.060232
v 0.006720 1.315839 0.041496
v 0.007292 1.317888 0.041774
v -0.003777 1.299351 0.064759
v 0.000431 1.306328 0.063767
v 0.005782 1.313085 0.040138
v 0.005924 1.313239 0.040044
v 0.006440 1.314633 0.040731
v 0.007035 1.316823 0.041208
v -0.005781 1.304935 -0.001277
v -0.003160 1.299047 -0.001218
v -0.008875 1.298521 -0.004388
v -0.000993 1.293203 -0.001330
v -0.005393 1.293125 -0.004302
v -0.011164 1.293298 -0.007163
v 0.001179 1.287658 -0.000613
v -0.002444 1.287686 -0.003841
v -0.007709 1.288042 -0.006688
v -0.012409 1.289011 -0.008569
v 0.004217 1.281621 0.000930
v 0.000698 1.281843 -0.002650
v -0.004160 1.282642 -0.005673
v -0.009159 1.283324 -0.007809
v -0.014599 1.284538 -0.008353
v 0.006251 1.278014 0.002886
v 0.003467 1.277225 -0.000897
v -0.000633 1.277421 -0.004005
v -0.006218 1.277431 -0.006892
v -0.012005 1.278256 -0.007683
v -0.017754 1.279218 -0.007189
v -0.036766 1.305547 0.006161
v -0.036741 1.300421 0.003906
v -0.037562 1.300308 0.007973
v -0.036164 1.295638 0.001641
v -0.037494 1.295856 0.005899
v -0.037778 1.295766 0.009114
v -0.034854 1.290615 -0.000345
v -0.036725 1.290453 0.003940
v -0.037513 1.290226 0.008016
v -0.037605 1.290310 0.011763
v -0.033133 1.285324 -0.001311
v -0.035381 1.285184 0.002433
v -0.036828 1.284945 0.006810
v -0.037264 1.284558 0.010910
v -0.037189 1.284755 0.014800
v -0.030988 1.279876 -0.001776
v -0.033541 1.279430 0.001549
v -0.035454 1.279278 0.005746
v -0.036493 1.279411 0.009889
v -0.036738 1.279804 0.014203
v -0.036537 1.280740 0.017589
v -0.030665 1.302688 0.044532
v -0.032501 1.297841 0.043035
v -0.030273 1.297547 0.047108
v -0.033736 1.293426 0.041506
v -0.031817 1.293965 0.045412
v -0.029146 1.293692 0.049905
v -0.034339 1.289551 0.040232
v -0.033075 1.288633 0.043575
v -0.030799 1.289212 0.047624
v -0.027435 1.288991 0.052915
v -0.034660 1.284640 0.038543
v -0.033701 1.284148 0.041770
v -0.032221 1.284816 0.044927
v -0.028821 1.284300 0.050459
v -0.024986 1.283767 0.056756
v -0.034673 1.281035 0.036270
v -0.033966 1.280672 0.039742
v -0.032791 1.280593 0.042766
v -0.030099 1.279772 0.047327
v -0.026397 1.277769 0.053867
v -0.023695 1.280108 0.058889
v -0.002589 1.307196 0.066621
v -0.004765 1.302125 0.066784
v -0.001647 1.303299 0.065704
v -0.009733 1.295462 0.066675
v -0.004262 1.299197 0.065829
v -0.002752 1.300958 0.065527
v -0.011939 1.290942 0.066844
v -0.008531 1.291892 0.065493
v -0.006949 1.294190 0.065042
v -0.004109 1.298768 0.065128
v -0.015988 1.285172 0.065257
v -0.011561 1.286847 0.064812
v -0.009761 1.289138 0.064888
v -0.008458 1.291125 0.064816
v -0.007320 1.293229 0.064607
v -0.018082 1.281135 0.064150
v -0.015742 1.281787 0.063950
v -0.013110 1.283449 0.063526
v -0.011612 1.285912 0.063992
v -0.009963 1.288583 0.064328
v -0.008470 1.291101 0.064484
v 0.005036 1.311836 0.035403
v 0.005167 1.311784 0.036323
v 0.008045 1.302266 0.012834
v 0.005228 1.311728 0.037122
v 0.007974 1.302042 0.012894
v 0.008074 1.302007 0.012703
v 0.005213 1.311748 0.037699
v 0.007868 1.301878 0.012940
v 0.007882 1.300648 0.012064
v 0.006979 1.289956 0.007501
v 0.005241 1.311893 0.038518
v 0.001668 1.292040 0.014980
v 0.007256 1.283025 0.007250
v 0.007407 1.282641 0.007084
v 0.007509 1.282691 0.006905
v -0.006792 1.294525 0.064128
v 0.005009 1.260184 0.016551
v 0.007537 1.270805 0.008396
v 0.007662 1.273728 0.007620
v 0.007743 1.276171 0.007130
v 0.007812 1.277706 0.006790
v 0.007322 1.269661 0.005234
v 0.006603 1.264898 0.006732
v 0.004796 1.268578 0.001752
v 0.002887 1.260305 0.009481
v 0.002393 1.262822 0.002484
v -0.000568 1.267620 -0.001918
v -0.001808 1.256278 0.012900
v -0.003216 1.259006 0.006578
v -0.004984 1.262770 0.000483
v -0.007128 1.267483 -0.004406
v -0.003681 1.252092 0.016362
v -0.005780 1.253644 0.008586
v -0.009859 1.258459 0.003115
v -0.012015 1.263334 -0.001005
v -0.013874 1.268429 -0.005027
v -0.008846 1.254757 0.023300
v -0.007756 1.249909 0.009536
v -0.015140 1.254352 0.004246
v -0.016997 1.259807 0.002520
v -0.018845 1.264263 -0.002825
v -0.019936 1.269899 -0.004617
v -0.028684 1.270368 -0.000569
v -0.028700 1.264798 0.001901
v -0.031829 1.269453 0.003285
v -0.027725 1.259933 0.006373
v -0.031753 1.264123 0.006843
v -0.033842 1.269214 0.007874
v -0.026615 1.255900 0.011816
v -0.031700 1.259112 0.011650
v -0.033213 1.264470 0.012196
v -0.034869 1.270079 0.012517
v -0.026568 1.252960 0.018534
v -0.031128 1.255435 0.017669
v -0.032034 1.260069 0.017036
v -0.033548 1.265775 0.017075
v -0.035092 1.271072 0.016886
v -0.023173 1.251407 0.025148
v -0.029049 1.253144 0.024122
v -0.030430 1.256832 0.022229
v -0.031870 1.262148 0.021127
v -0.033681 1.268250 0.021485
v -0.034796 1.272358 0.020910
v -0.033591 1.274461 0.033523
v -0.032270 1.270708 0.032496
v -0.032870 1.273944 0.037448
v -0.030056 1.265988 0.031698
v -0.030443 1.269585 0.038729
v -0.031066 1.272671 0.041973
v -0.027364 1.259236 0.029775
v -0.027642 1.265163 0.039986
v -0.028402 1.268116 0.044992
v -0.028071 1.270297 0.048058
v -0.024506 1.254800 0.031064
v -0.025487 1.262865 0.039978
v -0.026330 1.264845 0.044583
v -0.026899 1.267682 0.048518
v -0.026531 1.271159 0.051805
v -0.020932 1.252469 0.032628
v -0.021860 1.260897 0.039522
v -0.023523 1.262875 0.043861
v -0.024481 1.265828 0.048935
v -0.025373 1.269168 0.051964
v -0.024677 1.272990 0.055462
v 0.007774 1.268578 0.008681
v 0.007306 1.265475 0.010334
v 0.006974 1.263036 0.011694
v 0.005597 1.260694 0.015456
v 0.005427 1.260193 0.016003
v 0.005346 1.259710 0.016313
v 0.004676 1.259379 0.017345
v 0.004571 1.259077 0.017551
v 0.003816 1.257828 0.018610
v 0.002725 1.256081 0.019878
v -0.001721 1.252552 0.029464
v -0.001341 1.252639 0.028568
v -0.001033 1.252791 0.027719
v -0.000857 1.252882 0.027168
v -0.000532 1.253183 0.025794
v -0.003017 1.252561 0.031819
v -0.002978 1.252501 0.031828
v -0.002938 1.252434 0.031830
v -0.002809 1.252356 0.031679
v -0.002564 1.252286 0.031319
v -0.005403 1.252214 0.028866
v -0.020261 1.276343 0.060161
v -0.021176 1.270805 0.054518
v -0.017231 1.276297 0.059299
v -0.020718 1.266708 0.050408
v -0.019879 1.270096 0.053252
v -0.016512 1.276936 0.059628
v -0.020892 1.263933 0.046334
v -0.020396 1.266516 0.049753
v -0.019694 1.270035 0.052874
v -0.015803 1.277959 0.060199
v -0.012838 1.255347 0.038259
v -0.011469 1.255133 0.038054
v -0.010646 1.254966 0.037766
v -0.019627 1.270024 0.052593
v -0.015268 1.278877 0.060622
v -0.011108 1.253767 0.037226
v -0.009452 1.254062 0.037110
v -0.008941 1.254181 0.036739
v -0.008475 1.254144 0.036353
v -0.008301 1.254174 0.036173
v -0.014706 1.279937 0.061114
vn 0.0974 -0.9445 0.3139
vn -0.1163 0.0422 0.9923
vn -0.5538 -0.4122 0.7235
vn -0.9846 -0.1598 0.0705
vn -0.3870 -0.2076 -0.8984
vn 0.9946 0.0061 -0.1033
vn -0.1829 0.2578 0.9487
vn -0.8486 0.2964 0.4381
vn -0.9595 0.2294 -0.1634
vn 0.3611 0.1999 -0.9108
vn 0.8627 0.5029 -0.0527
vn 0.0138 0.9403 0.3400
vn -0.5148 -0.4955 0.6996
vn -0.2591 -0.6289 0.7330
vn -0.0751 -0.7294 0.6800
vn 0.0937 -0.8443 0.5276
vn -0.3344 -0.8514 0.4041
vn -0.3078 -0.7139 0.6289
vn -0.1362 -0.8731 0.4681
vn 0.1145 -0.9602 0.2546
vn 0.4473 -0.6185 0.6461
vn 0.6470 -0.1119 0.7542
vn 0.6007 -0.2959 0.7427
vn 0.7035 0.1831 0.6867
vn 0.7565 0.3618 0.5449
vn 0.8535 0.0458 0.5190
vn -0.4832 0.1959 0.8533
vn 0.6272 -0.1154 -0.7703
vn 0.8965 -0.4422 -0.0269
vn 0.7625 -0.5582 0.3271
vn 0.5968 -0.6395 0.4847
vn 0.2537 -0.6716 0.6961
vn -0.1304 -0.6153 0.7775
vn 0.9816 0.0386 0.1872
vn 0.9002 0.0938 0.4252
vn -0.1009 0.3989 0.9114
vn 0.6744 0.3640 0.6424
vn 0.8229 0.1583 0.5457
vn 0.0910 0.8490 0.5205
vn 0.7870 0.2275 0.5734
vn 0.0287 -0.9539 -0.2986
vn -0.1249 -0.9746 -0.1859
vn 0.4951 -0.8536 -0.1616
vn 0.6810 -0.7128 -0.1681
vn 0.9100 -0.4091 -0.0665
vn 0.9919 -0.1264 0.0130
vn 0.9995 -0.0257 -0.0195
vn -0.9751 -0.1932 0.1085
vn -0.9447 -0.2800 0.1707
vn -0.9121 -0.3321 0.2403
vn -0.8876 -0.2848 0.3619
vn -0.8269 -0.2444 0.5064
vn -0.5718 -0.6851 0.4513
vn -0.1923 -0.9509 0.2425
vn -0.7256 -0.2342 0.6471
vn -0.8222 -0.1679 0.5439
vn -0.8857 -0.1417 0.4421
vn -0.8892 -0.2029 0.4100
vn -0.9135 -0.2459 0.3241
vn -0.9583 -0.2271 0.1737
vn -0.9811 -0.1835 0.0623
vn -0.4058 -0.2844 -0.8686
vn -0.4065 -0.4341 -0.8040
vn -0.3020 -0.6672 -0.6809
vn -0.4108 -0.5586 -0.7205
vn -0.5264 -0.7200 -0.4522
vn -0.7554 -0.4827 0.4432
vn 0.1096 -0.9835 0.1439
vn -0.9787 -0.1328 0.1567
vn -0.9822 -0.1590 0.1002
vn -0.9812 -0.1887 -0.0399
vn -0.9547 -0.2104 -0.2105
vn -0.8882 -0.2251 -0.4006
vn -0.7568 -0.2466 -0.6053
vn -0.5741 -0.2459 -0.7810
vn -0.2474 -0.2149 -0.9448
vn -0.1104 -0.2386 -0.9648
vn 0.0876 -0.2556 -0.9628
vn 0.3741 -0.2228 -0.9002
vn 0.6007 -0.1481 -0.7856
vn 0.8027 -0.0615 -0.5933
vn 0.9270 -0.0201 -0.3744
vn 0.7309 -0.6822 0.0200
vn 0.9541 -0.2906 -0.0723
vn 0.9012 -0.4334 -0.0011
vn 0.7910 -0.5986 0.1264
vn 0.7073 -0.6973 0.1158
vn 0.7228 -0.6890 0.0533
vn 0.9076 -0.4125 -0.0778
vn 0.9980 0.0441 0.0444
vn 0.9892 0.0595 0.1343
vn 0.8532 -0.1655 0.4946
vn 0.9931 -0.1100 0.0415
vn 0.9589 -0.0540 0.2786
vn 0.9727 0.0824 0.2171
vn 0.9719 0.1694 0.1633
vn -0.1470 0.3543 0.9235
vn -0.2262 0.1828 0.9568
vn -0.2115 0.1118 0.9710
vn -0.2434 0.1376 0.9601
vn -0.3191 -0.0087 0.9477
vn -0.3924 -0.0463 0.9186
vn -0.4722 -0.2403 0.8481
vn 0.8350 -0.4509 -0.3155
vn 0.6143 -0.4079 0.6754
vn 0.4522 -0.2398 0.8591
vn 0.8580 -0.4844 0.1710
vn 0.8493 -0.3890 0.3569
vn 0.7237 -0.1536 0.6728
vn 0.3580 0.0958 0.9288
vn -0.8776 0.2459 0.4115
vn -0.9101 0.2029 0.3613
vn -0.9488 0.1592 0.2730
vn -0.9772 0.0837 0.1952
vn -0.9914 0.0107 0.1301
vn -0.9969 -0.0376 0.0693
vn -0.9940 -0.0995 0.0444
vn -0.7804 -0.1084 0.6158
vn -0.8305 0.0676 0.5529
vn -0.8131 0.1088 0.5719
vn -0.7821 0.1319 0.6090
vn -0.7871 0.1719 0.5924
vn -0.8124 0.2026 0.5468
vn -0.8315 0.2442 0.4991
vn -0.9465 0.1826 -0.2661
vn -0.9196 0.1339 -0.3693
vn -0.8725 0.0772 -0.4826
vn -0.8046 -0.0053 -0.5938
vn -0.6954 -0.1206 -0.7084
vn -0.5671 -0.1987 -0.7993
vn -0.4669 -0.2031 -0.8607
vn -0.9849 -0.0853 0.1508
vn -0.9864 -0.0550 0.1549
vn -0.9917 -0.0074 0.1286
vn -0.9941 0.0154 0.1077
vn -0.9968 0.0617 0.0511
vn -0.9941 0.1077 -0.0141
vn -0.9861 0.1452 -0.0804
vn 0.4183 0.1892 -0.8884
vn 0.4937 0.1633 -0.8542
vn 0.5821 0.1293 -0.8028
vn 0.6945 0.0842 -0.7146
vn 0.7646 0.1139 -0.6344
vn 0.8403 0.1226 -0.5281
vn 0.9506 0.0600 -0.3046
vn -0.2835 -0.1650 -0.9447
vn -0.1869 -0.1453 -0.9716
vn -0.0591 -0.0478 -0.9971
vn 0.1979 0.1578 -0.9674
vn 0.3542 0.2815 -0.8918
vn 0.3642 0.2650 -0.8928
vn 0.3469 0.2216 -0.9113
vn 0.9651 -0.1032 -0.2406
vn 0.9852 -0.1320 -0.1093
vn 0.9914 -0.1294 -0.0211
vn 0.8877 0.2265 0.4009
vn 0.9628 -0.2573 0.0826
vn 0.7648 0.0877 0.6383
vn 0.3163 0.2208 0.9226
vn -0.5168 0.4138 0.7494
vn -0.5983 0.4543 0.6600
vn -0.5160 0.4463 0.7312
vn -0.5157 0.4213 0.7460
vn -0.5824 0.4090 0.7025
vn -0.6948 0.3787 0.6114
vn -0.7914 0.3284 0.5156
vn -0.8838 0.3210 0.3404
vn -0.9182 0.3001 0.2585
vn -0.9372 0.2468 0.2463
vn -0.9511 0.1762 0.2537
vn -0.9674 0.1744 0.1837
vn -0.9764 0.1947 0.0931
vn -0.9756 0.2193 -0.0120
vn -0.8857 0.3008 -0.3537
vn -0.7433 0.3792 -0.5511
vn -0.5090 0.4374 -0.7414
vn -0.2062 0.4589 -0.8642
vn 0.0659 0.4154 -0.9072
vn 0.2285 0.3355 -0.9139
vn 0.2829 0.2713 -0.9200
vn 0.4612 0.2360 -0.8554
vn 0.6120 0.2681 -0.7440
vn 0.7915 0.3102 -0.5266
vn 0.9183 0.2991 -0.2595
vn 0.9448 0.3270 -0.0228
vn 0.9290 0.3181 0.1894
vn 0.9565 0.2509 0.1486
vn 0.1548 0.7932 0.5890
vn 0.0683 0.7273 0.6829
vn -0.2396 0.9329 0.2690
vn -0.5240 0.7743 0.3548
vn -0.5027 0.5980 0.6242
vn -0.3933 0.5887 0.7062
vn -0.3088 0.4738 0.8247
vn 0.9262 0.0563 -0.3729
vn 0.8384 0.3100 -0.4483
vn 0.8586 0.3902 -0.3325
vn 0.9285 0.3598 0.0916
vn 0.8823 0.3253 0.3401
vn 0.6179 0.6545 0.4357
vn 0.2418 0.9356 0.2573
vn -0.2179 0.8115 0.5422
vn -0.4829 0.5848 0.6518
vn -0.6150 0.4615 0.6394
vn -0.7076 0.3759 0.5983
vn -0.7613 0.3367 0.5542
vn -0.7882 0.4002 0.4675
vn -0.8221 0.3797 0.4242
vn -0.1545 0.9677 0.1991
vn -0.4614 0.8818 0.0975
vn -0.6611 0.7406 -0.1202
vn -0.8289 0.5118 -0.2258
vn -0.9602 0.1987 -0.1963
vn -0.9416 0.2778 -0.1901
vn -0.9366 0.3050 -0.1724
vn 0.0592 0.9746 0.2160
vn 0.7518 0.6513 0.1030
vn 0.3239 0.7910 -0.5190
vn 0.3042 0.5848 -0.7520
vn 0.3585 0.3089 -0.8809
vn 0.3356 0.3054 -0.8911
vn 0.3435 0.2975 -0.8908
vn 0.3757 0.9218 0.0959
vn 0.7602 0.6329 0.1465
vn 0.5811 0.7782 -0.2381
vn 0.9622 0.1277 0.2404
vn 0.8360 0.5315 -0.1364
vn 0.5733 0.6797 -0.4576
vn 0.9779 0.1922 0.0826
vn 0.9915 0.1265 0.0313
vn 0.8742 0.3450 -0.3417
vn 0.6016 0.4091 -0.6860
vn 0.9781 0.2083 0.0047
vn 0.9798 0.1836 0.0796
vn 0.9510 0.2569 -0.1723
vn 0.8115 0.2847 -0.5103
vn 0.5402 0.2741 -0.7957
vn 0.9325 0.3562 0.0601
vn 0.9475 0.2860 0.1431
vn 0.9476 0.3175 -0.0354
vn 0.8684 0.3672 -0.3332
vn 0.6663 0.3612 -0.6524
vn 0.4800 0.3316 -0.8121
vn -0.5302 0.6290 0.5686
vn -0.0887 0.4652 -0.8808
vn -0.5317 0.7831 -0.3226
vn 0.1612 0.5169 -0.8407
vn -0.2976 0.7424 -0.6002
vn -0.5480 0.6807 -0.4862
vn 0.1887 0.4384 -0.8788
vn -0.0496 0.5368 -0.8423
vn -0.4370 0.5921 -0.6771
vn -0.7568 0.4744 -0.4496
vn 0.2146 0.2724 -0.9379
vn 0.0496 0.2931 -0.9548
vn -0.2365 0.3402 -0.9101
vn -0.6024 0.3472 -0.7187
vn -0.8451 0.3102 -0.4354
vn 0.2424 0.3540 -0.9033
vn 0.1451 0.3864 -0.9108
vn -0.0633 0.4311 -0.9001
vn -0.3738 0.4417 -0.8156
vn -0.6664 0.4198 -0.6162
vn -0.8477 0.3755 -0.3747
vn -0.4156 0.8573 0.3037
vn -0.6825 0.6708 0.2902
vn -0.6175 0.5361 0.5756
vn -0.9082 0.3967 0.1334
vn -0.8580 0.2431 0.4525
vn -0.7682 0.3343 0.5460
vn -0.9869 0.1470 0.0669
vn -0.9464 0.1618 0.2796
vn -0.8809 0.2268 0.4155
vn -0.8155 0.2653 0.5144
vn -0.9835 0.1809 -0.0081
vn -0.9768 0.1401 0.1621
vn -0.9446 0.1372 0.2980
vn -0.9016 0.1569 0.4031
vn -0.8578 0.2425 0.4531
vn -0.9697 0.2441 -0.0122
vn -0.9778 0.1786 0.1093
vn -0.9640 0.1484 0.2207
vn -0.9361 0.1349 0.3248
vn -0.9136 0.2092 0.3486
vn -0.8654 0.3505 0.3582
vn -0.0904 0.5953 0.7984
vn -0.3708 0.6228 0.6889
vn -0.1573 0.7356 0.6589
vn -0.5546 0.4934 0.6701
vn -0.3294 0.6029 0.7267
vn -0.3853 0.7008 0.6003
vn -0.6548 0.4137 0.6325
vn -0.4911 0.4915 0.7192
vn -0.3732 0.5952 0.7117
vn -0.5809 0.5898 0.5610
vn -0.7044 0.4402 0.5568
vn -0.5827 0.4811 0.6550
vn -0.4573 0.5526 0.6968
vn -0.4903 0.5532 0.6735
vn -0.6459 0.4859 0.5888
vn -0.7385 0.4221 0.5257
vn -0.6281 0.4607 0.6271
vn -0.5350 0.4874 0.6901
vn -0.4732 0.5133 0.7160
vn -0.5537 0.4932 0.6709
vn -0.6390 0.4386 0.6319
vn 0.3722 0.7601 0.5326
vn 0.0340 0.9866 0.1593
vn 0.6437 0.6017 0.4729
vn -0.1305 0.9906 -0.0415
vn 0.3108 0.9260 -0.2143
vn 0.5929 0.7948 -0.1298
vn -0.1090 0.8805 0.4614
vn 0.4204 0.9056 -0.0567
vn 0.5643 0.6994 -0.4386
vn 0.7184 0.5231 -0.4585
vn 0.0790 0.7126 0.6971
vn 0.5473 0.7357 0.3991
vn 0.8369 0.5431 -0.0688
vn 0.8651 0.3614 -0.3477
vn 0.8223 0.2711 -0.5004
vn 0.1986 0.5626 0.8025
vn 0.7363 0.3802 0.5597
vn 0.9802 0.1659 0.1085
vn 0.9814 0.1914 0.0178
vn 0.9684 0.0432 -0.2455
vn 0.8782 0.0636 -0.4740
vn 0.9506 0.1560 0.2683
vn 0.9821 0.1043 0.1565
vn 0.9720 0.2311 0.0425
vn 1.0000 0.0051 0.0031
vn 0.9838 0.1552 -0.0900
vn 0.9577 0.2348 -0.1667
vn 0.9868 -0.0189 -0.1611
vn 0.9683 0.0623 -0.2418
vn 0.9317 0.1547 -0.3286
vn 0.8643 0.2008 -0.4611
vn 0.9897 0.0433 -0.1368
vn 0.9197 0.0294 -0.3916
vn 0.8839 0.1006 -0.4567
vn 0.7909 0.1658 -0.5890
vn 0.6921 0.1793 -0.6992
vn 0.9649 0.0841 -0.2488
vn 0.8944 0.0634 -0.4427
vn 0.7960 0.0411 -0.6038
vn 0.7202 0.1094 -0.6851
vn 0.6307 0.1610 -0.7591
vn 0.5483 0.1842 -0.8157
vn 0.3037 0.2631 -0.9157
vn 0.3238 0.2963 -0.8986
vn 0.2071 0.3461 -0.9150
vn 0.1576 0.2071 -0.9655
vn 0.1025 0.3021 -0.9477
vn -0.0613 0.4033 -0.9130
vn -0.0664 0.0235 -0.9975
vn -0.1394 0.1434 -0.9798
vn -0.2752 0.2936 -0.9155
vn -0.3811 0.3977 -0.8346
vn -0.2164 -0.1201 -0.9689
vn -0.3160 -0.0246 -0.9485
vn -0.4565 0.1174 -0.8820
vn -0.5837 0.2535 -0.7714
vn -0.6595 0.3376 -0.6716
vn -0.3389 -0.1879 -0.9219
vn -0.4549 -0.1381 -0.8798
vn -0.6050 -0.0223 -0.7959
vn -0.7275 0.0957 -0.6794
vn -0.8021 0.1864 -0.5673
vn -0.8478 0.2500 -0.4676
vn -0.9886 0.1409 0.0540
vn -0.9901 0.1010 0.0973
vn -0.9805 0.1402 0.1377
vn -0.9866 0.0592 0.1518
vn -0.9817 0.0872 0.1696
vn -0.9683 0.1468 0.2023
vn -0.9848 0.0342 0.1705
vn -0.9835 0.0557 0.1723
vn -0.9766 0.1138 0.1823
vn -0.9554 0.2002 0.2172
vn -0.9880 -0.0000 0.1542
vn -0.9938 0.0508 0.0993
vn -0.9908 0.0953 0.0957
vn -0.9709 0.1733 0.1653
vn -0.9450 0.2504 0.2102
vn -0.9938 -0.0550 0.0963
vn -0.9986 0.0093 0.0513
vn -0.9954 0.0673 0.0688
vn -0.9785 0.1477 0.1439
vn -0.9503 0.2027 0.2361
vn -0.9176 0.2600 0.3008
vn -0.7677 0.2723 0.5801
vn -0.7306 0.2232 0.6453
vn -0.6589 0.3123 0.6843
vn -0.7135 0.2143 0.6671
vn -0.6230 0.2694 0.7344
vn -0.5566 0.3358 0.7599
vn -0.7276 0.2176 0.6506
vn -0.6588 0.2941 0.6925
vn -0.5797 0.3373 0.7417
vn -0.5471 0.3689 0.7514
vn -0.7350 0.1852 0.6522
vn -0.6684 0.2860 0.6866
vn -0.6148 0.3458 0.7089
vn -0.5998 0.3797 0.7043
vn -0.6146 0.4063 0.6761
vn -0.6767 0.0311 0.7356
vn -0.5984 0.1920 0.7779
vn -0.5411 0.2289 0.8092
vn -0.5014 0.3335 0.7983
vn -0.5335 0.2901 0.7945
vn -0.5379 0.4116 0.7357
vn 0.7252 -0.1651 0.6684
vn 0.8546 -0.3063 0.4193
vn 0.9210 -0.3412 0.1882
vn 0.8842 -0.4475 0.1341
vn 0.8887 -0.4547 0.0581
vn 0.9041 -0.4133 -0.1083
vn 0.7962 -0.2855 0.5334
vn 0.7486 -0.5792 -0.3228
vn 0.7300 0.0738 0.6795
vn 0.4429 0.5230 0.7283
vn -0.0608 -0.1454 -0.9875
vn 0.7735 -0.5684 -0.2802
vn 0.7631 -0.1064 0.6374
vn 0.9517 -0.2987 0.0713
vn 0.9757 -0.2174 -0.0276
vn 0.0718 0.0502 0.9962
vn 0.0738 0.1053 0.9917
vn 0.8195 -0.5613 0.1155
vn 0.8823 -0.4638 0.0804
vn 0.8700 -0.4162 0.2645
vn 0.9722 -0.2277 -0.0537
vn 0.4055 0.2070 -0.8903
vn 0.4782 0.2016 -0.8548
vn 0.4227 0.2572 -0.8690
vn 0.5917 0.1791 -0.7860
vn 0.4825 0.2302 -0.8451
vn 0.3965 0.2310 -0.8885
vn 0.6924 0.1674 -0.7018
vn 0.5610 0.1743 -0.8093
vn 0.4296 0.1509 -0.8903
vn 0.2029 0.0616 -0.9773
vn 0.7618 0.1619 -0.6272
vn 0.6274 0.1354 -0.7668
vn 0.4695 0.0897 -0.8783
vn 0.2521 0.0018 -0.9677
vn -0.0384 -0.1000 -0.9942
vn 0.8461 0.0750 -0.5277
vn 0.7065 0.0479 -0.7061
vn 0.5319 0.0016 -0.8468
vn 0.2981 -0.0776 -0.9514
vn 0.0101 -0.1417 -0.9899
vn -0.1680 -0.1553 -0.9735
vn -0.9761 0.1145 -0.1845
vn -0.9524 0.0741 -0.2957
vn -0.9925 0.0732 -0.0978
vn -0.9163 -0.0005 -0.4006
vn -0.9810 0.0014 -0.1942
vn -0.9998 0.0002 -0.0218
vn -0.8524 -0.1063 -0.5119
vn -0.9491 -0.0881 -0.3026
vn -0.9920 -0.0646 -0.1086
vn -0.9989 -0.0348 0.0314
vn -0.7641 -0.1936 -0.6153
vn -0.8934 -0.1705 -0.4157
vn -0.9666 -0.1356 -0.2173
vn -0.9942 -0.0976 -0.0447
vn -0.9948 -0.0669 0.0767
vn -0.6705 -0.2209 -0.7082
vn -0.8312 -0.2120 -0.5140
vn -0.9274 -0.1915 -0.3213
vn -0.9775 -0.1599 -0.1376
vn -0.9921 -0.1228 0.0257
vn -0.9860 -0.0981 0.1345
vn -0.8628 0.1973 0.4654
vn -0.8960 0.1556 0.4159
vn -0.8439 0.1567 0.5131
vn -0.9322 0.0831 0.3522
vn -0.8750 0.0903 0.4756
vn -0.8317 0.0984 0.5465
vn -0.9604 0.0116 0.2783
vn -0.9046 0.0057 0.4262
vn -0.8577 0.0072 0.5141
vn -0.8320 0.0294 0.5539
vn -0.9787 -0.0547 0.1980
vn -0.9308 -0.0737 0.3580
vn -0.8745 -0.0748 0.4792
vn -0.8570 -0.0558 0.5122
vn -0.8568 0.0028 0.5156
vn -0.9864 -0.1160 0.1165
vn -0.9519 -0.1413 0.2719
vn -0.8939 -0.1545 0.4209
vn -0.8731 -0.1230 0.4718
vn -0.8735 -0.0599 0.4831
vn -0.8519 -0.0922 0.5154
vn 0.2687 0.0831 0.9596
vn 0.1774 -0.1135 0.9776
vn 0.6338 -0.2765 0.7224
vn 0.1704 -0.0873 0.9815
vn 0.4956 -0.3443 0.7974
vn 0.7599 -0.4623 0.4569
vn 0.1277 -0.1916 0.9731
vn 0.6000 -0.3571 0.7158
vn 0.6358 -0.3962 0.6624
vn 0.8132 -0.5141 0.2727
vn 0.0241 -0.2618 0.9648
vn 0.4559 -0.4585 0.7629
vn 0.6804 -0.4848 0.5496
vn 0.8050 -0.4654 0.3680
vn 0.8738 -0.4861 -0.0114
vn -0.0379 -0.3975 0.9168
vn 0.3118 -0.4745 0.8232
vn 0.6082 -0.5320 0.5891
vn 0.7902 -0.5323 0.3038
vn 0.8326 -0.5238 0.1804
vn 0.6676 -0.4179 0.6162
vn 0.9815 -0.1909 -0.0125
vn 0.9908 0.0896 -0.1018
vn 0.9440 -0.0775 0.3208
vn 0.9978 -0.0564 -0.0354
vn 0.8710 -0.3129 0.3787
vn 0.8913 -0.2285 0.3916
vn 0.9167 -0.3974 0.0413
vn 0.8229 -0.3940 0.4094
vn 0.3966 -0.3442 0.8510
vn 0.9996 -0.0112 0.0247
vn 0.8629 -0.4869 0.1357
vn 0.9457 -0.1315 0.2972
vn 0.6367 -0.1144 0.7626
vn 0.8362 0.0299 0.5475
vn 0.9222 0.0430 0.3843
vn -0.3372 -0.7962 0.5024
vn 0.7974 0.2235 0.5606
vn -0.3761 0.4288 0.8214
vn -0.1185 0.2291 0.9662
vn 0.7974 0.0976 0.5956
vn 0.9488 0.0484 0.3123
vn 0.9114 -0.1564 -0.3807
vn 0.8170 -0.4455 -0.3661
vn 0.7167 -0.2665 -0.6445
vn 0.4861 -0.7783 -0.3975
vn 0.4836 -0.6500 -0.5862
vn 0.4205 -0.4228 -0.8027
vn 0.5743 -0.7190 -0.3916
vn 0.4219 -0.7309 -0.5365
vn 0.2083 -0.6916 -0.6916
vn 0.1612 -0.5074 -0.8465
vn 0.4070 -0.9125 -0.0405
vn 0.6092 -0.5304 -0.5896
vn 0.2035 -0.5965 -0.7763
vn 0.0558 -0.6586 -0.7505
vn -0.0270 -0.4274 -0.9037
vn -0.1973 -0.9502 -0.2414
vn 0.3477 -0.8703 -0.3487
vn -0.0466 -0.5828 -0.8113
vn -0.1019 -0.5984 -0.7947
vn -0.1322 -0.5854 -0.7999
vn -0.2337 -0.3019 -0.9243
vn -0.6077 -0.3009 -0.7350
vn -0.5888 -0.4878 -0.6445
vn -0.8005 -0.2907 -0.5241
vn -0.5190 -0.6582 -0.5454
vn -0.8113 -0.4099 -0.4168
vn -0.9213 -0.2709 -0.2790
vn -0.6390 -0.6489 -0.4130
vn -0.7893 -0.5265 -0.3161
vn -0.9554 -0.2755 -0.1066
vn -0.9637 -0.2566 -0.0737
vn -0.5101 -0.8443 -0.1641
vn -0.7983 -0.5924 -0.1085
vn -0.9710 -0.2271 0.0747
vn -0.9589 -0.2736 0.0746
vn -0.9682 -0.2385 0.0756
vn -0.3113 -0.9422 0.1240
vn -0.7209 -0.6647 0.1962
vn -0.9383 -0.2062 0.2776
vn -0.9423 -0.2618 0.2086
vn -0.9465 -0.2733 0.1714
vn -0.9663 -0.2044 0.1567
vn -0.9481 -0.2981 0.1104
vn -0.8985 -0.4000 0.1810
vn -0.9126 -0.3592 0.1954
vn -0.8707 -0.4239 0.2496
vn -0.8734 -0.4467 0.1939
vn -0.8978 -0.3282 0.2938
vn -0.8265 -0.3846 0.4112
vn -0.7999 -0.5601 0.2155
vn -0.8612 -0.4374 0.2588
vn -0.8853 -0.2688 0.3795
vn -0.6823 -0.4110 0.6047
vn -0.5891 -0.7356 0.3344
vn -0.6576 -0.6963 0.2878
vn -0.7473 -0.5136 0.4216
vn -0.8222 -0.2948 0.4870
vn -0.3833 -0.7069 0.5944
vn -0.4071 -0.7800 0.4753
vn -0.3436 -0.8649 0.3659
vn -0.3640 -0.7696 0.5246
vn -0.5668 -0.5579 0.6063
vn -0.6530 -0.3719 0.6598
vn 0.9669 0.0293 0.2536
vn 0.1263 0.4656 0.8759
vn 0.9609 0.0017 0.2768
vn 0.0934 0.7097 0.6983
vn 0.7358 0.3525 0.5783
vn 0.8923 -0.0724 0.4456
vn 0.8825 0.0372 0.4688
vn 0.9099 -0.1459 0.3882
vn 0.8969 -0.2851 0.3381
vn 0.7646 -0.6385 0.0872
vn 0.4047 -0.8933 0.1957
vn 0.3017 -0.9534 0.0088
vn 0.3750 -0.9269 -0.0113
vn 0.3338 -0.9405 -0.0631
vn 0.4450 -0.8937 -0.0564
vn 0.6897 0.5119 0.5122
vn 0.7258 0.4828 0.4900
vn 0.7682 0.1238 0.6281
vn 0.6885 -0.4714 0.5511
vn 0.7811 -0.4772 0.4026
vn 0.1920 -0.9813 0.0142
vn -0.0942 -0.6972 0.7107
vn 0.1617 -0.7028 0.6927
vn 0.2916 -0.7381 0.6085
vn 0.3671 -0.7195 0.5895
vn 0.4718 -0.6769 0.5650
vn 0.5199 -0.7004 0.4890
vn 0.0149 -0.8333 0.5526
vn 0.3223 -0.7195 0.6152
vn 0.7540 -0.5289 0.3895
vn 0.6993 -0.6251 0.3466
vn -0.1676 -0.7211 0.6723
vn 0.0634 -0.6520 0.7555
vn 0.1863 -0.6417 0.7440
vn 0.7510 -0.3266 0.5739
vn 0.6306 -0.6083 0.4820
vn 0.0146 -0.6727 0.7398
vn 0.3993 -0.2725 0.8754
vn 0.6024 0.2036 0.7718
vn 0.6670 0.0409 0.7440
vn 0.5865 -0.1411 0.7976
vn 0.5889 -0.5586 0.5841
s 1
f 1//1 20//20 19//19
f 2//2 26//26 40//40
f 1//1 19//19 54//54
f 1//1 54//54 68//68
f 1//1 68//68 41//41
f 2//2 40//40 89//89
f 3//3 33//33 103//103
f 4//4 61//61 117//117
f 5//5 75//75 131//131
f 6//6 82//82 145//145
f 2//2 89//89 104//104
f 3//3 103//103 118//118
f 4//4 117//117 132//132
f 5//5 131//131 146//146
f 6//6 145//145 90//90
f 7//7 159//159 194//194
f 8//8 166//166 208//208
f 9//9 173//173 215//215
f 10//10 180//180 222//222
f 11//11 187//187 195//195
f 201//201 216//216 12//12
f 200//200 223//223 201//201
f 199//199 224//224 200//200
f 198//198 226//226 199//199
f 197//197 229//229 198//198
f 196//196 233//233 197//197
f 195//195 238//238 196//196
f 201//201 223//223 216//216
f 223//223 217//217 216//216
f 200//200 224//224 223//223
f 224//224 225//225 223//223
f 223//223 225//225 217//217
f 225//225 218//218 217//217
f 199//199 226//226 224//224
f 226//226 227//227 224//224
f 224//224 227//227 225//225
f 227//227 228//228 225//225
f 225//225 228//228 218//218
f 228//228 219//219 218//218
f 198//198 229//229 226//226
f 229//229 230//230 226//226
f 226//226 230//230 227//227
f 230//230 231//231 227//227
f 227//227 231//231 228//228
f 231//231 232//232 228//228
f 228//228 232//232 219//219
f 232//232 220//220 219//219
f 197//197 233//233 229//229
f 233//233 234//234 229//229
f 229//229 234//234 230//230
f 234//234 235//235 230//230
f 230//230 235//235 231//231
f 235//235 236//236 231//231
f 231//231 236//236 232//232
f 236//236 237//237 232//232
f 232//232 237//237 220//220
f 237//237 221//221 220//220
f 196//196 238//238 233//233
f 238//238 239//239 233//233
f 233//233 239//239 234//234
f 239//239 240//240 234//234
f 234//234 240//240 235//235
f 240//240 241//241 235//235
f 235//235 241//241 236//236
f 241//241 242//242 236//236
f 236//236 242//242 237//237
f 242//242 243//243 237//237
f 237//237 243//243 221//221
f 243//243 222//222 221//221
f 195//195 187//187 238//238
f 187//187 186//186 238//238
f 238//238 186//186 239//239
f 186//186 185//185 239//239
f 239//239 185//185 240//240
f 185//185 184//184 240//240
f 240//240 184//184 241//241
f 184//184 183//183 241//241
f 241//241 183//183 242//242
f 183//183 182//182 242//242
f 242//242 182//182 243//243
f 182//182 181//181 243//243
f 243//243 181//181 222//222
f 181//181 10//10 222//222
f 216//216 209//209 12//12
f 217//217 244//244 216//216
f 218//218 245//245 217//217
f 219//219 247//247 218//218
f 220//220 250//250 219//219
f 221//221 254//254 220//220
f 222//222 259//259 221//221
f 216//216 244//244 209//209
f 244//244 210//210 209//209
f 217//217 245//245 244//244
f 245//245 246//246 244//244
f 244//244 246//246 210//210
f 246//246 211//211 210//210
f 218//218 247//247 245//245
f 247//247 248//248 245//245
f 245//245 248//248 246//246
f 248//248 249//249 246//246
f 246//246 249//249 211//211
f 249//249 212//212 211//211
f 219//219 250//250 247//247
f 250//250 251//251 247//247
f 247//247 251//251 248//248
f 251//251 252//252 248//248
f 248//248 252//252 249//249
f 252//252 253//253 249//249
f 249//249 253//253 212//212
f 253//253 213//213 212//212
f 220//220 254//254 250//250
f 254//254 255//255 250//250
f 250//250 255//255 251//251
f 255//255 256//256 251//251
f 251//251 256//256 252//252
f 256//256 257//257 252//252
f 252//252 257//257 253//253
f 257//257 258//258 253//253
f 253//253 258//258 213//213
f 258//258 214//214 213//213
f 221//221 259//259 254//254
f 259//259 260//260 254//254
f 254//254 260//260 255//255
f 260//260 261//261 255//255
f 255//255 261//261 256//256
f 261//261 262//262 256//256
f 256//256 262//262 257//257
f 262//262 263//263 257//257
f 257//257 263//263 258//258
f 263//263 264//264 258//258
f 258//258 264//264 214//214
f 264//264 215//215 214//214
f 222//222 180//180 259//259
f 180//180 179//179 259//259
f 259//259 179//179 260//260
f 179//179 178//178 260//260
f 260//260 178//178 261//261
f 178//178 177//177 261//261
f 261//261 177//177 262//262
f 177//177 176//176 262//262
f 262//262 176//176 263//263
f 176//176 175//175 263//263
f 263//263 175//175 264//264
f 175//175 174//174 264//264
f 264//264 174//174 215//215
f 174//174 9//9 215//215
f 209//209 202//202 12//12
f 210//210 265//265 209//209
f 211//211 266//266 210//210
f 212//212 268//268 211//211
f 213//213 271//271 212//212
f 214//214 275//275 213//213
f 215//215 280//280 214//214
f 209//209 265//265 202//202
f 265//265 203//203 202//202
f 210//210 266//266 265//265
f 266//266 267//267 265//265
f 265//265 267//267 203//203
f 267//267 204//204 203//203
f 211//211 268//268 266//266
f 268//268 269//269 266//266
f 266//266 269//269 267//267
f 269//269 270//270 267//267
f 267//267 270//270 204//204
f 270//270 205//205 204//204
f 212//212 271//271 268//268
f 271//271 272//272 268//268
f 268//268 272//272 269//269
f 272//272 273//273 269//269
f 269//269 273//273 270//270
f 273//273 274//274 270//270
f 270//270 274//274 205//205
f 274//274 206//206 205//205
f 213//213 275//275 271//271
f 275//275 276//276 271//271
f 271//271 276//276 272//272
f 276//276 277//277 272//272
f 272//272 277//277 273//273
f 277//277 278//278 273//273
f 273//273 278//278 274//274
f 278//278 279//279 274//274
f 274//274 279//279 206//206
f 279//279 207//207 206//206
f 214//214 280//280 275//275
f 280//280 281//281 275//275
f 275//275 281//281 276//276
f 281//281 282//282 276//276
f 276//276 282//282 277//277
f 282//282 283//283 277//277
f 277//277 283//283 278//278
f 283//283 284//284 278//278
f 278//278 284//284 279//279
f 284//284 285//285 279//279
f 279//279 285//285 207//207
f 285//285 208//208 207//207
f 215//215 173//173 280//280
f 173//173 172//172 280//280
f 280//280 172//172 281//281
f 172//172 171//171 281//281
f 281//281 171//171 282//282
f 171//171 170//170 282//282
f 282//282 170//170 283//283
f 170//170 169//169 283//283
f 283//283 169//169 284//284
f 169//169 168//168 284//284
f 284//284 168//168 285//285
f 168//168 167//167 285//285
f 285//285 167//167 208//208
f 167//167 8//8 208//208
f 202//202 188//188 12//12
f 203//203 286//286 202//202
f 204//204 287//287 203//203
f 205//205 289//289 204//204
f 206//206 292//292 205//205
f 207//207 296//296 206//206
f 208//208 301//301 207//207
f 202//202 286//286 188//188
f 286//286 189//189 188//188
f 203//203 287//287 286//286
f 287//287 288//288 286//286
f 286//286 288//288 189//189
f 288//288 190//190 189//189
f 204//204 289//289 287//287
f 289//289 290//290 287//287
f 287//287 290//290 288//288
f 290//290 291//291 288//288
f 288//288 291//291 190//190
f 291//291 191//191 190//190
f 205//205 292//292 289//289
f 292//292 293//293 289//289
f 289//289 293//293 290//290
f 293//293 294//294 290//290
f 290//290 294//294 291//291
f 294//294 295//295 291//291
f 291//291 295//295 191//191
f 295//295 192//192 191//191
f 206//206 296//296 292//292
f 296//296 297//297 292//292
f 292//292 297//297 293//293
f 297//297 298//298 293//293
f 293//293 298//298 294//294
f 298//298 299//299 294//294
f 294//294 299//299 295//295
f 299//299 300//300 295//295
f 295//295 300//300 192//192
f 300//300 193//193 192//192
f 207//207 301//301 296//296
f 301//301 302//302 296//296
f 296//296 302//302 297//297
f 302//302 303//303 297//297
f 297//297 303//303 298//298
f 303//303 304//304 298//298
f 298//298 304//304 299//299
f 304//304 305//305 299//299
f 299//299 305//305 300//300
f 305//305 306//306 300//300
f 300//300 306//306 193//193
f 306//306 194//194 193//193
f 208//208 166//166 301//301
f 166//166 165//165 301//301
f 301//301 165//165 302//302
f 165//165 164//164 302//302
f 302//302 164//164 303//303
f 164//164 163//163 303//303
f 303//303 163//163 304//304
f 163//163 162//162 304//304
f 304//304 162//162 305//305
f 162//162 161//161 305//305
f 305//305 161//161 306//306
f 161//161 160//160 306//306
f 306//306 160//160 194//194
f 160//160 7//7 194//194
f 188//188 201//201 12//12
f 189//189 307//307 188//188
f 190//190 308//308 189//189
f 191//191 310//310 190//190
f 192//192 313//313 191//191
f 193//193 317//317 192//192
f 194//194 322//322 193//193
f 188//188 307//307 201//201
f 307//307 200//200 201//201
f 189//189 308//308 307//307
f 308//308 309//309 307//307
f 307//307 309//309 200//200
f 309//309 199//199 200//200
f 190//190 310//310 308//308
f 310//310 311//311 308//308
f 308//308 311//311 309//309
f 311//311 312//312 309//309
f 309//309 312//312 199//199
f 312//312 198//198 199//199
f 191//191 313//313 310//310
f 313//313 314//314 310//310
f 310//310 314//314 311//311
f 314//314 315//315 311//311
f 311//311 315//315 312//312
f 315//315 316//316 312//312
f 312//312 316//316 198//198
f 316//316 197//197 198//198
f 192//192 317//317 313//313
f 317//317 318//318 313//313
f 313//313 318//318 314//314
f 318//318 319//319 314//314
f 314//314 319//319 315//315
f 319//319 320//320 315//315
f 315//315 320//320 316//316
f 320//320 321//321 316//316
f 316//316 321//321 197//197
f 321//321 196//196 197//197
f 193//193 322//322 317//317
f 322//322 323//323 317//317
f 317//317 323//323 318//318
f 323//323 324//324 318//318
f 318//318 324//324 319//319
f 324//324 325//325 319//319
f 319//319 325//325 320//320
f 325//325 326//326 320//320
f 320//320 326//326 321//321
f 326//326 327//327 321//321
f 321//321 327//327 196//196
f 327//327 195//195 196//196
f 194//194 159//159 322//322
f 159//159 158//158 322//322
f 322//322 158//158 323//323
f 158//158 157//157 323//323
f 323//323 157//157 324//324
f 157//157 156//156 324//324
f 324//324 156//156 325//325
f 156//156 155//155 325//325
f 325//325 155//155 326//326
f 155//155 154//154 326//326
f 326//326 154//154 327//327
f 154//154 153//153 327//327
f 327//327 153//153 195//195
f 153//153 11//11 195//195
f 96//96 187//187 11//11
f 95//95 328//328 96//96
f 94//94 329//329 95//95
f 93//93 331//331 94//94
f 92//92 334//334 93//93
f 91//91 338//338 92//92
f 90//90 343//343 91//91
f 96//96 328//328 187//187
f 328//328 186//186 187//187
f 95//95 329//329 328//328
f 329//329 330//330 328//328
f 328//328 330//330 186//186
f 330//330 185//185 186//186
f 94//94 331//331 329//329
f 331//331 332//332 329//329
f 329//329 332//332 330//330
f 332//332 333//333 330//330
f 330//330 333//333 185//185
f 333//333 184//184 185//185
f 93//93 334//334 331//331
f 334//334 335//335 331//331
f 331//331 335//335 332//332
f 335//335 336//336 332//332
f 332//332 336//336 333//333
f 336//336 337//337 333//333
f 333//333 337//337 184//184
f 337//337 183//183 184//184
f 92//92 338//338 334//334
f 338//338 339//339 334//334
f 334//334 339//339 335//335
f 339//339 340//340 335//335
f 335//335 340//340 336//336
f 340//340 341//341 336//336
f 336//336 341//341 337//337
f 341//341 342//342 337//337
f 337//337 342//342 183//183
f 342//342 182//182 183//183
f 91//91 343//343 338//338
f 343//343 344//344 338//338
f 338//338 344//344 339//339
f 344//344 345//345 339//339
f 339//339 345//345 340//340
f 345//345 346//346 340//340
f 340//340 346//346 341//341
f 346//346 347//347 341//341
f 341//341 347//347 342//342
f 347//347 348//348 342//342
f 342//342 348//348 182//182
f 348//348 181//181 182//182
f 90//90 145//145 343//343
f 145//145 144//144 343//343
f 343//343 144//144 344//344
f 144//144 143//143 344//344
f 344//344 143//143 345//345
f 143//143 142//142 345//345
f 345//345 142//142 346//346
f 142//142 141//141 346//346
f 346//346 141//141 347//347
f 141//141 140//140 347//347
f 347//347 140//140 348//348
f 140//140 139//139 348//348
f 348//348 139//139 181//181
f 139//139 10//10 181//181
f 152//152 180//180 10//10
f 151//151 349//349 152//152
f 150//150 350//350 151//151
f 149//149 352//352 150//150
f 148//148 355//355 149//149
f 147//147 359//359 148//148
f 146//146 364//364 147//147
f 152//152 349//349 180//180
f 349//349 179//179 180//180
f 151//151 350//350 349//349
f 350//350 351//351 349//349
f 349//349 351//351 179//179
f 351//351 178//178 179//179
f 150//150 352//352 350//350
f 352//352 353//353 350//350
f 350//350 353//353 351//351
f 353//353 354//354 351//351
f 351//351 354//354 178//178
f 354//354 177//177 178//178
f 149//149 355//355 352//352
f 355//355 356//356 352//352
f 352//352 356//356 353//353
f 356//356 357//357 353//353
f 353//353 357//357 354//354
f 357//357 358//358 354//354
f 354//354 358//358 177//177
f 358//358 176//176 177//177
f 148//148 359//359 355//355
f 359//359 360//360 355//355
f 355//355 360//360 356//356
f 360//360 361//361 356//356
f 356//356 361//361 357//357
f 361//361 362//362 357//357
f 357//357 362//362 358//358
f 362//362 363//363 358//358
f 358//358 363//363 176//176
f 363//363 175//175 176//176
f 147//147 364//364 359//359
f 364//364 365//365 359//359
f 359//359 365//365 360//360
f 365//365 366//366 360//360
f 360//360 366//366 361//361
f 366//366 367//367 361//361
f 361//361 367//367 362//362
f 367//367 368//368 362//362
f 362//362 368//368 363//363
f 368//368 369//369 363//363
f 363//363 369//369 175//175
f 369//369 174//174 175//175
f 146//146 131//131 364//364
f 131//131 130//130 364//364
f 364//364 130//130 365//365
f 130//130 129//129 365//365
f 365//365 129//129 366//366
f 129//129 128//128 366//366
f 366//366 128//128 367//367
f 128//128 127//127 367//367
f 367//367 127//127 368//368
f 127//127 126//126 368//368
f 368//368 126//126 369//369
f 126//126 125//125 369//369
f 369//369 125//125 174//174
f 125//125 9//9 174//174
f 138//138 173//173 9//9
f 137//137 370//370 138//138
f 136//136 371//371 137//137
f 135//135 373//373 136//136
f 134//134 376//376 135//135
f 133//133 380//380 134//134
f 132//132 385//385 133//133
f 138//138 370//370 173//173
f 370//370 172//172 173//173
f 137//137 371//371 370//370
f 371//371 372//372 370//370
f 370//370 372//372 172//172
f 372//372 171//171 172//172
f 136//136 373//373 371//371
f 373//373 374//374 371//371
f 371//371 374//374 372//372
f 374//374 375//375 372//372
f 372//372 375//375 171//171
f 375//375 170//170 171//171
f 135//135 376//376 373//373
f 376//376 377//377 373//373
f 373//373 377//377 374//374
f 377//377 378//378 374//374
f 374//374 378//378 375//375
f 378//378 379//379 375//375
f 375//375 379//379 170//170
f 379//379 169//169 170//170
f 134//134 380//380 376//376
f 380//380 381//381 376//376
f 376//376 381//381 377//377
f 381//381 382//382 377//377
f 377//377 382//382 378//378
f 382//382 383//383 378//378
f 378//378 383//383 379//379
f 383//383 384//384 379//379
f 379//379 384//384 169//169
f 384//384 168//168 169//169
f 133//133 385//385 380//380
f 385//385 386//386 380//380
f 380//380 386//386 381//381
f 386//386 387//387 381//381
f 381//381 387//387 382//382
f 387//387 388//388 382//382
f 382//382 388//388 383//383
f 388//388 389//389 383//383
f 383//383 389//389 384//384
f 389//389 390//390 384//384
f 384//384 390//390 168//168
f 390//390 167//167 168//168
f 132//132 117//117 385//385
f 117//117 116//116 385//385
f 385//385 116//116 386//386
f 116//116 115//115 386//386
f 386//386 115//115 387//387
f 115//115 114//114 387//387
f 387//387 114//114 388//388
f 114//114 113//113 388//388
f 388//388 113//113 389//389
f 113//113 112//112 389//389
f 389//389 112//112 390//390
f 112//112 111//111 390//390
f 390//390 111//111 167//167
f 111//111 8//8 167//167
f 124//124 166//166 8//8
f 123//123 391//391 124//124
f 122//122 392//392 123//123
f 121//121 394//394 122//122
f 120//120 397//397 121//121
f 119//119 401//401 120//120
f 118//118 406//406 119//119
f 124//124 391//391 166//166
f 391//391 165//165 166//166
f 123//123 392//392 391//391
f 392//392 393//393 391//391
f 391//391 393//393 165//165
f 393//393 164//164 165//165
f 122//122 394//394 392//392
f 394//394 395//395 392//392
f 392//392 395//395 393//393
f 395//395 396//396 393//393
f 393//393 396//396 164//164
f 396//396 163//163 164//164
f 121//121 397//397 394//394
f 397//397 398//398 394//394
f 394//394 398//398 395//395
f 398//398 399//399 395//395
f 395//395 399//399 396//396
f 399//399 400//400 396//396
f 396//396 400//400 163//163
f 400//400 162//162 163//163
f 120//120 401//401 397//397
f 401//401 402//402 397//397
f 397//397 402//402 398//398
f 402//402 403//403 398//398
f 398//398 403//403 399//399
f 403//403 404//404 399//399
f 399//399 404//404 400//400
f 404//404 405//405 400//400
f 400//400 405//405 162//162
f 405//405 161//161 162//162
f 119//119 406//406 401//401
f 406//406 407//407 401//401
f 401//401 407//407 402//402
f 407//407 408//408 402//402
f 402//402 408//408 403//403
f 408//408 409//409 403//403
f 403//403 409//409 404//404
f 409//409 410//410 404//404
f 404//404 410//410 405//405
f 410//410 411//411 405//405
f 405//405 411//411 161//161
f 411//411 160//160 161//161
f 118//118 103//103 406//406
f 103//103 102//102 406//406
f 406//406 102//102 407//407
f 102//102 101//101 407//407
f 407//407 101//101 408//408
f 101//101 100//100 408//408
f 408//408 100//100 409//409
f 100//100 99//99 409//409
f 409//409 99//99 410//410
f 99//99 98//98 410//410
f 410//410 98//98 411//411
f 98//98 97//97 411//411
f 411//411 97//97 160//160
f 97//97 7//7 160//160
f 110//110 159//159 7//7
f 109//109 412//412 110//110
f 108//108 413//413 109//109
f 107//107 415//415 108//108
f 106//106 418//418 107//107
f 105//105 422//422 106//106
f 104//104 427//427 105//105
f 110//110 412//412 159//159
f 412//412 158//158 159//159
f 109//109 413//413 412//412
f 413//413 414//414 412//412
f 412//412 414//414 158//158
f 414//414 157//157 158//158
f 108//108 415//415 413//413
f 415//415 416//416 413//413
f 413//413 416//416 414//414
f 416//416 417//417 414//414
f 414//414 417//417 157//157
f 417//417 156//156 157//157
f 107//107 418//418 415//415
f 418//418 419//419 415//415
f 415//415 419//419 416//416
f 419//419 420//420 416//416
f 416//416 420//420 417//417
f 420//420 421//421 417//417
f 417//417 421//421 156//156
f 421//421 155//155 156//156
f 106//106 422//422 418//418
f 422//422 423//423 418//418
f 418//418 423//423 419//419
f 423//423 424//424 419//419
f 419//419 424//424 420//420
f 424//424 425//425 420//420
f 420//420 425//425 421//421
f 425//425 426//426 421//421
f 421//421 426//426 155//155
f 426//426 154//154 155//155
f 105//105 427//427 422//422
f 427//427 428//428 422//422
f 422//422 428//428 423//423
f 428//428 429//429 423//423
f 423//423 429//429 424//424
f 429//429 430//430 424//424
f 424//424 430//430 425//425
f 430//430 431//431 425//425
f 425//425 431//431 426//426
f 431//431 432//432 426//426
f 426//426 432//432 154//154
f 432//432 153//153 154//154
f 104//104 89//89 427//427
f 89//89 88//88 427//427
f 427//427 88//88 428//428
f 88//88 87//87 428//428
f 428//428 87//87 429//429
f 87//87 86//86 429//429
f 429//429 86//86 430//430
f 86//86 85//85 430//430
f 430//430 85//85 431//431
f 85//85 84//84 431//431
f 431//431 84//84 432//432
f 84//84 83//83 432//432
f 432//432 83//83 153//153
f 83//83 11//11 153//153
f 139//139 152//152 10//10
f 140//140 433//433 139//139
f 141//141 434//434 140//140
f 142//142 436//436 141//141
f 143//143 439//439 142//142
f 144//144 443//443 143//143
f 145//145 448//448 144//144
f 139//139 433//433 152//152
f 433//433 151//151 152//152
f 140//140 434//434 433//433
f 434//434 435//435 433//433
f 433//433 435//435 151//151
f 435//435 150//150 151//151
f 141//141 436//436 434//434
f 436//436 437//437 434//434
f 434//434 437//437 435//435
f 437//437 438//438 435//435
f 435//435 438//438 150//150
f 438//438 149//149 150//150
f 142//142 439//439 436//436
f 439//439 440//440 436//436
f 436//436 440//440 437//437
f 440//440 441//441 437//437
f 437//437 441//441 438//438
f 441//441 442//442 438//438
f 438//438 442//442 149//149
f 442//442 148//148 149//149
f 143//143 443//443 439//439
f 443//443 444//444 439//439
f 439//439 444//444 440//440
f 444//444 445//445 440//440
f 440//440 445//445 441//441
f 445//445 446//446 441//441
f 441//441 446//446 442//442
f 446//446 447//447 442//442
f 442//442 447//447 148//148
f 447//447 147//147 148//148
f 144//144 448//448 443//443
f 448//448 449//449 443//443
f 443//443 449//449 444//444
f 449//449 450//450 444//444
f 444//444 450//450 445//445
f 450//450 451//451 445//445
f 445//445 451//451 446//446
f 451//451 452//452 446//446
f 446//446 452//452 447//447
f 452//452 453//453 447//447
f 447//447 453//453 147//147
f 453//453 146//146 147//147
f 145//145 82//82 448//448
f 82//82 81//81 448//448
f 448//448 81//81 449//449
f 81//81 80//80 449//449
f 449//449 80//80 450//450
f 80//80 79//79 450//450
f 450//450 79//79 451//451
f 79//79 78//78 451//451
f 451//451 78//78 452//452
f 78//78 77//77 452//452
f 452//452 77//77 453//453
f 77//77 76//76 453//453
f 453//453 76//76 146//146
f 76//76 5//5 146//146
f 125//125 138//138 9//9
f 126//126 454//454 125//125
f 127//127 455//455 126//126
f 128//128 457//457 127//127
f 129//129 460//460 128//128
f 130//130 464//464 129//129
f 131//131 469//469 130//130
f 125//125 454//454 138//138
f 454//454 137//137 138//138
f 126//126 455//455 454//454
f 455//455 456//456 454//454
f 454//454 456//456 137//137
f 456//456 136//136 137//137
f 127//127 457//457 455//455
f 457//457 458//458 455//455
f 455//455 458//458 456//456
f 458//458 459//459 456//456
f 456//456 459//459 136//136
f 459//459 135//135 136//136
f 128//128 460//460 457//457
f 460//460 461//461 457//457
f 457//457 461//461 458//458
f 461//461 462//462 458//458
f 458//458 462//462 459//459
f 462//462 463//463 459//459
f 459//459 463//463 135//135
f 463//463 134//134 135//135
f 129//129 464//464 460//460
f 464//464 465//465 460//460
f 460//460 465//465 461//461
f 465//465 466//466 461//461
f 461//461 466//466 462//462
f 466//466 467//467 462//462
f 462//462 467//467 463//463
f 467//467 468//468 463//463
f 463//463 468//468 134//134
f 468//468 133//133 134//134
f 130//130 469//469 464//464
f 469//469 470//470 464//464
f 464//464 470//470 465//465
f 470//470 471//471 465//465
f 465//465 471//471 466//466
f 471//471 472//472 466//466
f 466//466 472//472 467//467
f 472//472 473//473 467//467
f 467//467 473//473 468//468
f 473//473 474//474 468//468
f 468//468 474//474 133//133
f 474//474 132//132 133//133
f 131//131 75//75 469//469
f 75//75 74//74 469//469
f 469//469 74//74 470//470
f 74//74 73//73 470//470
f 470//470 73//73 471//471
f 73//73 72//72 471//471
f 471//471 72//72 472//472
f 72//72 71//71 472//472
f 472//472 71//71 473//473
f 71//71 70//70 473//473
f 473//473 70//70 474//474
f 70//70 69//69 474//474
f 474//474 69//69 132//132
f 69//69 4//4 132//132
f 111//111 124//124 8//8
f 112//112 475//475 111//111
f 113//113 476//476 112//112
f 114//114 478//478 113//113
f 115//115 481//481 114//114
f 116//116 485//485 115//115
f 117//117 490//490 116//116
f 111//111 475//475 124//124
f 475//475 123//123 124//124
f 112//112 476//476 475//475
f 476//476 477//477 475//475
f 475//475 477//477 123//123
f 477//477 122//122 123//123
f 113//113 478//478 476//476
f 478//478 479//479 476//476
f 476//476 479//479 477//477
f 479//479 480//480 477//477
f 477//477 480//480 122//122
f 480//480 121//121 122//122
f 114//114 481//481 478//478
f 481//481 482//482 478//478
f 478//478 482//482 479//479
f 482//482 483//483 479//479
f 479//479 483//483 480//480
f 483//483 484//484 480//480
f 480//480 484//484 121//121
f 484//484 120//120 121//121
f 115//115 485//485 481//481
f 485//485 486//486 481//481
f 481//481 486//486 482//482
f 486//486 487//487 482//482
f 482//482 487//487 483//483
f 487//487 488//488 483//483
f 483//483 488//488 484//484
f 488//488 489//489 484//484
f 484//484 489//489 120//120
f 489//489 119//119 120//120
f 116//116 490//490 485//485
f 490//490 491//491 485//485
f 485//485 491//491 486//486
f 491//491 492//492 486//486
f 486//486 492//492 487//487
f 492//492 493//493 487//487
f 487//487 493//493 488//488
f 493//493 494//494 488//488
f 488//488 494//494 489//489
f 494//494 495//495 489//489
f 489//489 495//495 119//119
f 495//495 118//118 119//119
f 117//117 61//61 490//490
f 61//61 60//60 490//490
f 490//490 60//60 491//491
f 60//60 59//59 491//491
f 491//491 59//59 492//492
f 59//59 58//58 492//492
f 492//492 58//58 493//493
f 58//58 57//57 493//493
f 493//493 57//57 494//494
f 57//57 56//56 494//494
f 494//494 56//56 495//495
f 56//56 55//55 495//495
f 495//495 55//55 118//118
f 55//55 3//3 118//118
f 97//97 110//110 7//7
f 98//98 496//496 97//97
f 99//99 497//497 98//98
f 100//100 499//499 99//99
f 101//101 502//502 100//100
f 102//102 506//506 101//101
f 103//103 511//511 102//102
f 97//97 496//496 110//110
f 496//496 109//109 110//110
f 98//98 497//497 496//496
f 497//497 498//498 496//496
f 496//496 498//498 109//109
f 498//498 108//108 109//109
f 99//99 499//499 497//497
f 499//499 500//500 497//497
f 497//497 500//500 498//498
f 500//500 501//501 498//498
f 498//498 501//501 108//108
f 501//501 107//107 108//108
f 100//100 502//502 499//499
f 502//502 503//503 499//499
f 499//499 503//503 500//500
f 503//503 504//504 500//500
f 500//500 504//504 501//501
f 504//504 505//505 501//501
f 501//501 505//505 107//107
f 505//505 106//106 107//107
f 101//101 506//506 502//502
f 506//506 507//507 502//502
f 502//502 507//507 503//503
f 507//507 508//508 503//503
f 503//503 508//508 504//504
f 508//508 509//509 504//504
f 504//504 509//509 505//505
f 509//509 510//510 505//505
f 505//505 510//510 106//106
f 510//510 105//105 106//106
f 102//102 511//511 506//506
f 511//511 512//512 506//506
f 506//506 512//512 507//507
f 512//512 513//513 507//507
f 507//507 513//513 508//508
f 513//513 514//514 508//508
f 508//508 514//514 509//509
f 514//514 515//515 509//509
f 509//509 515//515 510//510
f 515//515 516//516 510//510
f 510//510 516//516 105//105
f 516//516 104//104 105//105
f 103//103 33//33 511//511
f 33//33 32//32 511//511
f 511//511 32//32 512//512
f 32//32 31//31 512//512
f 512//512 31//31 513//513
f 31//31 30//30 513//513
f 513//513 30//30 514//514
f 30//30 29//29 514//514
f 514//514 29//29 515//515
f 29//29 28//28 515//515
f 515//515 28//28 516//516
f 28//28 27//27 516//516
f 516//516 27//27 104//104
f 27//27 2//2 104//104
f 83//83 96//96 11//11
f 84//84 517//517 83//83
f 85//85 518//518 84//84
f 86//86 520//520 85//85
f 87//87 523//523 86//86
f 88//88 527//527 87//87
f 89//89 532//532 88//88
f 83//83 517//517 96//96
f 517//517 95//95 96//96
f 84//84 518//518 517//517
f 518//518 519//519 517//517
f 517//517 519//519 95//95
f 519//519 94//94 95//95
f 85//85 520//520 518//518
f 520//520 521//521 518//518
f 518//518 521//521 519//519
f 521//521 522//522 519//519
f 519//519 522//522 94//94
f 522//522 93//93 94//94
f 86//86 523//523 520//520
f 523//523 524//524 520//520
f 520//520 524//524 521//521
f 524//524 525//525 521//521
f 521//521 525//525 522//522
f 525//525 526//526 522//522
f 522//522 526//526 93//93
f 526//526 92//92 93//93
f 87//87 527//527 523//523
f 527//527 528//528 523//523
f 523//523 528//528 524//524
f 528//528 529//529 524//524
f 524//524 529//529 525//525
f 529//529 530//530 525//525
f 525//525 530//530 526//526
f 530//530 531//531 526//526
f 526//526 531//531 92//92
f 531//531 91//91 92//92
f 88//88 532//532 527//527
f 532//532 533//533 527//527
f 527//527 533//533 528//528
f 533//533 534//534 528//528
f 528//528 534//534 529//529
f 534//534 535//535 529//529
f 529//529 535//535 530//530
f 535//535 536//536 530//530
f 530//530 536//536 531//531
f 536//536 537//537 531//531
f 531//531 537//537 91//91
f 537//537 90//90 91//91
f 89//89 40//40 532//532
f 40//40 39//39 532//532
f 532//532 39//39 533//533
f 39//39 38//38 533//533
f 533//533 38//38 534//534
f 38//38 37//37 534//534
f 534//534 37//37 535//535
f 37//37 36//36 535//535
f 535//535 36//36 536//536
f 36//36 35//35 536//536
f 536//536 35//35 537//537
f 35//35 34//34 537//537
f 537//537 34//34 90//90
f 34//34 6//6 90//90
f 47//47 82//82 6//6
f 46//46 538//538 47//47
f 45//45 539//539 46//46
f 44//44 541//541 45//45
f 43//43 544//544 44//44
f 42//42 548//548 43//43
f 41//41 553//553 42//42
f 47//47 538//538 82//82
f 538//538 81//81 82//82
f 46//46 539//539 538//538
f 539//539 540//540 538//538
f 538//538 540//540 81//81
f 540//540 80//80 81//81
f 45//45 541//541 539//539
f 541//541 542//542 539//539
f 539//539 542//542 540//540
f 542//542 543//543 540//540
f 540//540 543//543 80//80
f 543//543 79//79 80//80
f 44//44 544//544 541//541
f 544//544 545//545 541//541
f 541//541 545//545 542//542
f 545//545 546//546 542//542
f 542//542 546//546 543//543
f 546//546 547//547 543//543
f 543//543 547//547 79//79
f 547//547 78//78 79//79
f 43//43 548//548 544//544
f 548//548 549//549 544//544
f 544//544 549//549 545//545
f 549//549 550//550 545//545
f 545//545 550//550 546//546
f 550//550 551//551 546//546
f 546//546 551//551 547//547
f 551//551 552//552 547//547
f 547//547 552//552 78//78
f 552//552 77//77 78//78
f 42//42 553//553 548//548
f 553//553 554//554 548//548
f 548//548 554//554 549//549
f 554//554 555//555 549//549
f 549//549 555//555 550//550
f 555//555 556//556 550//550
f 550//550 556//556 551//551
f 556//556 557//557 551//551
f 551//551 557//557 552//552
f 557//557 558//558 552//552
f 552//552 558//558 77//77
f 558//558 76//76 77//77
f 41//41 68//68 553//553
f 68//68 67//67 553//553
f 553//553 67//67 554//554
f 67//67 66//66 554//554
f 554//554 66//66 555//555
f 66//66 65//65 555//555
f 555//555 65//65 556//556
f 65//65 64//64 556//556
f 556//556 64//64 557//557
f 64//64 63//63 557//557
f 557//557 63//63 558//558
f 63//63 62//62 558//558
f 558//558 62//62 76//76
f 62//62 5//5 76//76
f 62//62 75//75 5//5
f 63//63 559//559 62//62
f 64//64 560//560 63//63
f 65//65 562//562 64//64
f 66//66 565//565 65//65
f 67//67 569//569 66//66
f 68//68 574//574 67//67
f 62//62 559//559 75//75
f 559//559 74//74 75//75
f 63//63 560//560 559//559
f 560//560 561//561 559//559
f 559//559 561//561 74//74
f 561//561 73//73 74//74
f 64//64 562//562 560//560
f 562//562 563//563 560//560
f 560//560 563//563 561//561
f 563//563 564//564 561//561
f 561//561 564//564 73//73
f 564//564 72//72 73//73
f 65//65 565//565 562//562
f 565//565 566//566 562//562
f 562//562 566//566 563//563
f 566//566 567//567 563//563
f 563//563 567//567 564//564
f 567//567 568//568 564//564
f 564//564 568//568 72//72
f 568//568 71//71 72//72
f 66//66 569//569 565//565
f 569//569 570//570 565//565
f 565//565 570//570 566//566
f 570//570 571//571 566//566
f 566//566 571//571 567//567
f 571//571 572//572 567//567
f 567//567 572//572 568//568
f 572//572 573//573 568//568
f 568//568 573//573 71//71
f 573//573 70//70 71//71
f 67//67 574//574 569//569
f 574//574 575//575 569//569
f 569//569 575//575 570//570
f 575//575 576//576 570//570
f 570//570 576//576 571//571
f 576//576 577//577 571//571
f 571//571 577//577 572//572
f 577//577 578//578 572//572
f 572//572 578//578 573//573
f 578//578 579//579 573//573
f 573//573 579//579 70//70
f 579//579 69//69 70//70
f 68//68 54//54 574//574
f 54//54 53//53 574//574
f 574//574 53//53 575//575
f 53//53 52//52 575//575
f 575//575 52//52 576//576
f 52//52 51//51 576//576
f 576//576 51//51 577//577
f 51//51 50//50 577//577
f 577//577 50//50 578//578
f 50//50 49//49 578//578
f 578//578 49//49 579//579
f 49//49 48//48 579//579
f 579//579 48//48 69//69
f 48//48 4//4 69//69
f 48//48 61//61 4//4
f 49//49 580//580 48//48
f 50//50 581//581 49//49
f 51//51 583//583 50//50
f 52//52 586//586 51//51
f 53//53 590//590 52//52
f 54//54 595//595 53//53
f 48//48 580//580 61//61
f 580//580 60//60 61//61
f 49//49 581//581 580//580
f 581//581 582//582 580//580
f 580//580 582//582 60//60
f 582//582 59//59 60//60
f 50//50 583//583 581//581
f 583//583 584//584 581//581
f 581//581 584//584 582//582
f 584//584 585//585 582//582
f 582//582 585//585 59//59
f 585//585 58//58 59//59
f 51//51 586//586 583//583
f 586//586 587//587 583//583
f 583//583 587//587 584//584
f 587//587 588//588 584//584
f 584//584 588//588 585//585
f 588//588 589//589 585//585
f 585//585 589//589 58//58
f 589//589 57//57 58//58
f 52//52 590//590 586//586
f 590//590 591//591 586//586
f 586//586 591//591 587//587
f 591//591 592//592 587//587
f 587//587 592//592 588//588
f 592//592 593//593 588//588
f 588//588 593//593 589//589
f 593//593 594//594 589//589
f 589//589 594//594 57//57
f 594//594 56//56 57//57
f 53//53 595//595 590//590
f 595//595 596//596 590//590
f 590//590 596//596 591//591
f 596//596 597//597 591//591
f 591//591 597//597 592//592
f 597//597 598//598 592//592
f 592//592 598//598 593//593
f 598//598 599//599 593//593
f 593//593 599//599 594//594
f 599//599 600//600 594//594
f 594//594 600//600 56//56
f 600//600 55//55 56//56
f 54//54 19//19 595//595
f 19//19 18//18 595//595
f 595//595 18//18 596//596
f 18//18 17//17 596//596
f 596//596 17//17 597//597
f 17//17 16//16 597//597
f 597//597 16//16 598//598
f 16//16 15//15 598//598
f 598//598 15//15 599//599
f 15//15 14//14 599//599
f 599//599 14//14 600//600
f 14//14 13//13 600//600
f 600//600 13//13 55//55
f 13//13 3//3 55//55
f 34//34 47//47 6//6
f 35//35 601//601 34//34
f 36//36 602//602 35//35
f 37//37 604//604 36//36
f 38//38 607//607 37//37
f 39//39 611//611 38//38
f 40//40 616//616 39//39
f 34//34 601//601 47//47
f 601//601 46//46 47//47
f 35//35 602//602 601//601
f 602//602 603//603 601//601
f 601//601 603//603 46//46
f 603//603 45//45 46//46
f 36//36 604//604 602//602
f 604//604 605//605 602//602
f 602//602 605//605 603//603
f 605//605 606//606 603//603
f 603//603 606//606 45//45
f 606//606 44//44 45//45
f 37//37 607//607 604//604
f 607//607 608//608 604//604
f 604//604 608//608 605//605
f 608//608 609//609 605//605
f 605//605 609//609 606//606
f 609//609 610//610 606//606
f 606//606 610//610 44//44
f 610//610 43//43 44//44
f 38//38 611//611 607//607
f 611//611 612//612 607//607
f 607//607 612//612 608//608
f 612//612 613//613 608//608
f 608//608 613//613 609//609
f 613//613 614//614 609//609
f 609//609 614//614 610//610
f 614//614 615//615 610//610
f 610//610 615//615 43//43
f 615//615 42//42 43//43
f 39//39 616//616 611//611
f 616//616 617//617 611//611
f 611//611 617//617 612//612
f 617//617 618//618 612//612
f 612//612 618//618 613//613
f 618//618 619//619 613//613
f 613//613 619//619 614//614
f 619//619 620//620 614//614
f 614//614 620//620 615//615
f 620//620 621//621 615//615
f 615//615 621//621 42//42
f 621//621 41//41 42//42
f 40//40 26//26 616//616
f 26//26 25//25 616//616
f 616//616 25//25 617//617
f 25//25 24//24 617//617
f 617//617 24//24 618//618
f 24//24 23//23 618//618
f 618//618 23//23 619//619
f 23//23 22//22 619//619
f 619//619 22//22 620//620
f 22//22 21//21 620//620
f 620//620 21//21 621//621
f 21//21 20//20 621//621
f 621//621 20//20 41//41
f 20//20 1//1 41//41
f 13//13 33//33 3//3
f 14//14 622//622 13//13
f 15//15 623//623 14//14
f 16//16 625//625 15//15
f 17//17 628//628 16//16
f 18//18 632//632 17//17
f 19//19 637//637 18//18
f 13//13 622//622 33//33
f 622//622 32//32 33//33
f 14//14 623//623 622//622
f 623//623 624//624 622//622
f 622//622 624//624 32//32
f 624//624 31//31 32//32
f 15//15 625//625 623//623
f 625//625 626//626 623//623
f 623//623 626//626 624//624
f 626//626 627//627 624//624
f 624//624 627//627 31//31
f 627//627 30//30 31//31
f 16//16 628//628 625//625
f 628//628 629//629 625//625
f 625//625 629//629 626//626
f 629//629 630//630 626//626
f 626//626 630//630 627//627
f 630//630 631//631 627//627
f 627//627 631//631 30//30
f 631//631 29//29 30//30
f 17//17 632//632 628//628
f 632//632 633//633 628//628
f 628//628 633//633 629//629
f 633//633 634//634 629//629
f 629//629 634//634 630//630
f 634//634 635//635 630//630
f 630//630 635//635 631//631
f 635//635 636//636 631//631
f 631//631 636//636 29//29
f 636//636 28//28 29//29
f 18//18 637//637 632//632
f 637//637 638//638 632//632
f 632//632 638//638 633//633
f 638//638 639//639 633//633
f 633//633 639//639 634//634
f 639//639 640//640 634//634
f 634//634 640//640 635//635
f 640//640 641//641 635//635
f 635//635 641//641 636//636
f 641//641 642//642 636//636
f 636//636 642//642 28//28
f 642//642 27//27 28//28
f 19//19 20//20 637//637
f 20//20 21//21 637//637
f 637//637 21//21 638//638
f 21//21 22//22 638//638
f 638//638 22//22 639//639
f 22//22 23//23 639//639
f 639//639 23//23 640//640
f 23//23 24//24 640//640
f 640//640 24//24 641//641
f 24//24 25//25 641//641
f 641//641 25//25 642//642
f 25//25 26//26 642//642
f 642//642 26//26 27//27
f 26//26 2//2 27//27
o NEW_Right_ventricle
v 0.019765 1.243417 0.047719
v 0.049705 1.266618 0.069323
v 0.010174 1.268671 0.077198
v -0.017445 1.266625 0.047692
v 0.004348 1.263144 0.015559
v 0.031996 1.261762 0.040110
v 0.030894 1.302464 0.078881
v -0.004985 1.300770 0.065669
v -0.005926 1.302551 0.028444
v 0.033873 1.319431 0.020437
v 0.054890 1.305703 0.049055
v 0.015054 1.329647 0.051709
v 0.010756 1.264630 0.075756
v 0.011468 1.260280 0.073591
v 0.012454 1.255934 0.070762
v 0.013651 1.251672 0.066934
v 0.015073 1.247697 0.062574
v 0.016447 1.244521 0.057828
v 0.018419 1.244443 0.052307
v 0.023908 1.244188 0.050550
v 0.028098 1.244010 0.054069
v 0.032854 1.246373 0.057457
v 0.037306 1.248334 0.061906
v 0.041435 1.252050 0.065587
v 0.045505 1.256919 0.068361
v 0.048315 1.262025 0.069307
v 0.046393 1.265380 0.072768
v 0.042042 1.264217 0.076458
v 0.036434 1.264127 0.077356
v 0.030465 1.264513 0.078255
v 0.024768 1.265382 0.078697
v 0.019459 1.266489 0.078572
v 0.014445 1.267606 0.078000
v 0.034218 1.260400 0.042728
v 0.040348 1.254449 0.046939
v 0.043782 1.254103 0.050550
v 0.045892 1.256742 0.055453
v 0.047702 1.261199 0.060534
v 0.049966 1.263259 0.063588
v 0.051417 1.265305 0.065664
v 0.023729 1.243427 0.044803
v 0.028282 1.245126 0.041634
v 0.032892 1.246881 0.038234
v 0.034414 1.250063 0.038462
v 0.034555 1.251794 0.038844
v 0.034390 1.253292 0.039250
v 0.033724 1.254957 0.039404
v -0.015163 1.262183 0.047747
v -0.011603 1.257925 0.047670
v -0.007317 1.253534 0.047703
v -0.001702 1.250635 0.047523
v 0.003981 1.247655 0.047616
v 0.009286 1.244820 0.047711
v 0.015097 1.244700 0.047600
v 0.006720 1.267532 0.075412
v 0.002459 1.266696 0.072770
v -0.002240 1.265835 0.069380
v -0.006912 1.265225 0.065856
v -0.011306 1.264611 0.061975
v -0.015071 1.264156 0.057828
v -0.016875 1.265147 0.052607
v 0.004998 1.261519 0.016080
v 0.006991 1.256946 0.019057
v 0.010461 1.252557 0.021986
v 0.012964 1.250500 0.027600
v 0.014774 1.247146 0.032359
v 0.016621 1.245232 0.037832
v 0.018142 1.243407 0.042990
v -0.017159 1.265183 0.042920
v -0.015554 1.264031 0.037563
v -0.011645 1.263966 0.032581
v -0.009405 1.262989 0.026364
v -0.004648 1.263761 0.022283
v -0.000080 1.265069 0.020174
v 0.003821 1.263457 0.015618
v 0.004591 1.262846 0.015684
v 0.011877 1.264789 0.022808
v 0.015714 1.264182 0.025285
v 0.019858 1.262514 0.028281
v 0.024022 1.262174 0.031634
v 0.026733 1.260635 0.033940
v 0.030061 1.260358 0.037379
v 0.054811 1.303006 0.052971
v 0.055087 1.298672 0.057253
v 0.055754 1.292898 0.061767
v 0.056253 1.286736 0.064707
v 0.056323 1.280825 0.066734
v 0.055943 1.275321 0.068247
v 0.052373 1.270313 0.068295
v 0.032788 1.263318 0.041845
v 0.034072 1.266596 0.045170
v 0.037277 1.278826 0.052512
v 0.054372 1.305574 0.048755
v 0.054450 1.305708 0.048596
v 0.054546 1.305744 0.048605
v 0.054672 1.305711 0.048760
v 0.028741 1.298720 0.080216
v 0.026430 1.294446 0.081195
v 0.023597 1.289871 0.081812
v 0.020655 1.285133 0.081808
v 0.017853 1.280464 0.081251
v 0.015046 1.275764 0.080158
v 0.012404 1.271893 0.078760
v 0.049589 1.270321 0.073095
v 0.048348 1.274787 0.075918
v 0.045725 1.279753 0.077135
v 0.042659 1.284923 0.078270
v 0.039561 1.290232 0.079184
v 0.036602 1.294974 0.079635
v 0.033526 1.298981 0.079510
v -0.007479 1.297004 0.065055
v -0.010012 1.292380 0.064843
v -0.013056 1.287356 0.063860
v -0.015575 1.282500 0.061942
v -0.018455 1.277407 0.058058
v -0.019933 1.274321 0.054311
v -0.019964 1.269962 0.051339
v 0.007706 1.271791 0.077091
v 0.005055 1.275750 0.076665
v 0.002289 1.280031 0.075489
v -0.000403 1.284872 0.073925
v -0.002378 1.289671 0.072350
v -0.003962 1.293647 0.070211
v -0.004776 1.297311 0.067821
v -0.004249 1.300223 0.024108
v -0.003153 1.296391 0.020121
v -0.002776 1.290272 0.016643
v -0.003403 1.284843 0.014696
v -0.002414 1.279784 0.013707
v -0.002071 1.275807 0.014551
v 0.002853 1.271768 0.018884
v -0.018317 1.270410 0.044761
v -0.019604 1.275195 0.040986
v -0.019915 1.277337 0.042228
v -0.019216 1.282268 0.044130
v -0.015507 1.292897 0.043495
v -0.008872 1.301422 0.034061
v -0.007313 1.302130 0.030823
v 0.035528 1.318959 0.021106
v 0.044432 1.317037 0.022594
v 0.044577 1.316971 0.022673
v 0.020762 1.277191 0.033373
v 0.024970 1.267785 0.034484
v 0.026138 1.266234 0.035049
v 0.030993 1.262295 0.039108
v 0.004285 1.263228 0.015582
v 0.006368 1.274827 0.020084
v 0.007404 1.277756 0.020847
v 0.007230 1.282294 0.021502
v 0.007156 1.284755 0.022183
v 0.006511 1.288164 0.023003
v 0.033804 1.319449 0.020431
v 0.055083 1.304890 0.052167
v 0.053011 1.305489 0.057254
v 0.050720 1.306291 0.062590
v 0.047383 1.306627 0.067776
v 0.043387 1.306333 0.072264
v 0.038910 1.305472 0.075622
v 0.034684 1.304091 0.077665
v 0.026544 1.303249 0.078789
v 0.021798 1.303888 0.078230
v 0.016753 1.304244 0.077051
v 0.011535 1.303867 0.075345
v 0.006421 1.303407 0.073043
v 0.001950 1.302879 0.070422
v -0.002128 1.302034 0.067518
v -0.005335 1.300523 0.065113
v -0.004989 1.299705 0.058089
v -0.006220 1.298972 0.053838
v -0.012974 1.299037 0.042984
v -0.011685 1.300539 0.040258
v -0.009802 1.302111 0.036207
v -0.008016 1.302750 0.032202
v -0.004228 1.301799 0.025235
v -0.003045 1.300673 0.023272
v -0.002268 1.299420 0.021865
v -0.001049 1.297769 0.021170
v 0.000166 1.296109 0.020894
v 0.027392 1.322209 0.019476
v 0.033204 1.319733 0.020389
v 0.035571 1.318948 0.021126
v 0.043560 1.317236 0.022775
v 0.045356 1.316742 0.023498
v 0.048554 1.315788 0.028903
v 0.051090 1.313742 0.035132
v 0.052696 1.311023 0.040864
v 0.053977 1.307888 0.045703
v 0.018671 1.327848 0.055904
v 0.022661 1.326005 0.058932
v 0.025154 1.323538 0.062163
v 0.026628 1.320561 0.068261
v 0.028174 1.316743 0.072953
v 0.029412 1.311715 0.075329
v 0.030283 1.306864 0.077335
v 0.054627 1.308246 0.047705
v 0.051550 1.312868 0.047756
v 0.047042 1.317084 0.047718
v 0.041389 1.320727 0.047679
v 0.041106 1.323053 0.048454
v 0.041103 1.324079 0.049502
v 0.018494 1.329001 0.055346
v 0.014224 1.327891 0.051992
v 0.011352 1.325648 0.053834
v 0.007143 1.323091 0.056776
v 0.004965 1.318878 0.059243
v 0.002360 1.313395 0.061834
v -0.000288 1.308896 0.063900
v -0.002895 1.304330 0.065324
v 0.012990 1.327293 0.043038
v 0.011439 1.325619 0.041711
v 0.008694 1.323168 0.040631
v 0.006252 1.318460 0.040539
v 0.006132 1.318064 0.040580
v -0.005635 1.303392 0.029824
v -0.005850 1.303199 0.029191
v 0.018690 1.326707 0.038523
v 0.022635 1.325538 0.036850
v 0.025161 1.323766 0.032556
v 0.025753 1.323137 0.026262
v 0.030583 1.321078 0.021167
v 0.032883 1.319818 0.020520
v 0.033770 1.319447 0.020451
v 0.023242 1.325379 0.036599
v 0.040822 1.323060 0.039897
v 0.025915 1.324091 0.034664
v 0.041235 1.322121 0.042012
v 0.037409 1.322584 0.034196
v 0.030833 1.322104 0.031864
v 0.043330 1.318521 0.042258
v 0.040237 1.319411 0.036980
v 0.036967 1.319495 0.030913
v 0.033614 1.320854 0.024959
v 0.049420 1.314438 0.042455
v 0.047557 1.316561 0.036412
v 0.044036 1.318107 0.030505
v 0.039368 1.318551 0.025063
v 0.035186 1.318923 0.021469
v 0.053129 1.309901 0.042784
v 0.051479 1.312607 0.037875
v 0.049400 1.314963 0.031987
v 0.045553 1.316761 0.025499
v 0.042596 1.317471 0.023212
v 0.035513 1.318926 0.021182
v 0.017048 1.326126 0.039390
v 0.019013 1.325234 0.034126
v 0.013701 1.324423 0.037503
v 0.023293 1.324191 0.029319
v 0.016910 1.325291 0.035299
v 0.010710 1.320138 0.038372
v 0.025554 1.322917 0.023032
v 0.024490 1.323663 0.026034
v 0.010986 1.319833 0.038247
v 0.008642 1.318304 0.038869
v 0.027332 1.322156 0.019700
v 0.026132 1.322695 0.020897
v 0.025113 1.323336 0.023577
v -0.003632 1.302631 0.026812
v -0.004338 1.303052 0.027871
v 0.027565 1.322143 0.019512
v 0.027194 1.322276 0.019563
v 0.026340 1.322604 0.020330
v -0.002536 1.300584 0.023501
v -0.003226 1.301806 0.025060
v -0.004177 1.302747 0.026682
v 0.011375 1.326070 0.047707
v 0.006207 1.324644 0.044435
v 0.006983 1.325013 0.051274
v 0.005820 1.320963 0.042259
v 0.006343 1.325142 0.046002
v 0.006114 1.321919 0.055978
v 0.005759 1.318629 0.041247
v 0.005580 1.319176 0.042164
v 0.005604 1.320191 0.057064
v 0.004142 1.316823 0.059663
v -0.007308 1.303259 0.032961
v -0.008806 1.302523 0.036227
v 0.001939 1.307337 0.052216
v 0.001075 1.307132 0.055535
v 0.000659 1.310696 0.062460
v -0.007580 1.303229 0.032523
v -0.009234 1.302454 0.036289
v -0.011002 1.300870 0.039933
v -0.003047 1.302227 0.052725
v -0.002324 1.303449 0.056894
v -0.002354 1.305361 0.064566
v 0.017123 1.326128 0.055881
v 0.012324 1.324863 0.059728
v 0.018691 1.324685 0.061591
v 0.009129 1.320548 0.061577
v 0.014610 1.321792 0.064508
v 0.020420 1.322178 0.067380
v 0.006053 1.315665 0.063243
v 0.011246 1.317147 0.066087
v 0.016943 1.317808 0.068956
v 0.022629 1.317771 0.071360
v 0.002805 1.310545 0.065278
v 0.007596 1.311859 0.067817
v 0.013318 1.312957 0.070569
v 0.018868 1.313390 0.072862
v 0.024304 1.312893 0.074461
v -0.000079 1.306049 0.066588
v 0.004346 1.307014 0.069262
v 0.009634 1.307947 0.071937
v 0.015127 1.308476 0.074246
v 0.020490 1.308543 0.075876
v 0.025667 1.307959 0.076870
v 0.023721 1.326469 0.059184
v 0.027354 1.324799 0.060834
v 0.040047 1.323983 0.054716
v 0.030697 1.322172 0.064412
v 0.036563 1.322838 0.060633
v 0.040421 1.322317 0.053488
v 0.032499 1.318552 0.069289
v 0.036390 1.319494 0.063395
v 0.040897 1.319486 0.058802
v 0.045288 1.319085 0.053347
v 0.033790 1.314065 0.073597
v 0.038834 1.315860 0.070261
v 0.042256 1.315557 0.064003
v 0.045631 1.315072 0.058341
v 0.049848 1.314615 0.053101
v 0.034458 1.308896 0.075897
v 0.038977 1.310493 0.073315
v 0.043577 1.311340 0.069053
v 0.047384 1.311320 0.063708
v 0.050275 1.310571 0.058047
v 0.052364 1.309310 0.052506
v 0.053854 1.307827 0.045680
v 0.053789 1.307728 0.045757
v 0.052449 1.311622 0.039781
v 0.053766 1.307558 0.045949
v 0.052113 1.312268 0.038523
v 0.050453 1.314481 0.033097
v 0.053781 1.307312 0.046258
v 0.051652 1.313000 0.036955
v 0.049707 1.315136 0.031173
v 0.046958 1.316423 0.025560
v 0.032881 1.268265 0.044571
v 0.050822 1.314010 0.034393
v 0.047778 1.316197 0.027031
v 0.045829 1.316691 0.023662
v 0.044648 1.316942 0.022738
v 0.031706 1.264691 0.041209
v 0.027775 1.272507 0.040732
v 0.046194 1.316600 0.024291
v 0.045756 1.316701 0.023607
v 0.044614 1.316965 0.022679
v 0.044412 1.317044 0.022594
v 0.032411 1.320125 0.020341
v 0.005305 1.288772 0.022026
v 0.000805 1.293468 0.019101
v 0.005147 1.286045 0.020809
v 0.000857 1.291969 0.018193
v -0.000063 1.295019 0.019310
v 0.004707 1.283146 0.019883
v 0.000713 1.289057 0.016929
v -0.000090 1.292474 0.017467
v -0.001494 1.296628 0.019337
v -0.000421 1.281069 0.015130
v 0.000098 1.284648 0.015658
v -0.000320 1.289456 0.016132
v -0.001351 1.293913 0.017446
v -0.002146 1.297851 0.020114
v 0.003585 1.275387 0.018712
v -0.000791 1.280104 0.014834
v -0.001320 1.284696 0.014659
v -0.001900 1.289976 0.015577
v -0.002386 1.294946 0.018181
v -0.003320 1.299061 0.021610
v -0.009659 1.301569 0.035278
v -0.012031 1.299254 0.039695
v -0.012147 1.299956 0.039896
v -0.016637 1.291196 0.044146
v -0.015159 1.295382 0.043372
v -0.013506 1.298717 0.042807
v -0.019339 1.283779 0.044701
v -0.017885 1.289782 0.045293
v -0.015816 1.293961 0.044804
v -0.013848 1.297505 0.043942
v -0.020418 1.279643 0.044381
v -0.019448 1.285096 0.046397
v -0.018105 1.288581 0.046649
v -0.011875 1.291724 0.052111
v -0.008123 1.295989 0.055483
v -0.018581 1.274896 0.047270
v -0.017668 1.279005 0.050088
v -0.015840 1.283306 0.053094
v -0.013292 1.287365 0.055785
v -0.010506 1.291438 0.064233
v -0.007789 1.296636 0.064472
v -0.001252 1.298164 0.070472
v 0.000156 1.294397 0.072950
v 0.003426 1.299094 0.073400
v 0.001960 1.289961 0.074924
v 0.004912 1.294986 0.075555
v 0.008032 1.299710 0.075688
v 0.004795 1.284921 0.076752
v 0.007556 1.290095 0.077656
v 0.010471 1.295191 0.078006
v 0.013580 1.300028 0.077749
v 0.007405 1.279776 0.077968
v 0.010315 1.285025 0.079223
v 0.013026 1.290026 0.079893
v 0.015995 1.294987 0.079789
v 0.019054 1.299808 0.079281
v 0.009967 1.275689 0.078670
v 0.012545 1.280280 0.079900
v 0.015285 1.285085 0.080868
v 0.018205 1.290176 0.081174
v 0.021346 1.294874 0.080790
v 0.024087 1.299418 0.079977
v 0.037959 1.300170 0.077798
v 0.041149 1.295654 0.077460
v 0.042411 1.301156 0.075072
v 0.044529 1.290484 0.076441
v 0.046007 1.296047 0.074177
v 0.046983 1.301617 0.071233
v 0.047936 1.284948 0.075229
v 0.049799 1.290645 0.072932
v 0.050801 1.296322 0.069891
v 0.051059 1.301620 0.066291
v 0.050858 1.279633 0.074071
v 0.052922 1.285131 0.071538
v 0.054199 1.290807 0.068504
v 0.054482 1.296289 0.064863
v 0.053955 1.301226 0.061005
v 0.052386 1.274649 0.071347
v 0.055708 1.279888 0.069833
v 0.056693 1.285216 0.066421
v 0.056362 1.290955 0.063524
v 0.055561 1.296456 0.059955
v 0.055259 1.301076 0.055921
v 0.034336 1.319291 0.020635
v 0.017822 1.287123 0.033257
v 0.010333 1.282610 0.024615
v 0.018779 1.276750 0.030924
v 0.013688 1.277141 0.025631
v 0.010807 1.279612 0.023883
v 0.019825 1.274059 0.031147
v 0.016756 1.273120 0.027231
v 0.014315 1.274109 0.025131
v 0.011012 1.276641 0.023176
v 0.025144 1.266315 0.033796
v 0.020875 1.267082 0.029900
v 0.016357 1.270873 0.026316
v 0.013860 1.271507 0.024321
v 0.010694 1.272433 0.022450
v 0.025966 1.264678 0.034195
v 0.024299 1.264336 0.032264
v 0.020620 1.265414 0.029204
v 0.016076 1.267234 0.025684
v 0.013033 1.268031 0.023518
v 0.010296 1.268704 0.022013
v -0.003997 1.299293 0.023620
v -0.002654 1.292504 0.018116
v -0.003704 1.298586 0.023116
v -0.003495 1.284615 0.015538
v -0.003355 1.284766 0.015772
v -0.019249 1.280594 0.043608
v -0.004321 1.279432 0.014760
v -0.004232 1.279224 0.014912
v -0.015824 1.268003 0.028343
v -0.020184 1.272611 0.038083
v -0.002805 1.273935 0.014460
v -0.005249 1.271284 0.017776
v -0.012010 1.267599 0.024680
v -0.017101 1.268492 0.030634
v -0.019850 1.271914 0.037358
v -0.003268 1.271550 0.015725
v -0.004577 1.268839 0.018135
v -0.008931 1.268104 0.022682
v -0.013017 1.267599 0.028054
v -0.015968 1.268483 0.033896
v -0.018292 1.269186 0.039579
v -0.007963 1.293388 0.066635
v -0.011566 1.289210 0.065025
v -0.007189 1.289376 0.068911
v -0.014313 1.284608 0.063843
v -0.010103 1.284459 0.067493
v -0.005394 1.284665 0.070910
v -0.016743 1.279602 0.061574
v -0.012607 1.279254 0.065774
v -0.007984 1.279550 0.069394
v -0.002734 1.279709 0.072662
v -0.018250 1.274188 0.059218
v -0.014435 1.274056 0.063767
v -0.009899 1.274250 0.067507
v -0.004879 1.274769 0.070912
v 0.000411 1.275043 0.074103
v -0.017296 1.269576 0.055422
v -0.015321 1.268907 0.061018
v -0.011114 1.269162 0.065046
v -0.006345 1.269698 0.068664
v -0.001218 1.270365 0.072022
v 0.003551 1.271003 0.074969
v 0.031443 1.294897 0.080831
v 0.028863 1.290129 0.081805
v 0.034419 1.290342 0.080917
v 0.026297 1.285160 0.082192
v 0.031835 1.285075 0.081789
v 0.037410 1.285074 0.080480
v 0.023132 1.280015 0.081883
v 0.028797 1.280033 0.081904
v 0.034828 1.279821 0.081057
v 0.040545 1.279638 0.079478
v 0.020033 1.275264 0.081034
v 0.025526 1.274758 0.081310
v 0.031474 1.274464 0.080835
v 0.037677 1.274392 0.079720
v 0.043292 1.274279 0.078102
v 0.017203 1.271060 0.079685
v 0.022330 1.270271 0.080263
v 0.027973 1.269480 0.080061
v 0.034105 1.269039 0.079185
v 0.040135 1.269064 0.078085
v 0.045574 1.269333 0.076670
v 0.054704 1.301713 0.054108
v 0.055015 1.296762 0.058771
v 0.054647 1.300674 0.055027
v 0.055969 1.289072 0.063630
v 0.055415 1.293089 0.061435
v 0.054608 1.299463 0.056140
v 0.056196 1.282376 0.066170
v 0.056053 1.284340 0.065447
v 0.055869 1.287102 0.064381
v 0.040800 1.278945 0.055956
v 0.056237 1.276018 0.068082
v 0.050135 1.274158 0.064288
v 0.047558 1.273291 0.062233
v 0.043701 1.272038 0.058824
v 0.036196 1.265949 0.047974
v 0.051336 1.269401 0.065779
v 0.050101 1.268391 0.064362
v 0.047235 1.267071 0.061546
v 0.044031 1.264429 0.057435
v 0.039098 1.262706 0.050490
v 0.035762 1.263489 0.046170
v 0.030670 1.256139 0.036668
v 0.031630 1.253208 0.036598
v 0.027228 1.257397 0.033745
v 0.031431 1.251369 0.036168
v 0.027489 1.254325 0.033614
v 0.023538 1.258808 0.031075
v 0.030123 1.249462 0.035511
v 0.026458 1.252130 0.032934
v 0.022371 1.255211 0.030335
v 0.018483 1.259771 0.027335
v 0.026954 1.246259 0.036260
v 0.024418 1.249491 0.032599
v 0.020763 1.252396 0.029681
v 0.017516 1.256604 0.027161
v 0.014385 1.261461 0.024703
v 0.022418 1.244237 0.039502
v 0.020772 1.246685 0.034339
v 0.018598 1.246562 0.027217
v 0.014746 1.249077 0.023996
v 0.012379 1.257575 0.024434
v 0.010449 1.261934 0.022372
v 0.005074 1.261138 0.017866
v 0.005654 1.255929 0.021006
v 0.000356 1.260019 0.022078
v 0.007132 1.252207 0.026244
v 0.001104 1.255021 0.025732
v -0.004565 1.258698 0.025790
v 0.008956 1.248835 0.031608
v 0.002885 1.251471 0.031137
v -0.003207 1.254581 0.031001
v -0.008742 1.258324 0.031128
v 0.010864 1.246047 0.037152
v 0.005036 1.248611 0.036738
v -0.001180 1.251442 0.036588
v -0.006747 1.255268 0.036761
v -0.010846 1.260162 0.037324
v 0.013107 1.245069 0.042644
v 0.006857 1.245685 0.042439
v 0.001078 1.248690 0.042262
v -0.005014 1.251304 0.042366
v -0.009871 1.255819 0.042482
v -0.012973 1.261425 0.042613
v -0.013192 1.261329 0.052417
v -0.009553 1.256433 0.052867
v -0.010902 1.260313 0.057774
v -0.003964 1.253322 0.052628
v -0.005795 1.256649 0.057663
v -0.006764 1.260876 0.062159
v 0.001790 1.249842 0.052742
v -0.000053 1.253129 0.057840
v -0.001404 1.257017 0.062431
v -0.002138 1.261379 0.066425
v 0.007359 1.246602 0.052833
v 0.005629 1.249518 0.057891
v 0.004170 1.253279 0.062839
v 0.003114 1.257649 0.067028
v 0.002580 1.262131 0.070247
v 0.012771 1.244191 0.052793
v 0.011113 1.246550 0.057952
v 0.009652 1.250103 0.062818
v 0.008326 1.254217 0.067181
v 0.007401 1.258719 0.070738
v 0.006903 1.263297 0.073450
v 0.037068 1.254437 0.043073
v 0.042197 1.252215 0.047093
v 0.038316 1.251384 0.042638
v 0.045136 1.252413 0.050313
v 0.042820 1.250656 0.046459
v 0.038584 1.249849 0.042087
v 0.046723 1.255136 0.055060
v 0.045645 1.251772 0.050153
v 0.042266 1.250160 0.045600
v 0.038006 1.248355 0.041282
v 0.048178 1.258474 0.059862
v 0.047161 1.254508 0.055018
v 0.043615 1.251204 0.050990
v 0.040007 1.249048 0.045854
v 0.033411 1.244519 0.043531
v 0.050106 1.260882 0.063001
v 0.047027 1.256350 0.060571
v 0.045293 1.253795 0.055731
v 0.037577 1.244919 0.055474
v 0.033078 1.244627 0.051177
v 0.028428 1.244801 0.047658
v 0.015289 1.263266 0.076296
v 0.016462 1.258494 0.073820
v 0.020805 1.261799 0.076547
v 0.017888 1.253913 0.070577
v 0.022382 1.256936 0.073854
v 0.026744 1.260522 0.076439
v 0.019397 1.249397 0.066420
v 0.024028 1.252001 0.070166
v 0.028631 1.255493 0.073485
v 0.032893 1.259640 0.075953
v 0.020751 1.245492 0.061792
v 0.025453 1.247471 0.065857
v 0.030263 1.250489 0.069781
v 0.034866 1.254528 0.073055
v 0.038878 1.259318 0.075415
v 0.022446 1.244445 0.055850
v 0.027123 1.246216 0.059328
v 0.031776 1.248098 0.063435
v 0.036437 1.251485 0.067080
v 0.040518 1.255740 0.070162
v 0.043913 1.260627 0.071930
vn -0.0825 -0.9896 0.1179
vn 0.7736 -0.3670 0.5166
vn -0.3074 -0.2979 0.9037
vn -0.9058 -0.4198 -0.0571
vn 0.4146 0.2194 -0.8832
vn 0.7619 0.2536 -0.5960
vn 0.1060 0.3144 0.9434
vn -0.7372 0.4524 0.5019
vn -0.7612 0.4427 -0.4740
vn -0.2786 -0.1036 0.9548
vn 0.8966 -0.3243 -0.3015
vn -0.4025 0.8893 0.2169
vn -0.2918 -0.4132 0.8626
vn -0.2838 -0.5144 0.8092
vn -0.2719 -0.6260 0.7309
vn -0.2704 -0.7199 0.6393
vn -0.2788 -0.7942 0.5400
vn -0.1466 -0.9521 0.2684
vn -0.0277 -0.9980 0.0562
vn 0.0479 -0.9970 0.0604
vn 0.0948 -0.9825 0.1603
vn 0.0568 -0.9380 0.3419
vn 0.3531 -0.8490 0.3932
vn 0.4934 -0.7751 0.3946
vn 0.6192 -0.6098 0.4947
vn 0.7408 -0.4012 0.5387
vn 0.6611 -0.4238 0.6191
vn 0.4142 -0.3805 0.8268
vn 0.1313 -0.3087 0.9421
vn 0.0656 -0.3573 0.9317
vn -0.0420 -0.3800 0.9240
vn -0.1435 -0.3690 0.9183
vn -0.2179 -0.3366 0.9161
vn 0.7678 0.2716 -0.5803
vn 0.6905 0.4238 -0.5861
vn 0.6575 0.4791 -0.5815
vn 0.7099 0.4063 -0.5752
vn 0.7863 0.2140 -0.5797
vn 0.7392 0.1479 -0.6571
vn 0.9767 -0.1990 -0.0807
vn 0.1574 -0.9869 -0.0366
vn 0.1435 -0.9680 -0.2060
vn 0.4122 -0.6458 -0.6427
vn 0.6113 -0.0380 -0.7905
vn 0.6674 0.1915 -0.7197
vn 0.6946 0.2996 -0.6541
vn 0.7191 0.3072 -0.6233
vn -0.7886 -0.6149 0.0009
vn -0.7788 -0.6268 0.0250
vn -0.5823 -0.7999 0.1450
vn -0.4520 -0.8752 0.1726
vn -0.4713 -0.8744 0.1150
vn -0.2652 -0.9641 0.0163
vn -0.1356 -0.9908 -0.0014
vn -0.3955 -0.3345 0.8554
vn -0.4667 -0.3730 0.8019
vn -0.4935 -0.4235 0.7596
vn -0.5192 -0.4827 0.7053
vn -0.5673 -0.5227 0.6364
vn -0.7665 -0.5257 0.3688
vn -0.8382 -0.5216 0.1593
vn -0.0988 -0.5445 -0.8329
vn 0.0739 -0.4297 -0.8999
vn 0.1106 -0.5716 -0.8131
vn -0.3986 -0.8733 -0.2803
vn -0.1984 -0.9318 -0.3039
vn -0.0925 -0.9514 -0.2939
vn -0.1532 -0.9822 -0.1091
vn -0.8708 -0.4890 -0.0507
vn -0.7531 -0.5933 -0.2845
vn -0.7826 -0.5361 -0.3164
vn -0.7017 -0.4916 -0.5157
vn -0.4293 -0.5050 -0.7488
vn -0.4796 -0.5473 -0.6859
vn -0.3829 -0.2199 -0.8972
vn 0.5045 -0.0151 -0.8633
vn 0.5872 -0.0429 -0.8083
vn 0.5608 -0.0162 -0.8278
vn 0.6091 0.0303 -0.7925
vn 0.6499 0.0930 -0.7543
vn 0.6995 0.1648 -0.6953
vn 0.7208 0.2205 -0.6572
vn 0.9338 -0.2593 -0.2466
vn 0.8204 -0.3543 -0.4489
vn 0.8575 -0.1916 -0.4776
vn 0.8186 -0.1884 -0.5426
vn 0.9283 -0.1571 -0.3371
vn 0.8968 -0.3985 0.1923
vn 0.8635 -0.4486 0.2307
vn 0.7713 0.2666 -0.5780
vn 0.7635 0.2468 -0.5967
vn 0.8774 -0.2604 -0.4029
vn 0.3800 -0.6943 -0.6112
vn 0.2462 -0.7629 -0.5978
vn 0.4398 -0.6873 -0.5780
vn 0.5857 -0.6199 -0.5222
vn 0.0524 0.2569 0.9650
vn -0.0057 0.1848 0.9828
vn -0.0609 0.1071 0.9924
vn -0.1196 0.0124 0.9927
vn -0.1810 -0.0666 0.9812
vn -0.2302 -0.1377 0.9633
vn -0.2679 -0.2174 0.9386
vn 0.7329 -0.3567 0.5794
vn 0.5856 -0.1010 0.8043
vn 0.4589 0.0453 0.8873
vn 0.4430 0.0858 0.8924
vn 0.3988 0.1189 0.9093
vn 0.3128 0.1826 0.9321
vn 0.2073 0.2534 0.9449
vn -0.8034 0.4499 0.3900
vn -0.8378 0.4466 0.3141
vn -0.8644 0.4459 0.2324
vn -0.9045 0.4013 0.1443
vn -0.9427 0.2622 0.2065
vn -0.9906 0.0464 0.1290
vn -0.9651 -0.2527 0.0694
vn -0.3722 -0.2091 0.9043
vn -0.4259 -0.1109 0.8980
vn -0.4682 -0.0231 0.8833
vn -0.4993 0.0396 0.8655
vn -0.5451 0.1361 0.8272
vn -0.6038 0.2648 0.7519
vn -0.6454 0.3528 0.6775
vn -0.8862 0.1666 -0.4323
vn -0.9221 0.1140 -0.3698
vn -0.8795 0.2254 -0.4192
vn -0.6689 0.2162 -0.7112
vn 0.0549 -0.0181 -0.9983
vn 0.5373 -0.1862 -0.8226
vn -0.0926 0.1102 -0.9896
vn -0.9820 -0.1859 -0.0334
vn -0.9298 -0.2773 0.2421
vn -0.9785 0.0806 -0.1897
vn -0.3841 0.3138 -0.8683
vn -0.1864 -0.3809 -0.9056
vn -0.8705 -0.1123 -0.4793
vn -0.8858 0.0664 -0.4593
vn 0.2867 0.9571 -0.0432
vn 0.4667 0.4675 -0.7508
vn 0.1452 -0.6947 -0.7045
vn 0.4882 -0.1924 -0.8512
vn 0.7627 0.1853 -0.6196
vn 0.7447 0.3028 -0.5948
vn 0.7427 0.2552 -0.6191
vn 0.9243 -0.1313 0.3584
vn 0.5309 0.0773 -0.8439
vn 0.5705 0.0926 -0.8161
vn 0.6084 0.1826 -0.7723
vn 0.6703 0.2579 -0.6958
vn 0.4896 -0.0593 -0.8699
vn 0.1371 -0.1039 -0.9851
vn 0.9813 0.1660 0.0973
vn 0.8643 0.4206 0.2757
vn 0.8159 0.4270 0.3899
vn 0.7289 0.4013 0.5547
vn 0.6000 0.3623 0.7133
vn 0.4237 0.3327 0.8425
vn 0.2414 0.3203 0.9160
vn -0.0133 0.3394 0.9405
vn -0.1245 0.3680 0.9215
vn -0.2507 0.3981 0.8824
vn -0.3572 0.4240 0.8323
vn -0.4489 0.4438 0.7756
vn -0.5338 0.4393 0.7225
vn -0.5978 0.4203 0.6827
vn -0.8464 0.5222 0.1043
vn -0.8071 0.5904 -0.0016
vn -0.7094 0.6585 0.2514
vn -0.5620 0.7675 0.3084
vn -0.5391 0.8297 0.1450
vn -0.7346 0.6613 -0.1519
vn -0.8142 0.4366 -0.3827
vn -0.4909 0.6654 -0.5624
vn 0.0453 0.8085 -0.5867
vn 0.3658 0.7463 -0.5560
vn 0.2496 0.5283 -0.8115
vn 0.1420 0.4892 -0.8605
vn 0.1948 0.6567 -0.7285
vn -0.2888 -0.4343 0.8532
vn 0.1404 0.9430 0.3018
vn 0.2333 0.9724 0.0044
vn -0.6355 0.4235 0.6456
vn 0.7402 0.6507 -0.1694
vn 0.7656 0.6429 0.0249
vn 0.5981 0.7462 0.2924
vn 0.7788 -0.3987 -0.4842
vn -0.5088 0.3718 0.7764
vn -0.2157 0.6786 0.7022
vn 0.0436 0.8531 0.5200
vn 0.1063 0.8226 0.5586
vn 0.0505 0.6284 0.7762
vn 0.0413 0.4176 0.9077
vn 0.0745 0.3675 0.9270
vn 0.9561 0.2904 -0.0400
vn 0.7902 0.6125 0.0211
vn 0.6155 0.7824 -0.0951
vn 0.8415 0.5392 -0.0329
vn 0.9973 0.0488 0.0546
vn 0.8101 0.5817 0.0728
vn -0.2592 0.8338 0.4874
vn -0.6437 0.6722 0.3657
vn -0.3271 0.9177 0.2255
vn -0.6102 0.7114 0.3485
vn -0.7871 0.5201 0.3316
vn -0.7081 0.5809 0.4013
vn -0.7407 0.5617 0.3687
vn -0.7437 0.5169 0.4239
vn -0.4286 0.8612 -0.2734
vn -0.4208 0.8253 -0.3766
vn -0.5491 0.4953 -0.6732
vn -0.6555 0.2167 -0.7234
vn -0.5191 0.5107 -0.6854
vn -0.4163 0.8589 -0.2983
vn -0.4456 0.8240 -0.3500
vn -0.2030 0.6361 -0.7444
vn -0.1247 0.7002 -0.7029
vn 0.2481 0.9579 -0.1447
vn 0.2924 0.9527 -0.0832
vn 0.3616 0.9113 -0.1970
vn 0.4051 0.9115 -0.0708
vn 0.3151 0.8827 0.3486
vn 0.0908 0.9199 -0.3814
vn 0.8246 0.3900 -0.4097
vn 0.2087 0.9334 -0.2920
vn 0.9277 0.3464 -0.1394
vn 0.4797 0.7552 -0.4467
vn 0.2281 0.9330 -0.2783
vn 0.6434 0.7593 -0.0971
vn 0.6314 0.7346 -0.2485
vn 0.3634 0.8994 -0.2429
vn 0.3485 0.9258 -0.1462
vn 0.6802 0.7329 -0.0150
vn 0.5510 0.8343 0.0157
vn 0.3568 0.9310 -0.0768
vn 0.2763 0.9522 -0.1300
vn 0.3050 0.9520 -0.0251
vn 0.8294 0.5576 0.0345
vn 0.5568 0.8084 0.1908
vn 0.4768 0.8771 0.0577
vn 0.3384 0.9387 -0.0661
vn 0.2442 0.9679 -0.0588
vn 0.1426 0.9389 0.3133
vn -0.3939 0.7196 -0.5719
vn -0.0495 0.9678 -0.2469
vn -0.4860 0.6265 -0.6094
vn 0.1803 0.9793 -0.0917
vn -0.1987 0.9619 0.1878
vn -0.4623 0.1620 -0.8718
vn 0.6254 0.7781 0.0579
vn 0.5538 0.8279 0.0891
vn -0.5407 0.4035 -0.7381
vn -0.5356 0.5967 -0.5975
vn 0.4013 0.8996 0.1721
vn 0.7722 0.6059 0.1915
vn 0.0335 0.9790 -0.2010
vn -0.3250 0.8017 -0.5017
vn -0.2754 0.8697 -0.4096
vn 0.4107 0.8966 -0.1656
vn 0.0243 0.8575 -0.5139
vn -0.1636 0.8893 -0.4270
vn -0.0933 0.7448 -0.6608
vn 0.4343 0.8261 -0.3592
vn 0.0479 0.9316 -0.3602
vn -0.4184 0.9083 0.0017
vn -0.7522 0.6300 -0.1931
vn -0.5869 0.7978 0.1384
vn -0.8865 0.2748 -0.3723
vn -0.0045 0.9423 -0.3348
vn -0.8780 0.4545 0.1503
vn -0.6716 0.4731 -0.5702
vn -0.9363 0.3276 -0.1267
vn -0.9234 0.0450 -0.3813
vn -0.9240 0.3397 -0.1755
vn -0.4535 0.8860 -0.0966
vn -0.4280 0.8945 0.1293
vn -0.8401 0.5402 0.0494
vn -0.8221 0.5256 -0.2187
vn -0.8609 0.5073 -0.0375
vn -0.4066 0.9062 -0.1160
vn -0.3185 0.9346 0.1582
vn -0.4188 0.8832 0.2111
vn -0.6913 0.7084 0.1427
vn -0.7936 0.5985 -0.1097
vn -0.8615 0.5077 -0.0015
vn -0.3218 0.7993 0.5075
vn -0.3128 0.8532 0.4175
vn -0.0704 0.9081 0.4128
vn -0.5228 0.5948 0.6107
vn -0.3666 0.6807 0.6342
vn -0.1116 0.7862 0.6079
vn -0.5420 0.5653 0.6219
vn -0.4688 0.5573 0.6853
vn -0.3755 0.5489 0.7468
vn -0.1595 0.6021 0.7823
vn -0.5400 0.5652 0.6236
vn -0.4789 0.5459 0.6874
vn -0.4035 0.5240 0.7500
vn -0.2895 0.4938 0.8200
vn -0.1365 0.4477 0.8837
vn -0.5641 0.5042 0.6539
vn -0.4927 0.5130 0.7029
vn -0.4199 0.5006 0.7570
vn -0.3260 0.4707 0.8199
vn -0.1956 0.4337 0.8796
vn -0.0621 0.3968 0.9158
vn -0.0652 0.7078 0.7034
vn 0.0927 0.8500 0.5185
vn 0.7399 0.5771 0.3457
vn 0.2179 0.8323 0.5097
vn 0.4475 0.7404 0.5016
vn 0.8612 0.4565 0.2235
vn 0.2680 0.7965 0.5420
vn 0.4756 0.7229 0.5012
vn 0.6031 0.6843 0.4098
vn 0.6237 0.7628 0.1710
vn 0.2339 0.5398 0.8086
vn 0.4707 0.6841 0.5573
vn 0.5943 0.7244 0.3495
vn 0.6452 0.6621 0.3813
vn 0.7681 0.6025 0.2166
vn 0.2375 0.3879 0.8906
vn 0.4563 0.4151 0.7871
vn 0.6525 0.5110 0.5596
vn 0.7132 0.5794 0.3944
vn 0.7988 0.5136 0.3133
vn 0.8554 0.4575 0.2427
vn 0.4323 -0.6976 -0.5714
vn 0.4376 -0.6975 -0.5675
vn 0.5107 0.8216 0.2533
vn 0.4923 -0.6685 -0.5574
vn -0.4917 -0.7836 -0.3798
vn 0.8216 0.5519 -0.1427
vn 0.6061 -0.6011 -0.5209
vn 0.1537 -0.5690 0.8078
vn -0.6700 -0.7337 0.1128
vn 0.8032 0.4815 -0.3507
vn 0.7404 0.0917 -0.6659
vn 0.5382 0.8323 -0.1325
vn -0.6247 -0.7464 0.2294
vn 0.8176 -0.0560 -0.5731
vn 0.0811 0.9670 0.2417
vn 0.7389 0.3155 -0.5954
vn 0.7902 -0.1796 -0.5860
vn 0.7591 0.5113 -0.4029
vn 0.5044 -0.5583 -0.6587
vn 0.7940 -0.2612 0.5489
vn 0.2863 0.9388 -0.1915
vn -0.3113 -0.8316 -0.4599
vn 0.5935 -0.0125 -0.8048
vn 0.4660 0.2992 -0.8326
vn 0.6752 0.2078 -0.7078
vn 0.7057 0.3276 -0.6282
vn 0.6534 0.5019 -0.5667
vn 0.6303 0.1412 -0.7634
vn 0.6814 0.1919 -0.7063
vn 0.5687 0.3728 -0.7332
vn 0.3957 0.5943 -0.7002
vn 0.6026 0.0268 -0.7976
vn 0.6331 0.0748 -0.7704
vn 0.5250 0.2353 -0.8179
vn 0.2169 0.4896 -0.8445
vn 0.0894 0.6715 -0.7356
vn 0.4314 -0.1015 -0.8964
vn 0.5988 -0.0371 -0.8001
vn 0.3173 0.1350 -0.9387
vn -0.1497 0.3410 -0.9281
vn -0.4853 0.4361 -0.7578
vn -0.5825 0.5133 -0.6302
vn -0.8901 0.1038 -0.4437
vn -0.8578 0.1138 -0.5013
vn -0.8673 0.3833 -0.3177
vn -0.7306 0.1723 -0.6607
vn -0.9062 0.3451 -0.2442
vn -0.7745 0.6175 0.1370
vn -0.8366 0.2485 -0.4882
vn -0.9165 0.3682 -0.1566
vn -0.8211 0.4890 0.2944
vn -0.7331 0.5493 0.4011
vn -0.9985 0.0499 -0.0231
vn -0.9620 0.2127 0.1713
vn -0.8465 0.3889 0.3636
vn -0.7888 0.4940 0.3658
vn -0.7883 0.5836 0.1949
vn -0.9993 -0.0003 0.0380
vn -0.9609 0.1875 0.2039
vn -0.9088 0.3171 0.2711
vn -0.8709 0.4488 0.2002
vn -0.8563 0.5147 -0.0433
vn -0.8590 0.5092 0.0520
vn -0.5800 0.3503 0.7355
vn -0.5305 0.2372 0.8138
vn -0.4979 0.3356 0.7997
vn -0.4795 0.1156 0.8699
vn -0.4472 0.2128 0.8687
vn -0.4030 0.3250 0.8555
vn -0.4413 0.0342 0.8967
vn -0.4064 0.1140 0.9066
vn -0.3517 0.2113 0.9120
vn -0.2986 0.3084 0.9032
vn -0.3929 -0.0346 0.9189
vn -0.3616 0.0249 0.9320
vn -0.3071 0.1191 0.9442
vn -0.2382 0.2108 0.9480
vn -0.1794 0.2877 0.9408
vn -0.3301 -0.1218 0.9361
vn -0.2966 -0.0556 0.9534
vn -0.2443 0.0132 0.9696
vn -0.1765 0.1187 0.9771
vn -0.1158 0.1979 0.9734
vn -0.0609 0.2728 0.9602
vn 0.3731 0.2621 0.8900
vn 0.4689 0.2010 0.8601
vn 0.5309 0.2791 0.8002
vn 0.5117 0.1532 0.8454
vn 0.5804 0.2421 0.7775
vn 0.6606 0.3273 0.6757
vn 0.5380 0.1252 0.8336
vn 0.6166 0.2037 0.7605
vn 0.7020 0.3077 0.6423
vn 0.7708 0.3838 0.5086
vn 0.6197 0.0082 0.7848
vn 0.6882 0.1606 0.7075
vn 0.7953 0.2351 0.5588
vn 0.8640 0.3123 0.3949
vn 0.8810 0.3633 0.3030
vn 0.7121 -0.2701 0.6481
vn 0.8422 -0.0164 0.5389
vn 0.9898 0.0489 0.1339
vn 0.9971 0.0557 -0.0522
vn 0.9942 0.1074 -0.0013
vn 0.9978 0.0646 -0.0173
vn 0.3613 0.0578 -0.9307
vn 0.2967 -0.1438 -0.9441
vn 0.6495 0.0817 -0.7560
vn 0.6713 0.0982 -0.7346
vn 0.6725 0.2553 -0.6947
vn 0.6551 0.2465 -0.7142
vn 0.7280 0.2370 -0.6433
vn 0.7055 0.2171 -0.6746
vn 0.6439 0.1925 -0.7405
vn 0.5900 0.1621 -0.7910
vn 0.7312 0.2721 -0.6255
vn 0.6887 0.2066 -0.6950
vn 0.6622 0.1287 -0.7382
vn 0.5836 0.0967 -0.8063
vn 0.5170 0.0727 -0.8529
vn 0.7340 0.2146 -0.6443
vn 0.6874 0.1818 -0.7032
vn 0.6528 0.1301 -0.7463
vn 0.6092 0.0596 -0.7908
vn 0.5361 0.0335 -0.8435
vn 0.5729 0.0944 -0.8141
vn -0.9616 -0.1671 -0.2176
vn -0.9722 -0.1489 0.1806
vn -0.9212 -0.3481 0.1738
vn -0.9723 0.0968 0.2130
vn -0.9930 0.1023 0.0591
vn 0.1369 0.4234 -0.8955
vn -0.9616 0.0477 -0.2701
vn -0.9377 0.2814 0.2037
vn -0.6628 -0.7060 -0.2496
vn -0.8707 -0.3772 0.3156
vn 0.1562 -0.4086 -0.8993
vn -0.6596 -0.2452 -0.7106
vn -0.3656 -0.8070 -0.4638
vn -0.8023 -0.5151 -0.3018
vn -0.9289 -0.3643 -0.0668
vn -0.2927 -0.3027 -0.9070
vn -0.4469 -0.4877 -0.7500
vn -0.4803 -0.5820 -0.6562
vn -0.5258 -0.8234 -0.2135
vn -0.6835 -0.7131 -0.1558
vn -0.9266 -0.3703 -0.0658
vn -0.6752 0.3265 0.6615
vn -0.7490 0.3257 0.5769
vn -0.6195 0.1959 0.7602
vn -0.8299 0.2592 0.4941
vn -0.6256 0.1074 0.7728
vn -0.5550 0.0675 0.8291
vn -0.8608 0.1467 0.4874
vn -0.6599 -0.0056 0.7513
vn -0.5735 -0.0186 0.8190
vn -0.5110 -0.0277 0.8591
vn -0.8837 -0.1624 0.4389
vn -0.6956 -0.1429 0.7041
vn -0.5886 -0.1520 0.7940
vn -0.5243 -0.1457 0.8390
vn -0.4881 -0.1316 0.8628
vn -0.8686 -0.3436 0.3570
vn -0.7699 -0.3383 0.5412
vn -0.5938 -0.3368 0.7307
vn -0.5253 -0.3092 0.7927
vn -0.4957 -0.2734 0.8243
vn -0.4512 -0.2385 0.8600
vn 0.1391 0.1822 0.9734
vn 0.0709 0.1057 0.9919
vn 0.2337 0.1057 0.9665
vn 0.0022 0.0108 0.9999
vn 0.1501 0.0145 0.9886
vn 0.3044 0.0405 0.9517
vn -0.0638 -0.0776 0.9949
vn 0.0680 -0.0878 0.9938
vn 0.2013 -0.0772 0.9765
vn 0.3378 -0.0258 0.9408
vn -0.1281 -0.1550 0.9796
vn 0.0024 -0.1696 0.9855
vn 0.1233 -0.1795 0.9760
vn 0.2221 -0.1571 0.9623
vn 0.3373 -0.0919 0.9369
vn -0.1839 -0.2485 0.9510
vn -0.0771 -0.2650 0.9612
vn 0.0533 -0.2669 0.9623
vn 0.1470 -0.2526 0.9563
vn 0.2158 -0.2140 0.9527
vn 0.5005 -0.2866 0.8169
vn 0.7762 -0.4442 -0.4474
vn 0.7323 -0.3714 -0.5708
vn 0.7278 -0.4717 -0.4977
vn 0.2830 -0.3925 -0.8751
vn 0.0677 -0.5723 -0.8172
vn 0.2368 -0.6523 -0.7201
vn 0.4303 -0.2796 -0.8583
vn 0.1905 -0.3361 -0.9224
vn -0.4509 -0.4271 -0.7838
vn 0.6756 -0.1910 -0.7121
vn 0.9327 0.0396 0.3586
vn 0.6144 -0.1415 -0.7762
vn 0.6714 -0.1141 -0.7323
vn 0.6931 0.0407 -0.7197
vn 0.7858 0.1980 -0.5860
vn 0.8734 -0.2567 -0.4139
vn 0.7063 0.0194 -0.7077
vn 0.7186 0.1119 -0.6864
vn 0.7191 0.2473 -0.6494
vn 0.7522 0.2909 -0.5912
vn 0.7778 0.2825 -0.5615
vn 0.6875 0.2263 -0.6900
vn 0.6428 0.1697 -0.7470
vn 0.6377 0.1165 -0.7614
vn 0.5918 0.0063 -0.8061
vn 0.5703 0.0437 -0.8203
vn 0.5916 0.0180 -0.8060
vn 0.4717 -0.2967 -0.8304
vn 0.5037 -0.1114 -0.8566
vn 0.5337 -0.0543 -0.8439
vn 0.5496 -0.0625 -0.8331
vn 0.2483 -0.7938 -0.5552
vn 0.4767 -0.4549 -0.7522
vn 0.5939 -0.0192 -0.8043
vn 0.5379 -0.0225 -0.8427
vn 0.4969 -0.1214 -0.8593
vn 0.0802 -0.9491 -0.3045
vn 0.1581 -0.9235 -0.3494
vn 0.2611 -0.7497 -0.6081
vn 0.0084 -0.6500 -0.7599
vn 0.5645 0.0009 -0.8255
vn 0.6508 -0.1439 -0.7455
vn -0.7672 -0.5152 -0.3820
vn -0.4668 -0.6502 -0.5994
vn -0.4708 -0.4756 -0.7431
vn -0.3098 -0.8553 -0.4153
vn -0.4285 -0.7322 -0.5294
vn -0.4951 -0.6236 -0.6050
vn -0.2652 -0.8727 -0.4100
vn -0.3788 -0.8507 -0.3645
vn -0.4916 -0.7949 -0.3555
vn -0.7235 -0.6224 -0.2985
vn -0.2122 -0.9399 -0.2676
vn -0.3827 -0.8723 -0.3043
vn -0.4498 -0.8418 -0.2985
vn -0.6432 -0.7185 -0.2645
vn -0.7611 -0.6065 -0.2301
vn -0.1604 -0.9814 -0.1051
vn -0.3283 -0.9360 -0.1268
vn -0.4289 -0.8981 -0.0968
vn -0.5315 -0.8407 -0.1037
vn -0.7654 -0.6249 -0.1537
vn -0.7516 -0.6434 -0.1454
vn -0.7409 -0.6494 0.1715
vn -0.6362 -0.7243 0.2657
vn -0.6065 -0.6742 0.4214
vn -0.4728 -0.8277 0.3023
vn -0.4886 -0.7450 0.4542
vn -0.5079 -0.6260 0.5917
vn -0.4932 -0.8323 0.2532
vn -0.4965 -0.7702 0.4005
vn -0.4984 -0.6788 0.5394
vn -0.4986 -0.5605 0.6612
vn -0.4504 -0.8637 0.2262
vn -0.4687 -0.7962 0.3826
vn -0.4693 -0.7202 0.5109
vn -0.4700 -0.6141 0.6340
vn -0.4655 -0.4950 0.7337
vn -0.1833 -0.9778 0.1012
vn -0.3762 -0.8428 0.3850
vn -0.3773 -0.7651 0.5218
vn -0.3789 -0.6782 0.6297
vn -0.3904 -0.5621 0.7292
vn -0.3944 -0.4515 0.8004
vn 0.7066 0.3487 -0.6157
vn 0.6332 0.4927 -0.5969
vn 0.6695 0.3625 -0.6484
vn 0.5906 0.5728 -0.5684
vn 0.6591 0.4078 -0.6319
vn 0.6695 0.2307 -0.7061
vn 0.6850 0.4910 -0.5382
vn 0.8959 -0.3262 -0.3017
vn 0.7999 -0.3405 -0.4941
vn 0.6956 -0.4243 -0.5798
vn 0.9458 -0.1122 -0.3048
vn 0.9473 -0.2757 -0.1630
vn 0.5475 -0.8303 0.1045
vn 0.5115 -0.8558 -0.0770
vn 0.2694 -0.9477 -0.1711
vn 0.9502 -0.2421 -0.1965
vn 0.7698 -0.6221 0.1429
vn 0.5758 -0.7832 0.2345
vn 0.3462 -0.9227 0.1695
vn 0.1911 -0.9816 -0.0012
vn 0.0821 -0.9962 -0.0299
vn -0.1992 -0.4426 0.8743
vn -0.1879 -0.5470 0.8157
vn -0.1241 -0.4679 0.8750
vn -0.1874 -0.6542 0.7327
vn -0.1176 -0.5657 0.8162
vn -0.0379 -0.4725 0.8805
vn -0.2007 -0.7373 0.6451
vn -0.1331 -0.6622 0.7374
vn -0.0545 -0.5626 0.8249
vn 0.0380 -0.4400 0.8972
vn -0.0391 -0.9152 0.4010
vn 0.0265 -0.8688 0.4944
vn 0.1109 -0.7770 0.6196
vn 0.2120 -0.6631 0.7179
vn 0.3238 -0.5054 0.7998
vn 0.0349 -0.9882 0.1489
vn 0.1518 -0.9414 0.3011
vn 0.1946 -0.9131 0.3582
vn 0.2991 -0.8010 0.5187
vn 0.4192 -0.6687 0.6142
vn 0.5542 -0.4942 0.6698
s 1
f 643//643 662//662 661//661
f 644//644 668//668 682//682
f 643//643 661//661 696//696
f 643//643 696//696 710//710
f 643//643 710//710 683//683
f 644//644 682//682 731//731
f 645//645 675//675 745//745
f 646//646 703//703 759//759
f 647//647 717//717 773//773
f 648//648 724//724 787//787
f 644//644 731//731 746//746
f 645//645 745//745 760//760
f 646//646 759//759 774//774
f 647//647 773//773 788//788
f 648//648 787//787 732//732
f 649//649 801//801 836//836
f 650//650 808//808 850//850
f 651//651 815//815 857//857
f 652//652 822//822 864//864
f 653//653 829//829 837//837
f 843//843 858//858 654//654
f 842//842 865//865 843//843
f 841//841 866//866 842//842
f 840//840 868//868 841//841
f 839//839 871//871 840//840
f 838//838 875//875 839//839
f 837//837 880//880 838//838
f 843//843 865//865 858//858
f 865//865 859//859 858//858
f 842//842 866//866 865//865
f 866//866 867//867 865//865
f 865//865 867//867 859//859
f 867//867 860//860 859//859
f 841//841 868//868 866//866
f 868//868 869//869 866//866
f 866//866 869//869 867//867
f 869//869 870//870 867//867
f 867//867 870//870 860//860
f 870//870 861//861 860//860
f 840//840 871//871 868//868
f 871//871 872//872 868//868
f 868//868 872//872 869//869
f 872//872 873//873 869//869
f 869//869 873//873 870//870
f 873//873 874//874 870//870
f 870//870 874//874 861//861
f 874//874 862//862 861//861
f 839//839 875//875 871//871
f 875//875 876//876 871//871
f 871//871 876//876 872//872
f 876//876 877//877 872//872
f 872//872 877//877 873//873
f 877//877 878//878 873//873
f 873//873 878//878 874//874
f 878//878 879//879 874//874
f 874//874 879//879 862//862
f 879//879 863//863 862//862
f 838//838 880//880 875//875
f 880//880 881//881 875//875
f 875//875 881//881 876//876
f 881//881 882//882 876//876
f 876//876 882//882 877//877
f 882//882 883//883 877//877
f 877//877 883//883 878//878
f 883//883 884//884 878//878
f 878//878 884//884 879//879
f 884//884 885//885 879//879
f 879//879 885//885 863//863
f 885//885 864//864 863//863
f 837//837 829//829 880//880
f 829//829 828//828 880//880
f 880//880 828//828 881//881
f 828//828 827//827 881//881
f 881//881 827//827 882//882
f 827//827 826//826 882//882
f 882//882 826//826 883//883
f 826//826 825//825 883//883
f 883//883 825//825 884//884
f 825//825 824//824 884//884
f 884//884 824//824 885//885
f 824//824 823//823 885//885
f 885//885 823//823 864//864
f 823//823 652//652 864//864
f 858//858 851//851 654//654
f 859//859 886//886 858//858
f 860//860 887//887 859//859
f 861//861 889//889 860//860
f 862//862 892//892 861//861
f 863//863 896//896 862//862
f 864//864 901//901 863//863
f 858//858 886//886 851//851
f 886//886 852//852 851//851
f 859//859 887//887 886//886
f 887//887 888//888 886//886
f 886//886 888//888 852//852
f 888//888 853//853 852//852
f 860//860 889//889 887//887
f 889//889 890//890 887//887
f 887//887 890//890 888//888
f 890//890 891//891 888//888
f 888//888 891//891 853//853
f 891//891 854//854 853//853
f 861//861 892//892 889//889
f 892//892 893//893 889//889
f 889//889 893//893 890//890
f 893//893 894//894 890//890
f 890//890 894//894 891//891
f 894//894 895//895 891//891
f 891//891 895//895 854//854
f 895//895 855//855 854//854
f 862//862 896//896 892//892
f 896//896 897//897 892//892
f 892//892 897//897 893//893
f 897//897 898//898 893//893
f 893//893 898//898 894//894
f 898//898 899//899 894//894
f 894//894 899//899 895//895
f 899//899 900//900 895//895
f 895//895 900//900 855//855
f 900//900 856//856 855//855
f 863//863 901//901 896//896
f 901//901 902//902 896//896
f 896//896 902//902 897//897
f 902//902 903//903 897//897
f 897//897 903//903 898//898
f 903//903 904//904 898//898
f 898//898 904//904 899//899
f 904//904 905//905 899//899
f 899//899 905//905 900//900
f 905//905 906//906 900//900
f 900//900 906//906 856//856
f 906//906 857//857 856//856
f 864//864 822//822 901//901
f 822//822 821//821 901//901
f 901//901 821//821 902//902
f 821//821 820//820 902//902
f 902//902 820//820 903//903
f 820//820 819//819 903//903
f 903//903 819//819 904//904
f 819//819 818//818 904//904
f 904//904 818//818 905//905
f 818//818 817//817 905//905
f 905//905 817//817 906//906
f 817//817 816//816 906//906
f 906//906 816//816 857//857
f 816//816 651//651 857//857
f 851//851 844//844 654//654
f 852//852 907//907 851//851
f 853//853 908//908 852//852
f 854//854 910//910 853//853
f 855//855 913//913 854//854
f 856//856 917//917 855//855
f 857//857 922//922 856//856
f 851//851 907//907 844//844
f 907//907 845//845 844//844
f 852//852 908//908 907//907
f 908//908 909//909 907//907
f 907//907 909//909 845//845
f 909//909 846//846 845//845
f 853//853 910//910 908//908
f 910//910 911//911 908//908
f 908//908 911//911 909//909
f 911//911 912//912 909//909
f 909//909 912//912 846//846
f 912//912 847//847 846//846
f 854//854 913//913 910//910
f 913//913 914//914 910//910
f 910//910 914//914 911//911
f 914//914 915//915 911//911
f 911//911 915//915 912//912
f 915//915 916//916 912//912
f 912//912 916//916 847//847
f 916//916 848//848 847//847
f 855//855 917//917 913//913
f 917//917 918//918 913//913
f 913//913 918//918 914//914
f 918//918 919//919 914//914
f 914//914 919//919 915//915
f 919//919 920//920 915//915
f 915//915 920//920 916//916
f 920//920 921//921 916//916
f 916//916 921//921 848//848
f 921//921 849//849 848//848
f 856//856 922//922 917//917
f 922//922 923//923 917//917
f 917//917 923//923 918//918
f 923//923 924//924 918//918
f 918//918 924//924 919//919
f 924//924 925//925 919//919
f 919//919 925//925 920//920
f 925//925 926//926 920//920
f 920//920 926//926 921//921
f 926//926 927//927 921//921
f 921//921 927//927 849//849
f 927//927 850//850 849//849
f 857//857 815//815 922//922
f 815//815 814//814 922//922
f 922//922 814//814 923//923
f 814//814 813//813 923//923
f 923//923 813//813 924//924
f 813//813 812//812 924//924
f 924//924 812//812 925//925
f 812//812 811//811 925//925
f 925//925 811//811 926//926
f 811//811 810//810 926//926
f 926//926 810//810 927//927
f 810//810 809//809 927//927
f 927//927 809//809 850//850
f 809//809 650//650 850//850
f 844//844 830//830 654//654
f 845//845 928//928 844//844
f 846//846 929//929 845//845
f 847//847 931//931 846//846
f 848//848 934//934 847//847
f 849//849 938//938 848//848
f 850//850 943//943 849//849
f 844//844 928//928 830//830
f 928//928 831//831 830//830
f 845//845 929//929 928//928
f 929//929 930//930 928//928
f 928//928 930//930 831//831
f 930//930 832//832 831//831
f 846//846 931//931 929//929
f 931//931 932//932 929//929
f 929//929 932//932 930//930
f 932//932 933//933 930//930
f 930//930 933//933 832//832
f 933//933 833//833 832//832
f 847//847 934//934 931//931
f 934//934 935//935 931//931
f 931//931 935//935 932//932
f 935//935 936//936 932//932
f 932//932 936//936 933//933
f 936//936 937//937 933//933
f 933//933 937//937 833//833
f 937//937 834//834 833//833
f 848//848 938//938 934//934
f 938//938 939//939 934//934
f 934//934 939//939 935//935
f 939//939 940//940 935//935
f 935//935 940//940 936//936
f 940//940 941//941 936//936
f 936//936 941//941 937//937
f 941//941 942//942 937//937
f 937//937 942//942 834//834
f 942//942 835//835 834//834
f 849//849 943//943 938//938
f 943//943 944//944 938//938
f 938//938 944//944 939//939
f 944//944 945//945 939//939
f 939//939 945//945 940//940
f 945//945 946//946 940//940
f 940//940 946//946 941//941
f 946//946 947//947 941//941
f 941//941 947//947 942//942
f 947//947 948//948 942//942
f 942//942 948//948 835//835
f 948//948 836//836 835//835
f 850//850 808//808 943//943
f 808//808 807//807 943//943
f 943//943 807//807 944//944
f 807//807 806//806 944//944
f 944//944 806//806 945//945
f 806//806 805//805 945//945
f 945//945 805//805 946//946
f 805//805 804//804 946//946
f 946//946 804//804 947//947
f 804//804 803//803 947//947
f 947//947 803//803 948//948
f 803//803 802//802 948//948
f 948//948 802//802 836//836
f 802//802 649//649 836//836
f 830//830 843//843 654//654
f 831//831 949//949 830//830
f 832//832 950//950 831//831
f 833//833 952//952 832//832
f 834//834 955//955 833//833
f 835//835 959//959 834//834
f 836//836 964//964 835//835
f 830//830 949//949 843//843
f 949//949 842//842 843//843
f 831//831 950//950 949//949
f 950//950 951//951 949//949
f 949//949 951//951 842//842
f 951//951 841//841 842//842
f 832//832 952//952 950//950
f 952//952 953//953 950//950
f 950//950 953//953 951//951
f 953//953 954//954 951//951
f 951//951 954//954 841//841
f 954//954 840//840 841//841
f 833//833 955//955 952//952
f 955//955 956//956 952//952
f 952//952 956//956 953//953
f 956//956 957//957 953//953
f 953//953 957//957 954//954
f 957//957 958//958 954//954
f 954//954 958//958 840//840
f 958//958 839//839 840//840
f 834//834 959//959 955//955
f 959//959 960//960 955//955
f 955//955 960//960 956//956
f 960//960 961//961 956//956
f 956//956 961//961 957//957
f 961//961 962//962 957//957
f 957//957 962//962 958//958
f 962//962 963//963 958//958
f 958//958 963//963 839//839
f 963//963 838//838 839//839
f 835//835 964//964 959//959
f 964//964 965//965 959//959
f 959//959 965//965 960//960
f 965//965 966//966 960//960
f 960//960 966//966 961//961
f 966//966 967//967 961//961
f 961//961 967//967 962//962
f 967//967 968//968 962//962
f 962//962 968//968 963//963
f 968//968 969//969 963//963
f 963//963 969//969 838//838
f 969//969 837//837 838//838
f 836//836 801//801 964//964
f 801//801 800//800 964//964
f 964//964 800//800 965//965
f 800//800 799//799 965//965
f 965//965 799//799 966//966
f 799//799 798//798 966//966
f 966//966 798//798 967//967
f 798//798 797//797 967//967
f 967//967 797//797 968//968
f 797//797 796//796 968//968
f 968//968 796//796 969//969
f 796//796 795//795 969//969
f 969//969 795//795 837//837
f 795//795 653//653 837//837
f 738//738 829//829 653//653
f 737//737 970//970 738//738
f 736//736 971//971 737//737
f 735//735 973//973 736//736
f 734//734 976//976 735//735
f 733//733 980//980 734//734
f 732//732 985//985 733//733
f 738//738 970//970 829//829
f 970//970 828//828 829//829
f 737//737 971//971 970//970
f 971//971 972//972 970//970
f 970//970 972//972 828//828
f 972//972 827//827 828//828
f 736//736 973//973 971//971
f 973//973 974//974 971//971
f 971//971 974//974 972//972
f 974//974 975//975 972//972
f 972//972 975//975 827//827
f 975//975 826//826 827//827
f 735//735 976//976 973//973
f 976//976 977//977 973//973
f 973//973 977//977 974//974
f 977//977 978//978 974//974
f 974//974 978//978 975//975
f 978//978 979//979 975//975
f 975//975 979//979 826//826
f 979//979 825//825 826//826
f 734//734 980//980 976//976
f 980//980 981//981 976//976
f 976//976 981//981 977//977
f 981//981 982//982 977//977
f 977//977 982//982 978//978
f 982//982 983//983 978//978
f 978//978 983//983 979//979
f 983//983 984//984 979//979
f 979//979 984//984 825//825
f 984//984 824//824 825//825
f 733//733 985//985 980//980
f 985//985 986//986 980//980
f 980//980 986//986 981//981
f 986//986 987//987 981//981
f 981//981 987//987 982//982
f 987//987 988//988 982//982
f 982//982 988//988 983//983
f 988//988 989//989 983//983
f 983//983 989//989 984//984
f 989//989 990//990 984//984
f 984//984 990//990 824//824
f 990//990 823//823 824//824
f 732//732 787//787 985//985
f 787//787 786//786 985//985
f 985//985 786//786 986//986
f 786//786 785//785 986//986
f 986//986 785//785 987//987
f 785//785 784//784 987//987
f 987//987 784//784 988//988
f 784//784 783//783 988//988
f 988//988 783//783 989//989
f 783//783 782//782 989//989
f 989//989 782//782 990//990
f 782//782 781//781 990//990
f 990//990 781//781 823//823
f 781//781 652//652 823//823
f 794//794 822//822 652//652
f 793//793 991//991 794//794
f 792//792 992//992 793//793
f 791//791 994//994 792//792
f 790//790 997//997 791//791
f 789//789 1001//1001 790//790
f 788//788 1006//1006 789//789
f 794//794 991//991 822//822
f 991//991 821//821 822//822
f 793//793 992//992 991//991
f 992//992 993//993 991//991
f 991//991 993//993 821//821
f 993//993 820//820 821//821
f 792//792 994//994 992//992
f 994//994 995//995 992//992
f 992//992 995//995 993//993
f 995//995 996//996 993//993
f 993//993 996//996 820//820
f 996//996 819//819 820//820
f 791//791 997//997 994//994
f 997//997 998//998 994//994
f 994//994 998//998 995//995
f 998//998 999//999 995//995
f 995//995 999//999 996//996
f 999//999 1000//1000 996//996
f 996//996 1000//1000 819//819
f 1000//1000 818//818 819//819
f 790//790 1001//1001 997//997
f 1001//1001 1002//1002 997//997
f 997//997 1002//1002 998//998
f 1002//1002 1003//1003 998//998
f 998//998 1003//1003 999//999
f 1003//1003 1004//1004 999//999
f 999//999 1004//1004 1000//1000
f 1004//1004 1005//1005 1000//1000
f 1000//1000 1005//1005 818//818
f 1005//1005 817//817 818//818
f 789//789 1006//1006 1001//1001
f 1006//1006 1007//1007 1001//1001
f 1001//1001 1007//1007 1002//1002
f 1007//1007 1008//1008 1002//1002
f 1002//1002 1008//1008 1003//1003
f 1008//1008 1009//1009 1003//1003
f 1003//1003 1009//1009 1004//1004
f 1009//1009 1010//1010 1004//1004
f 1004//1004 1010//1010 1005//1005
f 1010//1010 1011//1011 1005//1005
f 1005//1005 1011//1011 817//817
f 1011//1011 816//816 817//817
f 788//788 773//773 1006//1006
f 773//773 772//772 1006//1006
f 1006//1006 772//772 1007//1007
f 772//772 771//771 1007//1007
f 1007//1007 771//771 1008//1008
f 771//771 770//770 1008//1008
f 1008//1008 770//770 1009//1009
f 770//770 769//769 1009//1009
f 1009//1009 769//769 1010//1010
f 769//769 768//768 1010//1010
f 1010//1010 768//768 1011//1011
f 768//768 767//767 1011//1011
f 1011//1011 767//767 816//816
f 767//767 651//651 816//816
f 780//780 815//815 651//651
f 779//779 1012//1012 780//780
f 778//778 1013//1013 779//779
f 777//777 1015//1015 778//778
f 776//776 1018//1018 777//777
f 775//775 1022//1022 776//776
f 774//774 1027//1027 775//775
f 780//780 1012//1012 815//815
f 1012//1012 814//814 815//815
f 779//779 1013//1013 1012//1012
f 1013//1013 1014//1014 1012//1012
f 1012//1012 1014//1014 814//814
f 1014//1014 813//813 814//814
f 778//778 1015//1015 1013//1013
f 1015//1015 1016//1016 1013//1013
f 1013//1013 1016//1016 1014//1014
f 1016//1016 1017//1017 1014//1014
f 1014//1014 1017//1017 813//813
f 1017//1017 812//812 813//813
f 777//777 1018//1018 1015//1015
f 1018//1018 1019//1019 1015//1015
f 1015//1015 1019//1019 1016//1016
f 1019//1019 1020//1020 1016//1016
f 1016//1016 1020//1020 1017//1017
f 1020//1020 1021//1021 1017//1017
f 1017//1017 1021//1021 812//812
f 1021//1021 811//811 812//812
f 776//776 1022//1022 1018//1018
f 1022//1022 1023//1023 1018//1018
f 1018//1018 1023//1023 1019//1019
f 1023//1023 1024//1024 1019//1019
f 1019//1019 1024//1024 1020//1020
f 1024//1024 1025//1025 1020//1020
f 1020//1020 1025//1025 1021//1021
f 1025//1025 1026//1026 1021//1021
f 1021//1021 1026//1026 811//811
f 1026//1026 810//810 811//811
f 775//775 1027//1027 1022//1022
f 1027//1027 1028//1028 1022//1022
f 1022//1022 1028//1028 1023//1023
f 1028//1028 1029//1029 1023//1023
f 1023//1023 1029//1029 1024//1024
f 1029//1029 1030//1030 1024//1024
f 1024//1024 1030//1030 1025//1025
f 1030//1030 1031//1031 1025//1025
f 1025//1025 1031//1031 1026//1026
f 1031//1031 1032//1032 1026//1026
f 1026//1026 1032//1032 810//810
f 1032//1032 809//809 810//810
f 774//774 759//759 1027//1027
f 759//759 758//758 1027//1027
f 1027//1027 758//758 1028//1028
f 758//758 757//757 1028//1028
f 1028//1028 757//757 1029//1029
f 757//757 756//756 1029//1029
f 1029//1029 756//756 1030//1030
f 756//756 755//755 1030//1030
f 1030//1030 755//755 1031//1031
f 755//755 754//754 1031//1031
f 1031//1031 754//754 1032//1032
f 754//754 753//753 1032//1032
f 1032//1032 753//753 809//809
f 753//753 650//650 809//809
f 766//766 808//808 650//650
f 765//765 1033//1033 766//766
f 764//764 1034//1034 765//765
f 763//763 1036//1036 764//764
f 762//762 1039//1039 763//763
f 761//761 1043//1043 762//762
f 760//760 1048//1048 761//761
f 766//766 1033//1033 808//808
f 1033//1033 807//807 808//808
f 765//765 1034//1034 1033//1033
f 1034//1034 1035//1035 1033//1033
f 1033//1033 1035//1035 807//807
f 1035//1035 806//806 807//807
f 764//764 1036//1036 1034//1034
f 1036//1036 1037//1037 1034//1034
f 1034//1034 1037//1037 1035//1035
f 1037//1037 1038//1038 1035//1035
f 1035//1035 1038//1038 806//806
f 1038//1038 805//805 806//806
f 763//763 1039//1039 1036//1036
f 1039//1039 1040//1040 1036//1036
f 1036//1036 1040//1040 1037//1037
f 1040//1040 1041//1041 1037//1037
f 1037//1037 1041//1041 1038//1038
f 1041//1041 1042//1042 1038//1038
f 1038//1038 1042//1042 805//805
f 1042//1042 804//804 805//805
f 762//762 1043//1043 1039//1039
f 1043//1043 1044//1044 1039//1039
f 1039//1039 1044//1044 1040//1040
f 1044//1044 1045//1045 1040//1040
f 1040//1040 1045//1045 1041//1041
f 1045//1045 1046//1046 1041//1041
f 1041//1041 1046//1046 1042//1042
f 1046//1046 1047//1047 1042//1042
f 1042//1042 1047//1047 804//804
f 1047//1047 803//803 804//804
f 761//761 1048//1048 1043//1043
f 1048//1048 1049//1049 1043//1043
f 1043//1043 1049//1049 1044//1044
f 1049//1049 1050//1050 1044//1044
f 1044//1044 1050//1050 1045//1045
f 1050//1050 1051//1051 1045//1045
f 1045//1045 1051//1051 1046//1046
f 1051//1051 1052//1052 1046//1046
f 1046//1046 1052//1052 1047//1047
f 1052//1052 1053//1053 1047//1047
f 1047//1047 1053//1053 803//803
f 1053//1053 802//802 803//803
f 760//760 745//745 1048//1048
f 745//745 744//744 1048//1048
f 1048//1048 744//744 1049//1049
f 744//744 743//743 1049//1049
f 1049//1049 743//743 1050//1050
f 743//743 742//742 1050//1050
f 1050//1050 742//742 1051//1051
f 742//742 741//741 1051//1051
f 1051//1051 741//741 1052//1052
f 741//741 740//740 1052//1052
f 1052//1052 740//740 1053//1053
f 740//740 739//739 1053//1053
f 1053//1053 739//739 802//802
f 739//739 649//649 802//802
f 752//752 801//801 649//649
f 751//751 1054//1054 752//752
f 750//750 1055//1055 751//751
f 749//749 1057//1057 750//750
f 748//748 1060//1060 749//749
f 747//747 1064//1064 748//748
f 746//746 1069//1069 747//747
f 752//752 1054//1054 801//801
f 1054//1054 800//800 801//801
f 751//751 1055//1055 1054//1054
f 1055//1055 1056//1056 1054//1054
f 1054//1054 1056//1056 800//800
f 1056//1056 799//799 800//800
f 750//750 1057//1057 1055//1055
f 1057//1057 1058//1058 1055//1055
f 1055//1055 1058//1058 1056//1056
f 1058//1058 1059//1059 1056//1056
f 1056//1056 1059//1059 799//799
f 1059//1059 798//798 799//799
f 749//749 1060//1060 1057//1057
f 1060//1060 1061//1061 1057//1057
f 1057//1057 1061//1061 1058//1058
f 1061//1061 1062//1062 1058//1058
f 1058//1058 1062//1062 1059//1059
f 1062//1062 1063//1063 1059//1059
f 1059//1059 1063//1063 798//798
f 1063//1063 797//797 798//798
f 748//748 1064//1064 1060//1060
f 1064//1064 1065//1065 1060//1060
f 1060//1060 1065//1065 1061//1061
f 1065//1065 1066//1066 1061//1061
f 1061//1061 1066//1066 1062//1062
f 1066//1066 1067//1067 1062//1062
f 1062//1062 1067//1067 1063//1063
f 1067//1067 1068//1068 1063//1063
f 1063//1063 1068//1068 797//797
f 1068//1068 796//796 797//797
f 747//747 1069//1069 1064//1064
f 1069//1069 1070//1070 1064//1064
f 1064//1064 1070//1070 1065//1065
f 1070//1070 1071//1071 1065//1065
f 1065//1065 1071//1071 1066//1066
f 1071//1071 1072//1072 1066//1066
f 1066//1066 1072//1072 1067//1067
f 1072//1072 1073//1073 1067//1067
f 1067//1067 1073//1073 1068//1068
f 1073//1073 1074//1074 1068//1068
f 1068//1068 1074//1074 796//796
f 1074//1074 795//795 796//796
f 746//746 731//731 1069//1069
f 731//731 730//730 1069//1069
f 1069//1069 730//730 1070//1070
f 730//730 729//729 1070//1070
f 1070//1070 729//729 1071//1071
f 729//729 728//728 1071//1071
f 1071//1071 728//728 1072//1072
f 728//728 727//727 1072//1072
f 1072//1072 727//727 1073//1073
f 727//727 726//726 1073//1073
f 1073//1073 726//726 1074//1074
f 726//726 725//725 1074//1074
f 1074//1074 725//725 795//795
f 725//725 653//653 795//795
f 781//781 794//794 652//652
f 782//782 1075//1075 781//781
f 783//783 1076//1076 782//782
f 784//784 1078//1078 783//783
f 785//785 1081//1081 784//784
f 786//786 1085//1085 785//785
f 787//787 1090//1090 786//786
f 781//781 1075//1075 794//794
f 1075//1075 793//793 794//794
f 782//782 1076//1076 1075//1075
f 1076//1076 1077//1077 1075//1075
f 1075//1075 1077//1077 793//793
f 1077//1077 792//792 793//793
f 783//783 1078//1078 1076//1076
f 1078//1078 1079//1079 1076//1076
f 1076//1076 1079//1079 1077//1077
f 1079//1079 1080//1080 1077//1077
f 1077//1077 1080//1080 792//792
f 1080//1080 791//791 792//792
f 784//784 1081//1081 1078//1078
f 1081//1081 1082//1082 1078//1078
f 1078//1078 1082//1082 1079//1079
f 1082//1082 1083//1083 1079//1079
f 1079//1079 1083//1083 1080//1080
f 1083//1083 1084//1084 1080//1080
f 1080//1080 1084//1084 791//791
f 1084//1084 790//790 791//791
f 785//785 1085//1085 1081//1081
f 1085//1085 1086//1086 1081//1081
f 1081//1081 1086//1086 1082//1082
f 1086//1086 1087//1087 1082//1082
f 1082//1082 1087//1087 1083//1083
f 1087//1087 1088//1088 1083//1083
f 1083//1083 1088//1088 1084//1084
f 1088//1088 1089//1089 1084//1084
f 1084//1084 1089//1089 790//790
f 1089//1089 789//789 790//790
f 786//786 1090//1090 1085//1085
f 1090//1090 1091//1091 1085//1085
f 1085//1085 1091//1091 1086//1086
f 1091//1091 1092//1092 1086//1086
f 1086//1086 1092//1092 1087//1087
f 1092//1092 1093//1093 1087//1087
f 1087//1087 1093//1093 1088//1088
f 1093//1093 1094//1094 1088//1088
f 1088//1088 1094//1094 1089//1089
f 1094//1094 1095//1095 1089//1089
f 1089//1089 1095//1095 789//789
f 1095//1095 788//788 789//789
f 787//787 724//724 1090//1090
f 724//724 723//723 1090//1090
f 1090//1090 723//723 1091//1091
f 723//723 722//722 1091//1091
f 1091//1091 722//722 1092//1092
f 722//722 721//721 1092//1092
f 1092//1092 721//721 1093//1093
f 721//721 720//720 1093//1093
f 1093//1093 720//720 1094//1094
f 720//720 719//719 1094//1094
f 1094//1094 719//719 1095//1095
f 719//719 718//718 1095//1095
f 1095//1095 718//718 788//788
f 718//718 647//647 788//788
f 767//767 780//780 651//651
f 768//768 1096//1096 767//767
f 769//769 1097//1097 768//768
f 770//770 1099//1099 769//769
f 771//771 1102//1102 770//770
f 772//772 1106//1106 771//771
f 773//773 1111//1111 772//772
f 767//767 1096//1096 780//780
f 1096//1096 779//779 780//780
f 768//768 1097//1097 1096//1096
f 1097//1097 1098//1098 1096//1096
f 1096//1096 1098//1098 779//779
f 1098//1098 778//778 779//779
f 769//769 1099//1099 1097//1097
f 1099//1099 1100//1100 1097//1097
f 1097//1097 1100//1100 1098//1098
f 1100//1100 1101//1101 1098//1098
f 1098//1098 1101//1101 778//778
f 1101//1101 777//777 778//778
f 770//770 1102//1102 1099//1099
f 1102//1102 1103//1103 1099//1099
f 1099//1099 1103//1103 1100//1100
f 1103//1103 1104//1104 1100//1100
f 1100//1100 1104//1104 1101//1101
f 1104//1104 1105//1105 1101//1101
f 1101//1101 1105//1105 777//777
f 1105//1105 776//776 777//777
f 771//771 1106//1106 1102//1102
f 1106//1106 1107//1107 1102//1102
f 1102//1102 1107//1107 1103//1103
f 1107//1107 1108//1108 1103//1103
f 1103//1103 1108//1108 1104//1104
f 1108//1108 1109//1109 1104//1104
f 1104//1104 1109//1109 1105//1105
f 1109//1109 1110//1110 1105//1105
f 1105//1105 1110//1110 776//776
f 1110//1110 775//775 776//776
f 772//772 1111//1111 1106//1106
f 1111//1111 1112//1112 1106//1106
f 1106//1106 1112//1112 1107//1107
f 1112//1112 1113//1113 1107//1107
f 1107//1107 1113//1113 1108//1108
f 1113//1113 1114//1114 1108//1108
f 1108//1108 1114//1114 1109//1109
f 1114//1114 1115//1115 1109//1109
f 1109//1109 1115//1115 1110//1110
f 1115//1115 1116//1116 1110//1110
f 1110//1110 1116//1116 775//775
f 1116//1116 774//774 775//775
f 773//773 717//717 1111//1111
f 717//717 716//716 1111//1111
f 1111//1111 716//716 1112//1112
f 716//716 715//715 1112//1112
f 1112//1112 715//715 1113//1113
f 715//715 714//714 1113//1113
f 1113//1113 714//714 1114//1114
f 714//714 713//713 1114//1114
f 1114//1114 713//713 1115//1115
f 713//713 712//712 1115//1115
f 1115//1115 712//712 1116//1116
f 712//712 711//711 1116//1116
f 1116//1116 711//711 774//774
f 711//711 646//646 774//774
f 753//753 766//766 650//650
f 754//754 1117//1117 753//753
f 755//755 1118//1118 754//754
f 756//756 1120//1120 755//755
f 757//757 1123//1123 756//756
f 758//758 1127//1127 757//757
f 759//759 1132//1132 758//758
f 753//753 1117//1117 766//766
f 1117//1117 765//765 766//766
f 754//754 1118//1118 1117//1117
f 1118//1118 1119//1119 1117//1117
f 1117//1117 1119//1119 765//765
f 1119//1119 764//764 765//765
f 755//755 1120//1120 1118//1118
f 1120//1120 1121//1121 1118//1118
f 1118//1118 1121//1121 1119//1119
f 1121//1121 1122//1122 1119//1119
f 1119//1119 1122//1122 764//764
f 1122//1122 763//763 764//764
f 756//756 1123//1123 1120//1120
f 1123//1123 1124//1124 1120//1120
f 1120//1120 1124//1124 1121//1121
f 1124//1124 1125//1125 1121//1121
f 1121//1121 1125//1125 1122//1122
f 1125//1125 1126//1126 1122//1122
f 1122//1122 1126//1126 763//763
f 1126//1126 762//762 763//763
f 757//757 1127//1127 1123//1123
f 1127//1127 1128//1128 1123//1123
f 1123//1123 1128//1128 1124//1124
f 1128//1128 1129//1129 1124//1124
f 1124//1124 1129//1129 1125//1125
f 1129//1129 1130//1130 1125//1125
f 1125//1125 1130//1130 1126//1126
f 1130//1130 1131//1131 1126//1126
f 1126//1126 1131//1131 762//762
f 1131//1131 761//761 762//762
f 758//758 1132//1132 1127//1127
f 1132//1132 1133//1133 1127//1127
f 1127//1127 1133//1133 1128//1128
f 1133//1133 1134//1134 1128//1128
f 1128//1128 1134//1134 1129//1129
f 1134//1134 1135//1135 1129//1129
f 1129//1129 1135//1135 1130//1130
f 1135//1135 1136//1136 1130//1130
f 1130//1130 1136//1136 1131//1131
f 1136//1136 1137//1137 1131//1131
f 1131//1131 1137//1137 761//761
f 1137//1137 760//760 761//761
f 759//759 703//703 1132//1132
f 703//703 702//702 1132//1132
f 1132//1132 702//702 1133//1133
f 702//702 701//701 1133//1133
f 1133//1133 701//701 1134//1134
f 701//701 700//700 1134//1134
f 1134//1134 700//700 1135//1135
f 700//700 699//699 1135//1135
f 1135//1135 699//699 1136//1136
f 699//699 698//698 1136//1136
f 1136//1136 698//698 1137//1137
f 698//698 697//697 1137//1137
f 1137//1137 697//697 760//760
f 697//697 645//645 760//760
f 739//739 752//752 649//649
f 740//740 1138//1138 739//739
f 741//741 1139//1139 740//740
f 742//742 1141//1141 741//741
f 743//743 1144//1144 742//742
f 744//744 1148//1148 743//743
f 745//745 1153//1153 744//744
f 739//739 1138//1138 752//752
f 1138//1138 751//751 752//752
f 740//740 1139//1139 1138//1138
f 1139//1139 1140//1140 1138//1138
f 1138//1138 1140//1140 751//751
f 1140//1140 750//750 751//751
f 741//741 1141//1141 1139//1139
f 1141//1141 1142//1142 1139//1139
f 1139//1139 1142//1142 1140//1140
f 1142//1142 1143//1143 1140//1140
f 1140//1140 1143//1143 750//750
f 1143//1143 749//749 750//750
f 742//742 1144//1144 1141//1141
f 1144//1144 1145//1145 1141//1141
f 1141//1141 1145//1145 1142//1142
f 1145//1145 1146//1146 1142//1142
f 1142//1142 1146//1146 1143//1143
f 1146//1146 1147//1147 1143//1143
f 1143//1143 1147//1147 749//749
f 1147//1147 748//748 749//749
f 743//743 1148//1148 1144//1144
f 1148//1148 1149//1149 1144//1144
f 1144//1144 1149//1149 1145//1145
f 1149//1149 1150//1150 1145//1145
f 1145//1145 1150//1150 1146//1146
f 1150//1150 1151//1151 1146//1146
f 1146//1146 1151//1151 1147//1147
f 1151//1151 1152//1152 1147//1147
f 1147//1147 1152//1152 748//748
f 1152//1152 747//747 748//748
f 744//744 1153//1153 1148//1148
f 1153//1153 1154//1154 1148//1148
f 1148//1148 1154//1154 1149//1149
f 1154//1154 1155//1155 1149//1149
f 1149//1149 1155//1155 1150//1150
f 1155//1155 1156//1156 1150//1150
f 1150//1150 1156//1156 1151//1151
f 1156//1156 1157//1157 1151//1151
f 1151//1151 1157//1157 1152//1152
f 1157//1157 1158//1158 1152//1152
f 1152//1152 1158//1158 747//747
f 1158//1158 746//746 747//747
f 745//745 675//675 1153//1153
f 675//675 674//674 1153//1153
f 1153//1153 674//674 1154//1154
f 674//674 673//673 1154//1154
f 1154//1154 673//673 1155//1155
f 673//673 672//672 1155//1155
f 1155//1155 672//672 1156//1156
f 672//672 671//671 1156//1156
f 1156//1156 671//671 1157//1157
f 671//671 670//670 1157//1157
f 1157//1157 670//670 1158//1158
f 670//670 669//669 1158//1158
f 1158//1158 669//669 746//746
f 669//669 644//644 746//746
f 725//725 738//738 653//653
f 726//726 1159//1159 725//725
f 727//727 1160//1160 726//726
f 728//728 1162//1162 727//727
f 729//729 1165//1165 728//728
f 730//730 1169//1169 729//729
f 731//731 1174//1174 730//730
f 725//725 1159//1159 738//738
f 1159//1159 737//737 738//738
f 726//726 1160//1160 1159//1159
f 1160//1160 1161//1161 1159//1159
f 1159//1159 1161//1161 737//737
f 1161//1161 736//736 737//737
f 727//727 1162//1162 1160//1160
f 1162//1162 1163//1163 1160//1160
f 1160//1160 1163//1163 1161//1161
f 1163//1163 1164//1164 1161//1161
f 1161//1161 1164//1164 736//736
f 1164//1164 735//735 736//736
f 728//728 1165//1165 1162//1162
f 1165//1165 1166//1166 1162//1162
f 1162//1162 1166//1166 1163//1163
f 1166//1166 1167//1167 1163//1163
f 1163//1163 1167//1167 1164//1164
f 1167//1167 1168//1168 1164//1164
f 1164//1164 1168//1168 735//735
f 1168//1168 734//734 735//735
f 729//729 1169//1169 1165//1165
f 1169//1169 1170//1170 1165//1165
f 1165//1165 1170//1170 1166//1166
f 1170//1170 1171//1171 1166//1166
f 1166//1166 1171//1171 1167//1167
f 1171//1171 1172//1172 1167//1167
f 1167//1167 1172//1172 1168//1168
f 1172//1172 1173//1173 1168//1168
f 1168//1168 1173//1173 734//734
f 1173//1173 733//733 734//734
f 730//730 1174//1174 1169//1169
f 1174//1174 1175//1175 1169//1169
f 1169//1169 1175//1175 1170//1170
f 1175//1175 1176//1176 1170//1170
f 1170//1170 1176//1176 1171//1171
f 1176//1176 1177//1177 1171//1171
f 1171//1171 1177//1177 1172//1172
f 1177//1177 1178//1178 1172//1172
f 1172//1172 1178//1178 1173//1173
f 1178//1178 1179//1179 1173//1173
f 1173//1173 1179//1179 733//733
f 1179//1179 732//732 733//733
f 731//731 682//682 1174//1174
f 682//682 681//681 1174//1174
f 1174//1174 681//681 1175//1175
f 681//681 680//680 1175//1175
f 1175//1175 680//680 1176//1176
f 680//680 679//679 1176//1176
f 1176//1176 679//679 1177//1177
f 679//679 678//678 1177//1177
f 1177//1177 678//678 1178//1178
f 678//678 677//677 1178//1178
f 1178//1178 677//677 1179//1179
f 677//677 676//676 1179//1179
f 1179//1179 676//676 732//732
f 676//676 648//648 732//732
f 689//689 724//724 648//648
f 688//688 1180//1180 689//689
f 687//687 1181//1181 688//688
f 686//686 1183//1183 687//687
f 685//685 1186//1186 686//686
f 684//684 1190//1190 685//685
f 683//683 1195//1195 684//684
f 689//689 1180//1180 724//724
f 1180//1180 723//723 724//724
f 688//688 1181//1181 1180//1180
f 1181//1181 1182//1182 1180//1180
f 1180//1180 1182//1182 723//723
f 1182//1182 722//722 723//723
f 687//687 1183//1183 1181//1181
f 1183//1183 1184//1184 1181//1181
f 1181//1181 1184//1184 1182//1182
f 1184//1184 1185//1185 1182//1182
f 1182//1182 1185//1185 722//722
f 1185//1185 721//721 722//722
f 686//686 1186//1186 1183//1183
f 1186//1186 1187//1187 1183//1183
f 1183//1183 1187//1187 1184//1184
f 1187//1187 1188//1188 1184//1184
f 1184//1184 1188//1188 1185//1185
f 1188//1188 1189//1189 1185//1185
f 1185//1185 1189//1189 721//721
f 1189//1189 720//720 721//721
f 685//685 1190//1190 1186//1186
f 1190//1190 1191//1191 1186//1186
f 1186//1186 1191//1191 1187//1187
f 1191//1191 1192//1192 1187//1187
f 1187//1187 1192//1192 1188//1188
f 1192//1192 1193//1193 1188//1188
f 1188//1188 1193//1193 1189//1189
f 1193//1193 1194//1194 1189//1189
f 1189//1189 1194//1194 720//720
f 1194//1194 719//719 720//720
f 684//684 1195//1195 1190//1190
f 1195//1195 1196//1196 1190//1190
f 1190//1190 1196//1196 1191//1191
f 1196//1196 1197//1197 1191//1191
f 1191//1191 1197//1197 1192//1192
f 1197//1197 1198//1198 1192//1192
f 1192//1192 1198//1198 1193//1193
f 1198//1198 1199//1199 1193//1193
f 1193//1193 1199//1199 1194//1194
f 1199//1199 1200//1200 1194//1194
f 1194//1194 1200//1200 719//719
f 1200//1200 718//718 719//719
f 683//683 710//710 1195//1195
f 710//710 709//709 1195//1195
f 1195//1195 709//709 1196//1196
f 709//709 708//708 1196//1196
f 1196//1196 708//708 1197//1197
f 708//708 707//707 1197//1197
f 1197//1197 707//707 1198//1198
f 707//707 706//706 1198//1198
f 1198//1198 706//706 1199//1199
f 706//706 705//705 1199//1199
f 1199//1199 705//705 1200//1200
f 705//705 704//704 1200//1200
f 1200//1200 704//704 718//718
f 704//704 647//647 718//718
f 704//704 717//717 647//647
f 705//705 1201//1201 704//704
f 706//706 1202//1202 705//705
f 707//707 1204//1204 706//706
f 708//708 1207//1207 707//707
f 709//709 1211//1211 708//708
f 710//710 1216//1216 709//709
f 704//704 1201//1201 717//717
f 1201//1201 716//716 717//717
f 705//705 1202//1202 1201//1201
f 1202//1202 1203//1203 1201//1201
f 1201//1201 1203//1203 716//716
f 1203//1203 715//715 716//716
f 706//706 1204//1204 1202//1202
f 1204//1204 1205//1205 1202//1202
f 1202//1202 1205//1205 1203//1203
f 1205//1205 1206//1206 1203//1203
f 1203//1203 1206//1206 715//715
f 1206//1206 714//714 715//715
f 707//707 1207//1207 1204//1204
f 1207//1207 1208//1208 1204//1204
f 1204//1204 1208//1208 1205//1205
f 1208//1208 1209//1209 1205//1205
f 1205//1205 1209//1209 1206//1206
f 1209//1209 1210//1210 1206//1206
f 1206//1206 1210//1210 714//714
f 1210//1210 713//713 714//714
f 708//708 1211//1211 1207//1207
f 1211//1211 1212//1212 1207//1207
f 1207//1207 1212//1212 1208//1208
f 1212//1212 1213//1213 1208//1208
f 1208//1208 1213//1213 1209//1209
f 1213//1213 1214//1214 1209//1209
f 1209//1209 1214//1214 1210//1210
f 1214//1214 1215//1215 1210//1210
f 1210//1210 1215//1215 713//713
f 1215//1215 712//712 713//713
f 709//709 1216//1216 1211//1211
f 1216//1216 1217//1217 1211//1211
f 1211//1211 1217//1217 1212//1212
f 1217//1217 1218//1218 1212//1212
f 1212//1212 1218//1218 1213//1213
f 1218//1218 1219//1219 1213//1213
f 1213//1213 1219//1219 1214//1214
f 1219//1219 1220//1220 1214//1214
f 1214//1214 1220//1220 1215//1215
f 1220//1220 1221//1221 1215//1215
f 1215//1215 1221//1221 712//712
f 1221//1221 711//711 712//712
f 710//710 696//696 1216//1216
f 696//696 695//695 1216//1216
f 1216//1216 695//695 1217//1217
f 695//695 694//694 1217//1217
f 1217//1217 694//694 1218//1218
f 694//694 693//693 1218//1218
f 1218//1218 693//693 1219//1219
f 693//693 692//692 1219//1219
f 1219//1219 692//692 1220//1220
f 692//692 691//691 1220//1220
f 1220//1220 691//691 1221//1221
f 691//691 690//690 1221//1221
f 1221//1221 690//690 711//711
f 690//690 646//646 711//711
f 690//690 703//703 646//646
f 691//691 1222//1222 690//690
f 692//692 1223//1223 691//691
f 693//693 1225//1225 692//692
f 694//694 1228//1228 693//693
f 695//695 1232//1232 694//694
f 696//696 1237//1237 695//695
f 690//690 1222//1222 703//703
f 1222//1222 702//702 703//703
f 691//691 1223//1223 1222//1222
f 1223//1223 1224//1224 1222//1222
f 1222//1222 1224//1224 702//702
f 1224//1224 701//701 702//702
f 692//692 1225//1225 1223//1223
f 1225//1225 1226//1226 1223//1223
f 1223//1223 1226//1226 1224//1224
f 1226//1226 1227//1227 1224//1224
f 1224//1224 1227//1227 701//701
f 1227//1227 700//700 701//701
f 693//693 1228//1228 1225//1225
f 1228//1228 1229//1229 1225//1225
f 1225//1225 1229//1229 1226//1226
f 1229//1229 1230//1230 1226//1226
f 1226//1226 1230//1230 1227//1227
f 1230//1230 1231//1231 1227//1227
f 1227//1227 1231//1231 700//700
f 1231//1231 699//699 700//700
f 694//694 1232//1232 1228//1228
f 1232//1232 1233//1233 1228//1228
f 1228//1228 1233//1233 1229//1229
f 1233//1233 1234//1234 1229//1229
f 1229//1229 1234//1234 1230//1230
f 1234//1234 1235//1235 1230//1230
f 1230//1230 1235//1235 1231//1231
f 1235//1235 1236//1236 1231//1231
f 1231//1231 1236//1236 699//699
f 1236//1236 698//698 699//699
f 695//695 1237//1237 1232//1232
f 1237//1237 1238//1238 1232//1232
f 1232//1232 1238//1238 1233//1233
f 1238//1238 1239//1239 1233//1233
f 1233//1233 1239//1239 1234//1234
f 1239//1239 1240//1240 1234//1234
f 1234//1234 1240//1240 1235//1235
f 1240//1240 1241//1241 1235//1235
f 1235//1235 1241//1241 1236//1236
f 1241//1241 1242//1242 1236//1236
f 1236//1236 1242//1242 698//698
f 1242//1242 697//697 698//698
f 696//696 661//661 1237//1237
f 661//661 660//660 1237//1237
f 1237//1237 660//660 1238//1238
f 660//660 659//659 1238//1238
f 1238//1238 659//659 1239//1239
f 659//659 658//658 1239//1239
f 1239//1239 658//658 1240//1240
f 658//658 657//657 1240//1240
f 1240//1240 657//657 1241//1241
f 657//657 656//656 1241//1241
f 1241//1241 656//656 1242//1242
f 656//656 655//655 1242//1242
f 1242//1242 655//655 697//697
f 655//655 645//645 697//697
f 676//676 689//689 648//648
f 677//677 1243//1243 676//676
f 678//678 1244//1244 677//677
f 679//679 1246//1246 678//678
f 680//680 1249//1249 679//679
f 681//681 1253//1253 680//680
f 682//682 1258//1258 681//681
f 676//676 1243//1243 689//689
f 1243//1243 688//688 689//689
f 677//677 1244//1244 1243//1243
f 1244//1244 1245//1245 1243//1243
f 1243//1243 1245//1245 688//688
f 1245//1245 687//687 688//688
f 678//678 1246//1246 1244//1244
f 1246//1246 1247//1247 1244//1244
f 1244//1244 1247//1247 1245//1245
f 1247//1247 1248//1248 1245//1245
f 1245//1245 1248//1248 687//687
f 1248//1248 686//686 687//687
f 679//679 1249//1249 1246//1246
f 1249//1249 1250//1250 1246//1246
f 1246//1246 1250//1250 1247//1247
f 1250//1250 1251//1251 1247//1247
f 1247//1247 1251//1251 1248//1248
f 1251//1251 1252//1252 1248//1248
f 1248//1248 1252//1252 686//686
f 1252//1252 685//685 686//686
f 680//680 1253//1253 1249//1249
f 1253//1253 1254//1254 1249//1249
f 1249//1249 1254//1254 1250//1250
f 1254//1254 1255//1255 1250//1250
f 1250//1250 1255//1255 1251//1251
f 1255//1255 1256//1256 1251//1251
f 1251//1251 1256//1256 1252//1252
f 1256//1256 1257//1257 1252//1252
f 1252//1252 1257//1257 685//685
f 1257//1257 684//684 685//685
f 681//681 1258//1258 1253//1253
f 1258//1258 1259//1259 1253//1253
f 1253//1253 1259//1259 1254//1254
f 1259//1259 1260//1260 1254//1254
f 1254//1254 1260//1260 1255//1255
f 1260//1260 1261//1261 1255//1255
f 1255//1255 1261//1261 1256//1256
f 1261//1261 1262//1262 1256//1256
f 1256//1256 1262//1262 1257//1257
f 1262//1262 1263//1263 1257//1257
f 1257//1257 1263//1263 684//684
f 1263//1263 683//683 684//684
f 682//682 668//668 1258//1258
f 668//668 667//667 1258//1258
f 1258//1258 667//667 1259//1259
f 667//667 666//666 1259//1259
f 1259//1259 666//666 1260//1260
f 666//666 665//665 1260//1260
f 1260//1260 665//665 1261//1261
f 665//665 664//664 1261//1261
f 1261//1261 664//664 1262//1262
f 664//664 663//663 1262//1262
f 1262//1262 663//663 1263//1263
f 663//663 662//662 1263//1263
f 1263//1263 662//662 683//683
f 662//662 643//643 683//683
f 655//655 675//675 645//645
f 656//656 1264//1264 655//655
f 657//657 1265//1265 656//656
f 658//658 1267//1267 657//657
f 659//659 1270//1270 658//658
f 660//660 1274//1274 659//659
f 661//661 1279//1279 660//660
f 655//655 1264//1264 675//675
f 1264//1264 674//674 675//675
f 656//656 1265//1265 1264//1264
f 1265//1265 1266//1266 1264//1264
f 1264//1264 1266//1266 674//674
f 1266//1266 673//673 674//674
f 657//657 1267//1267 1265//1265
f 1267//1267 1268//1268 1265//1265
f 1265//1265 1268//1268 1266//1266
f 1268//1268 1269//1269 1266//1266
f 1266//1266 1269//1269 673//673
f 1269//1269 672//672 673//673
f 658//658 1270//1270 1267//1267
f 1270//1270 1271//1271 1267//1267
f 1267//1267 1271//1271 1268//1268
f 1271//1271 1272//1272 1268//1268
f 1268//1268 1272//1272 1269//1269
f 1272//1272 1273//1273 1269//1269
f 1269//1269 1273//1273 672//672
f 1273//1273 671//671 672//672
f 659//659 1274//1274 1270//1270
f 1274//1274 1275//1275 1270//1270
f 1270//1270 1275//1275 1271//1271
f 1275//1275 1276//1276 1271//1271
f 1271//1271 1276//1276 1272//1272
f 1276//1276 1277//1277 1272//1272
f 1272//1272 1277//1277 1273//1273
f 1277//1277 1278//1278 1273//1273
f 1273//1273 1278//1278 671//671
f 1278//1278 670//670 671//671
f 660//660 1279//1279 1274//1274
f 1279//1279 1280//1280 1274//1274
f 1274//1274 1280//1280 1275//1275
f 1280//1280 1281//1281 1275//1275
f 1275//1275 1281//1281 1276//1276
f 1281//1281 1282//1282 1276//1276
f 1276//1276 1282//1282 1277//1277
f 1282//1282 1283//1283 1277//1277
f 1277//1277 1283//1283 1278//1278
f 1283//1283 1284//1284 1278//1278
f 1278//1278 1284//1284 670//670
f 1284//1284 669//669 670//670
f 661//661 662//662 1279//1279
f 662//662 663//663 1279//1279
f 1279//1279 663//663 1280//1280
f 663//663 664//664 1280//1280
f 1280//1280 664//664 1281//1281
f 664//664 665//665 1281//1281
f 1281//1281 665//665 1282//1282
f 665//665 666//666 1282//1282
f 1282//1282 666//666 1283//1283
f 666//666 667//667 1283//1283
f 1283//1283 667//667 1284//1284
f 667//667 668//668 1284//1284
f 1284//1284 668//668 669//669
f 668//668 644//644 669//669
o NEW_Left_atrium
v 0.012135 1.262842 0.003403
v 0.054293 1.305076 0.049251
v 0.007336 1.300174 0.013197
v -0.009281 1.282671 -0.006227
v 0.009724 1.282444 -0.022882
v 0.047226 1.283657 -0.012476
v 0.042229 1.323653 0.044995
v 0.001645 1.320780 0.009799
v -0.008781 1.319617 -0.009856
v 0.031741 1.318404 -0.022099
v 0.056567 1.318190 0.011738
v 0.020166 1.331571 0.005628
v 0.011911 1.281565 0.007754
v 0.011938 1.281434 0.007734
v 0.006255 1.265512 0.008253
v 0.006354 1.265397 0.008236
v 0.006492 1.265274 0.008173
v 0.009062 1.263932 0.006441
v 0.010174 1.263374 0.005672
v 0.012166 1.262912 0.003388
v 0.012184 1.262987 0.003377
v 0.012194 1.263065 0.003368
v 0.012196 1.263146 0.003359
v 0.013208 1.282523 0.007360
v 0.053197 1.304739 0.049998
v 0.053245 1.304745 0.049973
v 0.053169 1.304720 0.050039
v 0.053288 1.304029 0.051231
v 0.053463 1.303221 0.052666
v 0.053342 1.303278 0.052761
v 0.053249 1.303353 0.052826
v 0.013276 1.284486 0.007919
v 0.013030 1.284219 0.007916
v 0.047111 1.283701 -0.012366
v 0.047085 1.284015 -0.012248
v 0.047133 1.284668 -0.012076
v 0.047252 1.285684 -0.011838
v 0.063782 1.308871 0.018244
v 0.063763 1.308890 0.018460
v 0.062923 1.307846 0.038871
v 0.015241 1.262799 -0.000234
v 0.019606 1.263364 -0.004723
v 0.024667 1.264620 -0.008818
v 0.032055 1.268263 -0.012612
v 0.037802 1.272484 -0.014243
v 0.043172 1.277491 -0.014689
v 0.046201 1.281884 -0.013055
v -0.007084 1.278337 -0.005371
v -0.001210 1.269305 -0.000714
v 0.004181 1.265645 0.006020
v 0.005206 1.265485 0.007841
v 0.005851 1.264961 0.008189
v 0.008631 1.263833 0.006632
v 0.010196 1.263264 0.005612
v 0.007228 1.300123 0.013169
v 0.007104 1.300071 0.013118
v 0.011504 1.281593 0.007651
v 0.005615 1.265814 0.008078
v 0.007071 1.285160 0.005510
v 0.006370 1.283830 0.004463
v -0.007827 1.279846 -0.005683
v 0.010491 1.278401 -0.020403
v 0.011468 1.273964 -0.017468
v 0.012709 1.269637 -0.013636
v 0.014246 1.265929 -0.008828
v 0.016038 1.264115 -0.003351
v 0.015317 1.262663 -0.000364
v 0.013252 1.262711 0.001975
v -0.008988 1.281831 -0.006139
v -0.008534 1.280719 -0.005975
v -0.008323 1.280027 -0.005917
v -0.006079 1.279875 -0.008541
v -0.002631 1.279930 -0.013162
v 0.001341 1.280216 -0.017439
v 0.005741 1.281484 -0.020257
v 0.014399 1.281609 -0.022740
v 0.019709 1.280658 -0.022519
v 0.025469 1.279760 -0.022283
v 0.031498 1.279228 -0.021304
v 0.037440 1.279257 -0.019334
v 0.042474 1.280260 -0.016130
v 0.046272 1.281716 -0.013223
v 0.058575 1.315347 0.014225
v 0.060478 1.311645 0.017297
v 0.062624 1.309914 0.020032
v 0.062898 1.310398 0.023963
v 0.063263 1.309947 0.028845
v 0.064438 1.309299 0.030371
v 0.061961 1.307407 0.040878
v 0.047863 1.287261 -0.011790
v 0.047740 1.290611 -0.010908
v 0.047032 1.296486 -0.008560
v 0.046710 1.303241 -0.004736
v 0.057078 1.312306 0.008479
v 0.057890 1.312787 0.008503
v 0.057944 1.315378 0.009339
v 0.042331 1.323717 0.046716
v 0.043382 1.322547 0.048728
v 0.046970 1.316920 0.052492
v 0.049206 1.311392 0.052243
v 0.049827 1.310046 0.051943
v 0.007456 1.300392 0.013268
v 0.007392 1.300276 0.013240
v 0.053328 1.304789 0.049892
v 0.053155 1.304782 0.049955
v 0.052967 1.304867 0.049960
v 0.052030 1.306674 0.049047
v 0.050674 1.309909 0.047378
v 0.047767 1.315911 0.047017
v 0.043750 1.321884 0.046168
v 0.001835 1.319934 0.009734
v 0.003103 1.316160 0.009658
v 0.006317 1.303872 0.013011
v 0.006322 1.301921 0.012813
v -0.005769 1.299583 -0.000580
v -0.006337 1.299451 -0.000960
v -0.011654 1.287877 -0.006709
v 0.007253 1.300257 0.013239
v 0.007160 1.300364 0.013272
v 0.007063 1.300495 0.013286
v 0.006907 1.302460 0.013369
v 0.006778 1.303862 0.013404
v 0.006709 1.304023 0.013346
v 0.002461 1.318796 0.009828
v -0.009007 1.318176 -0.014040
v -0.008414 1.311373 -0.019773
v -0.006640 1.306992 -0.021850
v -0.003873 1.301933 -0.024938
v 0.000087 1.294639 -0.026575
v 0.003314 1.289839 -0.024030
v 0.006568 1.285816 -0.023671
v -0.011804 1.288007 -0.006737
v -0.014249 1.292600 -0.006749
v -0.016779 1.296865 -0.006494
v -0.015639 1.302385 -0.004691
v -0.015926 1.305777 -0.003928
v -0.014088 1.310399 -0.005413
v -0.011871 1.314853 -0.005948
v 0.035195 1.314928 -0.023368
v 0.037439 1.310793 -0.021824
v 0.040818 1.304434 -0.021959
v 0.044509 1.300539 -0.021041
v 0.047219 1.295190 -0.018491
v 0.047097 1.290374 -0.015228
v 0.048038 1.286339 -0.012706
v 0.011961 1.285991 -0.025242
v 0.014598 1.290624 -0.026554
v 0.017579 1.295391 -0.027830
v 0.020873 1.300541 -0.028792
v 0.023938 1.305650 -0.027498
v 0.027304 1.310783 -0.027504
v 0.029976 1.315057 -0.025603
v 0.056910 1.320590 0.015247
v 0.053387 1.318203 0.021496
v 0.051092 1.319042 0.026975
v 0.048048 1.320822 0.031678
v 0.043931 1.320710 0.036328
v 0.042457 1.322758 0.040164
v 0.042072 1.323491 0.042571
v 0.041345 1.325394 0.044389
v 0.040782 1.326422 0.043155
v 0.029000 1.327993 0.028093
v 0.026659 1.327160 0.026062
v 0.025903 1.326530 0.024935
v 0.003493 1.320820 0.010098
v 0.001793 1.320829 0.009853
v 0.001270 1.321491 0.009649
v -0.000148 1.323871 0.008919
v -0.008628 1.323501 0.003917
v -0.010482 1.323038 0.003219
v -0.011997 1.322083 0.002524
v -0.011899 1.320652 -0.000116
v -0.010604 1.319955 -0.005007
v -0.005040 1.320198 -0.012961
v -0.000449 1.320447 -0.015735
v 0.004480 1.321803 -0.019091
v 0.010295 1.322040 -0.021405
v 0.016228 1.321231 -0.022285
v 0.021989 1.320242 -0.022573
v 0.027275 1.319383 -0.022638
v 0.035878 1.319562 -0.020059
v 0.040401 1.320789 -0.017463
v 0.044624 1.321470 -0.013367
v 0.047551 1.320955 -0.007917
v 0.047643 1.320766 -0.004732
v 0.052183 1.318493 0.005176
v 0.055368 1.318809 0.007693
v 0.028298 1.332930 0.017230
v 0.029017 1.333800 0.021506
v 0.029129 1.333505 0.024902
v 0.030651 1.332020 0.027847
v 0.033670 1.329335 0.031488
v 0.037508 1.328164 0.034863
v 0.040767 1.326102 0.042185
v 0.054616 1.322851 0.011283
v 0.051047 1.326833 0.011663
v 0.046605 1.330476 0.012113
v 0.041677 1.333266 0.012895
v 0.036958 1.334673 0.014183
v 0.032977 1.334604 0.015457
v 0.030126 1.332962 0.015005
v 0.016441 1.330775 0.007441
v 0.012994 1.329762 0.008530
v 0.009680 1.328797 0.009419
v 0.006999 1.328354 0.009364
v 0.004187 1.325801 0.009522
v 0.000766 1.323967 0.009482
v 0.001083 1.322639 0.009611
v 0.016749 1.332136 0.004782
v 0.013228 1.332135 0.004002
v 0.008872 1.331905 0.002119
v 0.004631 1.331161 -0.000820
v 0.000038 1.329830 -0.003719
v -0.003472 1.326414 -0.006196
v -0.006534 1.323160 -0.008257
v 0.021665 1.331897 0.004430
v 0.023517 1.332697 0.000459
v 0.024812 1.332760 -0.002873
v 0.026756 1.331561 -0.007971
v 0.028748 1.329943 -0.013099
v 0.030339 1.327599 -0.017727
v 0.031150 1.322372 -0.020042
v 0.026531 1.331533 0.004930
v 0.034314 1.332083 0.011800
v 0.028060 1.331893 0.000195
v 0.038106 1.331635 0.011076
v 0.033009 1.330317 0.000283
v 0.030123 1.331509 -0.003422
v 0.043901 1.329348 0.009999
v 0.038174 1.327924 -0.000460
v 0.035894 1.329373 -0.004530
v 0.032489 1.329906 -0.008969
v 0.047772 1.326525 0.009066
v 0.042991 1.324466 0.002527
v 0.043044 1.326871 -0.005823
v 0.038549 1.328255 -0.009504
v 0.034490 1.328589 -0.013949
v 0.051626 1.322388 0.008612
v 0.046736 1.322257 0.004479
v 0.046319 1.324490 -0.004503
v 0.044114 1.325103 -0.009157
v 0.039722 1.324982 -0.013749
v 0.035343 1.323838 -0.017392
v 0.018316 1.332661 0.001980
v 0.019934 1.333020 -0.001624
v 0.014476 1.332637 0.000053
v 0.021368 1.332411 -0.006666
v 0.015760 1.332519 -0.004963
v 0.009889 1.331861 -0.003043
v 0.023231 1.330979 -0.012124
v 0.017179 1.331268 -0.010563
v 0.011032 1.331033 -0.008639
v 0.005136 1.330592 -0.006296
v 0.024802 1.328549 -0.017085
v 0.018759 1.329244 -0.016003
v 0.012452 1.329569 -0.014346
v 0.006355 1.329418 -0.012075
v 0.000749 1.329029 -0.009454
v 0.026109 1.323495 -0.020025
v 0.020440 1.325949 -0.020745
v 0.014406 1.325123 -0.018436
v 0.008290 1.325410 -0.016791
v 0.002512 1.325294 -0.014428
v -0.002335 1.324069 -0.011354
v 0.012586 1.331098 0.007006
v 0.008419 1.331181 0.006405
v 0.009069 1.330463 0.007478
v 0.004503 1.330903 0.004049
v 0.005251 1.330499 0.006259
v 0.006011 1.328422 0.009041
v -0.000336 1.329841 0.001475
v 0.000276 1.329126 0.005233
v 0.000996 1.327760 0.007715
v 0.003333 1.327720 0.008650
v -0.005050 1.328386 -0.001080
v -0.004697 1.327300 0.003934
v -0.003372 1.326764 0.006135
v -0.000822 1.325379 0.008098
v 0.000631 1.324093 0.009413
v -0.008290 1.324571 -0.003534
v -0.009414 1.325209 0.002049
v -0.008095 1.324733 0.004173
v -0.005680 1.325563 0.005244
v -0.000848 1.324413 0.008435
v 0.000532 1.323835 0.009410
v 0.026619 1.331492 0.019437
v 0.025359 1.329972 0.021833
v 0.026759 1.331479 0.023559
v 0.024760 1.329149 0.021296
v 0.026275 1.330901 0.023478
v 0.028287 1.332454 0.025455
v 0.007147 1.327618 0.009585
v 0.026149 1.328296 0.025482
v 0.027056 1.328878 0.026355
v 0.028714 1.329844 0.027845
v 0.004478 1.324085 0.010114
v 0.025537 1.327409 0.024604
v 0.026269 1.328106 0.025748
v 0.028620 1.329559 0.027824
v 0.031269 1.328578 0.029753
v 0.001375 1.322378 0.009692
v 0.024619 1.326204 0.023159
v 0.026247 1.327912 0.025724
v 0.027255 1.327530 0.026614
v 0.029771 1.328400 0.028797
v 0.040012 1.327802 0.041035
v 0.030423 1.334752 0.018612
v 0.031568 1.335997 0.021613
v 0.034087 1.336501 0.017553
v 0.032156 1.335140 0.026347
v 0.035517 1.336231 0.022176
v 0.039052 1.336475 0.016438
v 0.034564 1.331616 0.030900
v 0.036738 1.333975 0.028225
v 0.041236 1.332749 0.022268
v 0.044525 1.332696 0.016699
v 0.037332 1.329017 0.034812
v 0.038408 1.329559 0.033005
v 0.042915 1.330339 0.027858
v 0.046748 1.329916 0.021996
v 0.048839 1.328212 0.016898
v 0.040217 1.326101 0.039387
v 0.039968 1.325333 0.036866
v 0.044083 1.326586 0.030735
v 0.047762 1.325956 0.027028
v 0.051357 1.325241 0.021679
v 0.053922 1.324895 0.015574
v 0.056116 1.315802 0.006185
v 0.056243 1.315050 0.006485
v 0.049258 1.315262 0.001525
v 0.047726 1.307896 -0.001336
v 0.048802 1.313912 -0.008942
v 0.048617 1.316485 -0.007567
v 0.047001 1.300267 -0.006973
v 0.048791 1.312247 -0.010368
v 0.049053 1.312711 -0.011150
v 0.048464 1.316923 -0.012772
v 0.047345 1.294634 -0.009906
v 0.046828 1.298386 -0.012873
v 0.047755 1.311890 -0.014304
v 0.047454 1.312382 -0.015230
v 0.043937 1.316627 -0.016614
v 0.048029 1.289736 -0.011661
v 0.047432 1.295151 -0.013812
v 0.047644 1.300314 -0.017794
v 0.044571 1.302966 -0.018288
v 0.041712 1.312061 -0.018519
v 0.039780 1.315874 -0.021035
v 0.024472 1.315579 -0.024661
v 0.021423 1.311049 -0.026620
v 0.018802 1.316419 -0.024904
v 0.018112 1.306008 -0.028181
v 0.015312 1.311706 -0.026889
v 0.012667 1.317185 -0.024685
v 0.014734 1.300539 -0.028304
v 0.011751 1.306199 -0.027396
v 0.008894 1.311932 -0.025638
v 0.006418 1.317376 -0.022902
v 0.011526 1.295427 -0.026427
v 0.008419 1.300485 -0.026465
v 0.005445 1.306188 -0.025278
v 0.002846 1.311751 -0.022984
v 0.000769 1.316913 -0.019868
v 0.008861 1.290832 -0.024695
v 0.005562 1.294806 -0.026482
v 0.002438 1.301029 -0.026234
v -0.000831 1.306695 -0.024136
v -0.002847 1.311971 -0.021749
v -0.004578 1.317537 -0.017473
v -0.012957 1.315855 -0.004183
v -0.015494 1.311583 -0.002110
v -0.014178 1.317123 0.000092
v -0.016221 1.307490 -0.003579
v -0.015401 1.313748 -0.001341
v -0.013803 1.319470 0.001150
v -0.015319 1.302507 -0.004516
v -0.014825 1.309276 -0.002626
v -0.014433 1.315672 -0.000440
v -0.012337 1.321270 0.002165
v -0.012376 1.301259 -0.003589
v -0.013165 1.304201 -0.003285
v -0.013548 1.311118 -0.001580
v -0.012440 1.318556 0.001170
v -0.009696 1.321880 0.003129
v -0.014283 1.292792 -0.006727
v -0.009632 1.300490 -0.002446
v -0.010359 1.304244 -0.002116
v -0.010721 1.310559 -0.000904
v -0.009968 1.319132 0.002057
v 0.001402 1.320660 0.009625
v 0.002834 1.318280 0.009884
v 0.006867 1.304030 0.013411
v 0.024954 1.325434 0.023393
v 0.006943 1.303866 0.013457
v 0.007039 1.304028 0.013450
v 0.026623 1.327027 0.025970
v 0.007073 1.302453 0.013406
v 0.007116 1.303866 0.013481
v 0.026763 1.326911 0.026029
v 0.027311 1.326819 0.026383
v 0.007225 1.300500 0.013308
v 0.007243 1.302385 0.013411
v 0.029588 1.325075 0.026953
v 0.042230 1.324082 0.048026
v 0.041505 1.325129 0.044773
v 0.007313 1.300376 0.013281
v 0.007383 1.300508 0.013304
v 0.049187 1.311448 0.052233
v 0.042673 1.323478 0.048338
v 0.042286 1.323989 0.048118
v 0.042235 1.323979 0.047374
v 0.045045 1.320238 0.043596
v 0.048948 1.314623 0.044476
v 0.046543 1.318477 0.039991
v 0.051623 1.309493 0.044913
v 0.050244 1.314082 0.039917
v 0.048622 1.317143 0.035650
v 0.052928 1.308799 0.044832
v 0.053435 1.311260 0.041281
v 0.053276 1.314819 0.035700
v 0.052181 1.316632 0.030379
v 0.054748 1.307846 0.045041
v 0.057999 1.309283 0.040470
v 0.059478 1.311939 0.033450
v 0.056991 1.314246 0.028746
v 0.055686 1.317400 0.024877
v 0.059209 1.307083 0.043805
v 0.060633 1.308770 0.039177
v 0.062585 1.310250 0.029806
v 0.061869 1.310820 0.026425
v 0.059668 1.312934 0.022783
v 0.057501 1.316564 0.019339
v 0.032649 1.310642 -0.025120
v 0.035999 1.305709 -0.025127
v 0.030374 1.306055 -0.027800
v 0.039446 1.300807 -0.024693
v 0.033313 1.300560 -0.026826
v 0.026968 1.300504 -0.028044
v 0.041916 1.295543 -0.023492
v 0.036331 1.294831 -0.026212
v 0.029942 1.294892 -0.026903
v 0.023628 1.295020 -0.028458
v 0.044197 1.289828 -0.019479
v 0.038834 1.289804 -0.022274
v 0.032763 1.289420 -0.024971
v 0.026424 1.289395 -0.026793
v 0.020241 1.289917 -0.027101
v 0.046132 1.285118 -0.016530
v 0.040936 1.284402 -0.019568
v 0.035313 1.283903 -0.022608
v 0.029098 1.284187 -0.024024
v 0.022898 1.284902 -0.024434
v 0.017089 1.285595 -0.024878
v -0.012171 1.309646 -0.007102
v -0.011963 1.307346 -0.018937
v -0.013400 1.305705 -0.008655
v -0.009941 1.303607 -0.021872
v -0.013444 1.299421 -0.011374
v -0.014851 1.301759 -0.005872
v -0.008757 1.290078 -0.018997
v -0.010846 1.294022 -0.013952
v -0.013968 1.294439 -0.009068
v -0.015827 1.295491 -0.006601
v -0.001808 1.287906 -0.021730
v -0.007201 1.288480 -0.016013
v -0.010956 1.288957 -0.011134
v -0.013026 1.289841 -0.006903
v -0.013598 1.291284 -0.006796
v 0.002252 1.285639 -0.020210
v -0.002287 1.284719 -0.016911
v -0.006312 1.284454 -0.012633
v -0.010656 1.284052 -0.007376
v -0.010734 1.285357 -0.006654
v -0.011074 1.286352 -0.006680
v 0.006552 1.304039 0.013238
v 0.006450 1.303873 0.013181
v 0.006611 1.303869 0.013314
v 0.006429 1.302130 0.013011
v 0.006575 1.302299 0.013177
v 0.006741 1.302411 0.013296
v 0.006432 1.300449 0.012826
v 0.006567 1.300452 0.013002
v 0.006731 1.300463 0.013141
v 0.006902 1.300478 0.013234
v 0.006430 1.300263 0.012698
v 0.006542 1.300261 0.012884
v 0.006689 1.300275 0.013042
v 0.006853 1.300300 0.013158
v 0.007015 1.300331 0.013232
v 0.004887 1.287170 0.003430
v 0.006905 1.286780 0.005640
v 0.006682 1.300104 0.012915
v 0.006829 1.300130 0.013051
v 0.006982 1.300168 0.013147
v 0.007126 1.300213 0.013208
v 0.045321 1.319717 0.048700
v 0.049041 1.312020 0.051676
v 0.049595 1.310860 0.051282
v 0.049500 1.310753 0.052091
v 0.050688 1.308193 0.051441
v 0.051500 1.307163 0.049961
v 0.050998 1.307499 0.051738
v 0.051342 1.306829 0.052026
v 0.052609 1.304897 0.050635
v 0.052708 1.304908 0.050223
v 0.051280 1.306853 0.052621
v 0.052683 1.304345 0.052599
v 0.053097 1.303666 0.052463
v 0.053042 1.304048 0.051559
v 0.052940 1.304761 0.050141
v 0.007514 1.300269 0.013212
v 0.053154 1.303463 0.052894
v 0.053226 1.303375 0.052843
v 0.053335 1.303290 0.052749
v 0.053270 1.303799 0.051712
v 0.053088 1.304721 0.050084
v 0.059863 1.311067 0.011551
v 0.062320 1.309407 0.015121
v 0.060132 1.311173 0.011147
v 0.063600 1.308935 0.017944
v 0.062597 1.309378 0.014888
v 0.059665 1.311369 0.010696
v 0.063805 1.308881 0.018483
v 0.062959 1.309185 0.016003
v 0.062412 1.309574 0.014480
v 0.046804 1.299538 -0.006703
v 0.063795 1.308904 0.018566
v 0.063852 1.308850 0.018288
v 0.062603 1.309327 0.015068
v 0.046892 1.295042 -0.008874
v 0.047512 1.291128 -0.010556
v 0.064122 1.309485 0.029839
v 0.063810 1.308867 0.018400
v 0.062995 1.309162 0.016224
v 0.047538 1.289046 -0.010962
v 0.047625 1.288490 -0.011180
v 0.047721 1.287662 -0.011507
v 0.043501 1.278029 -0.014562
v 0.039204 1.273754 -0.014428
v 0.039464 1.275497 -0.014783
v 0.033946 1.269617 -0.013277
v 0.035292 1.271158 -0.013687
v 0.033724 1.274729 -0.017594
v 0.028685 1.266266 -0.011058
v 0.029955 1.267228 -0.011691
v 0.029526 1.270468 -0.015110
v 0.027454 1.274925 -0.019376
v 0.022181 1.263936 -0.006922
v 0.024227 1.264555 -0.008477
v 0.024824 1.266907 -0.011643
v 0.023013 1.271050 -0.016602
v 0.021259 1.275852 -0.020174
v 0.016710 1.262852 -0.001892
v 0.019359 1.263263 -0.004515
v 0.020216 1.265024 -0.007377
v 0.018469 1.267919 -0.012992
v 0.016891 1.272358 -0.017275
v 0.015552 1.277132 -0.020356
v 0.006171 1.276671 -0.017956
v 0.007125 1.272188 -0.014214
v 0.002171 1.276241 -0.013628
v 0.008440 1.267922 -0.009663
v 0.002730 1.271190 -0.009832
v -0.002346 1.275228 -0.009356
v 0.010255 1.264798 -0.004212
v 0.004238 1.267315 -0.004679
v -0.000878 1.271465 -0.004440
v -0.005688 1.275195 -0.004710
v 0.012158 1.261994 0.001323
v 0.006469 1.265030 0.000949
v 0.000259 1.267667 0.001060
v -0.002483 1.270697 -0.002089
v -0.005410 1.275044 -0.004490
v 0.011544 1.262794 0.003993
v 0.008564 1.263175 0.006053
v 0.003847 1.265155 0.005592
v 0.000916 1.266974 0.001865
v -0.001771 1.269915 -0.001334
v -0.005202 1.274858 -0.004333
v -0.001127 1.269314 -0.000665
v 0.005275 1.265759 0.007809
v 0.005381 1.265807 0.007905
v 0.005367 1.265590 0.008001
v 0.005470 1.265674 0.008056
v 0.005549 1.265749 0.008075
v 0.005699 1.265326 0.008233
v 0.005686 1.265496 0.008219
v 0.005704 1.265615 0.008200
v 0.005733 1.265708 0.008179
v 0.006278 1.265084 0.008219
v 0.006050 1.265306 0.008289
v 0.005950 1.265467 0.008281
v 0.005911 1.265591 0.008256
v 0.005901 1.265690 0.008225
v 0.008932 1.263875 0.006502
v 0.006419 1.265186 0.008195
v 0.006241 1.265343 0.008268
v 0.006132 1.265480 0.008278
v 0.006071 1.265594 0.008262
v 0.011788 1.281518 0.007736
v 0.046753 1.283010 -0.012448
v 0.046746 1.283115 -0.012383
v 0.043457 1.277861 -0.014614
v 0.046712 1.283198 -0.012337
v 0.045976 1.281903 -0.012990
v 0.036969 1.271871 -0.014056
v 0.046666 1.283269 -0.012303
v 0.046544 1.283100 -0.012354
v 0.036078 1.271251 -0.013852
v 0.029459 1.266710 -0.011439
v 0.046646 1.283493 -0.012245
v 0.046523 1.283189 -0.012313
v 0.032255 1.268562 -0.012674
v 0.023795 1.264425 -0.008146
v 0.021025 1.263758 -0.005959
v 0.063834 1.309630 0.029593
v 0.046491 1.283267 -0.012285
v 0.020618 1.263860 -0.005611
v 0.016080 1.263062 -0.001117
v 0.015983 1.262974 -0.000999
v 0.015918 1.262894 -0.000936
v 0.012047 1.281528 0.007746
v 0.012093 1.281392 0.007713
v 0.012220 1.281564 0.007720
v 0.006433 1.265458 0.008201
v 0.012260 1.281367 0.007666
v 0.012947 1.283005 0.007755
v 0.006555 1.265347 0.008142
v 0.006601 1.265427 0.008109
v 0.012422 1.281366 0.007592
v 0.053451 1.303225 0.052676
v 0.009754 1.263681 0.005987
v 0.010104 1.263604 0.005751
v 0.012328 1.280687 0.007322
v 0.012826 1.282047 0.007542
v 0.053355 1.303780 0.051651
v 0.010212 1.263451 0.005653
v 0.010238 1.263532 0.005637
v 0.010253 1.263616 0.005620
v 0.012638 1.281289 0.007387
v 0.013815 1.284286 0.007581
v 0.053131 1.304713 0.050071
vn 0.1150 -0.9597 0.2564
vn 0.9141 0.2684 0.3038
vn -0.0415 -0.3715 0.9275
vn -0.4456 -0.1163 0.8876
vn -0.2271 -0.5149 -0.8266
vn 0.8651 -0.4204 0.2736
vn 0.8462 0.5266 -0.0820
vn -0.4996 -0.1304 0.8564
vn -0.7354 0.5956 -0.3232
vn 0.2579 0.5469 -0.7965
vn 0.8784 0.4204 -0.2274
vn -0.0710 0.9785 0.1936
vn 0.0191 -0.1794 0.9836
vn 0.0446 -0.0777 0.9960
vn 0.1835 0.0306 0.9825
vn 0.3205 0.0117 0.9472
vn 0.4422 -0.0837 0.8930
vn 0.5043 -0.1475 0.8508
vn 0.5646 -0.2345 0.7914
vn 0.7427 -0.1401 0.6548
vn 0.7516 -0.0602 0.6568
vn 0.7574 0.0175 0.6527
vn 0.7478 -0.0556 0.6616
vn 0.4968 -0.4559 0.7385
vn 0.1794 -0.9730 -0.1451
vn 0.1316 -0.9777 -0.1638
vn -0.4253 0.8927 -0.1487
vn 0.2861 0.8435 0.4546
vn 0.8105 -0.5778 -0.0966
vn 0.4918 -0.1881 0.8502
vn -0.0416 -0.6298 0.7756
vn -0.3838 -0.1154 0.9162
vn 0.2073 -0.1580 0.9655
vn 0.5098 -0.3451 0.7880
vn 0.4395 -0.2651 0.8582
vn 0.3795 -0.2559 0.8891
vn 0.2618 0.1137 -0.9584
vn 0.9859 0.1613 -0.0446
vn 0.2728 -0.9595 0.0706
vn 0.2130 0.2031 -0.9557
vn 0.5769 -0.6513 0.4929
vn 0.4378 0.6877 0.5791
vn 0.2151 0.6903 0.6909
vn 0.0538 -0.6717 -0.7389
vn -0.8324 -0.4574 0.3127
vn 0.4752 -0.4636 -0.7479
vn 0.5000 -0.5587 0.6617
vn 0.0735 0.3195 0.9447
vn 0.4801 0.7123 0.5120
vn -0.2959 0.8648 0.4057
vn -0.8042 -0.0443 0.5927
vn -0.2998 -0.6001 0.7416
vn 0.3098 -0.5201 0.7960
vn 0.2292 -0.8254 0.5160
vn -0.1192 -0.4000 0.9087
vn -0.1209 -0.3692 0.9214
vn -0.8841 -0.0605 0.4634
vn -0.3542 0.2137 0.9104
vn -0.9582 -0.0189 0.2854
vn -0.7645 0.0411 0.6433
vn -0.0593 0.1898 0.9800
vn -0.2029 -0.5274 -0.8250
vn -0.1975 -0.6245 -0.7556
vn -0.2006 -0.7421 -0.6395
vn -0.1320 -0.8903 -0.4358
vn -0.1908 -0.8871 -0.4203
vn 0.5136 -0.8339 0.2022
vn 0.5532 0.7267 0.4072
vn -0.0413 0.1251 0.9913
vn -0.4959 -0.0865 0.8641
vn -0.8694 -0.4501 0.2039
vn -0.6757 -0.5082 -0.5340
vn -0.6241 -0.5133 -0.5891
vn -0.5233 -0.4849 -0.7007
vn -0.4098 -0.4507 -0.7930
vn -0.0530 -0.4912 -0.8694
vn -0.0339 -0.4411 -0.8968
vn 0.0355 -0.4430 -0.8958
vn 0.1932 -0.4815 -0.8549
vn 0.4200 -0.4864 -0.7661
vn 0.5396 -0.4233 -0.7278
vn 0.7775 -0.6182 0.1151
vn 0.9160 0.3953 -0.0687
vn 0.7940 0.6037 -0.0708
vn 0.6068 0.7879 -0.1050
vn 0.5186 0.8522 -0.0689
vn 0.5029 0.8633 0.0427
vn 0.9351 -0.1792 -0.3058
vn 0.9566 -0.0340 0.2896
vn 0.8492 -0.1750 0.4982
vn 0.8476 -0.0770 0.5251
vn 0.9775 -0.0360 0.2079
vn 0.9452 -0.2918 0.1464
vn 0.6132 -0.1675 -0.7720
vn 0.6655 -0.2546 -0.7017
vn 0.8861 0.3482 -0.3058
vn 0.8445 0.5318 -0.0625
vn 0.7765 0.6178 0.1241
vn 0.1221 0.3736 0.9195
vn 0.3846 -0.9172 0.1043
vn -0.8200 -0.3639 0.4418
vn -0.2207 -0.4438 0.8685
vn 0.0986 -0.3283 0.9394
vn 0.0886 0.8836 0.4597
vn 0.2593 0.8102 0.5257
vn 0.4888 0.6966 0.5251
vn 0.7747 0.5381 0.3322
vn 0.8687 0.4525 0.2014
vn 0.8537 0.5042 0.1303
vn 0.7925 0.6098 -0.0121
vn -0.4887 -0.1722 0.8553
vn -0.8640 -0.1745 0.4723
vn -0.7211 -0.0489 0.6911
vn -0.7757 -0.0807 0.6260
vn -0.6625 0.2671 0.6998
vn -0.5228 -0.2414 0.8175
vn -0.3521 -0.0987 0.9308
vn -0.0224 -0.3910 0.9201
vn -0.1150 -0.2847 0.9517
vn -0.2138 -0.1405 0.9667
vn -0.3035 -0.0587 0.9510
vn -0.3898 0.0393 0.9201
vn -0.4580 0.1235 0.8804
vn 0.0853 0.1210 0.9890
vn -0.7003 0.5822 -0.4130
vn -0.6055 0.4183 -0.6770
vn -0.3720 0.3165 -0.8726
vn -0.3717 0.1004 -0.9229
vn -0.2492 -0.2231 -0.9424
vn -0.1586 -0.4716 -0.8675
vn -0.3567 -0.3635 -0.8606
vn -0.0003 0.0108 0.9999
vn -0.0338 -0.0558 0.9979
vn -0.9477 -0.0338 -0.3173
vn -0.9620 -0.0966 0.2555
vn -0.3756 0.2230 -0.8996
vn -0.7630 0.2606 -0.5915
vn -0.8379 0.2581 -0.4809
vn 0.4121 0.2782 -0.8676
vn 0.5590 0.1366 -0.8178
vn 0.6209 0.3305 -0.7108
vn 0.6706 0.2818 -0.6862
vn 0.8843 -0.1274 -0.4493
vn 0.9303 -0.0759 -0.3587
vn 0.9855 -0.1668 -0.0315
vn -0.1397 -0.3150 -0.9387
vn -0.1803 -0.2063 -0.9617
vn -0.1443 -0.1592 -0.9767
vn 0.0170 0.0290 -0.9994
vn 0.0247 0.1309 -0.9911
vn 0.0640 0.2552 -0.9648
vn 0.2001 0.4234 -0.8835
vn 0.8772 0.4680 0.1072
vn 0.6801 0.6760 0.2837
vn 0.7173 0.6083 0.3398
vn 0.6967 0.5502 0.4603
vn 0.6965 0.6694 0.2584
vn 0.7725 0.6305 -0.0760
vn 0.8274 0.5556 -0.0822
vn 0.9074 0.4108 -0.0884
vn 0.1618 0.8115 0.5615
vn -0.6987 0.0091 0.7153
vn -0.6648 -0.2052 0.7183
vn -0.7488 -0.1930 0.6341
vn -0.3861 -0.1140 0.9154
vn -0.2351 -0.0204 0.9718
vn -0.5236 -0.0838 0.8478
vn -0.5554 -0.0403 0.8306
vn -0.3999 -0.1142 0.9094
vn -0.4845 0.1263 0.8656
vn -0.8133 0.2460 0.5273
vn -0.8075 0.5080 -0.2998
vn -0.8234 0.4426 -0.3550
vn -0.4252 0.7322 -0.5321
vn -0.4563 0.6200 -0.6383
vn -0.4158 0.5874 -0.6943
vn -0.1765 0.6309 -0.7555
vn -0.0627 0.5282 -0.8468
vn 0.0938 0.4324 -0.8968
vn 0.0961 0.5343 -0.8398
vn 0.2934 0.5240 -0.7996
vn 0.4700 0.5261 -0.7087
vn 0.6322 0.5454 -0.5503
vn 0.8947 0.4132 -0.1700
vn 0.9494 0.3102 -0.0494
vn 0.5927 0.5126 -0.6213
vn 0.6832 0.5314 -0.5008
vn -0.4357 0.8991 -0.0420
vn -0.6666 0.7452 0.0177
vn -0.6119 0.7244 0.3174
vn -0.5235 0.5182 0.6764
vn -0.5928 0.2902 0.7513
vn -0.6046 0.6147 0.5065
vn 0.9133 0.3708 -0.1682
vn 0.7310 0.5568 -0.3945
vn 0.5972 0.7125 -0.3684
vn 0.5104 0.7655 -0.3918
vn 0.2805 0.7776 -0.5627
vn -0.0784 0.7683 -0.6353
vn -0.2773 0.8486 -0.4506
vn -0.3460 0.9291 -0.1304
vn -0.1146 0.9453 0.3053
vn -0.1408 0.8873 0.4392
vn -0.1500 0.8946 0.4209
vn -0.2664 0.5831 0.7675
vn -0.1964 0.3066 0.9313
vn -0.2417 0.1629 0.9566
vn -0.3259 0.0007 0.9454
vn 0.0057 0.9501 0.3120
vn -0.0720 0.9774 0.1986
vn -0.1456 0.9874 0.0621
vn -0.2071 0.9777 -0.0354
vn -0.3530 0.9216 -0.1614
vn -0.5541 0.7330 -0.3946
vn -0.5995 0.6560 -0.4586
vn 0.0036 0.9899 0.1414
vn 0.0964 0.9870 0.1285
vn 0.1360 0.9894 -0.0511
vn 0.1737 0.9647 -0.1980
vn 0.1572 0.9364 -0.3139
vn 0.2055 0.6760 -0.7077
vn 0.2324 0.4781 -0.8470
vn 0.0292 0.9995 -0.0151
vn 0.1007 0.8975 -0.4293
vn 0.1983 0.9797 0.0298
vn 0.1248 0.8504 -0.5110
vn 0.3370 0.9372 -0.0899
vn 0.2797 0.9587 -0.0511
vn 0.3354 0.7332 -0.5916
vn 0.4504 0.8915 -0.0489
vn 0.3400 0.9404 -0.0008
vn 0.2519 0.9555 -0.1537
vn 0.4632 0.6181 -0.6351
vn 0.5859 0.7938 -0.1630
vn 0.4958 0.8682 -0.0204
vn 0.3902 0.8887 -0.2407
vn 0.3538 0.8257 -0.4394
vn 0.4925 0.5857 -0.6437
vn 0.6188 0.7057 -0.3450
vn 0.7624 0.6471 0.0044
vn 0.6230 0.6944 -0.3601
vn 0.4707 0.6774 -0.5653
vn 0.3806 0.5499 -0.7435
vn 0.0033 0.9887 0.1496
vn -0.0047 1.0000 -0.0073
vn -0.0933 0.9954 0.0239
vn 0.0231 0.9812 -0.1917
vn -0.0941 0.9847 -0.1468
vn -0.1517 0.9832 -0.1019
vn 0.0498 0.9440 -0.3261
vn -0.0668 0.9546 -0.2902
vn -0.1393 0.9632 -0.2299
vn -0.1826 0.9679 -0.1729
vn 0.0923 0.7865 -0.6106
vn -0.1014 0.8415 -0.5307
vn -0.1593 0.8244 -0.5432
vn -0.2397 0.8451 -0.4778
vn -0.4489 0.8025 -0.3930
vn 0.1513 0.4921 -0.8573
vn -0.0180 0.5947 -0.8038
vn -0.1975 0.6731 -0.7127
vn -0.2416 0.6953 -0.6769
vn -0.4367 0.6163 -0.6554
vn -0.5500 0.6079 -0.5726
vn -0.0318 0.8597 0.5098
vn -0.1438 0.9034 0.4040
vn -0.1106 0.7682 0.6306
vn -0.2458 0.9554 0.1637
vn -0.2503 0.8596 0.4454
vn -0.2282 0.6302 0.7421
vn -0.3196 0.9408 0.1131
vn -0.3558 0.8538 0.3800
vn -0.3462 0.6111 0.7118
vn -0.2680 0.4933 0.8275
vn -0.4913 0.8629 -0.1187
vn -0.4568 0.8168 0.3525
vn -0.4607 0.5820 0.6701
vn -0.4220 0.3697 0.8278
vn -0.3588 0.2827 0.8896
vn -0.6917 0.6353 -0.3435
vn -0.6901 0.7096 0.1422
vn -0.5254 0.4400 0.7282
vn -0.4819 0.2335 0.8446
vn -0.4993 0.2045 0.8420
vn -0.4717 0.0332 0.8811
vn -0.5500 0.8194 0.1617
vn -0.7513 0.6038 0.2664
vn -0.7371 0.6564 0.1607
vn -0.6217 0.5190 0.5866
vn -0.8190 0.4998 0.2818
vn -0.6610 0.5883 0.4658
vn -0.4250 0.3235 0.8454
vn -0.7948 0.2965 0.5295
vn -0.7423 0.3113 0.5933
vn -0.6243 0.3157 0.7146
vn -0.3679 0.4837 0.7942
vn -0.7380 -0.1561 0.6564
vn -0.7701 0.1263 0.6253
vn -0.6498 0.1047 0.7528
vn -0.5166 0.5523 0.6543
vn -0.2621 0.0478 0.9639
vn -0.6481 0.3802 0.6599
vn -0.7709 -0.0377 0.6358
vn -0.6392 -0.0884 0.7640
vn -0.6477 0.2492 0.7200
vn 0.3490 0.9032 0.2498
vn -0.5393 0.8145 -0.2140
vn -0.3922 0.9182 0.0560
vn -0.2223 0.9375 -0.2676
vn -0.2957 0.8387 0.4573
vn 0.1851 0.9602 0.2090
vn 0.2710 0.9452 -0.1822
vn -0.2882 0.6355 0.7163
vn 0.2491 0.8495 0.4651
vn 0.4886 0.8334 0.2584
vn 0.5865 0.8096 0.0236
vn -0.1715 0.5491 0.8180
vn 0.4067 0.7505 0.5208
vn 0.5492 0.7278 0.4107
vn 0.6235 0.7471 0.2304
vn 0.6576 0.7502 0.0686
vn 0.8059 0.5677 -0.1678
vn 0.7909 0.5997 0.1221
vn 0.6100 0.5756 0.5446
vn 0.7097 0.5383 0.4545
vn 0.7951 0.5142 0.3217
vn 0.7551 0.6432 0.1273
vn 0.6926 0.1723 -0.7005
vn 0.6824 -0.1740 -0.7100
vn 0.7399 0.5294 -0.4150
vn 0.8882 -0.0471 -0.4570
vn 0.9996 -0.0253 0.0111
vn 0.9850 0.1709 -0.0254
vn 0.9825 -0.1089 0.1510
vn 0.9794 -0.2011 0.0156
vn 0.9593 -0.2624 -0.1044
vn 0.8646 0.2942 -0.4073
vn 0.9925 0.0866 0.0858
vn 0.9971 0.0372 0.0671
vn 0.9354 -0.1115 -0.3356
vn 0.7676 0.0456 -0.6392
vn 0.6141 0.2595 -0.7454
vn 0.9931 -0.0021 0.1171
vn 0.9984 0.0566 0.0049
vn 0.9154 0.1389 -0.3779
vn 0.5888 0.3698 -0.7187
vn 0.6051 0.0697 -0.7931
vn 0.5453 0.2017 -0.8136
vn -0.0091 0.4471 -0.8945
vn 0.0151 0.2880 -0.9575
vn 0.0598 0.4175 -0.9067
vn 0.0007 0.1633 -0.9866
vn -0.0523 0.2748 -0.9601
vn -0.1110 0.4230 -0.8993
vn -0.1765 -0.0578 -0.9826
vn -0.2229 0.1065 -0.9690
vn -0.2874 0.2384 -0.9277
vn -0.3567 0.3996 -0.8445
vn -0.1673 -0.1744 -0.9703
vn -0.1544 0.0116 -0.9879
vn -0.2287 0.1903 -0.9547
vn -0.2969 0.3179 -0.9004
vn -0.3749 0.5073 -0.7760
vn -0.1579 -0.2301 -0.9603
vn 0.0071 -0.2099 -0.9777
vn -0.0958 0.1528 -0.9836
vn -0.2218 0.3061 -0.9258
vn -0.2797 0.4046 -0.8707
vn -0.3391 0.6553 -0.6750
vn -0.8079 0.3498 -0.4743
vn -0.4648 0.3552 -0.8110
vn -0.5005 0.4863 -0.7163
vn 0.9182 0.0760 0.3887
vn -0.9380 0.3220 -0.1284
vn -0.8839 0.4669 0.0268
vn -0.3778 -0.2204 0.8993
vn -0.3165 -0.2669 0.9103
vn -0.2261 -0.3273 0.9175
vn -0.8189 0.5709 0.0589
vn -0.4012 -0.2159 0.8902
vn -0.3673 -0.2142 0.9051
vn -0.3119 -0.2684 0.9114
vn -0.2667 -0.3123 0.9118
vn -0.3758 -0.2518 0.8919
vn 0.8651 -0.2611 0.4283
vn -0.4421 -0.1943 0.8757
vn -0.4918 -0.2155 0.8436
vn -0.4685 -0.2201 0.8556
vn -0.4186 -0.2521 0.8725
vn -0.4639 -0.1236 0.8772
vn -0.1351 0.1622 0.9775
vn -0.3507 0.0770 0.9333
vn -0.7614 -0.0568 0.6458
vn -0.2211 0.0455 0.9742
vn -0.2964 -0.0613 0.9531
vn -0.6561 -0.1769 0.7337
vn -0.1351 -0.0548 0.9893
vn -0.3244 -0.0341 0.9453
vn -0.5116 -0.2058 0.8342
vn -0.4085 0.6050 0.6835
vn -0.0488 -0.1331 0.9899
vn -0.3524 -0.0399 0.9350
vn -0.6880 -0.2895 0.6655
vn 0.0106 0.4919 0.8706
vn -0.8902 0.3011 0.3419
vn 0.0389 -0.2699 0.9621
vn -0.2498 -0.2394 0.9382
vn -0.4509 -0.6486 -0.6132
vn -0.8401 -0.5354 0.0864
vn 0.3343 -0.3226 -0.8856
vn 0.8678 0.4912 -0.0756
vn 0.7821 0.6231 0.0072
vn 0.8397 0.5207 0.1540
vn 0.7357 0.6755 0.0504
vn 0.6534 0.6392 0.4056
vn 0.6341 0.6994 0.3299
vn 0.5998 0.7362 0.3134
vn 0.4078 0.7441 0.5292
vn 0.4327 0.7434 0.5100
vn 0.4658 0.8178 0.3380
vn 0.5673 0.7655 0.3037
vn 0.3215 0.7811 0.5352
vn 0.4163 0.7893 0.4513
vn 0.6071 0.7432 0.2812
vn 0.5864 0.7819 0.2117
vn 0.5604 0.8069 0.1865
vn 0.5909 0.4871 0.6431
vn 0.6072 0.7084 0.3597
vn 0.5894 0.7917 0.1606
vn 0.5417 0.8394 0.0439
vn 0.7413 0.6684 0.0615
vn 0.7690 0.6067 0.2013
vn 0.4538 0.2146 -0.8649
vn 0.4798 0.2528 -0.8402
vn 0.2336 0.1227 -0.9646
vn 0.4801 0.1726 -0.8601
vn 0.2638 0.0103 -0.9645
vn 0.1346 0.0018 -0.9909
vn 0.5496 -0.1536 -0.8212
vn 0.3071 -0.1962 -0.9312
vn 0.1904 -0.1461 -0.9708
vn 0.0667 -0.1369 -0.9883
vn 0.6293 -0.2671 -0.7298
vn 0.4335 -0.3261 -0.8401
vn 0.2766 -0.2973 -0.9138
vn 0.1348 -0.3244 -0.9363
vn -0.0543 -0.3282 -0.9431
vn 0.7458 -0.2838 -0.6026
vn 0.4947 -0.3328 -0.8028
vn 0.3401 -0.3317 -0.8800
vn 0.1307 -0.3914 -0.9109
vn 0.0056 -0.4335 -0.9011
vn -0.0120 -0.4186 -0.9081
vn -0.7901 0.3340 -0.5139
vn -0.8401 0.2815 -0.4637
vn -0.9354 0.1900 -0.2981
vn -0.6728 0.0361 -0.7389
vn -0.9446 -0.0660 -0.3215
vn -0.8691 0.1061 -0.4830
vn -0.7345 -0.5396 -0.4115
vn -0.8812 -0.2531 -0.3993
vn -0.8615 -0.1918 -0.4702
vn -0.4593 0.0051 -0.8883
vn -0.3347 -0.6475 -0.6847
vn -0.6677 -0.6440 -0.3734
vn -0.7906 -0.3773 -0.4824
vn -0.9072 -0.3895 0.1593
vn -0.6215 -0.3413 0.7052
vn -0.3943 -0.5418 -0.7423
vn -0.5535 -0.5531 -0.6227
vn -0.6445 -0.5230 -0.5578
vn -0.8770 -0.4742 -0.0780
vn -0.7112 -0.2747 0.6472
vn -0.5727 -0.2301 0.7868
vn -0.5852 0.0845 0.8065
vn -0.6995 -0.0014 0.7147
vn -0.5592 0.0444 0.8278
vn -0.7896 -0.0591 0.6108
vn -0.6407 -0.0613 0.7653
vn -0.4734 -0.0611 0.8787
vn -0.7654 -0.2009 0.6114
vn -0.7098 -0.1764 0.6820
vn -0.5486 -0.1690 0.8188
vn -0.3791 -0.1571 0.9119
vn -0.7433 -0.3545 0.5673
vn -0.7298 -0.3391 0.5937
vn -0.5859 -0.3725 0.7197
vn -0.4241 -0.3486 0.8358
vn -0.2637 -0.3183 0.9106
vn -0.6492 -0.1946 0.7353
vn -0.8725 -0.1905 0.4498
vn -0.6646 -0.3153 0.6774
vn -0.4790 -0.3488 0.8055
vn -0.2962 -0.4089 0.8632
vn -0.1524 -0.4359 0.8870
vn 0.8204 0.5442 0.1755
vn 0.9133 0.4040 0.0523
vn 0.9015 0.4086 0.1425
vn 0.9130 0.4006 0.0775
vn 0.9013 0.4197 0.1072
vn 0.8688 0.4564 0.1922
vn 0.0181 0.0558 0.9983
vn 0.1027 -0.4165 0.9033
vn 0.8270 0.5352 0.1722
vn 0.7154 0.6070 0.3460
vn 0.2559 0.2667 0.9292
vn 0.8645 0.4922 0.1015
vn 0.8051 0.5703 0.1628
vn 0.6748 0.6850 0.2746
vn 0.4983 0.7503 0.4345
vn -0.1975 -0.4189 0.8863
vn 0.2655 -0.0409 0.9632
vn 0.1203 0.6598 -0.7418
vn 0.6660 0.6957 0.2691
vn 0.5124 0.7767 0.3664
vn 0.3477 0.7919 0.5019
vn 0.6176 0.7811 0.0917
vn 0.4575 0.8889 0.0254
vn 0.8929 0.1484 -0.4252
vn 0.0624 0.9947 0.0819
vn -0.6564 0.6203 0.4293
vn 0.6088 0.7771 -0.1594
vn -0.0726 0.9689 -0.2366
vn 0.5509 0.8341 -0.0268
vn 0.7910 0.6106 -0.0378
vn 0.9945 0.0489 -0.0921
vn -0.4560 0.8554 -0.2456
vn 0.8976 -0.3900 -0.2057
vn 0.9020 -0.2155 -0.3740
vn 0.8484 -0.2454 0.4691
vn 0.7595 -0.1512 0.6326
vn 0.1657 -0.9862 0.0033
vn -0.0748 -0.9879 0.1355
vn 0.5438 -0.7751 -0.3217
vn 0.9890 -0.0493 0.1398
vn 0.7246 -0.1689 0.6682
vn 0.6822 -0.1982 0.7037
vn 0.6230 -0.3522 -0.6985
vn 0.5094 -0.6869 -0.5182
vn 0.3149 -0.4151 -0.8535
vn 0.1943 -0.6500 -0.7347
vn 0.1286 -0.4384 -0.8895
vn 0.2961 -0.5971 -0.7455
vn 0.1154 -0.9056 -0.4080
vn 0.0229 -0.6173 -0.7864
vn 0.1631 -0.6875 -0.7076
vn 0.1117 -0.5750 -0.8105
vn -0.4428 -0.7001 -0.5601
vn 0.1798 -0.9662 -0.1848
vn -0.0011 -0.7959 -0.6054
vn 0.0184 -0.6842 -0.7290
vn -0.0330 -0.5299 -0.8474
vn 0.5173 0.6043 0.6060
vn 0.1102 -0.9895 -0.0933
vn -0.1658 -0.8547 -0.4920
vn -0.0751 -0.8041 -0.5898
vn -0.1111 -0.6412 -0.7593
vn -0.1021 -0.5207 -0.8476
vn -0.3895 -0.5628 -0.7291
vn -0.3802 -0.6653 -0.6425
vn -0.5270 -0.5924 -0.6094
vn -0.3141 -0.8043 -0.5044
vn -0.5167 -0.6812 -0.5187
vn -0.6035 -0.5964 -0.5293
vn -0.2488 -0.9045 -0.3464
vn -0.4559 -0.8226 -0.3398
vn -0.5378 -0.7253 -0.4297
vn -0.8464 -0.5207 0.1119
vn -0.0229 -0.9994 -0.0267
vn -0.4001 -0.8932 -0.2053
vn -0.6923 -0.7213 -0.0204
vn -0.7465 -0.6633 -0.0536
vn -0.6593 -0.0940 0.7460
vn 0.5301 -0.6157 0.5830
vn -0.0521 -0.9257 0.3747
vn -0.6718 -0.7027 0.2343
vn 0.3632 -0.8516 0.3781
vn -0.1537 0.6270 0.7637
vn -0.7096 -0.0798 0.7001
vn -0.5811 0.3524 0.7336
vn -0.7778 0.1922 0.5984
vn -0.7042 0.2248 0.6735
vn -0.6855 0.1257 0.7172
vn -0.5663 0.2765 0.7764
vn -0.4862 0.2797 0.8279
vn -0.4138 -0.1561 0.8969
vn -0.3785 0.1014 0.9200
vn -0.3414 0.2399 0.9088
vn -0.3490 0.2520 0.9026
vn 0.1782 -0.3842 0.9059
vn -0.0397 -0.1773 0.9834
vn -0.1177 0.0537 0.9916
vn -0.1401 0.2088 0.9679
vn -0.1901 0.1810 0.9650
vn 0.4485 -0.2748 0.8505
vn 0.3618 -0.1941 0.9118
vn 0.1918 -0.0756 0.9785
vn 0.0832 0.0833 0.9930
vn -0.0228 0.1115 0.9935
vn 0.1732 -0.1454 0.9741
vn 0.6546 -0.5349 0.5342
vn 0.3863 -0.4182 0.8221
vn -0.5253 0.1138 0.8433
vn 0.2870 -0.3553 0.8896
vn -0.3914 -0.1148 0.9131
vn -0.0910 0.3797 0.9206
vn 0.1737 -0.3147 0.9332
vn 0.2770 -0.4504 0.8488
vn 0.0041 0.4082 0.9129
vn 0.0803 -0.7945 -0.6019
vn 0.1125 -0.7001 0.7052
vn 0.2501 -0.3023 0.9198
vn -0.2133 0.5617 0.7993
vn 0.5585 0.7625 0.3266
vn 0.6060 0.0916 0.7902
vn -0.5704 -0.8000 0.1864
vn 0.3991 -0.5072 0.7639
vn 0.0931 0.7689 0.6325
vn 0.6998 -0.0925 0.7083
vn 0.7278 0.0202 0.6855
vn 0.7002 0.2075 0.6832
vn 0.0955 -0.1432 0.9851
vn 0.1875 -0.1186 0.9751
vn 0.2382 -0.1869 0.9530
vn 0.3804 -0.0271 0.9244
vn 0.3377 -0.1521 0.9289
vn 0.1449 -0.7930 0.5917
vn 0.5021 -0.0032 0.8648
vn 0.5069 -0.0591 0.8600
vn 0.5466 -0.3053 0.7797
vn 0.6051 -0.5603 0.5656
vn 0.4866 -0.2157 0.8466
vn 0.5273 -0.2808 0.8020
vn 0.4833 -0.2311 0.8444
vn 0.8753 -0.4601 0.1490
vn 0.9899 0.1368 -0.0359
vn 0.6546 -0.1058 0.7485
vn 0.6870 -0.0403 0.7256
vn 0.7076 -0.0826 0.7018
vn 0.4043 -0.2327 0.8845
vn 0.1825 -0.7871 0.5892
vn 0.3188 -0.8724 -0.3704
s 1
f 1285//1285 1304//1304 1303//1303
f 1286//1286 1310//1310 1324//1324
f 1285//1285 1303//1303 1338//1338
f 1285//1285 1338//1338 1352//1352
f 1285//1285 1352//1352 1325//1325
f 1286//1286 1324//1324 1373//1373
f 1287//1287 1317//1317 1387//1387
f 1288//1288 1345//1345 1401//1401
f 1289//1289 1359//1359 1415//1415
f 1290//1290 1366//1366 1429//1429
f 1286//1286 1373//1373 1388//1388
f 1287//1287 1387//1387 1402//1402
f 1288//1288 1401//1401 1416//1416
f 1289//1289 1415//1415 1430//1430
f 1290//1290 1429//1429 1374//1374
f 1291//1291 1443//1443 1478//1478
f 1292//1292 1450//1450 1492//1492
f 1293//1293 1457//1457 1499//1499
f 1294//1294 1464//1464 1506//1506
f 1295//1295 1471//1471 1479//1479
f 1485//1485 1500//1500 1296//1296
f 1484//1484 1507//1507 1485//1485
f 1483//1483 1508//1508 1484//1484
f 1482//1482 1510//1510 1483//1483
f 1481//1481 1513//1513 1482//1482
f 1480//1480 1517//1517 1481//1481
f 1479//1479 1522//1522 1480//1480
f 1485//1485 1507//1507 1500//1500
f 1507//1507 1501//1501 1500//1500
f 1484//1484 1508//1508 1507//1507
f 1508//1508 1509//1509 1507//1507
f 1507//1507 1509//1509 1501//1501
f 1509//1509 1502//1502 1501//1501
f 1483//1483 1510//1510 1508//1508
f 1510//1510 1511//1511 1508//1508
f 1508//1508 1511//1511 1509//1509
f 1511//1511 1512//1512 1509//1509
f 1509//1509 1512//1512 1502//1502
f 1512//1512 1503//1503 1502//1502
f 1482//1482 1513//1513 1510//1510
f 1513//1513 1514//1514 1510//1510
f 1510//1510 1514//1514 1511//1511
f 1514//1514 1515//1515 1511//1511
f 1511//1511 1515//1515 1512//1512
f 1515//1515 1516//1516 1512//1512
f 1512//1512 1516//1516 1503//1503
f 1516//1516 1504//1504 1503//1503
f 1481//1481 1517//1517 1513//1513
f 1517//1517 1518//1518 1513//1513
f 1513//1513 1518//1518 1514//1514
f 1518//1518 1519//1519 1514//1514
f 1514//1514 1519//1519 1515//1515
f 1519//1519 1520//1520 1515//1515
f 1515//1515 1520//1520 1516//1516
f 1520//1520 1521//1521 1516//1516
f 1516//1516 1521//1521 1504//1504
f 1521//1521 1505//1505 1504//1504
f 1480//1480 1522//1522 1517//1517
f 1522//1522 1523//1523 1517//1517
f 1517//1517 1523//1523 1518//1518
f 1523//1523 1524//1524 1518//1518
f 1518//1518 1524//1524 1519//1519
f 1524//1524 1525//1525 1519//1519
f 1519//1519 1525//1525 1520//1520
f 1525//1525 1526//1526 1520//1520
f 1520//1520 1526//1526 1521//1521
f 1526//1526 1527//1527 1521//1521
f 1521//1521 1527//1527 1505//1505
f 1527//1527 1506//1506 1505//1505
f 1479//1479 1471//1471 1522//1522
f 1471//1471 1470//1470 1522//1522
f 1522//1522 1470//1470 1523//1523
f 1470//1470 1469//1469 1523//1523
f 1523//1523 1469//1469 1524//1524
f 1469//1469 1468//1468 1524//1524
f 1524//1524 1468//1468 1525//1525
f 1468//1468 1467//1467 1525//1525
f 1525//1525 1467//1467 1526//1526
f 1467//1467 1466//1466 1526//1526
f 1526//1526 1466//1466 1527//1527
f 1466//1466 1465//1465 1527//1527
f 1527//1527 1465//1465 1506//1506
f 1465//1465 1294//1294 1506//1506
f 1500//1500 1493//1493 1296//1296
f 1501//1501 1528//1528 1500//1500
f 1502//1502 1529//1529 1501//1501
f 1503//1503 1531//1531 1502//1502
f 1504//1504 1534//1534 1503//1503
f 1505//1505 1538//1538 1504//1504
f 1506//1506 1543//1543 1505//1505
f 1500//1500 1528//1528 1493//1493
f 1528//1528 1494//1494 1493//1493
f 1501//1501 1529//1529 1528//1528
f 1529//1529 1530//1530 1528//1528
f 1528//1528 1530//1530 1494//1494
f 1530//1530 1495//1495 1494//1494
f 1502//1502 1531//1531 1529//1529
f 1531//1531 1532//1532 1529//1529
f 1529//1529 1532//1532 1530//1530
f 1532//1532 1533//1533 1530//1530
f 1530//1530 1533//1533 1495//1495
f 1533//1533 1496//1496 1495//1495
f 1503//1503 1534//1534 1531//1531
f 1534//1534 1535//1535 1531//1531
f 1531//1531 1535//1535 1532//1532
f 1535//1535 1536//1536 1532//1532
f 1532//1532 1536//1536 1533//1533
f 1536//1536 1537//1537 1533//1533
f 1533//1533 1537//1537 1496//1496
f 1537//1537 1497//1497 1496//1496
f 1504//1504 1538//1538 1534//1534
f 1538//1538 1539//1539 1534//1534
f 1534//1534 1539//1539 1535//1535
f 1539//1539 1540//1540 1535//1535
f 1535//1535 1540//1540 1536//1536
f 1540//1540 1541//1541 1536//1536
f 1536//1536 1541//1541 1537//1537
f 1541//1541 1542//1542 1537//1537
f 1537//1537 1542//1542 1497//1497
f 1542//1542 1498//1498 1497//1497
f 1505//1505 1543//1543 1538//1538
f 1543//1543 1544//1544 1538//1538
f 1538//1538 1544//1544 1539//1539
f 1544//1544 1545//1545 1539//1539
f 1539//1539 1545//1545 1540//1540
f 1545//1545 1546//1546 1540//1540
f 1540//1540 1546//1546 1541//1541
f 1546//1546 1547//1547 1541//1541
f 1541//1541 1547//1547 1542//1542
f 1547//1547 1548//1548 1542//1542
f 1542//1542 1548//1548 1498//1498
f 1548//1548 1499//1499 1498//1498
f 1506//1506 1464//1464 1543//1543
f 1464//1464 1463//1463 1543//1543
f 1543//1543 1463//1463 1544//1544
f 1463//1463 1462//1462 1544//1544
f 1544//1544 1462//1462 1545//1545
f 1462//1462 1461//1461 1545//1545
f 1545//1545 1461//1461 1546//1546
f 1461//1461 1460//1460 1546//1546
f 1546//1546 1460//1460 1547//1547
f 1460//1460 1459//1459 1547//1547
f 1547//1547 1459//1459 1548//1548
f 1459//1459 1458//1458 1548//1548
f 1548//1548 1458//1458 1499//1499
f 1458//1458 1293//1293 1499//1499
f 1493//1493 1486//1486 1296//1296
f 1494//1494 1549//1549 1493//1493
f 1495//1495 1550//1550 1494//1494
f 1496//1496 1552//1552 1495//1495
f 1497//1497 1555//1555 1496//1496
f 1498//1498 1559//1559 1497//1497
f 1499//1499 1564//1564 1498//1498
f 1493//1493 1549//1549 1486//1486
f 1549//1549 1487//1487 1486//1486
f 1494//1494 1550//1550 1549//1549
f 1550//1550 1551//1551 1549//1549
f 1549//1549 1551//1551 1487//1487
f 1551//1551 1488//1488 1487//1487
f 1495//1495 1552//1552 1550//1550
f 1552//1552 1553//1553 1550//1550
f 1550//1550 1553//1553 1551//1551
f 1553//1553 1554//1554 1551//1551
f 1551//1551 1554//1554 1488//1488
f 1554//1554 1489//1489 1488//1488
f 1496//1496 1555//1555 1552//1552
f 1555//1555 1556//1556 1552//1552
f 1552//1552 1556//1556 1553//1553
f 1556//1556 1557//1557 1553//1553
f 1553//1553 1557//1557 1554//1554
f 1557//1557 1558//1558 1554//1554
f 1554//1554 1558//1558 1489//1489
f 1558//1558 1490//1490 1489//1489
f 1497//1497 1559//1559 1555//1555
f 1559//1559 1560//1560 1555//1555
f 1555//1555 1560//1560 1556//1556
f 1560//1560 1561//1561 1556//1556
f 1556//1556 1561//1561 1557//1557
f 1561//1561 1562//1562 1557//1557
f 1557//1557 1562//1562 1558//1558
f 1562//1562 1563//1563 1558//1558
f 1558//1558 1563//1563 1490//1490
f 1563//1563 1491//1491 1490//1490
f 1498//1498 1564//1564 1559//1559
f 1564//1564 1565//1565 1559//1559
f 1559//1559 1565//1565 1560//1560
f 1565//1565 1566//1566 1560//1560
f 1560//1560 1566//1566 1561//1561
f 1566//1566 1567//1567 1561//1561
f 1561//1561 1567//1567 1562//1562
f 1567//1567 1568//1568 1562//1562
f 1562//1562 1568//1568 1563//1563
f 1568//1568 1569//1569 1563//1563
f 1563//1563 1569//1569 1491//1491
f 1569//1569 1492//1492 1491//1491
f 1499//1499 1457//1457 1564//1564
f 1457//1457 1456//1456 1564//1564
f 1564//1564 1456//1456 1565//1565
f 1456//1456 1455//1455 1565//1565
f 1565//1565 1455//1455 1566//1566
f 1455//1455 1454//1454 1566//1566
f 1566//1566 1454//1454 1567//1567
f 1454//1454 1453//1453 1567//1567
f 1567//1567 1453//1453 1568//1568
f 1453//1453 1452//1452 1568//1568
f 1568//1568 1452//1452 1569//1569
f 1452//1452 1451//1451 1569//1569
f 1569//1569 1451//1451 1492//1492
f 1451//1451 1292//1292 1492//1492
f 1486//1486 1472//1472 1296//1296
f 1487//1487 1570//1570 1486//1486
f 1488//1488 1571//1571 1487//1487
f 1489//1489 1573//1573 1488//1488
f 1490//1490 1576//1576 1489//1489
f 1491//1491 1580//1580 1490//1490
f 1492//1492 1585//1585 1491//1491
f 1486//1486 1570//1570 1472//1472
f 1570//1570 1473//1473 1472//1472
f 1487//1487 1571//1571 1570//1570
f 1571//1571 1572//1572 1570//1570
f 1570//1570 1572//1572 1473//1473
f 1572//1572 1474//1474 1473//1473
f 1488//1488 1573//1573 1571//1571
f 1573//1573 1574//1574 1571//1571
f 1571//1571 1574//1574 1572//1572
f 1574//1574 1575//1575 1572//1572
f 1572//1572 1575//1575 1474//1474
f 1575//1575 1475//1475 1474//1474
f 1489//1489 1576//1576 1573//1573
f 1576//1576 1577//1577 1573//1573
f 1573//1573 1577//1577 1574//1574
f 1577//1577 1578//1578 1574//1574
f 1574//1574 1578//1578 1575//1575
f 1578//1578 1579//1579 1575//1575
f 1575//1575 1579//1579 1475//1475
f 1579//1579 1476//1476 1475//1475
f 1490//1490 1580//1580 1576//1576
f 1580//1580 1581//1581 1576//1576
f 1576//1576 1581//1581 1577//1577
f 1581//1581 1582//1582 1577//1577
f 1577//1577 1582//1582 1578//1578
f 1582//1582 1583//1583 1578//1578
f 1578//1578 1583//1583 1579//1579
f 1583//1583 1584//1584 1579//1579
f 1579//1579 1584//1584 1476//1476
f 1584//1584 1477//1477 1476//1476
f 1491//1491 1585//1585 1580//1580
f 1585//1585 1586//1586 1580//1580
f 1580//1580 1586//1586 1581//1581
f 1586//1586 1587//1587 1581//1581
f 1581//1581 1587//1587 1582//1582
f 1587//1587 1588//1588 1582//1582
f 1582//1582 1588//1588 1583//1583
f 1588//1588 1589//1589 1583//1583
f 1583//1583 1589//1589 1584//1584
f 1589//1589 1590//1590 1584//1584
f 1584//1584 1590//1590 1477//1477
f 1590//1590 1478//1478 1477//1477
f 1492//1492 1450//1450 1585//1585
f 1450//1450 1449//1449 1585//1585
f 1585//1585 1449//1449 1586//1586
f 1449//1449 1448//1448 1586//1586
f 1586//1586 1448//1448 1587//1587
f 1448//1448 1447//1447 1587//1587
f 1587//1587 1447//1447 1588//1588
f 1447//1447 1446//1446 1588//1588
f 1588//1588 1446//1446 1589//1589
f 1446//1446 1445//1445 1589//1589
f 1589//1589 1445//1445 1590//1590
f 1445//1445 1444//1444 1590//1590
f 1590//1590 1444//1444 1478//1478
f 1444//1444 1291//1291 1478//1478
f 1472//1472 1485//1485 1296//1296
f 1473//1473 1591//1591 1472//1472
f 1474//1474 1592//1592 1473//1473
f 1475//1475 1594//1594 1474//1474
f 1476//1476 1597//1597 1475//1475
f 1477//1477 1601//1601 1476//1476
f 1478//1478 1606//1606 1477//1477
f 1472//1472 1591//1591 1485//1485
f 1591//1591 1484//1484 1485//1485
f 1473//1473 1592//1592 1591//1591
f 1592//1592 1593//1593 1591//1591
f 1591//1591 1593//1593 1484//1484
f 1593//1593 1483//1483 1484//1484
f 1474//1474 1594//1594 1592//1592
f 1594//1594 1595//1595 1592//1592
f 1592//1592 1595//1595 1593//1593
f 1595//1595 1596//1596 1593//1593
f 1593//1593 1596//1596 1483//1483
f 1596//1596 1482//1482 1483//1483
f 1475//1475 1597//1597 1594//1594
f 1597//1597 1598//1598 1594//1594
f 1594//1594 1598//1598 1595//1595
f 1598//1598 1599//1599 1595//1595
f 1595//1595 1599//1599 1596//1596
f 1599//1599 1600//1600 1596//1596
f 1596//1596 1600//1600 1482//1482
f 1600//1600 1481//1481 1482//1482
f 1476//1476 1601//1601 1597//1597
f 1601//1601 1602//1602 1597//1597
f 1597//1597 1602//1602 1598//1598
f 1602//1602 1603//1603 1598//1598
f 1598//1598 1603//1603 1599//1599
f 1603//1603 1604//1604 1599//1599
f 1599//1599 1604//1604 1600//1600
f 1604//1604 1605//1605 1600//1600
f 1600//1600 1605//1605 1481//1481
f 1605//1605 1480//1480 1481//1481
f 1477//1477 1606//1606 1601//1601
f 1606//1606 1607//1607 1601//1601
f 1601//1601 1607//1607 1602//1602
f 1607//1607 1608//1608 1602//1602
f 1602//1602 1608//1608 1603//1603
f 1608//1608 1609//1609 1603//1603
f 1603//1603 1609//1609 1604//1604
f 1609//1609 1610//1610 1604//1604
f 1604//1604 1610//1610 1605//1605
f 1610//1610 1611//1611 1605//1605
f 1605//1605 1611//1611 1480//1480
f 1611//1611 1479//1479 1480//1480
f 1478//1478 1443//1443 1606//1606
f 1443//1443 1442//1442 1606//1606
f 1606//1606 1442//1442 1607//1607
f 1442//1442 1441//1441 1607//1607
f 1607//1607 1441//1441 1608//1608
f 1441//1441 1440//1440 1608//1608
f 1608//1608 1440//1440 1609//1609
f 1440//1440 1439//1439 1609//1609
f 1609//1609 1439//1439 1610//1610
f 1439//1439 1438//1438 1610//1610
f 1610//1610 1438//1438 1611//1611
f 1438//1438 1437//1437 1611//1611
f 1611//1611 1437//1437 1479//1479
f 1437//1437 1295//1295 1479//1479
f 1380//1380 1471//1471 1295//1295
f 1379//1379 1612//1612 1380//1380
f 1378//1378 1613//1613 1379//1379
f 1377//1377 1615//1615 1378//1378
f 1376//1376 1618//1618 1377//1377
f 1375//1375 1622//1622 1376//1376
f 1374//1374 1627//1627 1375//1375
f 1380//1380 1612//1612 1471//1471
f 1612//1612 1470//1470 1471//1471
f 1379//1379 1613//1613 1612//1612
f 1613//1613 1614//1614 1612//1612
f 1612//1612 1614//1614 1470//1470
f 1614//1614 1469//1469 1470//1470
f 1378//1378 1615//1615 1613//1613
f 1615//1615 1616//1616 1613//1613
f 1613//1613 1616//1616 1614//1614
f 1616//1616 1617//1617 1614//1614
f 1614//1614 1617//1617 1469//1469
f 1617//1617 1468//1468 1469//1469
f 1377//1377 1618//1618 1615//1615
f 1618//1618 1619//1619 1615//1615
f 1615//1615 1619//1619 1616//1616
f 1619//1619 1620//1620 1616//1616
f 1616//1616 1620//1620 1617//1617
f 1620//1620 1621//1621 1617//1617
f 1617//1617 1621//1621 1468//1468
f 1621//1621 1467//1467 1468//1468
f 1376//1376 1622//1622 1618//1618
f 1622//1622 1623//1623 1618//1618
f 1618//1618 1623//1623 1619//1619
f 1623//1623 1624//1624 1619//1619
f 1619//1619 1624//1624 1620//1620
f 1624//1624 1625//1625 1620//1620
f 1620//1620 1625//1625 1621//1621
f 1625//1625 1626//1626 1621//1621
f 1621//1621 1626//1626 1467//1467
f 1626//1626 1466//1466 1467//1467
f 1375//1375 1627//1627 1622//1622
f 1627//1627 1628//1628 1622//1622
f 1622//1622 1628//1628 1623//1623
f 1628//1628 1629//1629 1623//1623
f 1623//1623 1629//1629 1624//1624
f 1629//1629 1630//1630 1624//1624
f 1624//1624 1630//1630 1625//1625
f 1630//1630 1631//1631 1625//1625
f 1625//1625 1631//1631 1626//1626
f 1631//1631 1632//1632 1626//1626
f 1626//1626 1632//1632 1466//1466
f 1632//1632 1465//1465 1466//1466
f 1374//1374 1429//1429 1627//1627
f 1429//1429 1428//1428 1627//1627
f 1627//1627 1428//1428 1628//1628
f 1428//1428 1427//1427 1628//1628
f 1628//1628 1427//1427 1629//1629
f 1427//1427 1426//1426 1629//1629
f 1629//1629 1426//1426 1630//1630
f 1426//1426 1425//1425 1630//1630
f 1630//1630 1425//1425 1631//1631
f 1425//1425 1424//1424 1631//1631
f 1631//1631 1424//1424 1632//1632
f 1424//1424 1423//1423 1632//1632
f 1632//1632 1423//1423 1465//1465
f 1423//1423 1294//1294 1465//1465
f 1436//1436 1464//1464 1294//1294
f 1435//1435 1633//1633 1436//1436
f 1434//1434 1634//1634 1435//1435
f 1433//1433 1636//1636 1434//1434
f 1432//1432 1639//1639 1433//1433
f 1431//1431 1643//1643 1432//1432
f 1430//1430 1648//1648 1431//1431
f 1436//1436 1633//1633 1464//1464
f 1633//1633 1463//1463 1464//1464
f 1435//1435 1634//1634 1633//1633
f 1634//1634 1635//1635 1633//1633
f 1633//1633 1635//1635 1463//1463
f 1635//1635 1462//1462 1463//1463
f 1434//1434 1636//1636 1634//1634
f 1636//1636 1637//1637 1634//1634
f 1634//1634 1637//1637 1635//1635
f 1637//1637 1638//1638 1635//1635
f 1635//1635 1638//1638 1462//1462
f 1638//1638 1461//1461 1462//1462
f 1433//1433 1639//1639 1636//1636
f 1639//1639 1640//1640 1636//1636
f 1636//1636 1640//1640 1637//1637
f 1640//1640 1641//1641 1637//1637
f 1637//1637 1641//1641 1638//1638
f 1641//1641 1642//1642 1638//1638
f 1638//1638 1642//1642 1461//1461
f 1642//1642 1460//1460 1461//1461
f 1432//1432 1643//1643 1639//1639
f 1643//1643 1644//1644 1639//1639
f 1639//1639 1644//1644 1640//1640
f 1644//1644 1645//1645 1640//1640
f 1640//1640 1645//1645 1641//1641
f 1645//1645 1646//1646 1641//1641
f 1641//1641 1646//1646 1642//1642
f 1646//1646 1647//1647 1642//1642
f 1642//1642 1647//1647 1460//1460
f 1647//1647 1459//1459 1460//1460
f 1431//1431 1648//1648 1643//1643
f 1648//1648 1649//1649 1643//1643
f 1643//1643 1649//1649 1644//1644
f 1649//1649 1650//1650 1644//1644
f 1644//1644 1650//1650 1645//1645
f 1650//1650 1651//1651 1645//1645
f 1645//1645 1651//1651 1646//1646
f 1651//1651 1652//1652 1646//1646
f 1646//1646 1652//1652 1647//1647
f 1652//1652 1653//1653 1647//1647
f 1647//1647 1653//1653 1459//1459
f 1653//1653 1458//1458 1459//1459
f 1430//1430 1415//1415 1648//1648
f 1415//1415 1414//1414 1648//1648
f 1648//1648 1414//1414 1649//1649
f 1414//1414 1413//1413 1649//1649
f 1649//1649 1413//1413 1650//1650
f 1413//1413 1412//1412 1650//1650
f 1650//1650 1412//1412 1651//1651
f 1412//1412 1411//1411 1651//1651
f 1651//1651 1411//1411 1652//1652
f 1411//1411 1410//1410 1652//1652
f 1652//1652 1410//1410 1653//1653
f 1410//1410 1409//1409 1653//1653
f 1653//1653 1409//1409 1458//1458
f 1409//1409 1293//1293 1458//1458
f 1422//1422 1457//1457 1293//1293
f 1421//1421 1654//1654 1422//1422
f 1420//1420 1655//1655 1421//1421
f 1419//1419 1657//1657 1420//1420
f 1418//1418 1660//1660 1419//1419
f 1417//1417 1664//1664 1418//1418
f 1416//1416 1669//1669 1417//1417
f 1422//1422 1654//1654 1457//1457
f 1654//1654 1456//1456 1457//1457
f 1421//1421 1655//1655 1654//1654
f 1655//1655 1656//1656 1654//1654
f 1654//1654 1656//1656 1456//1456
f 1656//1656 1455//1455 1456//1456
f 1420//1420 1657//1657 1655//1655
f 1657//1657 1658//1658 1655//1655
f 1655//1655 1658//1658 1656//1656
f 1658//1658 1659//1659 1656//1656
f 1656//1656 1659//1659 1455//1455
f 1659//1659 1454//1454 1455//1455
f 1419//1419 1660//1660 1657//1657
f 1660//1660 1661//1661 1657//1657
f 1657//1657 1661//1661 1658//1658
f 1661//1661 1662//1662 1658//1658
f 1658//1658 1662//1662 1659//1659
f 1662//1662 1663//1663 1659//1659
f 1659//1659 1663//1663 1454//1454
f 1663//1663 1453//1453 1454//1454
f 1418//1418 1664//1664 1660//1660
f 1664//1664 1665//1665 1660//1660
f 1660//1660 1665//1665 1661//1661
f 1665//1665 1666//1666 1661//1661
f 1661//1661 1666//1666 1662//1662
f 1666//1666 1667//1667 1662//1662
f 1662//1662 1667//1667 1663//1663
f 1667//1667 1668//1668 1663//1663
f 1663//1663 1668//1668 1453//1453
f 1668//1668 1452//1452 1453//1453
f 1417//1417 1669//1669 1664//1664
f 1669//1669 1670//1670 1664//1664
f 1664//1664 1670//1670 1665//1665
f 1670//1670 1671//1671 1665//1665
f 1665//1665 1671//1671 1666//1666
f 1671//1671 1672//1672 1666//1666
f 1666//1666 1672//1672 1667//1667
f 1672//1672 1673//1673 1667//1667
f 1667//1667 1673//1673 1668//1668
f 1673//1673 1674//1674 1668//1668
f 1668//1668 1674//1674 1452//1452
f 1674//1674 1451//1451 1452//1452
f 1416//1416 1401//1401 1669//1669
f 1401//1401 1400//1400 1669//1669
f 1669//1669 1400//1400 1670//1670
f 1400//1400 1399//1399 1670//1670
f 1670//1670 1399//1399 1671//1671
f 1399//1399 1398//1398 1671//1671
f 1671//1671 1398//1398 1672//1672
f 1398//1398 1397//1397 1672//1672
f 1672//1672 1397//1397 1673//1673
f 1397//1397 1396//1396 1673//1673
f 1673//1673 1396//1396 1674//1674
f 1396//1396 1395//1395 1674//1674
f 1674//1674 1395//1395 1451//1451
f 1395//1395 1292//1292 1451//1451
f 1408//1408 1450//1450 1292//1292
f 1407//1407 1675//1675 1408//1408
f 1406//1406 1676//1676 1407//1407
f 1405//1405 1678//1678 1406//1406
f 1404//1404 1681//1681 1405//1405
f 1403//1403 1685//1685 1404//1404
f 1402//1402 1690//1690 1403//1403
f 1408//1408 1675//1675 1450//1450
f 1675//1675 1449//1449 1450//1450
f 1407//1407 1676//1676 1675//1675
f 1676//1676 1677//1677 1675//1675
f 1675//1675 1677//1677 1449//1449
f 1677//1677 1448//1448 1449//1449
f 1406//1406 1678//1678 1676//1676
f 1678//1678 1679//1679 1676//1676
f 1676//1676 1679//1679 1677//1677
f 1679//1679 1680//1680 1677//1677
f 1677//1677 1680//1680 1448//1448
f 1680//1680 1447//1447 1448//1448
f 1405//1405 1681//1681 1678//1678
f 1681//1681 1682//1682 1678//1678
f 1678//1678 1682//1682 1679//1679
f 1682//1682 1683//1683 1679//1679
f 1679//1679 1683//1683 1680//1680
f 1683//1683 1684//1684 1680//1680
f 1680//1680 1684//1684 1447//1447
f 1684//1684 1446//1446 1447//1447
f 1404//1404 1685//1685 1681//1681
f 1685//1685 1686//1686 1681//1681
f 1681//1681 1686//1686 1682//1682
f 1686//1686 1687//1687 1682//1682
f 1682//1682 1687//1687 1683//1683
f 1687//1687 1688//1688 1683//1683
f 1683//1683 1688//1688 1684//1684
f 1688//1688 1689//1689 1684//1684
f 1684//1684 1689//1689 1446//1446
f 1689//1689 1445//1445 1446//1446
f 1403//1403 1690//1690 1685//1685
f 1690//1690 1691//1691 1685//1685
f 1685//1685 1691//1691 1686//1686
f 1691//1691 1692//1692 1686//1686
f 1686//1686 1692//1692 1687//1687
f 1692//1692 1693//1693 1687//1687
f 1687//1687 1693//1693 1688//1688
f 1693//1693 1694//1694 1688//1688
f 1688//1688 1694//1694 1689//1689
f 1694//1694 1695//1695 1689//1689
f 1689//1689 1695//1695 1445//1445
f 1695//1695 1444//1444 1445//1445
f 1402//1402 1387//1387 1690//1690
f 1387//1387 1386//1386 1690//1690
f 1690//1690 1386//1386 1691//1691
f 1386//1386 1385//1385 1691//1691
f 1691//1691 1385//1385 1692//1692
f 1385//1385 1384//1384 1692//1692
f 1692//1692 1384//1384 1693//1693
f 1384//1384 1383//1383 1693//1693
f 1693//1693 1383//1383 1694//1694
f 1383//1383 1382//1382 1694//1694
f 1694//1694 1382//1382 1695//1695
f 1382//1382 1381//1381 1695//1695
f 1695//1695 1381//1381 1444//1444
f 1381//1381 1291//1291 1444//1444
f 1394//1394 1443//1443 1291//1291
f 1393//1393 1696//1696 1394//1394
f 1392//1392 1697//1697 1393//1393
f 1391//1391 1699//1699 1392//1392
f 1390//1390 1702//1702 1391//1391
f 1389//1389 1706//1706 1390//1390
f 1388//1388 1711//1711 1389//1389
f 1394//1394 1696//1696 1443//1443
f 1696//1696 1442//1442 1443//1443
f 1393//1393 1697//1697 1696//1696
f 1697//1697 1698//1698 1696//1696
f 1696//1696 1698//1698 1442//1442
f 1698//1698 1441//1441 1442//1442
f 1392//1392 1699//1699 1697//1697
f 1699//1699 1700//1700 1697//1697
f 1697//1697 1700//1700 1698//1698
f 1700//1700 1701//1701 1698//1698
f 1698//1698 1701//1701 1441//1441
f 1701//1701 1440//1440 1441//1441
f 1391//1391 1702//1702 1699//1699
f 1702//1702 1703//1703 1699//1699
f 1699//1699 1703//1703 1700//1700
f 1703//1703 1704//1704 1700//1700
f 1700//1700 1704//1704 1701//1701
f 1704//1704 1705//1705 1701//1701
f 1701//1701 1705//1705 1440//1440
f 1705//1705 1439//1439 1440//1440
f 1390//1390 1706//1706 1702//1702
f 1706//1706 1707//1707 1702//1702
f 1702//1702 1707//1707 1703//1703
f 1707//1707 1708//1708 1703//1703
f 1703//1703 1708//1708 1704//1704
f 1708//1708 1709//1709 1704//1704
f 1704//1704 1709//1709 1705//1705
f 1709//1709 1710//1710 1705//1705
f 1705//1705 1710//1710 1439//1439
f 1710//1710 1438//1438 1439//1439
f 1389//1389 1711//1711 1706//1706
f 1711//1711 1712//1712 1706//1706
f 1706//1706 1712//1712 1707//1707
f 1712//1712 1713//1713 1707//1707
f 1707//1707 1713//1713 1708//1708
f 1713//1713 1714//1714 1708//1708
f 1708//1708 1714//1714 1709//1709
f 1714//1714 1715//1715 1709//1709
f 1709//1709 1715//1715 1710//1710
f 1715//1715 1716//1716 1710//1710
f 1710//1710 1716//1716 1438//1438
f 1716//1716 1437//1437 1438//1438
f 1388//1388 1373//1373 1711//1711
f 1373//1373 1372//1372 1711//1711
f 1711//1711 1372//1372 1712//1712
f 1372//1372 1371//1371 1712//1712
f 1712//1712 1371//1371 1713//1713
f 1371//1371 1370//1370 1713//1713
f 1713//1713 1370//1370 1714//1714
f 1370//1370 1369//1369 1714//1714
f 1714//1714 1369//1369 1715//1715
f 1369//1369 1368//1368 1715//1715
f 1715//1715 1368//1368 1716//1716
f 1368//1368 1367//1367 1716//1716
f 1716//1716 1367//1367 1437//1437
f 1367//1367 1295//1295 1437//1437
f 1423//1423 1436//1436 1294//1294
f 1424//1424 1717//1717 1423//1423
f 1425//1425 1718//1718 1424//1424
f 1426//1426 1720//1720 1425//1425
f 1427//1427 1723//1723 1426//1426
f 1428//1428 1727//1727 1427//1427
f 1429//1429 1732//1732 1428//1428
f 1423//1423 1717//1717 1436//1436
f 1717//1717 1435//1435 1436//1436
f 1424//1424 1718//1718 1717//1717
f 1718//1718 1719//1719 1717//1717
f 1717//1717 1719//1719 1435//1435
f 1719//1719 1434//1434 1435//1435
f 1425//1425 1720//1720 1718//1718
f 1720//1720 1721//1721 1718//1718
f 1718//1718 1721//1721 1719//1719
f 1721//1721 1722//1722 1719//1719
f 1719//1719 1722//1722 1434//1434
f 1722//1722 1433//1433 1434//1434
f 1426//1426 1723//1723 1720//1720
f 1723//1723 1724//1724 1720//1720
f 1720//1720 1724//1724 1721//1721
f 1724//1724 1725//1725 1721//1721
f 1721//1721 1725//1725 1722//1722
f 1725//1725 1726//1726 1722//1722
f 1722//1722 1726//1726 1433//1433
f 1726//1726 1432//1432 1433//1433
f 1427//1427 1727//1727 1723//1723
f 1727//1727 1728//1728 1723//1723
f 1723//1723 1728//1728 1724//1724
f 1728//1728 1729//1729 1724//1724
f 1724//1724 1729//1729 1725//1725
f 1729//1729 1730//1730 1725//1725
f 1725//1725 1730//1730 1726//1726
f 1730//1730 1731//1731 1726//1726
f 1726//1726 1731//1731 1432//1432
f 1731//1731 1431//1431 1432//1432
f 1428//1428 1732//1732 1727//1727
f 1732//1732 1733//1733 1727//1727
f 1727//1727 1733//1733 1728//1728
f 1733//1733 1734//1734 1728//1728
f 1728//1728 1734//1734 1729//1729
f 1734//1734 1735//1735 1729//1729
f 1729//1729 1735//1735 1730//1730
f 1735//1735 1736//1736 1730//1730
f 1730//1730 1736//1736 1731//1731
f 1736//1736 1737//1737 1731//1731
f 1731//1731 1737//1737 1431//1431
f 1737//1737 1430//1430 1431//1431
f 1429//1429 1366//1366 1732//1732
f 1366//1366 1365//1365 1732//1732
f 1732//1732 1365//1365 1733//1733
f 1365//1365 1364//1364 1733//1733
f 1733//1733 1364//1364 1734//1734
f 1364//1364 1363//1363 1734//1734
f 1734//1734 1363//1363 1735//1735
f 1363//1363 1362//1362 1735//1735
f 1735//1735 1362//1362 1736//1736
f 1362//1362 1361//1361 1736//1736
f 1736//1736 1361//1361 1737//1737
f 1361//1361 1360//1360 1737//1737
f 1737//1737 1360//1360 1430//1430
f 1360//1360 1289//1289 1430//1430
f 1409//1409 1422//1422 1293//1293
f 1410//1410 1738//1738 1409//1409
f 1411//1411 1739//1739 1410//1410
f 1412//1412 1741//1741 1411//1411
f 1413//1413 1744//1744 1412//1412
f 1414//1414 1748//1748 1413//1413
f 1415//1415 1753//1753 1414//1414
f 1409//1409 1738//1738 1422//1422
f 1738//1738 1421//1421 1422//1422
f 1410//1410 1739//1739 1738//1738
f 1739//1739 1740//1740 1738//1738
f 1738//1738 1740//1740 1421//1421
f 1740//1740 1420//1420 1421//1421
f 1411//1411 1741//1741 1739//1739
f 1741//1741 1742//1742 1739//1739
f 1739//1739 1742//1742 1740//1740
f 1742//1742 1743//1743 1740//1740
f 1740//1740 1743//1743 1420//1420
f 1743//1743 1419//1419 1420//1420
f 1412//1412 1744//1744 1741//1741
f 1744//1744 1745//1745 1741//1741
f 1741//1741 1745//1745 1742//1742
f 1745//1745 1746//1746 1742//1742
f 1742//1742 1746//1746 1743//1743
f 1746//1746 1747//1747 1743//1743
f 1743//1743 1747//1747 1419//1419
f 1747//1747 1418//1418 1419//1419
f 1413//1413 1748//1748 1744//1744
f 1748//1748 1749//1749 1744//1744
f 1744//1744 1749//1749 1745//1745
f 1749//1749 1750//1750 1745//1745
f 1745//1745 1750//1750 1746//1746
f 1750//1750 1751//1751 1746//1746
f 1746//1746 1751//1751 1747//1747
f 1751//1751 1752//1752 1747//1747
f 1747//1747 1752//1752 1418//1418
f 1752//1752 1417//1417 1418//1418
f 1414//1414 1753//1753 1748//1748
f 1753//1753 1754//1754 1748//1748
f 1748//1748 1754//1754 1749//1749
f 1754//1754 1755//1755 1749//1749
f 1749//1749 1755//1755 1750//1750
f 1755//1755 1756//1756 1750//1750
f 1750//1750 1756//1756 1751//1751
f 1756//1756 1757//1757 1751//1751
f 1751//1751 1757//1757 1752//1752
f 1757//1757 1758//1758 1752//1752
f 1752//1752 1758//1758 1417//1417
f 1758//1758 1416//1416 1417//1417
f 1415//1415 1359//1359 1753//1753
f 1359//1359 1358//1358 1753//1753
f 1753//1753 1358//1358 1754//1754
f 1358//1358 1357//1357 1754//1754
f 1754//1754 1357//1357 1755//1755
f 1357//1357 1356//1356 1755//1755
f 1755//1755 1356//1356 1756//1756
f 1356//1356 1355//1355 1756//1756
f 1756//1756 1355//1355 1757//1757
f 1355//1355 1354//1354 1757//1757
f 1757//1757 1354//1354 1758//1758
f 1354//1354 1353//1353 1758//1758
f 1758//1758 1353//1353 1416//1416
f 1353//1353 1288//1288 1416//1416
f 1395//1395 1408//1408 1292//1292
f 1396//1396 1759//1759 1395//1395
f 1397//1397 1760//1760 1396//1396
f 1398//1398 1762//1762 1397//1397
f 1399//1399 1765//1765 1398//1398
f 1400//1400 1769//1769 1399//1399
f 1401//1401 1774//1774 1400//1400
f 1395//1395 1759//1759 1408//1408
f 1759//1759 1407//1407 1408//1408
f 1396//1396 1760//1760 1759//1759
f 1760//1760 1761//1761 1759//1759
f 1759//1759 1761//1761 1407//1407
f 1761//1761 1406//1406 1407//1407
f 1397//1397 1762//1762 1760//1760
f 1762//1762 1763//1763 1760//1760
f 1760//1760 1763//1763 1761//1761
f 1763//1763 1764//1764 1761//1761
f 1761//1761 1764//1764 1406//1406
f 1764//1764 1405//1405 1406//1406
f 1398//1398 1765//1765 1762//1762
f 1765//1765 1766//1766 1762//1762
f 1762//1762 1766//1766 1763//1763
f 1766//1766 1767//1767 1763//1763
f 1763//1763 1767//1767 1764//1764
f 1767//1767 1768//1768 1764//1764
f 1764//1764 1768//1768 1405//1405
f 1768//1768 1404//1404 1405//1405
f 1399//1399 1769//1769 1765//1765
f 1769//1769 1770//1770 1765//1765
f 1765//1765 1770//1770 1766//1766
f 1770//1770 1771//1771 1766//1766
f 1766//1766 1771//1771 1767//1767
f 1771//1771 1772//1772 1767//1767
f 1767//1767 1772//1772 1768//1768
f 1772//1772 1773//1773 1768//1768
f 1768//1768 1773//1773 1404//1404
f 1773//1773 1403//1403 1404//1404
f 1400//1400 1774//1774 1769//1769
f 1774//1774 1775//1775 1769//1769
f 1769//1769 1775//1775 1770//1770
f 1775//1775 1776//1776 1770//1770
f 1770//1770 1776//1776 1771//1771
f 1776//1776 1777//1777 1771//1771
f 1771//1771 1777//1777 1772//1772
f 1777//1777 1778//1778 1772//1772
f 1772//1772 1778//1778 1773//1773
f 1778//1778 1779//1779 1773//1773
f 1773//1773 1779//1779 1403//1403
f 1779//1779 1402//1402 1403//1403
f 1401//1401 1345//1345 1774//1774
f 1345//1345 1344//1344 1774//1774
f 1774//1774 1344//1344 1775//1775
f 1344//1344 1343//1343 1775//1775
f 1775//1775 1343//1343 1776//1776
f 1343//1343 1342//1342 1776//1776
f 1776//1776 1342//1342 1777//1777
f 1342//1342 1341//1341 1777//1777
f 1777//1777 1341//1341 1778//1778
f 1341//1341 1340//1340 1778//1778
f 1778//1778 1340//1340 1779//1779
f 1340//1340 1339//1339 1779//1779
f 1779//1779 1339//1339 1402//1402
f 1339//1339 1287//1287 1402//1402
f 1381//1381 1394//1394 1291//1291
f 1382//1382 1780//1780 1381//1381
f 1383//1383 1781//1781 1382//1382
f 1384//1384 1783//1783 1383//1383
f 1385//1385 1786//1786 1384//1384
f 1386//1386 1790//1790 1385//1385
f 1387//1387 1795//1795 1386//1386
f 1381//1381 1780//1780 1394//1394
f 1780//1780 1393//1393 1394//1394
f 1382//1382 1781//1781 1780//1780
f 1781//1781 1782//1782 1780//1780
f 1780//1780 1782//1782 1393//1393
f 1782//1782 1392//1392 1393//1393
f 1383//1383 1783//1783 1781//1781
f 1783//1783 1784//1784 1781//1781
f 1781//1781 1784//1784 1782//1782
f 1784//1784 1785//1785 1782//1782
f 1782//1782 1785//1785 1392//1392
f 1785//1785 1391//1391 1392//1392
f 1384//1384 1786//1786 1783//1783
f 1786//1786 1787//1787 1783//1783
f 1783//1783 1787//1787 1784//1784
f 1787//1787 1788//1788 1784//1784
f 1784//1784 1788//1788 1785//1785
f 1788//1788 1789//1789 1785//1785
f 1785//1785 1789//1789 1391//1391
f 1789//1789 1390//1390 1391//1391
f 1385//1385 1790//1790 1786//1786
f 1790//1790 1791//1791 1786//1786
f 1786//1786 1791//1791 1787//1787
f 1791//1791 1792//1792 1787//1787
f 1787//1787 1792//1792 1788//1788
f 1792//1792 1793//1793 1788//1788
f 1788//1788 1793//1793 1789//1789
f 1793//1793 1794//1794 1789//1789
f 1789//1789 1794//1794 1390//1390
f 1794//1794 1389//1389 1390//1390
f 1386//1386 1795//1795 1790//1790
f 1795//1795 1796//1796 1790//1790
f 1790//1790 1796//1796 1791//1791
f 1796//1796 1797//1797 1791//1791
f 1791//1791 1797//1797 1792//1792
f 1797//1797 1798//1798 1792//1792
f 1792//1792 1798//1798 1793//1793
f 1798//1798 1799//1799 1793//1793
f 1793//1793 1799//1799 1794//1794
f 1799//1799 1800//1800 1794//1794
f 1794//1794 1800//1800 1389//1389
f 1800//1800 1388//1388 1389//1389
f 1387//1387 1317//1317 1795//1795
f 1317//1317 1316//1316 1795//1795
f 1795//1795 1316//1316 1796//1796
f 1316//1316 1315//1315 1796//1796
f 1796//1796 1315//1315 1797//1797
f 1315//1315 1314//1314 1797//1797
f 1797//1797 1314//1314 1798//1798
f 1314//1314 1313//1313 1798//1798
f 1798//1798 1313//1313 1799//1799
f 1313//1313 1312//1312 1799//1799
f 1799//1799 1312//1312 1800//1800
f 1312//1312 1311//1311 1800//1800
f 1800//1800 1311//1311 1388//1388
f 1311//1311 1286//1286 1388//1388
f 1367//1367 1380//1380 1295//1295
f 1368//1368 1801//1801 1367//1367
f 1369//1369 1802//1802 1368//1368
f 1370//1370 1804//1804 1369//1369
f 1371//1371 1807//1807 1370//1370
f 1372//1372 1811//1811 1371//1371
f 1373//1373 1816//1816 1372//1372
f 1367//1367 1801//1801 1380//1380
f 1801//1801 1379//1379 1380//1380
f 1368//1368 1802//1802 1801//1801
f 1802//1802 1803//1803 1801//1801
f 1801//1801 1803//1803 1379//1379
f 1803//1803 1378//1378 1379//1379
f 1369//1369 1804//1804 1802//1802
f 1804//1804 1805//1805 1802//1802
f 1802//1802 1805//1805 1803//1803
f 1805//1805 1806//1806 1803//1803
f 1803//1803 1806//1806 1378//1378
f 1806//1806 1377//1377 1378//1378
f 1370//1370 1807//1807 1804//1804
f 1807//1807 1808//1808 1804//1804
f 1804//1804 1808//1808 1805//1805
f 1808//1808 1809//1809 1805//1805
f 1805//1805 1809//1809 1806//1806
f 1809//1809 1810//1810 1806//1806
f 1806//1806 1810//1810 1377//1377
f 1810//1810 1376//1376 1377//1377
f 1371//1371 1811//1811 1807//1807
f 1811//1811 1812//1812 1807//1807
f 1807//1807 1812//1812 1808//1808
f 1812//1812 1813//1813 1808//1808
f 1808//1808 1813//1813 1809//1809
f 1813//1813 1814//1814 1809//1809
f 1809//1809 1814//1814 1810//1810
f 1814//1814 1815//1815 1810//1810
f 1810//1810 1815//1815 1376//1376
f 1815//1815 1375//1375 1376//1376
f 1372//1372 1816//1816 1811//1811
f 1816//1816 1817//1817 1811//1811
f 1811//1811 1817//1817 1812//1812
f 1817//1817 1818//1818 1812//1812
f 1812//1812 1818//1818 1813//1813
f 1818//1818 1819//1819 1813//1813
f 1813//1813 1819//1819 1814//1814
f 1819//1819 1820//1820 1814//1814
f 1814//1814 1820//1820 1815//1815
f 1820//1820 1821//1821 1815//1815
f 1815//1815 1821//1821 1375//1375
f 1821//1821 1374//1374 1375//1375
f 1373//1373 1324//1324 1816//1816
f 1324//1324 1323//1323 1816//1816
f 1816//1816 1323//1323 1817//1817
f 1323//1323 1322//1322 1817//1817
f 1817//1817 1322//1322 1818//1818
f 1322//1322 1321//1321 1818//1818
f 1818//1818 1321//1321 1819//1819
f 1321//1321 1320//1320 1819//1819
f 1819//1819 1320//1320 1820//1820
f 1320//1320 1319//1319 1820//1820
f 1820//1820 1319//1319 1821//1821
f 1319//1319 1318//1318 1821//1821
f 1821//1821 1318//1318 1374//1374
f 1318//1318 1290//1290 1374//1374
f 1331//1331 1366//1366 1290//1290
f 1330//1330 1822//1822 1331//1331
f 1329//1329 1823//1823 1330//1330
f 1328//1328 1825//1825 1329//1329
f 1327//1327 1828//1828 1328//1328
f 1326//1326 1832//1832 1327//1327
f 1325//1325 1837//1837 1326//1326
f 1331//1331 1822//1822 1366//1366
f 1822//1822 1365//1365 1366//1366
f 1330//1330 1823//1823 1822//1822
f 1823//1823 1824//1824 1822//1822
f 1822//1822 1824//1824 1365//1365
f 1824//1824 1364//1364 1365//1365
f 1329//1329 1825//1825 1823//1823
f 1825//1825 1826//1826 1823//1823
f 1823//1823 1826//1826 1824//1824
f 1826//1826 1827//1827 1824//1824
f 1824//1824 1827//1827 1364//1364
f 1827//1827 1363//1363 1364//1364
f 1328//1328 1828//1828 1825//1825
f 1828//1828 1829//1829 1825//1825
f 1825//1825 1829//1829 1826//1826
f 1829//1829 1830//1830 1826//1826
f 1826//1826 1830//1830 1827//1827
f 1830//1830 1831//1831 1827//1827
f 1827//1827 1831//1831 1363//1363
f 1831//1831 1362//1362 1363//1363
f 1327//1327 1832//1832 1828//1828
f 1832//1832 1833//1833 1828//1828
f 1828//1828 1833//1833 1829//1829
f 1833//1833 1834//1834 1829//1829
f 1829//1829 1834//1834 1830//1830
f 1834//1834 1835//1835 1830//1830
f 1830//1830 1835//1835 1831//1831
f 1835//1835 1836//1836 1831//1831
f 1831//1831 1836//1836 1362//1362
f 1836//1836 1361//1361 1362//1362
f 1326//1326 1837//1837 1832//1832
f 1837//1837 1838//1838 1832//1832
f 1832//1832 1838//1838 1833//1833
f 1838//1838 1839//1839 1833//1833
f 1833//1833 1839//1839 1834//1834
f 1839//1839 1840//1840 1834//1834
f 1834//1834 1840//1840 1835//1835
f 1840//1840 1841//1841 1835//1835
f 1835//1835 1841//1841 1836//1836
f 1841//1841 1842//1842 1836//1836
f 1836//1836 1842//1842 1361//1361
f 1842//1842 1360//1360 1361//1361
f 1325//1325 1352//1352 1837//1837
f 1352//1352 1351//1351 1837//1837
f 1837//1837 1351//1351 1838//1838
f 1351//1351 1350//1350 1838//1838
f 1838//1838 1350//1350 1839//1839
f 1350//1350 1349//1349 1839//1839
f 1839//1839 1349//1349 1840//1840
f 1349//1349 1348//1348 1840//1840
f 1840//1840 1348//1348 1841//1841
f 1348//1348 1347//1347 1841//1841
f 1841//1841 1347//1347 1842//1842
f 1347//1347 1346//1346 1842//1842
f 1842//1842 1346//1346 1360//1360
f 1346//1346 1289//1289 1360//1360
f 1346//1346 1359//1359 1289//1289
f 1347//1347 1843//1843 1346//1346
f 1348//1348 1844//1844 1347//1347
f 1349//1349 1846//1846 1348//1348
f 1350//1350 1849//1849 1349//1349
f 1351//1351 1853//1853 1350//1350
f 1352//1352 1858//1858 1351//1351
f 1346//1346 1843//1843 1359//1359
f 1843//1843 1358//1358 1359//1359
f 1347//1347 1844//1844 1843//1843
f 1844//1844 1845//1845 1843//1843
f 1843//1843 1845//1845 1358//1358
f 1845//1845 1357//1357 1358//1358
f 1348//1348 1846//1846 1844//1844
f 1846//1846 1847//1847 1844//1844
f 1844//1844 1847//1847 1845//1845
f 1847//1847 1848//1848 1845//1845
f 1845//1845 1848//1848 1357//1357
f 1848//1848 1356//1356 1357//1357
f 1349//1349 1849//1849 1846//1846
f 1849//1849 1850//1850 1846//1846
f 1846//1846 1850//1850 1847//1847
f 1850//1850 1851//1851 1847//1847
f 1847//1847 1851//1851 1848//1848
f 1851//1851 1852//1852 1848//1848
f 1848//1848 1852//1852 1356//1356
f 1852//1852 1355//1355 1356//1356
f 1350//1350 1853//1853 1849//1849
f 1853//1853 1854//1854 1849//1849
f 1849//1849 1854//1854 1850//1850
f 1854//1854 1855//1855 1850//1850
f 1850//1850 1855//1855 1851//1851
f 1855//1855 1856//1856 1851//1851
f 1851//1851 1856//1856 1852//1852
f 1856//1856 1857//1857 1852//1852
f 1852//1852 1857//1857 1355//1355
f 1857//1857 1354//1354 1355//1355
f 1351//1351 1858//1858 1853//1853
f 1858//1858 1859//1859 1853//1853
f 1853//1853 1859//1859 1854//1854
f 1859//1859 1860//1860 1854//1854
f 1854//1854 1860//1860 1855//1855
f 1860//1860 1861//1861 1855//1855
f 1855//1855 1861//1861 1856//1856
f 1861//1861 1862//1862 1856//1856
f 1856//1856 1862//1862 1857//1857
f 1862//1862 1863//1863 1857//1857
f 1857//1857 1863//1863 1354//1354
f 1863//1863 1353//1353 1354//1354
f 1352//1352 1338//1338 1858//1858
f 1338//1338 1337//1337 1858//1858
f 1858//1858 1337//1337 1859//1859
f 1337//1337 1336//1336 1859//1859
f 1859//1859 1336//1336 1860//1860
f 1336//1336 1335//1335 1860//1860
f 1860//1860 1335//1335 1861//1861
f 1335//1335 1334//1334 1861//1861
f 1861//1861 1334//1334 1862//1862
f 1334//1334 1333//1333 1862//1862
f 1862//1862 1333//1333 1863//1863
f 1333//1333 1332//1332 1863//1863
f 1863//1863 1332//1332 1353//1353
f 1332//1332 1288//1288 1353//1353
f 1332//1332 1345//1345 1288//1288
f 1333//1333 1864//1864 1332//1332
f 1334//1334 1865//1865 1333//1333
f 1335//1335 1867//1867 1334//1334
f 1336//1336 1870//1870 1335//1335
f 1337//1337 1874//1874 1336//1336
f 1338//1338 1879//1879 1337//1337
f 1332//1332 1864//1864 1345//1345
f 1864//1864 1344//1344 1345//1345
f 1333//1333 1865//1865 1864//1864
f 1865//1865 1866//1866 1864//1864
f 1864//1864 1866//1866 1344//1344
f 1866//1866 1343//1343 1344//1344
f 1334//1334 1867//1867 1865//1865
f 1867//1867 1868//1868 1865//1865
f 1865//1865 1868//1868 1866//1866
f 1868//1868 1869//1869 1866//1866
f 1866//1866 1869//1869 1343//1343
f 1869//1869 1342//1342 1343//1343
f 1335//1335 1870//1870 1867//1867
f 1870//1870 1871//1871 1867//1867
f 1867//1867 1871//1871 1868//1868
f 1871//1871 1872//1872 1868//1868
f 1868//1868 1872//1872 1869//1869
f 1872//1872 1873//1873 1869//1869
f 1869//1869 1873//1873 1342//1342
f 1873//1873 1341//1341 1342//1342
f 1336//1336 1874//1874 1870//1870
f 1874//1874 1875//1875 1870//1870
f 1870//1870 1875//1875 1871//1871
f 1875//1875 1876//1876 1871//1871
f 1871//1871 1876//1876 1872//1872
f 1876//1876 1877//1877 1872//1872
f 1872//1872 1877//1877 1873//1873
f 1877//1877 1878//1878 1873//1873
f 1873//1873 1878//1878 1341//1341
f 1878//1878 1340//1340 1341//1341
f 1337//1337 1879//1879 1874//1874
f 1879//1879 1880//1880 1874//1874
f 1874//1874 1880//1880 1875//1875
f 1880//1880 1881//1881 1875//1875
f 1875//1875 1881//1881 1876//1876
f 1881//1881 1882//1882 1876//1876
f 1876//1876 1882//1882 1877//1877
f 1882//1882 1883//1883 1877//1877
f 1877//1877 1883//1883 1878//1878
f 1883//1883 1884//1884 1878//1878
f 1878//1878 1884//1884 1340//1340
f 1884//1884 1339//1339 1340//1340
f 1338//1338 1303//1303 1879//1879
f 1303//1303 1302//1302 1879//1879
f 1879//1879 1302//1302 1880//1880
f 1302//1302 1301//1301 1880//1880
f 1880//1880 1301//1301 1881//1881
f 1301//1301 1300//1300 1881//1881
f 1881//1881 1300//1300 1882//1882
f 1300//1300 1299//1299 1882//1882
f 1882//1882 1299//1299 1883//1883
f 1299//1299 1298//1298 1883//1883
f 1883//1883 1298//1298 1884//1884
f 1298//1298 1297//1297 1884//1884
f 1884//1884 1297//1297 1339//1339
f 1297//1297 1287//1287 1339//1339
f 1318//1318 1331//1331 1290//1290
f 1319//1319 1885//1885 1318//1318
f 1320//1320 1886//1886 1319//1319
f 1321//1321 1888//1888 1320//1320
f 1322//1322 1891//1891 1321//1321
f 1323//1323 1895//1895 1322//1322
f 1324//1324 1900//1900 1323//1323
f 1318//1318 1885//1885 1331//1331
f 1885//1885 1330//1330 1331//1331
f 1319//1319 1886//1886 1885//1885
f 1886//1886 1887//1887 1885//1885
f 1885//1885 1887//1887 1330//1330
f 1887//1887 1329//1329 1330//1330
f 1320//1320 1888//1888 1886//1886
f 1888//1888 1889//1889 1886//1886
f 1886//1886 1889//1889 1887//1887
f 1889//1889 1890//1890 1887//1887
f 1887//1887 1890//1890 1329//1329
f 1890//1890 1328//1328 1329//1329
f 1321//1321 1891//1891 1888//1888
f 1891//1891 1892//1892 1888//1888
f 1888//1888 1892//1892 1889//1889
f 1892//1892 1893//1893 1889//1889
f 1889//1889 1893//1893 1890//1890
f 1893//1893 1894//1894 1890//1890
f 1890//1890 1894//1894 1328//1328
f 1894//1894 1327//1327 1328//1328
f 1322//1322 1895//1895 1891//1891
f 1895//1895 1896//1896 1891//1891
f 1891//1891 1896//1896 1892//1892
f 1896//1896 1897//1897 1892//1892
f 1892//1892 1897//1897 1893//1893
f 1897//1897 1898//1898 1893//1893
f 1893//1893 1898//1898 1894//1894
f 1898//1898 1899//1899 1894//1894
f 1894//1894 1899//1899 1327//1327
f 1899//1899 1326//1326 1327//1327
f 1323//1323 1900//1900 1895//1895
f 1900//1900 1901//1901 1895//1895
f 1895//1895 1901//1901 1896//1896
f 1901//1901 1902//1902 1896//1896
f 1896//1896 1902//1902 1897//1897
f 1902//1902 1903//1903 1897//1897
f 1897//1897 1903//1903 1898//1898
f 1903//1903 1904//1904 1898//1898
f 1898//1898 1904//1904 1899//1899
f 1904//1904 1905//1905 1899//1899
f 1899//1899 1905//1905 1326//1326
f 1905//1905 1325//1325 1326//1326
f 1324//1324 1310//1310 1900//1900
f 1310//1310 1309//1309 1900//1900
f 1900//1900 1309//1309 1901//1901
f 1309//1309 1308//1308 1901//1901
f 1901//1901 1308//1308 1902//1902
f 1308//1308 1307//1307 1902//1902
f 1902//1902 1307//1307 1903//1903
f 1307//1307 1306//1306 1903//1903
f 1903//1903 1306//1306 1904//1904
f 1306//1306 1305//1305 1904//1904
f 1904//1904 1305//1305 1905//1905
f 1305//1305 1304//1304 1905//1905
f 1905//1905 1304//1304 1325//1325
f 1304//1304 1285//1285 1325//1325
f 1297//1297 1317//1317 1287//1287
f 1298//1298 1906//1906 1297//1297
f 1299//1299 1907//1907 1298//1298
f 1300//1300 1909//1909 1299//1299
f 1301//1301 1912//1912 1300//1300
f 1302//1302 1916//1916 1301//1301
f 1303//1303 1921//1921 1302//1302
f 1297//1297 1906//1906 1317//1317
f 1906//1906 1316//1316 1317//1317
f 1298//1298 1907//1907 1906//1906
f 1907//1907 1908//1908 1906//1906
f 1906//1906 1908//1908 1316//1316
f 1908//1908 1315//1315 1316//1316
f 1299//1299 1909//1909 1907//1907
f 1909//1909 1910//1910 1907//1907
f 1907//1907 1910//1910 1908//1908
f 1910//1910 1911//1911 1908//1908
f 1908//1908 1911//1911 1315//1315
f 1911//1911 1314//1314 1315//1315
f 1300//1300 1912//1912 1909//1909
f 1912//1912 1913//1913 1909//1909
f 1909//1909 1913//1913 1910//1910
f 1913//1913 1914//1914 1910//1910
f 1910//1910 1914//1914 1911//1911
f 1914//1914 1915//1915 1911//1911
f 1911//1911 1915//1915 1314//1314
f 1915//1915 1313//1313 1314//1314
f 1301//1301 1916//1916 1912//1912
f 1916//1916 1917//1917 1912//1912
f 1912//1912 1917//1917 1913//1913
f 1917//1917 1918//1918 1913//1913
f 1913//1913 1918//1918 1914//1914
f 1918//1918 1919//1919 1914//1914
f 1914//1914 1919//1919 1915//1915
f 1919//1919 1920//1920 1915//1915
f 1915//1915 1920//1920 1313//1313
f 1920//1920 1312//1312 1313//1313
f 1302//1302 1921//1921 1916//1916
f 1921//1921 1922//1922 1916//1916
f 1916//1916 1922//1922 1917//1917
f 1922//1922 1923//1923 1917//1917
f 1917//1917 1923//1923 1918//1918
f 1923//1923 1924//1924 1918//1918
f 1918//1918 1924//1924 1919//1919
f 1924//1924 1925//1925 1919//1919
f 1919//1919 1925//1925 1920//1920
f 1925//1925 1926//1926 1920//1920
f 1920//1920 1926//1926 1312//1312
f 1926//1926 1311//1311 1312//1312
f 1303//1303 1304//1304 1921//1921
f 1304//1304 1305//1305 1921//1921
f 1921//1921 1305//1305 1922//1922
f 1305//1305 1306//1306 1922//1922
f 1922//1922 1306//1306 1923//1923
f 1306//1306 1307//1307 1923//1923
f 1923//1923 1307//1307 1924//1924
f 1307//1307 1308//1308 1924//1924
f 1924//1924 1308//1308 1925//1925
f 1308//1308 1309//1309 1925//1925
f 1925//1925 1309//1309 1926//1926
f 1309//1309 1310//1310 1926//1926
f 1926//1926 1310//1310 1311//1311
f 1310//1310 1286//1286 1311//1311
o NEW_Left_ventricle
v 0.042005 1.239466 0.028147
v 0.070753 1.263676 0.049274
v 0.046253 1.268444 0.050493
v 0.005487 1.258530 0.019519
v 0.032038 1.264763 -0.003538
v 0.072078 1.263458 0.006540
v 0.054277 1.297877 0.060220
v 0.015665 1.305053 0.035263
v 0.014399 1.301793 0.009609
v 0.053490 1.299751 -0.006171
v 0.075450 1.298043 0.028088
v 0.046006 1.318148 0.025717
v 0.046030 1.266002 0.049127
v 0.046413 1.262740 0.047188
v 0.041825 1.241582 0.041258
v 0.040597 1.241604 0.040470
v 0.039384 1.241709 0.039682
v 0.039111 1.242090 0.037973
v 0.040628 1.240190 0.032974
v 0.045835 1.238869 0.031196
v 0.049806 1.238551 0.034721
v 0.055709 1.246806 0.036728
v 0.059617 1.247443 0.040660
v 0.063924 1.250325 0.043657
v 0.067938 1.254477 0.046158
v 0.070098 1.259276 0.048101
v 0.069775 1.262135 0.053162
v 0.066847 1.260646 0.057962
v 0.059279 1.260845 0.058210
v 0.055905 1.261618 0.058114
v 0.053212 1.263572 0.056302
v 0.050675 1.265636 0.054652
v 0.048616 1.267098 0.052882
v 0.073026 1.262582 0.011561
v 0.075528 1.261279 0.016065
v 0.077746 1.260274 0.021543
v 0.079158 1.259742 0.027739
v 0.079897 1.259692 0.034094
v 0.072947 1.261830 0.040290
v 0.073226 1.262456 0.045178
v 0.045892 1.238845 0.025120
v 0.050363 1.238886 0.021468
v 0.054604 1.247328 0.020003
v 0.058302 1.249913 0.017458
v 0.065066 1.249503 0.011227
v 0.067718 1.254594 0.009621
v 0.069494 1.259495 0.008471
v 0.007593 1.255099 0.021462
v 0.011136 1.251303 0.023463
v 0.015630 1.248182 0.025750
v 0.020491 1.245748 0.027818
v 0.026207 1.243294 0.028298
v 0.032012 1.241755 0.028181
v 0.037307 1.240484 0.028133
v 0.044408 1.267322 0.047780
v 0.040977 1.268208 0.043314
v 0.038294 1.268758 0.040011
v 0.018199 1.246313 0.027471
v 0.013155 1.249490 0.024709
v 0.008692 1.253450 0.022337
v 0.006958 1.255793 0.021095
v 0.032829 1.261420 -0.001613
v 0.032414 1.252649 -0.002767
v 0.033797 1.248998 0.001944
v 0.035477 1.245787 0.007141
v 0.037241 1.243108 0.012650
v 0.038951 1.241186 0.018181
v 0.040571 1.240051 0.023407
v 0.005437 1.259242 0.019075
v 0.005871 1.260093 0.017506
v 0.008274 1.259409 0.011860
v 0.011822 1.259131 0.006129
v 0.020363 1.262874 0.005050
v 0.023863 1.263333 0.000960
v 0.028199 1.263903 -0.001529
v 0.036282 1.263870 -0.004193
v 0.040829 1.263276 -0.003990
v 0.047761 1.259217 -0.008433
v 0.053802 1.259608 -0.005938
v 0.059036 1.260463 -0.002665
v 0.063616 1.261497 0.000805
v 0.068823 1.262141 0.003165
v 0.077147 1.294750 0.030928
v 0.078801 1.290893 0.033961
v 0.080210 1.286524 0.037289
v 0.081356 1.281823 0.040728
v 0.080057 1.276562 0.043724
v 0.080348 1.271929 0.046599
v 0.073361 1.267132 0.047823
v 0.074412 1.267238 0.008376
v 0.076435 1.271578 0.010627
v 0.077858 1.276398 0.013405
v 0.078727 1.281482 0.016412
v 0.078826 1.286298 0.019524
v 0.078140 1.290857 0.022631
v 0.076910 1.294823 0.025499
v 0.054213 1.294830 0.062259
v 0.054483 1.291104 0.064136
v 0.054715 1.286469 0.065941
v 0.054848 1.281741 0.067463
v 0.055001 1.277125 0.068752
v 0.048516 1.272928 0.054552
v 0.047451 1.271149 0.052961
v 0.072144 1.267245 0.052908
v 0.070355 1.271559 0.055855
v 0.067795 1.276262 0.058102
v 0.064804 1.280228 0.058989
v 0.063615 1.287765 0.063786
v 0.060119 1.292305 0.063777
v 0.056541 1.295310 0.062010
v 0.014893 1.303710 0.034432
v 0.013449 1.302387 0.032981
v 0.012776 1.300840 0.031075
v 0.019655 1.285029 0.026495
v 0.018537 1.279548 0.024245
v 0.003851 1.263014 0.017218
v 0.004600 1.260677 0.018365
v 0.045446 1.271367 0.050405
v 0.042459 1.274727 0.047836
v 0.041468 1.276758 0.046941
v 0.039059 1.280140 0.043672
v 0.031192 1.284835 0.036674
v 0.017185 1.303517 0.034851
v 0.016393 1.304300 0.035083
v 0.016986 1.293911 0.003937
v 0.016429 1.292059 0.003734
v 0.015902 1.290068 0.004399
v 0.020301 1.271983 -0.009071
v 0.021873 1.272172 -0.009189
v 0.024739 1.271144 -0.007190
v 0.027794 1.268359 -0.006064
v 0.003948 1.262976 0.017235
v 0.003633 1.265741 0.015617
v 0.003965 1.266919 0.014268
v 0.012314 1.280764 0.008835
v 0.012081 1.284221 0.007513
v 0.013504 1.287964 0.006799
v 0.013403 1.299852 0.012006
v 0.056351 1.295984 -0.006259
v 0.059162 1.291550 -0.005747
v 0.062076 1.286616 -0.004715
v 0.064919 1.281467 -0.003346
v 0.067482 1.276398 -0.001393
v 0.069555 1.271614 0.001061
v 0.071002 1.267258 0.003847
v 0.033893 1.268495 -0.005646
v 0.035563 1.271122 -0.013679
v 0.039783 1.275373 -0.014567
v 0.044243 1.281182 -0.013905
v 0.045982 1.286997 -0.012084
v 0.048879 1.292105 -0.011155
v 0.051360 1.296251 -0.008717
v 0.074585 1.299027 0.032419
v 0.073101 1.299769 0.037093
v 0.070969 1.300479 0.042298
v 0.068406 1.300987 0.047503
v 0.065089 1.301035 0.052031
v 0.061236 1.300426 0.055844
v 0.057214 1.299219 0.058429
v 0.053733 1.298155 0.059603
v 0.053531 1.298767 0.058774
v 0.053423 1.299405 0.057978
v 0.053333 1.300341 0.056921
v 0.022562 1.307209 0.036003
v 0.020325 1.306946 0.036198
v 0.017552 1.306071 0.035887
v 0.013847 1.305590 0.035016
v 0.011377 1.305502 0.034184
v 0.009466 1.304440 0.032394
v 0.007634 1.302826 0.028261
v 0.008913 1.303243 0.021965
v 0.008996 1.301855 0.015985
v 0.011771 1.301708 0.011799
v 0.017266 1.302781 0.007912
v 0.022329 1.299708 0.000958
v 0.026819 1.301268 -0.001368
v 0.031740 1.301832 -0.004361
v 0.035665 1.299994 -0.005905
v 0.044949 1.301847 -0.006430
v 0.048955 1.301176 -0.007095
v 0.057190 1.300698 -0.003438
v 0.061219 1.301513 0.000051
v 0.065101 1.301934 0.004128
v 0.068701 1.301925 0.008923
v 0.071400 1.301392 0.013879
v 0.073336 1.300484 0.018961
v 0.074614 1.299352 0.023712
v 0.048011 1.317398 0.029695
v 0.049936 1.315851 0.034546
v 0.051390 1.313775 0.039561
v 0.052307 1.311093 0.044224
v 0.053636 1.307626 0.049069
v 0.053739 1.304362 0.053884
v 0.054028 1.301108 0.057220
v 0.073131 1.301739 0.027843
v 0.069924 1.305583 0.027738
v 0.066092 1.309705 0.027715
v 0.061654 1.312881 0.027687
v 0.056704 1.315445 0.027786
v 0.051488 1.317123 0.027732
v 0.047483 1.318168 0.027298
v 0.046096 1.317814 0.026266
v 0.028831 1.317397 0.029051
v 0.025630 1.316326 0.032782
v 0.023077 1.314678 0.035190
v 0.020129 1.311896 0.036482
v 0.017961 1.309125 0.036519
v 0.016261 1.306912 0.035972
v 0.044876 1.318132 0.023584
v 0.031115 1.318583 0.021762
v 0.030002 1.319502 0.018741
v 0.026225 1.317745 0.014324
v 0.021900 1.313517 0.009254
v 0.017555 1.308251 0.008448
v 0.014921 1.303992 0.008109
v 0.045257 1.318553 0.023160
v 0.045921 1.318125 0.019152
v 0.047510 1.317188 0.013814
v 0.049535 1.315147 0.008278
v 0.050352 1.312157 0.003384
v 0.051746 1.308232 -0.000773
v 0.052758 1.303936 -0.003894
v 0.048316 1.318057 0.023318
v 0.053824 1.316723 0.023153
v 0.050436 1.317210 0.018204
v 0.059116 1.314525 0.022912
v 0.056005 1.315444 0.017968
v 0.052389 1.315661 0.012886
v 0.064294 1.311470 0.022940
v 0.061535 1.312563 0.017787
v 0.058096 1.313184 0.012457
v 0.054253 1.313051 0.007634
v 0.068331 1.307554 0.023100
v 0.066225 1.309019 0.017978
v 0.063325 1.309810 0.012618
v 0.059714 1.309954 0.007488
v 0.055774 1.309392 0.002937
v 0.071993 1.303340 0.023329
v 0.070305 1.304674 0.018334
v 0.067865 1.305630 0.013045
v 0.064577 1.306097 0.007920
v 0.060829 1.305890 0.003225
v 0.056721 1.305071 -0.000724
v 0.044680 1.318101 0.021432
v 0.046035 1.317230 0.016389
v 0.031759 1.317206 0.017602
v 0.047458 1.316065 0.012266
v 0.031758 1.315040 0.013936
v 0.030072 1.316903 0.013634
v 0.047619 1.312354 0.003826
v 0.038037 1.306961 0.010487
v 0.029686 1.313433 0.010455
v 0.025740 1.313759 0.010691
v 0.046577 1.309661 -0.000510
v 0.046153 1.309177 -0.000112
v 0.030324 1.308975 0.009083
v 0.026651 1.310486 0.008031
v 0.022292 1.309994 0.006820
v 0.047765 1.305558 -0.004343
v 0.045084 1.305838 -0.003478
v 0.033504 1.301225 -0.003717
v 0.029250 1.301853 -0.001804
v 0.023044 1.306902 0.007002
v 0.018920 1.305782 0.006734
v 0.030122 1.318463 0.026099
v 0.029286 1.319993 0.024980
v 0.027367 1.318729 0.029619
v 0.027293 1.319924 0.021722
v 0.025101 1.318512 0.028926
v 0.023834 1.317076 0.033708
v 0.021848 1.319266 0.013525
v 0.024152 1.317913 0.030224
v 0.020273 1.315396 0.033773
v 0.019608 1.313916 0.036298
v 0.012104 1.309161 0.011148
v 0.007846 1.307572 0.017893
v 0.014456 1.309925 0.034391
v 0.015148 1.311088 0.034656
v 0.016248 1.310555 0.036600
v 0.012274 1.305111 0.012158
v 0.009009 1.305459 0.017321
v 0.007701 1.304953 0.025331
v 0.010708 1.306726 0.032154
v 0.012174 1.307648 0.035501
v 0.014377 1.307829 0.035922
v 0.048408 1.316782 0.031034
v 0.027300 1.315624 0.031556
v 0.050456 1.314755 0.036839
v 0.024944 1.313800 0.034545
v 0.051096 1.313266 0.039658
v 0.051738 1.311954 0.042412
v 0.022598 1.312556 0.035926
v 0.024464 1.312067 0.035307
v 0.052069 1.310104 0.044932
v 0.052609 1.309298 0.046377
v 0.020941 1.310319 0.036479
v 0.023163 1.310663 0.036013
v 0.052479 1.308834 0.046431
v 0.053234 1.304746 0.052630
v 0.053353 1.304620 0.053169
v 0.019140 1.308023 0.036414
v 0.021404 1.308279 0.036333
v 0.023608 1.308584 0.035903
v 0.053146 1.303497 0.053976
v 0.053303 1.302590 0.055123
v 0.053536 1.301708 0.056276
v 0.049381 1.317120 0.031509
v 0.051168 1.315319 0.036574
v 0.053485 1.315722 0.032342
v 0.052426 1.312989 0.041363
v 0.055513 1.313692 0.037288
v 0.058828 1.313649 0.032512
v 0.053589 1.309689 0.046327
v 0.057475 1.310867 0.042353
v 0.060644 1.311291 0.037612
v 0.063682 1.310622 0.032574
v 0.055473 1.306019 0.051343
v 0.059039 1.307415 0.047276
v 0.062392 1.308040 0.042805
v 0.065340 1.307821 0.037757
v 0.067825 1.306861 0.032509
v 0.056361 1.302907 0.054961
v 0.059988 1.304174 0.051964
v 0.064011 1.304520 0.047640
v 0.066961 1.304495 0.042762
v 0.069555 1.303747 0.037543
v 0.071704 1.302783 0.032424
v 0.075944 1.295874 0.020716
v 0.076826 1.291613 0.017431
v 0.074408 1.296686 0.015541
v 0.077026 1.286710 0.014168
v 0.074740 1.292137 0.011991
v 0.071942 1.297318 0.010272
v 0.076380 1.281474 0.010893
v 0.074388 1.286888 0.008789
v 0.071663 1.292409 0.006832
v 0.068562 1.297456 0.005193
v 0.075099 1.276324 0.008164
v 0.073148 1.281463 0.005775
v 0.070633 1.286890 0.003760
v 0.067687 1.292345 0.002061
v 0.064507 1.297248 0.000731
v 0.073186 1.271503 0.005754
v 0.071441 1.276277 0.003217
v 0.069117 1.281411 0.000991
v 0.066327 1.286801 -0.000778
v 0.063348 1.292011 -0.002149
v 0.060286 1.296665 -0.003086
v 0.046203 1.297418 -0.009643
v 0.045582 1.292750 -0.010718
v 0.038480 1.296559 -0.007966
v 0.038584 1.287450 -0.011338
v 0.036564 1.292845 -0.010313
v 0.034207 1.298392 -0.007882
v 0.036187 1.281711 -0.011952
v 0.035248 1.286952 -0.012446
v 0.035600 1.294904 -0.010398
v 0.029612 1.300392 -0.003360
v 0.033141 1.276180 -0.011113
v 0.031626 1.279966 -0.012563
v 0.032581 1.283173 -0.014020
v 0.024598 1.299016 -0.000345
v 0.023022 1.298829 0.000019
v 0.030150 1.271583 -0.008978
v 0.027806 1.274863 -0.010417
v 0.026658 1.276215 -0.012583
v 0.018372 1.293266 0.002994
v 0.019100 1.294848 0.002212
v 0.019256 1.296628 0.001914
v 0.011111 1.299848 0.014782
v 0.011377 1.298176 0.017469
v 0.009059 1.300190 0.019267
v 0.014977 1.288825 0.017272
v 0.009910 1.299047 0.021221
v 0.008108 1.301159 0.024420
v 0.016001 1.283191 0.018968
v 0.013062 1.295554 0.022259
v 0.009194 1.300568 0.025820
v 0.008753 1.302288 0.029178
v 0.003552 1.265820 0.015534
v 0.016944 1.282767 0.022293
v 0.012234 1.298341 0.026244
v 0.009890 1.301543 0.029368
v 0.010265 1.303264 0.031881
v 0.003586 1.264245 0.016590
v 0.017554 1.279212 0.022695
v 0.017799 1.283370 0.023985
v 0.011556 1.300716 0.029840
v 0.011609 1.301909 0.031476
v 0.012590 1.303909 0.033667
v 0.018258 1.304651 0.035479
v 0.028961 1.292867 0.034914
v 0.021038 1.305412 0.035719
v 0.039898 1.282065 0.044275
v 0.040536 1.285877 0.043619
v 0.043816 1.289413 0.045419
v 0.042579 1.278522 0.048106
v 0.044039 1.281299 0.048843
v 0.047327 1.286899 0.049860
v 0.053568 1.296860 0.060070
v 0.043570 1.276292 0.049313
v 0.044988 1.278423 0.050567
v 0.054625 1.287799 0.065234
v 0.054153 1.293060 0.062775
v 0.053662 1.296401 0.060600
v 0.046528 1.273628 0.052446
v 0.047582 1.275263 0.053741
v 0.054833 1.282067 0.067297
v 0.054678 1.286888 0.065686
v 0.054341 1.291854 0.063593
v 0.053891 1.295458 0.061517
v 0.061016 1.296579 0.059962
v 0.064584 1.292117 0.059774
v 0.065516 1.297396 0.056547
v 0.069208 1.288264 0.059981
v 0.070124 1.293466 0.056486
v 0.069427 1.297481 0.051909
v 0.073805 1.283128 0.058584
v 0.073239 1.287696 0.054611
v 0.073815 1.293034 0.051012
v 0.072487 1.297004 0.046580
v 0.070381 1.275809 0.053383
v 0.076776 1.282227 0.052484
v 0.075877 1.287009 0.048716
v 0.076280 1.292334 0.045143
v 0.074745 1.296290 0.041018
v 0.072195 1.270963 0.050760
v 0.078891 1.276799 0.049631
v 0.078365 1.281649 0.046379
v 0.079209 1.287070 0.043104
v 0.077830 1.291616 0.039286
v 0.076240 1.295579 0.035612
v 0.054316 1.291917 -0.008859
v 0.057277 1.286945 -0.008320
v 0.051896 1.287190 -0.011318
v 0.060362 1.281592 -0.007207
v 0.055062 1.281760 -0.010719
v 0.048401 1.281661 -0.011550
v 0.063303 1.276148 -0.005481
v 0.058278 1.276071 -0.009423
v 0.051557 1.276032 -0.010947
v 0.045471 1.276310 -0.013201
v 0.065783 1.270932 -0.003036
v 0.059906 1.270595 -0.005583
v 0.054632 1.270318 -0.009292
v 0.048653 1.270295 -0.012253
v 0.042085 1.270547 -0.013928
v 0.067565 1.266208 0.000019
v 0.062057 1.265723 -0.002603
v 0.057198 1.264956 -0.006358
v 0.051477 1.264431 -0.009632
v 0.045018 1.264252 -0.011790
v 0.038546 1.267325 -0.006085
v 0.014453 1.290046 0.005554
v 0.013696 1.287213 0.005551
v 0.012360 1.285411 0.006923
v 0.011912 1.280840 0.005578
v 0.010925 1.280875 0.005795
v 0.010767 1.280819 0.007031
v 0.013940 1.271536 -0.003000
v 0.011330 1.275264 0.002626
v 0.010219 1.276718 0.005859
v 0.011764 1.277277 0.008182
v 0.019568 1.269545 -0.004418
v 0.015198 1.270565 0.000230
v 0.012371 1.271403 0.004746
v 0.006260 1.267073 0.010714
v 0.004200 1.266874 0.014329
v 0.023502 1.266786 -0.003945
v 0.019109 1.266010 -0.000545
v 0.016198 1.266864 0.004095
v 0.008360 1.264231 0.008136
v 0.005850 1.264904 0.013568
v 0.004018 1.264068 0.016601
v 0.015837 1.302789 0.034147
v 0.015053 1.301650 0.033097
v 0.025751 1.291956 0.033234
v 0.021320 1.286855 0.028646
v 0.028452 1.283687 0.034248
v 0.030671 1.283392 0.036300
v 0.019802 1.280529 0.025659
v 0.025993 1.281222 0.030995
v 0.030477 1.280664 0.035717
v 0.033581 1.280228 0.038314
v 0.019717 1.277147 0.024562
v 0.021091 1.277388 0.025670
v 0.029698 1.278254 0.034001
v 0.032779 1.277689 0.036913
v 0.040657 1.274288 0.045501
v 0.006036 1.257269 0.020247
v 0.007699 1.254729 0.021673
v 0.028138 1.275288 0.030580
v 0.036083 1.271266 0.037955
v 0.039045 1.270888 0.041998
v 0.041585 1.272449 0.045969
v 0.054967 1.291553 0.064450
v 0.054756 1.286747 0.065991
v 0.057789 1.286785 0.064532
v 0.054852 1.281691 0.067498
v 0.055000 1.281738 0.066787
v 0.060788 1.282767 0.066614
v 0.055018 1.276643 0.068855
v 0.055090 1.276490 0.068586
v 0.057192 1.276886 0.068084
v 0.063587 1.275904 0.061508
v 0.055166 1.271707 0.069811
v 0.055239 1.271176 0.069700
v 0.055834 1.270872 0.069180
v 0.060548 1.270491 0.062546
v 0.065844 1.270915 0.059384
v 0.049630 1.269503 0.054954
v 0.051939 1.267786 0.056716
v 0.055031 1.266217 0.058873
v 0.057821 1.265289 0.060826
v 0.061703 1.265446 0.061011
v 0.068447 1.266220 0.056720
v 0.078751 1.290873 0.028325
v 0.080485 1.286532 0.031390
v 0.079985 1.286372 0.025330
v 0.081879 1.281574 0.034631
v 0.081656 1.281466 0.028308
v 0.080522 1.281409 0.022109
v 0.080855 1.276106 0.037877
v 0.082831 1.276083 0.031457
v 0.081995 1.275995 0.024891
v 0.080108 1.276100 0.018830
v 0.081154 1.271053 0.041005
v 0.081240 1.270504 0.034716
v 0.080756 1.270371 0.028202
v 0.081213 1.270491 0.021411
v 0.078920 1.270931 0.015667
v 0.073811 1.266451 0.043241
v 0.081146 1.265272 0.037514
v 0.080664 1.264934 0.031273
v 0.079656 1.265047 0.024797
v 0.077781 1.265604 0.018877
v 0.077062 1.266204 0.012798
v 0.065739 1.257950 0.005118
v 0.063202 1.252859 0.006432
v 0.061165 1.256526 0.001654
v 0.059426 1.247766 0.008492
v 0.057710 1.251445 0.003363
v 0.055777 1.255420 -0.001573
v 0.054837 1.243419 0.011582
v 0.053260 1.246783 0.006167
v 0.051417 1.250501 0.000606
v 0.049587 1.254683 -0.004283
v 0.049403 1.240715 0.015578
v 0.048099 1.243540 0.009855
v 0.046439 1.246687 0.004226
v 0.044789 1.250499 -0.001404
v 0.043078 1.254779 -0.006209
v 0.044669 1.239821 0.019754
v 0.043221 1.241674 0.014096
v 0.041617 1.244339 0.008334
v 0.039907 1.247418 0.002710
v 0.038246 1.251171 -0.002512
v 0.037257 1.260311 -0.001633
v 0.028850 1.260184 0.001171
v 0.027965 1.251125 0.000943
v 0.024929 1.259298 0.004537
v 0.029572 1.247535 0.006183
v 0.023333 1.249841 0.005203
v 0.016757 1.253719 0.004963
v 0.031424 1.244586 0.011868
v 0.025229 1.246197 0.010972
v 0.018494 1.249060 0.010510
v 0.012433 1.253776 0.010834
v 0.033415 1.242421 0.017643
v 0.027355 1.243739 0.017075
v 0.020680 1.245923 0.016768
v 0.014224 1.249593 0.016980
v 0.009113 1.254635 0.017333
v 0.035456 1.241166 0.023175
v 0.029670 1.242359 0.022935
v 0.023355 1.244054 0.022828
v 0.017100 1.247251 0.023088
v 0.011933 1.251227 0.022881
v 0.007892 1.255358 0.021104
v 0.009773 1.252325 0.022909
v 0.014626 1.248498 0.025489
v 0.013742 1.249051 0.025038
v 0.019461 1.245668 0.028139
v 0.018948 1.245848 0.027919
v 0.018579 1.246059 0.027709
v 0.025087 1.243601 0.031271
v 0.025876 1.243252 0.032004
v 0.026857 1.243074 0.032711
v 0.027044 1.243085 0.032798
v 0.029858 1.243172 0.033309
v 0.029887 1.242648 0.034516
v 0.030585 1.242586 0.034912
v 0.031291 1.242579 0.035272
v 0.040740 1.265647 0.041423
v 0.035468 1.241544 0.033180
v 0.034284 1.242264 0.036836
v 0.034815 1.242064 0.037197
v 0.035338 1.242031 0.037457
v 0.043682 1.262147 0.043125
v 0.044123 1.265873 0.046443
v 0.071936 1.257742 0.012715
v 0.074439 1.256014 0.017778
v 0.070128 1.252458 0.014301
v 0.076469 1.254810 0.024154
v 0.066739 1.254202 0.022836
v 0.062565 1.251420 0.020140
v 0.070935 1.257405 0.031739
v 0.068079 1.253288 0.028578
v 0.064171 1.249624 0.025319
v 0.059580 1.247679 0.022409
v 0.071565 1.257296 0.037802
v 0.068858 1.252867 0.034821
v 0.064968 1.248928 0.031515
v 0.060274 1.246484 0.028244
v 0.055292 1.246100 0.025399
v 0.072045 1.257744 0.043290
v 0.069317 1.252917 0.040805
v 0.065209 1.248721 0.037867
v 0.060149 1.246389 0.034600
v 0.055547 1.245876 0.031294
v 0.050257 1.238155 0.028062
v 0.048934 1.263903 0.051536
v 0.049519 1.260299 0.049739
v 0.051292 1.261465 0.053006
v 0.044784 1.241464 0.043152
v 0.051522 1.258334 0.050602
v 0.053747 1.259819 0.054758
v 0.044249 1.241549 0.042771
v 0.052730 1.254199 0.047105
v 0.054428 1.255797 0.051186
v 0.056570 1.257422 0.055754
v 0.043419 1.241969 0.041433
v 0.048226 1.241592 0.044414
v 0.055250 1.251438 0.046929
v 0.057631 1.253026 0.051447
v 0.060183 1.256139 0.054730
v 0.044433 1.240126 0.036618
v 0.048491 1.240312 0.040801
v 0.055565 1.248860 0.041990
v 0.058489 1.249114 0.046502
v 0.061738 1.251975 0.050012
v 0.068349 1.256630 0.051790
vn -0.1997 -0.9798 0.0111
vn 0.8818 -0.3516 0.3144
vn -0.7615 -0.2304 0.6058
vn -0.9095 -0.4011 0.1096
vn -0.1844 -0.5431 -0.8192
vn 0.7892 -0.4307 -0.4377
vn -0.2082 0.6090 0.7653
vn -0.1920 -0.3546 0.9151
vn -0.6777 -0.1865 -0.7113
vn 0.3964 0.4306 -0.8108
vn 0.8730 0.4877 0.0061
vn -0.5538 0.7565 0.3478
vn -0.7424 -0.3436 0.5751
vn -0.7550 -0.2608 0.6016
vn -0.5474 -0.0588 0.8348
vn 0.1141 -0.9684 -0.2217
vn 0.0553 -0.9829 -0.1758
vn -0.1050 -0.9931 0.0529
vn -0.2298 -0.9572 0.1762
vn -0.1763 -0.9810 0.0815
vn 0.3537 -0.9136 0.2004
vn 0.3934 -0.8877 0.2393
vn 0.0981 -0.9557 0.2777
vn 0.4612 -0.8164 0.3475
vn 0.6569 -0.6756 0.3348
vn 0.8684 -0.3669 0.3335
vn 0.8916 -0.2899 0.3478
vn 0.5075 -0.4185 0.7532
vn -0.0474 -0.5462 0.8363
vn -0.4552 -0.4253 0.7822
vn -0.6739 -0.3075 0.6717
vn -0.7069 -0.2957 0.6426
vn -0.7406 -0.2723 0.6143
vn 0.7603 -0.4630 -0.4557
vn 0.8368 -0.3513 -0.4199
vn 0.9084 -0.2677 -0.3211
vn 0.8487 -0.5288 -0.0141
vn 0.7155 -0.6678 0.2053
vn 0.8102 -0.4363 0.3913
vn 0.9316 -0.2539 0.2601
vn -0.1447 -0.9862 -0.0806
vn 0.4539 -0.8650 -0.2140
vn 0.6366 -0.7658 -0.0913
vn 0.4758 -0.8791 0.0281
vn 0.4779 -0.8572 -0.1918
vn 0.6688 -0.4547 -0.5882
vn 0.7186 -0.5001 -0.4832
vn -0.1283 -0.5399 -0.8319
vn -0.4622 -0.7890 -0.4048
vn -0.3155 -0.8564 -0.4088
vn -0.2856 -0.9318 -0.2240
vn -0.2854 -0.9577 0.0373
vn -0.2421 -0.9683 0.0611
vn -0.2255 -0.9739 0.0268
vn -0.7659 -0.2826 0.5775
vn -0.7736 -0.2936 0.5615
vn -0.6954 -0.1260 0.7075
vn -0.1275 0.5689 0.8125
vn 0.4637 0.8214 0.3320
vn -0.8106 -0.5519 0.1960
vn 0.8406 0.3156 -0.4403
vn -0.2912 -0.3027 -0.9075
vn -0.3000 -0.2969 -0.9065
vn -0.1800 -0.8330 -0.5231
vn -0.1634 -0.8874 -0.4310
vn -0.1642 -0.9274 -0.3361
vn -0.1816 -0.9596 -0.2150
vn -0.1990 -0.9744 -0.1051
vn -0.4641 -0.5706 -0.6775
vn -0.7909 -0.4642 -0.3987
vn -0.8311 -0.4030 -0.3833
vn -0.5545 -0.2583 -0.7911
vn -0.3288 -0.4405 -0.8354
vn -0.3613 -0.7429 -0.5634
vn -0.2524 -0.6669 -0.7012
vn -0.1343 -0.5008 -0.8551
vn -0.4774 -0.3965 -0.7841
vn -0.0020 -0.4933 -0.8699
vn 0.4417 -0.4746 -0.7613
vn 0.5670 -0.4146 -0.7118
vn 0.5212 -0.4574 -0.7205
vn 0.6109 -0.4941 -0.6186
vn 0.8957 0.4437 0.0275
vn 0.9169 0.3950 0.0566
vn 0.9384 0.3340 0.0884
vn 0.9675 0.0889 0.2366
vn 0.9735 0.0914 0.2097
vn 0.8291 -0.3561 0.4310
vn 0.8022 -0.4432 0.4001
vn 0.8162 -0.2556 -0.5181
vn 0.8654 -0.0561 -0.4980
vn 0.9067 0.0319 -0.4206
vn 0.9317 0.1213 -0.3425
vn 0.9424 0.2250 -0.2475
vn 0.9354 0.3201 -0.1499
vn 0.9134 0.4010 -0.0703
vn -0.4765 0.4339 0.7646
vn -0.8154 0.1903 0.5468
vn -0.9620 0.0586 0.2668
vn -0.9954 -0.0016 0.0957
vn 0.1832 0.2175 0.9587
vn -0.8262 -0.1604 0.5401
vn -0.7550 -0.1822 0.6299
vn 0.9036 -0.1716 0.3926
vn 0.8124 0.0530 0.5807
vn 0.6157 -0.1010 0.7815
vn 0.5683 -0.0794 0.8190
vn 0.5115 0.1539 0.8454
vn 0.2951 0.3985 0.8684
vn 0.0721 0.5977 0.7985
vn -0.2639 -0.4750 0.8395
vn -0.3573 -0.5884 0.7254
vn -0.4910 -0.5651 0.6630
vn -0.6439 -0.2899 0.7081
vn -0.7033 -0.0640 0.7080
vn -0.9441 -0.3170 -0.0907
vn -0.8551 -0.4530 -0.2520
vn -0.7688 -0.1952 0.6089
vn -0.7623 -0.1429 0.6313
vn -0.7608 -0.0220 0.6486
vn -0.6996 0.1116 0.7058
vn -0.6064 -0.0118 0.7951
vn -0.2276 -0.3609 0.9044
vn -0.1661 -0.4021 0.9004
vn -0.7960 0.2777 -0.5379
vn -0.5928 0.0336 -0.8046
vn -0.4813 -0.0105 -0.8765
vn -0.4490 -0.6099 -0.6530
vn 0.0351 -0.7937 -0.6073
vn -0.0841 -0.6735 -0.7344
vn -0.1042 -0.6277 -0.7715
vn 0.6537 -0.1924 -0.7318
vn -0.1095 -0.6030 -0.7902
vn -0.7825 -0.1471 -0.6050
vn -0.9110 0.2194 0.3492
vn -0.9558 0.1872 0.2269
vn -0.9250 0.3050 -0.2267
vn -0.7872 -0.1368 -0.6014
vn 0.5060 0.3185 -0.8016
vn 0.5826 0.2337 -0.7784
vn 0.6325 0.1830 -0.7526
vn 0.6796 0.1251 -0.7229
vn 0.7278 0.0341 -0.6849
vn 0.7619 -0.0805 -0.6427
vn 0.7694 -0.1800 -0.6129
vn -0.1656 -0.6881 -0.7065
vn -0.3842 -0.4405 -0.8114
vn -0.1019 0.0616 -0.9929
vn 0.1684 0.1378 -0.9760
vn 0.0625 0.1702 -0.9834
vn 0.1572 0.2523 -0.9548
vn 0.3400 0.3621 -0.8679
vn 0.8276 0.5507 0.1089
vn 0.7766 0.6016 0.1870
vn 0.7255 0.6419 0.2482
vn 0.6435 0.6804 0.3506
vn 0.5096 0.7115 0.4837
vn 0.3314 0.7111 0.6202
vn 0.1753 0.6829 0.7091
vn -0.7153 0.4180 0.5600
vn -0.8837 0.2798 0.3753
vn -0.9586 0.1598 0.2358
vn -0.8782 0.2052 0.4320
vn -0.1474 0.0121 0.9890
vn 0.0408 -0.2252 0.9735
vn -0.0822 -0.2770 0.9573
vn -0.2644 -0.3647 0.8928
vn -0.4261 -0.3992 0.8118
vn -0.8161 -0.0984 0.5694
vn -0.9375 -0.2298 0.2614
vn -0.9837 -0.0906 -0.1551
vn -0.9199 -0.1869 -0.3448
vn -0.7517 -0.2387 -0.6148
vn -0.5502 0.0436 -0.8339
vn -0.5542 0.4447 -0.7036
vn -0.4422 0.5359 -0.7192
vn -0.1381 0.8951 -0.4240
vn -0.0175 0.6911 -0.7226
vn -0.1337 0.5514 -0.8235
vn 0.1602 0.5119 -0.8439
vn 0.5021 0.4342 -0.7479
vn 0.5798 0.4422 -0.6843
vn 0.6624 0.4708 -0.5827
vn 0.7413 0.4989 -0.4490
vn 0.8075 0.5075 -0.3008
vn 0.8481 0.5018 -0.1699
vn 0.8688 0.4907 -0.0665
vn -0.5120 0.7490 0.4206
vn -0.4860 0.7557 0.4390
vn -0.4448 0.7565 0.4794
vn -0.4534 0.6932 0.5602
vn -0.1230 0.8008 0.5861
vn -0.2585 0.7270 0.6361
vn -0.2027 0.6725 0.7118
vn 0.8075 0.5881 0.0444
vn 0.7438 0.6640 0.0764
vn 0.6628 0.7424 0.0978
vn 0.5183 0.8494 0.0996
vn 0.3801 0.9190 0.1043
vn 0.2700 0.9577 0.0993
vn -0.0705 0.9753 0.2093
vn -0.3852 0.8536 0.3506
vn 0.3617 0.7408 0.5660
vn 0.5854 0.3953 0.7078
vn 0.3160 0.3561 0.8794
vn 0.1041 0.0949 0.9900
vn -0.0290 -0.0998 0.9946
vn -0.1305 -0.2433 0.9611
vn -0.2846 0.9492 0.1344
vn 0.3912 0.9186 -0.0552
vn 0.3662 0.9028 -0.2257
vn 0.1955 0.8063 -0.5583
vn -0.0761 0.5780 -0.8125
vn -0.4490 0.3485 -0.8228
vn -0.5601 -0.0025 -0.8284
vn -0.3054 0.9510 0.0482
vn -0.1880 0.9619 -0.1985
vn -0.2477 0.9072 -0.3402
vn 0.0124 0.9160 -0.4009
vn 0.1800 0.8178 -0.5466
vn 0.2875 0.6804 -0.6741
vn 0.3505 0.5502 -0.7579
vn 0.2007 0.9793 -0.0267
vn 0.3074 0.9514 -0.0191
vn 0.2393 0.9632 -0.1222
vn 0.4505 0.8922 -0.0307
vn 0.3757 0.9149 -0.1475
vn 0.3120 0.9184 -0.2432
vn 0.6029 0.7970 -0.0365
vn 0.5254 0.8338 -0.1692
vn 0.4485 0.8471 -0.2850
vn 0.3764 0.8321 -0.4074
vn 0.7282 0.6845 -0.0349
vn 0.6702 0.7221 -0.1713
vn 0.5951 0.7443 -0.3032
vn 0.5123 0.7409 -0.4344
vn 0.4200 0.7137 -0.5606
vn 0.7962 0.6034 -0.0444
vn 0.7682 0.6187 -0.1644
vn 0.7127 0.6315 -0.3052
vn 0.6388 0.6262 -0.4471
vn 0.5547 0.5994 -0.5771
vn 0.4614 0.5679 -0.6816
vn -0.1634 0.9780 -0.1294
vn -0.2902 0.9103 -0.2952
vn 0.3715 0.8558 -0.3599
vn -0.4752 0.7361 -0.4820
vn 0.3835 0.6734 -0.6320
vn 0.3902 0.7194 -0.5746
vn -0.3445 0.8263 -0.4456
vn -0.0525 0.8967 -0.4394
vn 0.2732 0.5706 -0.7744
vn 0.1239 0.6435 -0.7554
vn -0.3914 0.7560 -0.5247
vn -0.6310 0.7053 -0.3231
vn 0.2464 0.6650 -0.7050
vn 0.1539 0.5874 -0.7946
vn -0.0419 0.3347 -0.9414
vn 0.0381 0.6178 -0.7854
vn -0.2307 0.6579 -0.7169
vn 0.0093 0.9230 -0.3847
vn -0.1814 0.8845 -0.4298
vn -0.1411 0.3963 -0.9072
vn -0.3952 0.3039 -0.8668
vn 0.3908 0.8627 0.3211
vn 0.3424 0.9189 0.1961
vn 0.3077 0.8188 0.4846
vn -0.1088 0.9938 -0.0250
vn -0.3487 0.9292 0.1226
vn 0.0762 0.7837 0.6165
vn -0.1836 0.8901 -0.4171
vn 0.0268 -0.0345 0.9990
vn -0.5735 0.8152 0.0809
vn -0.2158 0.5574 0.8017
vn -0.6884 0.2682 -0.6739
vn -0.9520 0.2357 -0.1953
vn -0.0724 0.6131 -0.7867
vn -0.6851 0.7173 -0.1273
vn -0.3482 0.2877 0.8922
vn -0.7803 0.0625 -0.6222
vn -0.9255 -0.1576 -0.3444
vn -0.9778 0.2070 0.0324
vn -0.7810 0.6012 0.1693
vn -0.6273 0.1530 0.7636
vn -0.1702 -0.2319 0.9577
vn -0.4282 0.7986 0.4228
vn 0.3114 0.6960 0.6470
vn -0.3895 0.7957 0.4639
vn 0.2211 0.4927 0.8416
vn -0.6519 0.5838 0.4839
vn -0.7340 0.5156 0.4422
vn 0.2484 0.2118 0.9452
vn 0.0438 0.4435 0.8952
vn -0.3550 0.7219 0.5939
vn -0.4893 0.6600 0.5700
vn 0.1198 0.0122 0.9927
vn 0.0416 0.1270 0.9910
vn -0.9320 0.1651 0.3228
vn -0.8561 0.3792 0.3512
vn -0.7295 0.5341 0.4272
vn -0.0080 -0.1460 0.9892
vn 0.1238 -0.0926 0.9880
vn -0.1875 0.1250 0.9743
vn -0.3998 0.6718 0.6236
vn -0.7952 0.4103 0.4465
vn -0.6502 0.5122 0.5612
vn -0.0448 0.9502 0.3085
vn -0.0340 0.9219 0.3860
vn 0.3086 0.9285 0.2065
vn 0.0111 0.8756 0.4830
vn 0.3328 0.8921 0.3056
vn 0.4334 0.8790 0.1985
vn 0.0746 0.8262 0.5584
vn 0.3438 0.8402 0.4194
vn 0.4790 0.8303 0.2849
vn 0.5876 0.7872 0.1872
vn 0.1572 0.8122 0.5619
vn 0.3454 0.8104 0.4733
vn 0.5039 0.7828 0.3651
vn 0.6259 0.7404 0.2451
vn 0.6956 0.6984 0.1686
vn 0.1897 0.7301 0.6565
vn 0.3430 0.7664 0.5431
vn 0.5127 0.7510 0.4161
vn 0.6400 0.7084 0.2976
vn 0.7118 0.6696 0.2120
vn 0.7538 0.6416 0.1418
vn 0.9068 0.3925 -0.1539
vn 0.9208 0.2944 -0.2558
vn 0.8786 0.3867 -0.2802
vn 0.9122 0.1927 -0.3616
vn 0.8736 0.2747 -0.4017
vn 0.8205 0.3714 -0.4345
vn 0.8835 0.0942 -0.4588
vn 0.8423 0.1727 -0.5106
vn 0.7930 0.2500 -0.5556
vn 0.7379 0.3432 -0.5812
vn 0.8444 0.0099 -0.5356
vn 0.8022 0.0886 -0.5905
vn 0.7544 0.1620 -0.6361
vn 0.7095 0.2266 -0.6673
vn 0.6552 0.3180 -0.6852
vn 0.8054 -0.0807 -0.5872
vn 0.7805 0.0150 -0.6250
vn 0.7381 0.1044 -0.6665
vn 0.6910 0.1708 -0.7024
vn 0.6451 0.2265 -0.7297
vn 0.5890 0.3118 -0.7456
vn -0.0315 0.4111 -0.9110
vn -0.1028 0.2555 -0.9613
vn -0.0182 0.4865 -0.8735
vn 0.0464 0.1952 -0.9797
vn 0.2904 0.3325 -0.8973
vn -0.1783 0.5369 -0.8246
vn -0.0557 0.0484 -0.9973
vn 0.2985 0.1159 -0.9473
vn 0.3277 0.5759 -0.7489
vn -0.5448 0.2833 -0.7892
vn -0.2680 -0.1110 -0.9570
vn 0.3020 -0.3862 -0.8716
vn 0.1960 -0.0672 -0.9783
vn -0.3792 -0.4368 -0.8157
vn -0.4129 0.0222 -0.9105
vn -0.2569 -0.5757 -0.7763
vn 0.1145 -0.6085 -0.7853
vn -0.1436 -0.2645 -0.9536
vn -0.3116 -0.1294 -0.9414
vn -0.2645 -0.2572 -0.9295
vn -0.6087 0.1498 -0.7791
vn -0.8508 -0.3699 -0.3732
vn -0.8991 -0.4107 -0.1514
vn -0.8999 -0.4172 -0.1268
vn -0.9527 -0.2406 0.1855
vn -0.7832 -0.6217 0.0141
vn -0.9321 -0.3621 -0.0052
vn -0.9547 0.1484 0.2580
vn -0.8599 -0.4657 0.2090
vn -0.6482 -0.7174 0.2551
vn -0.6082 -0.6678 0.4290
vn -0.9393 -0.2779 -0.2011
vn -0.8748 -0.0683 0.4796
vn -0.7916 -0.5664 0.2293
vn -0.5338 -0.7235 0.4378
vn -0.4738 -0.6161 0.6293
vn -0.9826 -0.1768 -0.0572
vn -0.7395 0.1977 0.6435
vn -0.7746 -0.2481 0.5817
vn -0.5841 -0.6418 0.4969
vn -0.4434 -0.6532 0.6138
vn -0.3509 -0.5229 0.7768
vn -0.1150 -0.2749 0.9546
vn -0.3238 -0.0926 0.9416
vn -0.1285 -0.1494 0.9804
vn -0.6747 0.1514 0.7224
vn -0.5781 0.1276 0.8060
vn -0.6422 -0.0121 0.7664
vn -0.7313 0.1107 0.6730
vn -0.7550 0.2147 0.6196
vn -0.8188 0.1913 0.5413
vn -0.8894 0.2226 0.3993
vn -0.7420 -0.0057 0.6704
vn -0.7822 0.0551 0.6206
vn -0.9760 -0.1477 -0.1599
vn -0.9253 0.0999 0.3660
vn -0.8964 0.2000 0.3955
vn -0.7546 -0.1103 0.6468
vn -0.8116 -0.0973 0.5760
vn -0.9586 0.0489 0.2806
vn -0.9913 -0.0010 0.1313
vn -0.9278 0.0938 0.3611
vn -0.8444 0.2358 0.4810
vn 0.3530 0.5911 0.7252
vn 0.4847 0.4682 0.7388
vn 0.4769 0.6006 0.6417
vn 0.5382 0.1977 0.8193
vn 0.6270 0.4632 0.6264
vn 0.6358 0.6479 0.4195
vn 0.6735 -0.0746 0.7354
vn 0.8279 0.3412 0.4452
vn 0.8239 0.4057 0.3956
vn 0.7402 0.6085 0.2860
vn 0.7552 -0.2351 0.6119
vn 0.8747 0.0484 0.4823
vn 0.8856 0.2621 0.3834
vn 0.8594 0.4183 0.2942
vn 0.8053 0.5586 0.1987
vn 0.7820 -0.1184 0.6119
vn 0.7988 -0.0635 0.5983
vn 0.9171 0.1996 0.3451
vn 0.8999 0.2910 0.3249
vn 0.8866 0.4400 0.1429
vn 0.8561 0.5007 0.1277
vn 0.4603 0.2595 -0.8490
vn 0.5426 0.1894 -0.8183
vn 0.2934 0.1162 -0.9489
vn 0.6004 0.1330 -0.7885
vn 0.3512 0.0483 -0.9351
vn 0.2922 0.0239 -0.9560
vn 0.6188 -0.0572 -0.7834
vn 0.4735 -0.1281 -0.8714
vn 0.2873 -0.0303 -0.9574
vn 0.3134 -0.0020 -0.9496
vn 0.5813 -0.1927 -0.7905
vn 0.5232 -0.2757 -0.8064
vn 0.4589 -0.1901 -0.8679
vn 0.3396 -0.1119 -0.9339
vn -0.0409 -0.3740 -0.9265
vn 0.5996 -0.3189 -0.7340
vn 0.5166 -0.3497 -0.7816
vn 0.5561 -0.2829 -0.7815
vn 0.4027 -0.3183 -0.8582
vn -0.2235 -0.5187 -0.8252
vn -0.3556 -0.6754 -0.6461
vn -0.8306 0.2232 -0.5101
vn -0.7325 0.2028 -0.6499
vn -0.9197 0.3919 0.0214
vn -0.4583 0.2908 -0.8399
vn -0.7661 0.3044 -0.5660
vn -0.9388 0.1715 0.2987
vn -0.7911 -0.3631 -0.4923
vn -0.8977 -0.0313 -0.4394
vn -0.9899 0.1198 -0.0754
vn -0.9663 0.2549 0.0351
vn -0.3951 -0.6983 -0.5969
vn -0.7032 -0.6635 -0.2553
vn -0.7270 -0.3013 -0.6170
vn -0.8636 -0.0014 -0.5041
vn -0.3991 -0.5341 -0.7453
vn -0.2400 -0.6820 -0.6909
vn -0.5332 -0.6999 -0.4752
vn -0.5496 -0.4581 -0.6986
vn -0.7380 -0.1494 -0.6580
vn -0.8127 -0.3732 -0.4474
vn -0.3671 -0.5157 -0.7741
vn -0.2932 -0.4564 0.8401
vn -0.4018 -0.4906 0.7732
vn -0.5298 -0.3228 0.7843
vn -0.6144 -0.3668 0.6985
vn -0.6666 -0.1831 0.7226
vn -0.6517 -0.0705 0.7552
vn -0.6478 -0.1998 0.7351
vn -0.6741 -0.1947 0.7125
vn -0.6842 -0.1804 0.7067
vn -0.6990 -0.1466 0.6999
vn -0.5615 0.0109 0.8274
vn -0.6071 -0.0564 0.7926
vn -0.6989 -0.2755 0.6600
vn -0.7081 -0.2182 0.6716
vn -0.7638 -0.1869 0.6178
vn -0.8399 -0.5345 -0.0937
vn -0.8302 -0.5382 0.1455
vn -0.6357 -0.1510 0.7570
vn -0.7236 -0.1118 0.6811
vn -0.7709 -0.2626 0.5803
vn -0.7682 -0.2285 0.5981
vn -0.2720 0.3418 0.8995
vn -0.3715 0.2190 0.9022
vn 0.1780 0.2703 0.9462
vn -0.0665 0.2524 0.9653
vn 0.6332 0.2439 0.7345
vn 0.4523 0.1377 0.8812
vn 0.0346 0.2131 0.9764
vn 0.7145 0.1728 0.6779
vn 0.4391 0.0529 0.8969
vn 0.6923 -0.0599 0.7191
vn 0.0290 -0.0562 0.9980
vn -0.1660 -0.3717 0.9134
vn 0.4371 -0.5383 0.7205
vn 0.5928 -0.2753 0.7569
vn 0.5753 -0.1046 0.8113
vn -0.7856 -0.2851 0.5492
vn -0.7024 -0.4549 0.5475
vn -0.6322 -0.5122 0.5814
vn -0.1905 -0.5776 0.7938
vn 0.2241 -0.3115 0.9235
vn 0.6827 -0.1389 0.7174
vn 0.9313 0.3597 -0.0572
vn 0.9515 0.3068 -0.0214
vn 0.9518 0.2729 -0.1398
vn 0.9863 0.1471 0.0746
vn 0.9723 0.2075 -0.1074
vn 0.9562 0.1682 -0.2395
vn 0.9866 -0.0305 0.1603
vn 0.9974 -0.0602 0.0404
vn 0.9872 -0.0026 -0.1596
vn 0.9395 0.0613 -0.3369
vn 0.9405 -0.2228 0.2566
vn 0.9964 -0.0822 0.0192
vn 0.9797 -0.1944 -0.0490
vn 0.9558 -0.2041 -0.2116
vn 0.9220 -0.1288 -0.3651
vn 0.7870 -0.5085 0.3494
vn 0.8628 -0.3317 0.3814
vn 0.9857 -0.1315 -0.1055
vn 0.9562 -0.2274 -0.1845
vn 0.9056 -0.3157 -0.2831
vn 0.8504 -0.3422 -0.3996
vn 0.6068 -0.5152 -0.6054
vn 0.5617 -0.5436 -0.6237
vn 0.5666 -0.4897 -0.6627
vn 0.4884 -0.8083 -0.3289
vn 0.4382 -0.6358 -0.6354
vn 0.4500 -0.5661 -0.6906
vn 0.4927 -0.8584 -0.1425
vn 0.2540 -0.7762 -0.5771
vn 0.2832 -0.7165 -0.6375
vn 0.2881 -0.6319 -0.7195
vn 0.2930 -0.9194 -0.2623
vn 0.0588 -0.8755 -0.4796
vn 0.0961 -0.8356 -0.5408
vn 0.1128 -0.7644 -0.6348
vn -0.2315 -0.3789 -0.8960
vn -0.1303 -0.9676 -0.2162
vn -0.0941 -0.9326 -0.3484
vn -0.0626 -0.8966 -0.4384
vn -0.0601 -0.8509 -0.5218
vn -0.1601 -0.5573 -0.8148
vn -0.2455 -0.1761 -0.9533
vn -0.5393 -0.2737 -0.7964
vn -0.5131 -0.4410 -0.7364
vn -0.4377 -0.2301 -0.8692
vn -0.2078 -0.8639 -0.4588
vn -0.3706 -0.6012 -0.7079
vn -0.3849 -0.3948 -0.8343
vn -0.1884 -0.9193 -0.3456
vn -0.2652 -0.8918 -0.3664
vn -0.4634 -0.8017 -0.3776
vn -0.6881 -0.6142 -0.3863
vn -0.1927 -0.9573 -0.2156
vn -0.2373 -0.9467 -0.2179
vn -0.4001 -0.8951 -0.1969
vn -0.6030 -0.7784 -0.1744
vn -0.7682 -0.6057 -0.2075
vn -0.2075 -0.9736 -0.0948
vn -0.2279 -0.9709 -0.0743
vn -0.3571 -0.9332 -0.0393
vn -0.5155 -0.8566 -0.0240
vn -0.5578 -0.7904 -0.2532
vn -0.5689 -0.6656 -0.4831
vn -0.6947 -0.7184 -0.0357
vn -0.3378 -0.8462 -0.4121
vn -0.6759 -0.6921 -0.2535
vn -0.1857 -0.9024 -0.3889
vn -0.4876 -0.8710 -0.0608
vn 0.2560 0.9168 0.3065
vn -0.2141 -0.9680 -0.1313
vn -0.2287 -0.9734 0.0116
vn -0.3822 -0.7308 0.5655
vn -0.4656 0.2575 0.8467
vn -0.0886 -0.9888 -0.1200
vn -0.4799 -0.5989 0.6411
vn -0.4924 -0.0185 0.8702
vn -0.4731 0.0968 0.8757
vn -0.6608 -0.1873 0.7268
vn -0.2267 -0.9618 0.1532
vn 0.1586 -0.8760 -0.4555
vn 0.3739 0.8674 -0.3285
vn -0.3529 0.6021 0.7162
vn -0.7144 -0.1403 0.6855
vn -0.7561 -0.3703 0.5397
vn 0.7586 -0.3613 -0.5422
vn 0.6977 -0.6533 -0.2940
vn 0.6345 -0.7600 -0.1410
vn 0.6087 -0.7933 0.0114
vn 0.4543 -0.8873 -0.0794
vn 0.4882 -0.8685 -0.0863
vn 0.5997 -0.7882 0.1386
vn 0.6429 -0.7648 -0.0424
vn 0.6420 -0.7134 -0.2808
vn 0.3875 -0.8553 -0.3439
vn 0.7815 -0.6160 0.0989
vn 0.8101 -0.5794 -0.0899
vn 0.6250 -0.7748 -0.0953
vn 0.3324 -0.9363 -0.1139
vn 0.5582 -0.8146 -0.1577
vn 0.8825 -0.4267 0.1980
vn 0.7438 -0.6499 0.1563
vn 0.5398 -0.8328 0.1225
vn 0.2244 -0.9711 0.0815
vn 0.5041 -0.8630 0.0331
vn 0.4072 -0.9133 -0.0083
vn -0.7377 -0.3609 0.5706
vn -0.6849 -0.2829 0.6715
vn -0.7102 -0.4003 0.5792
vn 0.2797 -0.9472 0.1570
vn -0.5571 -0.4664 0.6871
vn -0.6636 -0.4619 0.5885
vn 0.3788 -0.7084 -0.5956
vn -0.1369 -0.5522 0.8224
vn -0.6119 -0.6043 0.5103
vn -0.3466 -0.6108 0.7118
vn -0.0124 -0.9974 -0.0716
vn 0.0984 -0.6618 0.7432
vn -0.2898 -0.6571 0.6959
vn -0.2784 -0.7351 0.6182
vn 0.0866 -0.6876 0.7210
vn -0.2336 -0.9422 0.2400
vn 0.2571 -0.9063 0.3354
vn 0.2469 -0.8972 0.3663
vn -0.0805 -0.9003 0.4278
vn 0.2792 -0.7949 0.5388
vn 0.6841 -0.6110 0.3984
s 1
f 1927//1927 1946//1946 1945//1945
f 1928//1928 1952//1952 1966//1966
f 1927//1927 1945//1945 1980//1980
f 1927//1927 1980//1980 1994//1994
f 1927//1927 1994//1994 1967//1967
f 1928//1928 1966//1966 2015//2015
f 1929//1929 1959//1959 2029//2029
f 1930//1930 1987//1987 2043//2043
f 1931//1931 2001//2001 2057//2057
f 1932//1932 2008//2008 2071//2071
f 1928//1928 2015//2015 2030//2030
f 1929//1929 2029//2029 2044//2044
f 1930//1930 2043//2043 2058//2058
f 1931//1931 2057//2057 2072//2072
f 1932//1932 2071//2071 2016//2016
f 1933//1933 2085//2085 2120//2120
f 1934//1934 2092//2092 2134//2134
f 1935//1935 2099//2099 2141//2141
f 1936//1936 2106//2106 2148//2148
f 1937//1937 2113//2113 2121//2121
f 2127//2127 2142//2142 1938//1938
f 2126//2126 2149//2149 2127//2127
f 2125//2125 2150//2150 2126//2126
f 2124//2124 2152//2152 2125//2125
f 2123//2123 2155//2155 2124//2124
f 2122//2122 2159//2159 2123//2123
f 2121//2121 2164//2164 2122//2122
f 2127//2127 2149//2149 2142//2142
f 2149//2149 2143//2143 2142//2142
f 2126//2126 2150//2150 2149//2149
f 2150//2150 2151//2151 2149//2149
f 2149//2149 2151//2151 2143//2143
f 2151//2151 2144//2144 2143//2143
f 2125//2125 2152//2152 2150//2150
f 2152//2152 2153//2153 2150//2150
f 2150//2150 2153//2153 2151//2151
f 2153//2153 2154//2154 2151//2151
f 2151//2151 2154//2154 2144//2144
f 2154//2154 2145//2145 2144//2144
f 2124//2124 2155//2155 2152//2152
f 2155//2155 2156//2156 2152//2152
f 2152//2152 2156//2156 2153//2153
f 2156//2156 2157//2157 2153//2153
f 2153//2153 2157//2157 2154//2154
f 2157//2157 2158//2158 2154//2154
f 2154//2154 2158//2158 2145//2145
f 2158//2158 2146//2146 2145//2145
f 2123//2123 2159//2159 2155//2155
f 2159//2159 2160//2160 2155//2155
f 2155//2155 2160//2160 2156//2156
f 2160//2160 2161//2161 2156//2156
f 2156//2156 2161//2161 2157//2157
f 2161//2161 2162//2162 2157//2157
f 2157//2157 2162//2162 2158//2158
f 2162//2162 2163//2163 2158//2158
f 2158//2158 2163//2163 2146//2146
f 2163//2163 2147//2147 2146//2146
f 2122//2122 2164//2164 2159//2159
f 2164//2164 2165//2165 2159//2159
f 2159//2159 2165//2165 2160//2160
f 2165//2165 2166//2166 2160//2160
f 2160//2160 2166//2166 2161//2161
f 2166//2166 2167//2167 2161//2161
f 2161//2161 2167//2167 2162//2162
f 2167//2167 2168//2168 2162//2162
f 2162//2162 2168//2168 2163//2163
f 2168//2168 2169//2169 2163//2163
f 2163//2163 2169//2169 2147//2147
f 2169//2169 2148//2148 2147//2147
f 2121//2121 2113//2113 2164//2164
f 2113//2113 2112//2112 2164//2164
f 2164//2164 2112//2112 2165//2165
f 2112//2112 2111//2111 2165//2165
f 2165//2165 2111//2111 2166//2166
f 2111//2111 2110//2110 2166//2166
f 2166//2166 2110//2110 2167//2167
f 2110//2110 2109//2109 2167//2167
f 2167//2167 2109//2109 2168//2168
f 2109//2109 2108//2108 2168//2168
f 2168//2168 2108//2108 2169//2169
f 2108//2108 2107//2107 2169//2169
f 2169//2169 2107//2107 2148//2148
f 2107//2107 1936//1936 2148//2148
f 2142//2142 2135//2135 1938//1938
f 2143//2143 2170//2170 2142//2142
f 2144//2144 2171//2171 2143//2143
f 2145//2145 2173//2173 2144//2144
f 2146//2146 2176//2176 2145//2145
f 2147//2147 2180//2180 2146//2146
f 2148//2148 2185//2185 2147//2147
f 2142//2142 2170//2170 2135//2135
f 2170//2170 2136//2136 2135//2135
f 2143//2143 2171//2171 2170//2170
f 2171//2171 2172//2172 2170//2170
f 2170//2170 2172//2172 2136//2136
f 2172//2172 2137//2137 2136//2136
f 2144//2144 2173//2173 2171//2171
f 2173//2173 2174//2174 2171//2171
f 2171//2171 2174//2174 2172//2172
f 2174//2174 2175//2175 2172//2172
f 2172//2172 2175//2175 2137//2137
f 2175//2175 2138//2138 2137//2137
f 2145//2145 2176//2176 2173//2173
f 2176//2176 2177//2177 2173//2173
f 2173//2173 2177//2177 2174//2174
f 2177//2177 2178//2178 2174//2174
f 2174//2174 2178//2178 2175//2175
f 2178//2178 2179//2179 2175//2175
f 2175//2175 2179//2179 2138//2138
f 2179//2179 2139//2139 2138//2138
f 2146//2146 2180//2180 2176//2176
f 2180//2180 2181//2181 2176//2176
f 2176//2176 2181//2181 2177//2177
f 2181//2181 2182//2182 2177//2177
f 2177//2177 2182//2182 2178//2178
f 2182//2182 2183//2183 2178//2178
f 2178//2178 2183//2183 2179//2179
f 2183//2183 2184//2184 2179//2179
f 2179//2179 2184//2184 2139//2139
f 2184//2184 2140//2140 2139//2139
f 2147//2147 2185//2185 2180//2180
f 2185//2185 2186//2186 2180//2180
f 2180//2180 2186//2186 2181//2181
f 2186//2186 2187//2187 2181//2181
f 2181//2181 2187//2187 2182//2182
f 2187//2187 2188//2188 2182//2182
f 2182//2182 2188//2188 2183//2183
f 2188//2188 2189//2189 2183//2183
f 2183//2183 2189//2189 2184//2184
f 2189//2189 2190//2190 2184//2184
f 2184//2184 2190//2190 2140//2140
f 2190//2190 2141//2141 2140//2140
f 2148//2148 2106//2106 2185//2185
f 2106//2106 2105//2105 2185//2185
f 2185//2185 2105//2105 2186//2186
f 2105//2105 2104//2104 2186//2186
f 2186//2186 2104//2104 2187//2187
f 2104//2104 2103//2103 2187//2187
f 2187//2187 2103//2103 2188//2188
f 2103//2103 2102//2102 2188//2188
f 2188//2188 2102//2102 2189//2189
f 2102//2102 2101//2101 2189//2189
f 2189//2189 2101//2101 2190//2190
f 2101//2101 2100//2100 2190//2190
f 2190//2190 2100//2100 2141//2141
f 2100//2100 1935//1935 2141//2141
f 2135//2135 2128//2128 1938//1938
f 2136//2136 2191//2191 2135//2135
f 2137//2137 2192//2192 2136//2136
f 2138//2138 2194//2194 2137//2137
f 2139//2139 2197//2197 2138//2138
f 2140//2140 2201//2201 2139//2139
f 2141//2141 2206//2206 2140//2140
f 2135//2135 2191//2191 2128//2128
f 2191//2191 2129//2129 2128//2128
f 2136//2136 2192//2192 2191//2191
f 2192//2192 2193//2193 2191//2191
f 2191//2191 2193//2193 2129//2129
f 2193//2193 2130//2130 2129//2129
f 2137//2137 2194//2194 2192//2192
f 2194//2194 2195//2195 2192//2192
f 2192//2192 2195//2195 2193//2193
f 2195//2195 2196//2196 2193//2193
f 2193//2193 2196//2196 2130//2130
f 2196//2196 2131//2131 2130//2130
f 2138//2138 2197//2197 2194//2194
f 2197//2197 2198//2198 2194//2194
f 2194//2194 2198//2198 2195//2195
f 2198//2198 2199//2199 2195//2195
f 2195//2195 2199//2199 2196//2196
f 2199//2199 2200//2200 2196//2196
f 2196//2196 2200//2200 2131//2131
f 2200//2200 2132//2132 2131//2131
f 2139//2139 2201//2201 2197//2197
f 2201//2201 2202//2202 2197//2197
f 2197//2197 2202//2202 2198//2198
f 2202//2202 2203//2203 2198//2198
f 2198//2198 2203//2203 2199//2199
f 2203//2203 2204//2204 2199//2199
f 2199//2199 2204//2204 2200//2200
f 2204//2204 2205//2205 2200//2200
f 2200//2200 2205//2205 2132//2132
f 2205//2205 2133//2133 2132//2132
f 2140//2140 2206//2206 2201//2201
f 2206//2206 2207//2207 2201//2201
f 2201//2201 2207//2207 2202//2202
f 2207//2207 2208//2208 2202//2202
f 2202//2202 2208//2208 2203//2203
f 2208//2208 2209//2209 2203//2203
f 2203//2203 2209//2209 2204//2204
f 2209//2209 2210//2210 2204//2204
f 2204//2204 2210//2210 2205//2205
f 2210//2210 2211//2211 2205//2205
f 2205//2205 2211//2211 2133//2133
f 2211//2211 2134//2134 2133//2133
f 2141//2141 2099//2099 2206//2206
f 2099//2099 2098//2098 2206//2206
f 2206//2206 2098//2098 2207//2207
f 2098//2098 2097//2097 2207//2207
f 2207//2207 2097//2097 2208//2208
f 2097//2097 2096//2096 2208//2208
f 2208//2208 2096//2096 2209//2209
f 2096//2096 2095//2095 2209//2209
f 2209//2209 2095//2095 2210//2210
f 2095//2095 2094//2094 2210//2210
f 2210//2210 2094//2094 2211//2211
f 2094//2094 2093//2093 2211//2211
f 2211//2211 2093//2093 2134//2134
f 2093//2093 1934//1934 2134//2134
f 2128//2128 2114//2114 1938//1938
f 2129//2129 2212//2212 2128//2128
f 2130//2130 2213//2213 2129//2129
f 2131//2131 2215//2215 2130//2130
f 2132//2132 2218//2218 2131//2131
f 2133//2133 2222//2222 2132//2132
f 2134//2134 2227//2227 2133//2133
f 2128//2128 2212//2212 2114//2114
f 2212//2212 2115//2115 2114//2114
f 2129//2129 2213//2213 2212//2212
f 2213//2213 2214//2214 2212//2212
f 2212//2212 2214//2214 2115//2115
f 2214//2214 2116//2116 2115//2115
f 2130//2130 2215//2215 2213//2213
f 2215//2215 2216//2216 2213//2213
f 2213//2213 2216//2216 2214//2214
f 2216//2216 2217//2217 2214//2214
f 2214//2214 2217//2217 2116//2116
f 2217//2217 2117//2117 2116//2116
f 2131//2131 2218//2218 2215//2215
f 2218//2218 2219//2219 2215//2215
f 2215//2215 2219//2219 2216//2216
f 2219//2219 2220//2220 2216//2216
f 2216//2216 2220//2220 2217//2217
f 2220//2220 2221//2221 2217//2217
f 2217//2217 2221//2221 2117//2117
f 2221//2221 2118//2118 2117//2117
f 2132//2132 2222//2222 2218//2218
f 2222//2222 2223//2223 2218//2218
f 2218//2218 2223//2223 2219//2219
f 2223//2223 2224//2224 2219//2219
f 2219//2219 2224//2224 2220//2220
f 2224//2224 2225//2225 2220//2220
f 2220//2220 2225//2225 2221//2221
f 2225//2225 2226//2226 2221//2221
f 2221//2221 2226//2226 2118//2118
f 2226//2226 2119//2119 2118//2118
f 2133//2133 2227//2227 2222//2222
f 2227//2227 2228//2228 2222//2222
f 2222//2222 2228//2228 2223//2223
f 2228//2228 2229//2229 2223//2223
f 2223//2223 2229//2229 2224//2224
f 2229//2229 2230//2230 2224//2224
f 2224//2224 2230//2230 2225//2225
f 2230//2230 2231//2231 2225//2225
f 2225//2225 2231//2231 2226//2226
f 2231//2231 2232//2232 2226//2226
f 2226//2226 2232//2232 2119//2119
f 2232//2232 2120//2120 2119//2119
f 2134//2134 2092//2092 2227//2227
f 2092//2092 2091//2091 2227//2227
f 2227//2227 2091//2091 2228//2228
f 2091//2091 2090//2090 2228//2228
f 2228//2228 2090//2090 2229//2229
f 2090//2090 2089//2089 2229//2229
f 2229//2229 2089//2089 2230//2230
f 2089//2089 2088//2088 2230//2230
f 2230//2230 2088//2088 2231//2231
f 2088//2088 2087//2087 2231//2231
f 2231//2231 2087//2087 2232//2232
f 2087//2087 2086//2086 2232//2232
f 2232//2232 2086//2086 2120//2120
f 2086//2086 1933//1933 2120//2120
f 2114//2114 2127//2127 1938//1938
f 2115//2115 2233//2233 2114//2114
f 2116//2116 2234//2234 2115//2115
f 2117//2117 2236//2236 2116//2116
f 2118//2118 2239//2239 2117//2117
f 2119//2119 2243//2243 2118//2118
f 2120//2120 2248//2248 2119//2119
f 2114//2114 2233//2233 2127//2127
f 2233//2233 2126//2126 2127//2127
f 2115//2115 2234//2234 2233//2233
f 2234//2234 2235//2235 2233//2233
f 2233//2233 2235//2235 2126//2126
f 2235//2235 2125//2125 2126//2126
f 2116//2116 2236//2236 2234//2234
f 2236//2236 2237//2237 2234//2234
f 2234//2234 2237//2237 2235//2235
f 2237//2237 2238//2238 2235//2235
f 2235//2235 2238//2238 2125//2125
f 2238//2238 2124//2124 2125//2125
f 2117//2117 2239//2239 2236//2236
f 2239//2239 2240//2240 2236//2236
f 2236//2236 2240//2240 2237//2237
f 2240//2240 2241//2241 2237//2237
f 2237//2237 2241//2241 2238//2238
f 2241//2241 2242//2242 2238//2238
f 2238//2238 2242//2242 2124//2124
f 2242//2242 2123//2123 2124//2124
f 2118//2118 2243//2243 2239//2239
f 2243//2243 2244//2244 2239//2239
f 2239//2239 2244//2244 2240//2240
f 2244//2244 2245//2245 2240//2240
f 2240//2240 2245//2245 2241//2241
f 2245//2245 2246//2246 2241//2241
f 2241//2241 2246//2246 2242//2242
f 2246//2246 2247//2247 2242//2242
f 2242//2242 2247//2247 2123//2123
f 2247//2247 2122//2122 2123//2123
f 2119//2119 2248//2248 2243//2243
f 2248//2248 2249//2249 2243//2243
f 2243//2243 2249//2249 2244//2244
f 2249//2249 2250//2250 2244//2244
f 2244//2244 2250//2250 2245//2245
f 2250//2250 2251//2251 2245//2245
f 2245//2245 2251//2251 2246//2246
f 2251//2251 2252//2252 2246//2246
f 2246//2246 2252//2252 2247//2247
f 2252//2252 2253//2253 2247//2247
f 2247//2247 2253//2253 2122//2122
f 2253//2253 2121//2121 2122//2122
f 2120//2120 2085//2085 2248//2248
f 2085//2085 2084//2084 2248//2248
f 2248//2248 2084//2084 2249//2249
f 2084//2084 2083//2083 2249//2249
f 2249//2249 2083//2083 2250//2250
f 2083//2083 2082//2082 2250//2250
f 2250//2250 2082//2082 2251//2251
f 2082//2082 2081//2081 2251//2251
f 2251//2251 2081//2081 2252//2252
f 2081//2081 2080//2080 2252//2252
f 2252//2252 2080//2080 2253//2253
f 2080//2080 2079//2079 2253//2253
f 2253//2253 2079//2079 2121//2121
f 2079//2079 1937//1937 2121//2121
f 2022//2022 2113//2113 1937//1937
f 2021//2021 2254//2254 2022//2022
f 2020//2020 2255//2255 2021//2021
f 2019//2019 2257//2257 2020//2020
f 2018//2018 2260//2260 2019//2019
f 2017//2017 2264//2264 2018//2018
f 2016//2016 2269//2269 2017//2017
f 2022//2022 2254//2254 2113//2113
f 2254//2254 2112//2112 2113//2113
f 2021//2021 2255//2255 2254//2254
f 2255//2255 2256//2256 2254//2254
f 2254//2254 2256//2256 2112//2112
f 2256//2256 2111//2111 2112//2112
f 2020//2020 2257//2257 2255//2255
f 2257//2257 2258//2258 2255//2255
f 2255//2255 2258//2258 2256//2256
f 2258//2258 2259//2259 2256//2256
f 2256//2256 2259//2259 2111//2111
f 2259//2259 2110//2110 2111//2111
f 2019//2019 2260//2260 2257//2257
f 2260//2260 2261//2261 2257//2257
f 2257//2257 2261//2261 2258//2258
f 2261//2261 2262//2262 2258//2258
f 2258//2258 2262//2262 2259//2259
f 2262//2262 2263//2263 2259//2259
f 2259//2259 2263//2263 2110//2110
f 2263//2263 2109//2109 2110//2110
f 2018//2018 2264//2264 2260//2260
f 2264//2264 2265//2265 2260//2260
f 2260//2260 2265//2265 2261//2261
f 2265//2265 2266//2266 2261//2261
f 2261//2261 2266//2266 2262//2262
f 2266//2266 2267//2267 2262//2262
f 2262//2262 2267//2267 2263//2263
f 2267//2267 2268//2268 2263//2263
f 2263//2263 2268//2268 2109//2109
f 2268//2268 2108//2108 2109//2109
f 2017//2017 2269//2269 2264//2264
f 2269//2269 2270//2270 2264//2264
f 2264//2264 2270//2270 2265//2265
f 2270//2270 2271//2271 2265//2265
f 2265//2265 2271//2271 2266//2266
f 2271//2271 2272//2272 2266//2266
f 2266//2266 2272//2272 2267//2267
f 2272//2272 2273//2273 2267//2267
f 2267//2267 2273//2273 2268//2268
f 2273//2273 2274//2274 2268//2268
f 2268//2268 2274//2274 2108//2108
f 2274//2274 2107//2107 2108//2108
f 2016//2016 2071//2071 2269//2269
f 2071//2071 2070//2070 2269//2269
f 2269//2269 2070//2070 2270//2270
f 2070//2070 2069//2069 2270//2270
f 2270//2270 2069//2069 2271//2271
f 2069//2069 2068//2068 2271//2271
f 2271//2271 2068//2068 2272//2272
f 2068//2068 2067//2067 2272//2272
f 2272//2272 2067//2067 2273//2273
f 2067//2067 2066//2066 2273//2273
f 2273//2273 2066//2066 2274//2274
f 2066//2066 2065//2065 2274//2274
f 2274//2274 2065//2065 2107//2107
f 2065//2065 1936//1936 2107//2107
f 2078//2078 2106//2106 1936//1936
f 2077//2077 2275//2275 2078//2078
f 2076//2076 2276//2276 2077//2077
f 2075//2075 2278//2278 2076//2076
f 2074//2074 2281//2281 2075//2075
f 2073//2073 2285//2285 2074//2074
f 2072//2072 2290//2290 2073//2073
f 2078//2078 2275//2275 2106//2106
f 2275//2275 2105//2105 2106//2106
f 2077//2077 2276//2276 2275//2275
f 2276//2276 2277//2277 2275//2275
f 2275//2275 2277//2277 2105//2105
f 2277//2277 2104//2104 2105//2105
f 2076//2076 2278//2278 2276//2276
f 2278//2278 2279//2279 2276//2276
f 2276//2276 2279//2279 2277//2277
f 2279//2279 2280//2280 2277//2277
f 2277//2277 2280//2280 2104//2104
f 2280//2280 2103//2103 2104//2104
f 2075//2075 2281//2281 2278//2278
f 2281//2281 2282//2282 2278//2278
f 2278//2278 2282//2282 2279//2279
f 2282//2282 2283//2283 2279//2279
f 2279//2279 2283//2283 2280//2280
f 2283//2283 2284//2284 2280//2280
f 2280//2280 2284//2284 2103//2103
f 2284//2284 2102//2102 2103//2103
f 2074//2074 2285//2285 2281//2281
f 2285//2285 2286//2286 2281//2281
f 2281//2281 2286//2286 2282//2282
f 2286//2286 2287//2287 2282//2282
f 2282//2282 2287//2287 2283//2283
f 2287//2287 2288//2288 2283//2283
f 2283//2283 2288//2288 2284//2284
f 2288//2288 2289//2289 2284//2284
f 2284//2284 2289//2289 2102//2102
f 2289//2289 2101//2101 2102//2102
f 2073//2073 2290//2290 2285//2285
f 2290//2290 2291//2291 2285//2285
f 2285//2285 2291//2291 2286//2286
f 2291//2291 2292//2292 2286//2286
f 2286//2286 2292//2292 2287//2287
f 2292//2292 2293//2293 2287//2287
f 2287//2287 2293//2293 2288//2288
f 2293//2293 2294//2294 2288//2288
f 2288//2288 2294//2294 2289//2289
f 2294//2294 2295//2295 2289//2289
f 2289//2289 2295//2295 2101//2101
f 2295//2295 2100//2100 2101//2101
f 2072//2072 2057//2057 2290//2290
f 2057//2057 2056//2056 2290//2290
f 2290//2290 2056//2056 2291//2291
f 2056//2056 2055//2055 2291//2291
f 2291//2291 2055//2055 2292//2292
f 2055//2055 2054//2054 2292//2292
f 2292//2292 2054//2054 2293//2293
f 2054//2054 2053//2053 2293//2293
f 2293//2293 2053//2053 2294//2294
f 2053//2053 2052//2052 2294//2294
f 2294//2294 2052//2052 2295//2295
f 2052//2052 2051//2051 2295//2295
f 2295//2295 2051//2051 2100//2100
f 2051//2051 1935//1935 2100//2100
f 2064//2064 2099//2099 1935//1935
f 2063//2063 2296//2296 2064//2064
f 2062//2062 2297//2297 2063//2063
f 2061//2061 2299//2299 2062//2062
f 2060//2060 2302//2302 2061//2061
f 2059//2059 2306//2306 2060//2060
f 2058//2058 2311//2311 2059//2059
f 2064//2064 2296//2296 2099//2099
f 2296//2296 2098//2098 2099//2099
f 2063//2063 2297//2297 2296//2296
f 2297//2297 2298//2298 2296//2296
f 2296//2296 2298//2298 2098//2098
f 2298//2298 2097//2097 2098//2098
f 2062//2062 2299//2299 2297//2297
f 2299//2299 2300//2300 2297//2297
f 2297//2297 2300//2300 2298//2298
f 2300//2300 2301//2301 2298//2298
f 2298//2298 2301//2301 2097//2097
f 2301//2301 2096//2096 2097//2097
f 2061//2061 2302//2302 2299//2299
f 2302//2302 2303//2303 2299//2299
f 2299//2299 2303//2303 2300//2300
f 2303//2303 2304//2304 2300//2300
f 2300//2300 2304//2304 2301//2301
f 2304//2304 2305//2305 2301//2301
f 2301//2301 2305//2305 2096//2096
f 2305//2305 2095//2095 2096//2096
f 2060//2060 2306//2306 2302//2302
f 2306//2306 2307//2307 2302//2302
f 2302//2302 2307//2307 2303//2303
f 2307//2307 2308//2308 2303//2303
f 2303//2303 2308//2308 2304//2304
f 2308//2308 2309//2309 2304//2304
f 2304//2304 2309//2309 2305//2305
f 2309//2309 2310//2310 2305//2305
f 2305//2305 2310//2310 2095//2095
f 2310//2310 2094//2094 2095//2095
f 2059//2059 2311//2311 2306//2306
f 2311//2311 2312//2312 2306//2306
f 2306//2306 2312//2312 2307//2307
f 2312//2312 2313//2313 2307//2307
f 2307//2307 2313//2313 2308//2308
f 2313//2313 2314//2314 2308//2308
f 2308//2308 2314//2314 2309//2309
f 2314//2314 2315//2315 2309//2309
f 2309//2309 2315//2315 2310//2310
f 2315//2315 2316//2316 2310//2310
f 2310//2310 2316//2316 2094//2094
f 2316//2316 2093//2093 2094//2094
f 2058//2058 2043//2043 2311//2311
f 2043//2043 2042//2042 2311//2311
f 2311//2311 2042//2042 2312//2312
f 2042//2042 2041//2041 2312//2312
f 2312//2312 2041//2041 2313//2313
f 2041//2041 2040//2040 2313//2313
f 2313//2313 2040//2040 2314//2314
f 2040//2040 2039//2039 2314//2314
f 2314//2314 2039//2039 2315//2315
f 2039//2039 2038//2038 2315//2315
f 2315//2315 2038//2038 2316//2316
f 2038//2038 2037//2037 2316//2316
f 2316//2316 2037//2037 2093//2093
f 2037//2037 1934//1934 2093//2093
f 2050//2050 2092//2092 1934//1934
f 2049//2049 2317//2317 2050//2050
f 2048//2048 2318//2318 2049//2049
f 2047//2047 2320//2320 2048//2048
f 2046//2046 2323//2323 2047//2047
f 2045//2045 2327//2327 2046//2046
f 2044//2044 2332//2332 2045//2045
f 2050//2050 2317//2317 2092//2092
f 2317//2317 2091//2091 2092//2092
f 2049//2049 2318//2318 2317//2317
f 2318//2318 2319//2319 2317//2317
f 2317//2317 2319//2319 2091//2091
f 2319//2319 2090//2090 2091//2091
f 2048//2048 2320//2320 2318//2318
f 2320//2320 2321//2321 2318//2318
f 2318//2318 2321//2321 2319//2319
f 2321//2321 2322//2322 2319//2319
f 2319//2319 2322//2322 2090//2090
f 2322//2322 2089//2089 2090//2090
f 2047//2047 2323//2323 2320//2320
f 2323//2323 2324//2324 2320//2320
f 2320//2320 2324//2324 2321//2321
f 2324//2324 2325//2325 2321//2321
f 2321//2321 2325//2325 2322//2322
f 2325//2325 2326//2326 2322//2322
f 2322//2322 2326//2326 2089//2089
f 2326//2326 2088//2088 2089//2089
f 2046//2046 2327//2327 2323//2323
f 2327//2327 2328//2328 2323//2323
f 2323//2323 2328//2328 2324//2324
f 2328//2328 2329//2329 2324//2324
f 2324//2324 2329//2329 2325//2325
f 2329//2329 2330//2330 2325//2325
f 2325//2325 2330//2330 2326//2326
f 2330//2330 2331//2331 2326//2326
f 2326//2326 2331//2331 2088//2088
f 2331//2331 2087//2087 2088//2088
f 2045//2045 2332//2332 2327//2327
f 2332//2332 2333//2333 2327//2327
f 2327//2327 2333//2333 2328//2328
f 2333//2333 2334//2334 2328//2328
f 2328//2328 2334//2334 2329//2329
f 2334//2334 2335//2335 2329//2329
f 2329//2329 2335//2335 2330//2330
f 2335//2335 2336//2336 2330//2330
f 2330//2330 2336//2336 2331//2331
f 2336//2336 2337//2337 2331//2331
f 2331//2331 2337//2337 2087//2087
f 2337//2337 2086//2086 2087//2087
f 2044//2044 2029//2029 2332//2332
f 2029//2029 2028//2028 2332//2332
f 2332//2332 2028//2028 2333//2333
f 2028//2028 2027//2027 2333//2333
f 2333//2333 2027//2027 2334//2334
f 2027//2027 2026//2026 2334//2334
f 2334//2334 2026//2026 2335//2335
f 2026//2026 2025//2025 2335//2335
f 2335//2335 2025//2025 2336//2336
f 2025//2025 2024//2024 2336//2336
f 2336//2336 2024//2024 2337//2337
f 2024//2024 2023//2023 2337//2337
f 2337//2337 2023//2023 2086//2086
f 2023//2023 1933//1933 2086//2086
f 2036//2036 2085//2085 1933//1933
f 2035//2035 2338//2338 2036//2036
f 2034//2034 2339//2339 2035//2035
f 2033//2033 2341//2341 2034//2034
f 2032//2032 2344//2344 2033//2033
f 2031//2031 2348//2348 2032//2032
f 2030//2030 2353//2353 2031//2031
f 2036//2036 2338//2338 2085//2085
f 2338//2338 2084//2084 2085//2085
f 2035//2035 2339//2339 2338//2338
f 2339//2339 2340//2340 2338//2338
f 2338//2338 2340//2340 2084//2084
f 2340//2340 2083//2083 2084//2084
f 2034//2034 2341//2341 2339//2339
f 2341//2341 2342//2342 2339//2339
f 2339//2339 2342//2342 2340//2340
f 2342//2342 2343//2343 2340//2340
f 2340//2340 2343//2343 2083//2083
f 2343//2343 2082//2082 2083//2083
f 2033//2033 2344//2344 2341//2341
f 2344//2344 2345//2345 2341//2341
f 2341//2341 2345//2345 2342//2342
f 2345//2345 2346//2346 2342//2342
f 2342//2342 2346//2346 2343//2343
f 2346//2346 2347//2347 2343//2343
f 2343//2343 2347//2347 2082//2082
f 2347//2347 2081//2081 2082//2082
f 2032//2032 2348//2348 2344//2344
f 2348//2348 2349//2349 2344//2344
f 2344//2344 2349//2349 2345//2345
f 2349//2349 2350//2350 2345//2345
f 2345//2345 2350//2350 2346//2346
f 2350//2350 2351//2351 2346//2346
f 2346//2346 2351//2351 2347//2347
f 2351//2351 2352//2352 2347//2347
f 2347//2347 2352//2352 2081//2081
f 2352//2352 2080//2080 2081//2081
f 2031//2031 2353//2353 2348//2348
f 2353//2353 2354//2354 2348//2348
f 2348//2348 2354//2354 2349//2349
f 2354//2354 2355//2355 2349//2349
f 2349//2349 2355//2355 2350//2350
f 2355//2355 2356//2356 2350//2350
f 2350//2350 2356//2356 2351//2351
f 2356//2356 2357//2357 2351//2351
f 2351//2351 2357//2357 2352//2352
f 2357//2357 2358//2358 2352//2352
f 2352//2352 2358//2358 2080//2080
f 2358//2358 2079//2079 2080//2080
f 2030//2030 2015//2015 2353//2353
f 2015//2015 2014//2014 2353//2353
f 2353//2353 2014//2014 2354//2354
f 2014//2014 2013//2013 2354//2354
f 2354//2354 2013//2013 2355//2355
f 2013//2013 2012//2012 2355//2355
f 2355//2355 2012//2012 2356//2356
f 2012//2012 2011//2011 2356//2356
f 2356//2356 2011//2011 2357//2357
f 2011//2011 2010//2010 2357//2357
f 2357//2357 2010//2010 2358//2358
f 2010//2010 2009//2009 2358//2358
f 2358//2358 2009//2009 2079//2079
f 2009//2009 1937//1937 2079//2079
f 2065//2065 2078//2078 1936//1936
f 2066//2066 2359//2359 2065//2065
f 2067//2067 2360//2360 2066//2066
f 2068//2068 2362//2362 2067//2067
f 2069//2069 2365//2365 2068//2068
f 2070//2070 2369//2369 2069//2069
f 2071//2071 2374//2374 2070//2070
f 2065//2065 2359//2359 2078//2078
f 2359//2359 2077//2077 2078//2078
f 2066//2066 2360//2360 2359//2359
f 2360//2360 2361//2361 2359//2359
f 2359//2359 2361//2361 2077//2077
f 2361//2361 2076//2076 2077//2077
f 2067//2067 2362//2362 2360//2360
f 2362//2362 2363//2363 2360//2360
f 2360//2360 2363//2363 2361//2361
f 2363//2363 2364//2364 2361//2361
f 2361//2361 2364//2364 2076//2076
f 2364//2364 2075//2075 2076//2076
f 2068//2068 2365//2365 2362//2362
f 2365//2365 2366//2366 2362//2362
f 2362//2362 2366//2366 2363//2363
f 2366//2366 2367//2367 2363//2363
f 2363//2363 2367//2367 2364//2364
f 2367//2367 2368//2368 2364//2364
f 2364//2364 2368//2368 2075//2075
f 2368//2368 2074//2074 2075//2075
f 2069//2069 2369//2369 2365//2365
f 2369//2369 2370//2370 2365//2365
f 2365//2365 2370//2370 2366//2366
f 2370//2370 2371//2371 2366//2366
f 2366//2366 2371//2371 2367//2367
f 2371//2371 2372//2372 2367//2367
f 2367//2367 2372//2372 2368//2368
f 2372//2372 2373//2373 2368//2368
f 2368//2368 2373//2373 2074//2074
f 2373//2373 2073//2073 2074//2074
f 2070//2070 2374//2374 2369//2369
f 2374//2374 2375//2375 2369//2369
f 2369//2369 2375//2375 2370//2370
f 2375//2375 2376//2376 2370//2370
f 2370//2370 2376//2376 2371//2371
f 2376//2376 2377//2377 2371//2371
f 2371//2371 2377//2377 2372//2372
f 2377//2377 2378//2378 2372//2372
f 2372//2372 2378//2378 2373//2373
f 2378//2378 2379//2379 2373//2373
f 2373//2373 2379//2379 2073//2073
f 2379//2379 2072//2072 2073//2073
f 2071//2071 2008//2008 2374//2374
f 2008//2008 2007//2007 2374//2374
f 2374//2374 2007//2007 2375//2375
f 2007//2007 2006//2006 2375//2375
f 2375//2375 2006//2006 2376//2376
f 2006//2006 2005//2005 2376//2376
f 2376//2376 2005//2005 2377//2377
f 2005//2005 2004//2004 2377//2377
f 2377//2377 2004//2004 2378//2378
f 2004//2004 2003//2003 2378//2378
f 2378//2378 2003//2003 2379//2379
f 2003//2003 2002//2002 2379//2379
f 2379//2379 2002//2002 2072//2072
f 2002//2002 1931//1931 2072//2072
f 2051//2051 2064//2064 1935//1935
f 2052//2052 2380//2380 2051//2051
f 2053//2053 2381//2381 2052//2052
f 2054//2054 2383//2383 2053//2053
f 2055//2055 2386//2386 2054//2054
f 2056//2056 2390//2390 2055//2055
f 2057//2057 2395//2395 2056//2056
f 2051//2051 2380//2380 2064//2064
f 2380//2380 2063//2063 2064//2064
f 2052//2052 2381//2381 2380//2380
f 2381//2381 2382//2382 2380//2380
f 2380//2380 2382//2382 2063//2063
f 2382//2382 2062//2062 2063//2063
f 2053//2053 2383//2383 2381//2381
f 2383//2383 2384//2384 2381//2381
f 2381//2381 2384//2384 2382//2382
f 2384//2384 2385//2385 2382//2382
f 2382//2382 2385//2385 2062//2062
f 2385//2385 2061//2061 2062//2062
f 2054//2054 2386//2386 2383//2383
f 2386//2386 2387//2387 2383//2383
f 2383//2383 2387//2387 2384//2384
f 2387//2387 2388//2388 2384//2384
f 2384//2384 2388//2388 2385//2385
f 2388//2388 2389//2389 2385//2385
f 2385//2385 2389//2389 2061//2061
f 2389//2389 2060//2060 2061//2061
f 2055//2055 2390//2390 2386//2386
f 2390//2390 2391//2391 2386//2386
f 2386//2386 2391//2391 2387//2387
f 2391//2391 2392//2392 2387//2387
f 2387//2387 2392//2392 2388//2388
f 2392//2392 2393//2393 2388//2388
f 2388//2388 2393//2393 2389//2389
f 2393//2393 2394//2394 2389//2389
f 2389//2389 2394//2394 2060//2060
f 2394//2394 2059//2059 2060//2060
f 2056//2056 2395//2395 2390//2390
f 2395//2395 2396//2396 2390//2390
f 2390//2390 2396//2396 2391//2391
f 2396//2396 2397//2397 2391//2391
f 2391//2391 2397//2397 2392//2392
f 2397//2397 2398//2398 2392//2392
f 2392//2392 2398//2398 2393//2393
f 2398//2398 2399//2399 2393//2393
f 2393//2393 2399//2399 2394//2394
f 2399//2399 2400//2400 2394//2394
f 2394//2394 2400//2400 2059//2059
f 2400//2400 2058//2058 2059//2059
f 2057//2057 2001//2001 2395//2395
f 2001//2001 2000//2000 2395//2395
f 2395//2395 2000//2000 2396//2396
f 2000//2000 1999//1999 2396//2396
f 2396//2396 1999//1999 2397//2397
f 1999//1999 1998//1998 2397//2397
f 2397//2397 1998//1998 2398//2398
f 1998//1998 1997//1997 2398//2398
f 2398//2398 1997//1997 2399//2399
f 1997//1997 1996//1996 2399//2399
f 2399//2399 1996//1996 2400//2400
f 1996//1996 1995//1995 2400//2400
f 2400//2400 1995//1995 2058//2058
f 1995//1995 1930//1930 2058//2058
f 2037//2037 2050//2050 1934//1934
f 2038//2038 2401//2401 2037//2037
f 2039//2039 2402//2402 2038//2038
f 2040//2040 2404//2404 2039//2039
f 2041//2041 2407//2407 2040//2040
f 2042//2042 2411//2411 2041//2041
f 2043//2043 2416//2416 2042//2042
f 2037//2037 2401//2401 2050//2050
f 2401//2401 2049//2049 2050//2050
f 2038//2038 2402//2402 2401//2401
f 2402//2402 2403//2403 2401//2401
f 2401//2401 2403//2403 2049//2049
f 2403//2403 2048//2048 2049//2049
f 2039//2039 2404//2404 2402//2402
f 2404//2404 2405//2405 2402//2402
f 2402//2402 2405//2405 2403//2403
f 2405//2405 2406//2406 2403//2403
f 2403//2403 2406//2406 2048//2048
f 2406//2406 2047//2047 2048//2048
f 2040//2040 2407//2407 2404//2404
f 2407//2407 2408//2408 2404//2404
f 2404//2404 2408//2408 2405//2405
f 2408//2408 2409//2409 2405//2405
f 2405//2405 2409//2409 2406//2406
f 2409//2409 2410//2410 2406//2406
f 2406//2406 2410//2410 2047//2047
f 2410//2410 2046//2046 2047//2047
f 2041//2041 2411//2411 2407//2407
f 2411//2411 2412//2412 2407//2407
f 2407//2407 2412//2412 2408//2408
f 2412//2412 2413//2413 2408//2408
f 2408//2408 2413//2413 2409//2409
f 2413//2413 2414//2414 2409//2409
f 2409//2409 2414//2414 2410//2410
f 2414//2414 2415//2415 2410//2410
f 2410//2410 2415//2415 2046//2046
f 2415//2415 2045//2045 2046//2046
f 2042//2042 2416//2416 2411//2411
f 2416//2416 2417//2417 2411//2411
f 2411//2411 2417//2417 2412//2412
f 2417//2417 2418//2418 2412//2412
f 2412//2412 2418//2418 2413//2413
f 2418//2418 2419//2419 2413//2413
f 2413//2413 2419//2419 2414//2414
f 2419//2419 2420//2420 2414//2414
f 2414//2414 2420//2420 2415//2415
f 2420//2420 2421//2421 2415//2415
f 2415//2415 2421//2421 2045//2045
f 2421//2421 2044//2044 2045//2045
f 2043//2043 1987//1987 2416//2416
f 1987//1987 1986//1986 2416//2416
f 2416//2416 1986//1986 2417//2417
f 1986//1986 1985//1985 2417//2417
f 2417//2417 1985//1985 2418//2418
f 1985//1985 1984//1984 2418//2418
f 2418//2418 1984//1984 2419//2419
f 1984//1984 1983//1983 2419//2419
f 2419//2419 1983//1983 2420//2420
f 1983//1983 1982//1982 2420//2420
f 2420//2420 1982//1982 2421//2421
f 1982//1982 1981//1981 2421//2421
f 2421//2421 1981//1981 2044//2044
f 1981//1981 1929//1929 2044//2044
f 2023//2023 2036//2036 1933//1933
f 2024//2024 2422//2422 2023//2023
f 2025//2025 2423//2423 2024//2024
f 2026//2026 2425//2425 2025//2025
f 2027//2027 2428//2428 2026//2026
f 2028//2028 2432//2432 2027//2027
f 2029//2029 2437//2437 2028//2028
f 2023//2023 2422//2422 2036//2036
f 2422//2422 2035//2035 2036//2036
f 2024//2024 2423//2423 2422//2422
f 2423//2423 2424//2424 2422//2422
f 2422//2422 2424//2424 2035//2035
f 2424//2424 2034//2034 2035//2035
f 2025//2025 2425//2425 2423//2423
f 2425//2425 2426//2426 2423//2423
f 2423//2423 2426//2426 2424//2424
f 2426//2426 2427//2427 2424//2424
f 2424//2424 2427//2427 2034//2034
f 2427//2427 2033//2033 2034//2034
f 2026//2026 2428//2428 2425//2425
f 2428//2428 2429//2429 2425//2425
f 2425//2425 2429//2429 2426//2426
f 2429//2429 2430//2430 2426//2426
f 2426//2426 2430//2430 2427//2427
f 2430//2430 2431//2431 2427//2427
f 2427//2427 2431//2431 2033//2033
f 2431//2431 2032//2032 2033//2033
f 2027//2027 2432//2432 2428//2428
f 2432//2432 2433//2433 2428//2428
f 2428//2428 2433//2433 2429//2429
f 2433//2433 2434//2434 2429//2429
f 2429//2429 2434//2434 2430//2430
f 2434//2434 2435//2435 2430//2430
f 2430//2430 2435//2435 2431//2431
f 2435//2435 2436//2436 2431//2431
f 2431//2431 2436//2436 2032//2032
f 2436//2436 2031//2031 2032//2032
f 2028//2028 2437//2437 2432//2432
f 2437//2437 2438//2438 2432//2432
f 2432//2432 2438//2438 2433//2433
f 2438//2438 2439//2439 2433//2433
f 2433//2433 2439//2439 2434//2434
f 2439//2439 2440//2440 2434//2434
f 2434//2434 2440//2440 2435//2435
f 2440//2440 2441//2441 2435//2435
f 2435//2435 2441//2441 2436//2436
f 2441//2441 2442//2442 2436//2436
f 2436//2436 2442//2442 2031//2031
f 2442//2442 2030//2030 2031//2031
f 2029//2029 1959//1959 2437//2437
f 1959//1959 1958//1958 2437//2437
f 2437//2437 1958//1958 2438//2438
f 1958//1958 1957//1957 2438//2438
f 2438//2438 1957//1957 2439//2439
f 1957//1957 1956//1956 2439//2439
f 2439//2439 1956//1956 2440//2440
f 1956//1956 1955//1955 2440//2440
f 2440//2440 1955//1955 2441//2441
f 1955//1955 1954//1954 2441//2441
f 2441//2441 1954//1954 2442//2442
f 1954//1954 1953//1953 2442//2442
f 2442//2442 1953//1953 2030//2030
f 1953//1953 1928//1928 2030//2030
f 2009//2009 2022//2022 1937//1937
f 2010//2010 2443//2443 2009//2009
f 2011//2011 2444//2444 2010//2010
f 2012//2012 2446//2446 2011//2011
f 2013//2013 2449//2449 2012//2012
f 2014//2014 2453//2453 2013//2013
f 2015//2015 2458//2458 2014//2014
f 2009//2009 2443//2443 2022//2022
f 2443//2443 2021//2021 2022//2022
f 2010//2010 2444//2444 2443//2443
f 2444//2444 2445//2445 2443//2443
f 2443//2443 2445//2445 2021//2021
f 2445//2445 2020//2020 2021//2021
f 2011//2011 2446//2446 2444//2444
f 2446//2446 2447//2447 2444//2444
f 2444//2444 2447//2447 2445//2445
f 2447//2447 2448//2448 2445//2445
f 2445//2445 2448//2448 2020//2020
f 2448//2448 2019//2019 2020//2020
f 2012//2012 2449//2449 2446//2446
f 2449//2449 2450//2450 2446//2446
f 2446//2446 2450//2450 2447//2447
f 2450//2450 2451//2451 2447//2447
f 2447//2447 2451//2451 2448//2448
f 2451//2451 2452//2452 2448//2448
f 2448//2448 2452//2452 2019//2019
f 2452//2452 2018//2018 2019//2019
f 2013//2013 2453//2453 2449//2449
f 2453//2453 2454//2454 2449//2449
f 2449//2449 2454//2454 2450//2450
f 2454//2454 2455//2455 2450//2450
f 2450//2450 2455//2455 2451//2451
f 2455//2455 2456//2456 2451//2451
f 2451//2451 2456//2456 2452//2452
f 2456//2456 2457//2457 2452//2452
f 2452//2452 2457//2457 2018//2018
f 2457//2457 2017//2017 2018//2018
f 2014//2014 2458//2458 2453//2453
f 2458//2458 2459//2459 2453//2453
f 2453//2453 2459//2459 2454//2454
f 2459//2459 2460//2460 2454//2454
f 2454//2454 2460//2460 2455//2455
f 2460//2460 2461//2461 2455//2455
f 2455//2455 2461//2461 2456//2456
f 2461//2461 2462//2462 2456//2456
f 2456//2456 2462//2462 2457//2457
f 2462//2462 2463//2463 2457//2457
f 2457//2457 2463//2463 2017//2017
f 2463//2463 2016//2016 2017//2017
f 2015//2015 1966//1966 2458//2458
f 1966//1966 1965//1965 2458//2458
f 2458//2458 1965//1965 2459//2459
f 1965//1965 1964//1964 2459//2459
f 2459//2459 1964//1964 2460//2460
f 1964//1964 1963//1963 2460//2460
f 2460//2460 1963//1963 2461//2461
f 1963//1963 1962//1962 2461//2461
f 2461//2461 1962//1962 2462//2462
f 1962//1962 1961//1961 2462//2462
f 2462//2462 1961//1961 2463//2463
f 1961//1961 1960//1960 2463//2463
f 2463//2463 1960//1960 2016//2016
f 1960//1960 1932//1932 2016//2016
f 1973//1973 2008//2008 1932//1932
f 1972//1972 2464//2464 1973//1973
f 1971//1971 2465//2465 1972//1972
f 1970//1970 2467//2467 1971//1971
f 1969//1969 2470//2470 1970//1970
f 1968//1968 2474//2474 1969//1969
f 1967//1967 2479//2479 1968//1968
f 1973//1973 2464//2464 2008//2008
f 2464//2464 2007//2007 2008//2008
f 1972//1972 2465//2465 2464//2464
f 2465//2465 2466//2466 2464//2464
f 2464//2464 2466//2466 2007//2007
f 2466//2466 2006//2006 2007//2007
f 1971//1971 2467//2467 2465//2465
f 2467//2467 2468//2468 2465//2465
f 2465//2465 2468//2468 2466//2466
f 2468//2468 2469//2469 2466//2466
f 2466//2466 2469//2469 2006//2006
f 2469//2469 2005//2005 2006//2006
f 1970//1970 2470//2470 2467//2467
f 2470//2470 2471//2471 2467//2467
f 2467//2467 2471//2471 2468//2468
f 2471//2471 2472//2472 2468//2468
f 2468//2468 2472//2472 2469//2469
f 2472//2472 2473//2473 2469//2469
f 2469//2469 2473//2473 2005//2005
f 2473//2473 2004//2004 2005//2005
f 1969//1969 2474//2474 2470//2470
f 2474//2474 2475//2475 2470//2470
f 2470//2470 2475//2475 2471//2471
f 2475//2475 2476//2476 2471//2471
f 2471//2471 2476//2476 2472//2472
f 2476//2476 2477//2477 2472//2472
f 2472//2472 2477//2477 2473//2473
f 2477//2477 2478//2478 2473//2473
f 2473//2473 2478//2478 2004//2004
f 2478//2478 2003//2003 2004//2004
f 1968//1968 2479//2479 2474//2474
f 2479//2479 2480//2480 2474//2474
f 2474//2474 2480//2480 2475//2475
f 2480//2480 2481//2481 2475//2475
f 2475//2475 2481//2481 2476//2476
f 2481//2481 2482//2482 2476//2476
f 2476//2476 2482//2482 2477//2477
f 2482//2482 2483//2483 2477//2477
f 2477//2477 2483//2483 2478//2478
f 2483//2483 2484//2484 2478//2478
f 2478//2478 2484//2484 2003//2003
f 2484//2484 2002//2002 2003//2003
f 1967//1967 1994//1994 2479//2479
f 1994//1994 1993//1993 2479//2479
f 2479//2479 1993//1993 2480//2480
f 1993//1993 1992//1992 2480//2480
f 2480//2480 1992//1992 2481//2481
f 1992//1992 1991//1991 2481//2481
f 2481//2481 1991//1991 2482//2482
f 1991//1991 1990//1990 2482//2482
f 2482//2482 1990//1990 2483//2483
f 1990//1990 1989//1989 2483//2483
f 2483//2483 1989//1989 2484//2484
f 1989//1989 1988//1988 2484//2484
f 2484//2484 1988//1988 2002//2002
f 1988//1988 1931//1931 2002//2002
f 1988//1988 2001//2001 1931//1931
f 1989//1989 2485//2485 1988//1988
f 1990//1990 2486//2486 1989//1989
f 1991//1991 2488//2488 1990//1990
f 1992//1992 2491//2491 1991//1991
f 1993//1993 2495//2495 1992//1992
f 1994//1994 2500//2500 1993//1993
f 1988//1988 2485//2485 2001//2001
f 2485//2485 2000//2000 2001//2001
f 1989//1989 2486//2486 2485//2485
f 2486//2486 2487//2487 2485//2485
f 2485//2485 2487//2487 2000//2000
f 2487//2487 1999//1999 2000//2000
f 1990//1990 2488//2488 2486//2486
f 2488//2488 2489//2489 2486//2486
f 2486//2486 2489//2489 2487//2487
f 2489//2489 2490//2490 2487//2487
f 2487//2487 2490//2490 1999//1999
f 2490//2490 1998//1998 1999//1999
f 1991//1991 2491//2491 2488//2488
f 2491//2491 2492//2492 2488//2488
f 2488//2488 2492//2492 2489//2489
f 2492//2492 2493//2493 2489//2489
f 2489//2489 2493//2493 2490//2490
f 2493//2493 2494//2494 2490//2490
f 2490//2490 2494//2494 1998//1998
f 2494//2494 1997//1997 1998//1998
f 1992//1992 2495//2495 2491//2491
f 2495//2495 2496//2496 2491//2491
f 2491//2491 2496//2496 2492//2492
f 2496//2496 2497//2497 2492//2492
f 2492//2492 2497//2497 2493//2493
f 2497//2497 2498//2498 2493//2493
f 2493//2493 2498//2498 2494//2494
f 2498//2498 2499//2499 2494//2494
f 2494//2494 2499//2499 1997//1997
f 2499//2499 1996//1996 1997//1997
f 1993//1993 2500//2500 2495//2495
f 2500//2500 2501//2501 2495//2495
f 2495//2495 2501//2501 2496//2496
f 2501//2501 2502//2502 2496//2496
f 2496//2496 2502//2502 2497//2497
f 2502//2502 2503//2503 2497//2497
f 2497//2497 2503//2503 2498//2498
f 2503//2503 2504//2504 2498//2498
f 2498//2498 2504//2504 2499//2499
f 2504//2504 2505//2505 2499//2499
f 2499//2499 2505//2505 1996//1996
f 2505//2505 1995//1995 1996//1996
f 1994//1994 1980//1980 2500//2500
f 1980//1980 1979//1979 2500//2500
f 2500//2500 1979//1979 2501//2501
f 1979//1979 1978//1978 2501//2501
f 2501//2501 1978//1978 2502//2502
f 1978//1978 1977//1977 2502//2502
f 2502//2502 1977//1977 2503//2503
f 1977//1977 1976//1976 2503//2503
f 2503//2503 1976//1976 2504//2504
f 1976//1976 1975//1975 2504//2504
f 2504//2504 1975//1975 2505//2505
f 1975//1975 1974//1974 2505//2505
f 2505//2505 1974//1974 1995//1995
f 1974//1974 1930//1930 1995//1995
f 1974//1974 1987//1987 1930//1930
f 1975//1975 2506//2506 1974//1974
f 1976//1976 2507//2507 1975//1975
f 1977//1977 2509//2509 1976//1976
f 1978//1978 2512//2512 1977//1977
f 1979//1979 2516//2516 1978//1978
f 1980//1980 2521//2521 1979//1979
f 1974//1974 2506//2506 1987//1987
f 2506//2506 1986//1986 1987//1987
f 1975//1975 2507//2507 2506//2506
f 2507//2507 2508//2508 2506//2506
f 2506//2506 2508//2508 1986//1986
f 2508//2508 1985//1985 1986//1986
f 1976//1976 2509//2509 2507//2507
f 2509//2509 2510//2510 2507//2507
f 2507//2507 2510//2510 2508//2508
f 2510//2510 2511//2511 2508//2508
f 2508//2508 2511//2511 1985//1985
f 2511//2511 1984//1984 1985//1985
f 1977//1977 2512//2512 2509//2509
f 2512//2512 2513//2513 2509//2509
f 2509//2509 2513//2513 2510//2510
f 2513//2513 2514//2514 2510//2510
f 2510//2510 2514//2514 2511//2511
f 2514//2514 2515//2515 2511//2511
f 2511//2511 2515//2515 1984//1984
f 2515//2515 1983//1983 1984//1984
f 1978//1978 2516//2516 2512//2512
f 2516//2516 2517//2517 2512//2512
f 2512//2512 2517//2517 2513//2513
f 2517//2517 2518//2518 2513//2513
f 2513//2513 2518//2518 2514//2514
f 2518//2518 2519//2519 2514//2514
f 2514//2514 2519//2519 2515//2515
f 2519//2519 2520//2520 2515//2515
f 2515//2515 2520//2520 1983//1983
f 2520//2520 1982//1982 1983//1983
f 1979//1979 2521//2521 2516//2516
f 2521//2521 2522//2522 2516//2516
f 2516//2516 2522//2522 2517//2517
f 2522//2522 2523//2523 2517//2517
f 2517//2517 2523//2523 2518//2518
f 2523//2523 2524//2524 2518//2518
f 2518//2518 2524//2524 2519//2519
f 2524//2524 2525//2525 2519//2519
f 2519//2519 2525//2525 2520//2520
f 2525//2525 2526//2526 2520//2520
f 2520//2520 2526//2526 1982//1982
f 2526//2526 1981//1981 1982//1982
f 1980//1980 1945//1945 2521//2521
f 1945//1945 1944//1944 2521//2521
f 2521//2521 1944//1944 2522//2522
f 1944//1944 1943//1943 2522//2522
f 2522//2522 1943//1943 2523//2523
f 1943//1943 1942//1942 2523//2523
f 2523//2523 1942//1942 2524//2524
f 1942//1942 1941//1941 2524//2524
f 2524//2524 1941//1941 2525//2525
f 1941//1941 1940//1940 2525//2525
f 2525//2525 1940//1940 2526//2526
f 1940//1940 1939//1939 2526//2526
f 2526//2526 1939//1939 1981//1981
f 1939//1939 1929//1929 1981//1981
f 1960//1960 1973//1973 1932//1932
f 1961//1961 2527//2527 1960//1960
f 1962//1962 2528//2528 1961//1961
f 1963//1963 2530//2530 1962//1962
f 1964//1964 2533//2533 1963//1963
f 1965//1965 2537//2537 1964//1964
f 1966//1966 2542//2542 1965//1965
f 1960//1960 2527//2527 1973//1973
f 2527//2527 1972//1972 1973//1973
f 1961//1961 2528//2528 2527//2527
f 2528//2528 2529//2529 2527//2527
f 2527//2527 2529//2529 1972//1972
f 2529//2529 1971//1971 1972//1972
f 1962//1962 2530//2530 2528//2528
f 2530//2530 2531//2531 2528//2528
f 2528//2528 2531//2531 2529//2529
f 2531//2531 2532//2532 2529//2529
f 2529//2529 2532//2532 1971//1971
f 2532//2532 1970//1970 1971//1971
f 1963//1963 2533//2533 2530//2530
f 2533//2533 2534//2534 2530//2530
f 2530//2530 2534//2534 2531//2531
f 2534//2534 2535//2535 2531//2531
f 2531//2531 2535//2535 2532//2532
f 2535//2535 2536//2536 2532//2532
f 2532//2532 2536//2536 1970//1970
f 2536//2536 1969//1969 1970//1970
f 1964//1964 2537//2537 2533//2533
f 2537//2537 2538//2538 2533//2533
f 2533//2533 2538//2538 2534//2534
f 2538//2538 2539//2539 2534//2534
f 2534//2534 2539//2539 2535//2535
f 2539//2539 2540//2540 2535//2535
f 2535//2535 2540//2540 2536//2536
f 2540//2540 2541//2541 2536//2536
f 2536//2536 2541//2541 1969//1969
f 2541//2541 1968//1968 1969//1969
f 1965//1965 2542//2542 2537//2537
f 2542//2542 2543//2543 2537//2537
f 2537//2537 2543//2543 2538//2538
f 2543//2543 2544//2544 2538//2538
f 2538//2538 2544//2544 2539//2539
f 2544//2544 2545//2545 2539//2539
f 2539//2539 2545//2545 2540//2540
f 2545//2545 2546//2546 2540//2540
f 2540//2540 2546//2546 2541//2541
f 2546//2546 2547//2547 2541//2541
f 2541//2541 2547//2547 1968//1968
f 2547//2547 1967//1967 1968//1968
f 1966//1966 1952//1952 2542//2542
f 1952//1952 1951//1951 2542//2542
f 2542//2542 1951//1951 2543//2543
f 1951//1951 1950//1950 2543//2543
f 2543//2543 1950//1950 2544//2544
f 1950//1950 1949//1949 2544//2544
f 2544//2544 1949//1949 2545//2545
f 1949//1949 1948//1948 2545//2545
f 2545//2545 1948//1948 2546//2546
f 1948//1948 1947//1947 2546//2546
f 2546//2546 1947//1947 2547//2547
f 1947//1947 1946//1946 2547//2547
f 2547//2547 1946//1946 1967//1967
f 1946//1946 1927//1927 1967//1967
f 1939//1939 1959//1959 1929//1929
f 1940//1940 2548//2548 1939//1939
f 1941//1941 2549//2549 1940//1940
f 1942//1942 2551//2551 1941//1941
f 1943//1943 2554//2554 1942//1942
f 1944//1944 2558//2558 1943//1943
f 1945//1945 2563//2563 1944//1944
f 1939//1939 2548//2548 1959//1959
f 2548//2548 1958//1958 1959//1959
f 1940//1940 2549//2549 2548//2548
f 2549//2549 2550//2550 2548//2548
f 2548//2548 2550//2550 1958//1958
f 2550//2550 1957//1957 1958//1958
f 1941//1941 2551//2551 2549//2549
f 2551//2551 2552//2552 2549//2549
f 2549//2549 2552//2552 2550//2550
f 2552//2552 2553//2553 2550//2550
f 2550//2550 2553//2553 1957//1957
f 2553//2553 1956//1956 1957//1957
f 1942//1942 2554//2554 2551//2551
f 2554//2554 2555//2555 2551//2551
f 2551//2551 2555//2555 2552//2552
f 2555//2555 2556//2556 2552//2552
f 2552//2552 2556//2556 2553//2553
f 2556//2556 2557//2557 2553//2553
f 2553//2553 2557//2557 1956//1956
f 2557//2557 1955//1955 1956//1956
f 1943//1943 2558//2558 2554//2554
f 2558//2558 2559//2559 2554//2554
f 2554//2554 2559//2559 2555//2555
f 2559//2559 2560//2560 2555//2555
f 2555//2555 2560//2560 2556//2556
f 2560//2560 2561//2561 2556//2556
f 2556//2556 2561//2561 2557//2557
f 2561//2561 2562//2562 2557//2557
f 2557//2557 2562//2562 1955//1955
f 2562//2562 1954//1954 1955//1955
f 1944//1944 2563//2563 2558//2558
f 2563//2563 2564//2564 2558//2558
f 2558//2558 2564//2564 2559//2559
f 2564//2564 2565//2565 2559//2559
f 2559//2559 2565//2565 2560//2560
f 2565//2565 2566//2566 2560//2560
f 2560//2560 2566//2566 2561//2561
f 2566//2566 2567//2567 2561//2561
f 2561//2561 2567//2567 2562//2562
f 2567//2567 2568//2568 2562//2562
f 2562//2562 2568//2568 1954//1954
f 2568//2568 1953//1953 1954//1954
f 1945//1945 1946//1946 2563//2563
f 1946//1946 1947//1947 2563//2563
f 2563//2563 1947//1947 2564//2564
f 1947//1947 1948//1948 2564//2564
f 2564//2564 1948//1948 2565//2565
f 1948//1948 1949//1949 2565//2565
f 2565//2565 1949//1949 2566//2566
f 1949//1949 1950//1950 2566//2566
f 2566//2566 1950//1950 2567//2567
f 1950//1950 1951//1951 2567//2567
f 2567//2567 1951//1951 2568//2568
f 1951//1951 1952//1952 2568//2568
f 2568//2568 1952//1952 1953//1953
f 1952//1952 1928//1928 1953//1953
