o basal-patch
v -54.410560607910156 27.711584091186523 46.685043334960938
v -53.199897766113281 28.493860244750977 46.749897003173828
v -53.557514190673828 27.788461685180664 46.912487030029297
v -55.600677490234375 26.867233276367188 46.591472625732422
v -54.775043487548828 27.000675201416016 46.824531555175781
v -53.918384552001953 27.082294464111328 47.036140441894531
v -51.931831359863281 29.22247314453125 46.783512115478516
v -52.336231231689453 28.524641036987305 46.966079711914062
v -52.691501617431641 27.825815200805664 47.108425140380859
v -53.034385681152344 27.119569778442383 47.209964752197266
v -51.467205047607422 29.860910415649414 46.603481292724609
v -55.964923858642578 26.142967224121094 46.729290008544922
v -55.145736694335938 26.28382682800293 46.944046020507812
v -54.293743133544922 26.373353958129883 47.134662628173828
v -53.406455993652344 26.410530090332031 47.282585144042969
v -51.476585388183594 28.52189826965332 47.148654937744141
v -51.066005706787109 29.200645446777344 46.991188049316406
v -51.846458435058594 27.847248077392578 47.263095855712891
v -52.143764495849609 27.149236679077148 47.330539703369141
v -57.115127563476562 25.240694046020508 46.641952514648438
v -52.478199005126953 26.416467666625977 47.364082336425781
v -50.638984680175781 29.860361099243164 46.787250518798828
v -57.467021942138672 24.523435592651367 46.780868530273438
v -56.328475952148438 25.415395736694336 46.862110137939453
v -55.517597198486328 25.560558319091797 47.058925628662109
v -54.677356719970703 25.659849166870117 47.225543975830078
v -53.805839538574219 25.705490112304688 47.343860626220703
v -52.908954620361328 25.703441619873047 47.386680603027344
v -51.013896942138672 27.828388214111328 47.371540069580078
v -50.624141693115234 28.518714904785156 47.283348083496094
v -50.212295532226562 29.213340759277344 47.12799072265625
v -51.394180297851562 27.254152297973633 47.398605346679688
v -51.429607391357422 26.455503463745117 47.363296508789062
v -56.685894012451172 24.687541961669922 46.998260498046875
v -51.995082855224609 25.673276901245117 47.325016021728516
v -49.797145843505859 29.902259826660156 46.903408050537109
v -57.799552917480469 23.803073883056641 46.924308776855469
v -57.027835845947266 23.958078384399414 47.143539428710938
v -55.883941650390625 24.832073211669922 47.182281494140625
v -55.057418823242188 24.939306259155273 47.326332092285156
v -54.207038879394531 24.998800277709961 47.412967681884766
v -53.344657897949219 25.011627197265625 47.416358947753906
v -52.494216918945312 24.993728637695312 47.308807373046875
v -49.390106201171875 30.578622817993164 46.606864929199219
v -50.179527282714844 27.83616828918457 47.439453125
v -50.552314758300781 27.052120208740234 47.411155700683594
v -49.774711608886719 28.53656005859375 47.364383697509766
v -49.357879638671875 29.249532699584961 47.209388732910156
v -51.112556457519531 25.593629837036133 47.128143310546875
v -58.098522186279297 23.074577331542969 47.075634002685547
v -56.237018585205078 24.099086761474609 47.322246551513672
v -51.692638397216797 24.968732833862305 47.069705963134766
v -48.950386047363281 29.959686279296875 46.973613739013672
v -50.440776824951172 26.180309295654297 47.197235107421875
v -58.357505798339844 22.341476440429688 47.228233337402344
v -57.344047546386719 23.225061416625977 47.29827880859375
v -56.5697021484375 23.36125373840332 47.479110717773438
v -55.424320220947266 24.211122512817383 47.449695587158203
v -54.594833374023438 24.283988952636719 47.506248474121094
v -53.765422821044922 24.318168640136719 47.467803955078125
v -52.964584350585938 24.329301834106445 47.312351226806641
v -52.226978302001953 24.347160339355469 47.027729034423828
v -48.552730560302734 30.649311065673828 46.662075042724609
v -49.7608642578125 27.297397613525391 47.440689086914062
v -49.357315063476562 27.863128662109375 47.451034545898438
v -48.918094635009766 28.562986373901367 47.393898010253906
v -48.501296997070312 29.298398971557617 47.249637603759766
v -49.711559295654297 26.67146110534668 47.267429351806641
v -50.984813690185547 24.972681045532227 46.695240020751953
v -50.343944549560547 25.51231575012207 46.783378601074219
v -57.627590179443359 22.494802474975586 47.454490661621094
v -55.771793365478516 23.47528076171875 47.599277496337891
v -51.584426879882812 24.409780502319336 46.618499755859375
v -48.105628967285156 30.023590087890625 47.010826110839844
v -49.658287048339844 26.018150329589844 46.877777099609375
v -59.3148193359375 21.41545295715332 47.103225708007812
v -58.575332641601562 21.600448608398438 47.372570037841797
v -57.868587493896484 21.782024383544922 47.599308013916016
v -56.879707336425781 22.624000549316406 47.642642974853516
v -56.100162506103516 22.733495712280273 47.7669677734375
v -54.960918426513672 23.559286117553711 47.631973266601562
v -54.161376953125 23.614242553710938 47.551994323730469
v -53.405914306640625 23.656566619873047 47.344139099121094
v -52.727680206298828 23.716426849365234 47.007553100585938
v -52.150691986083984 23.829935073852539 46.557273864746094
v -47.717586517333984 30.71955680847168 46.691570281982422
v -49.044216156005859 27.186185836791992 47.331584930419922
v -48.496311187744141 27.852779388427734 47.391162872314453
v -48.045860290527344 28.605365753173828 47.388893127441406
v -47.645313262939453 29.360824584960938 47.263584136962891
v -48.933692932128906 26.51824951171875 46.973087310791016
v -57.170528411865234 21.910850524902344 47.790508270263672
v -55.304862976074219 22.824403762817383 47.787349700927734
v -47.263710021972656 30.093717575073242 47.026103973388672
v -59.539482116699219 20.644863128662109 47.204517364501953
v -58.772514343261719 20.836071014404297 47.493206024169922
v -58.021461486816406 21.048879623413086 47.740119934082031
v -57.426837921142578 21.306140899658203 47.886096954345703
v -56.421421051025391 21.994209289550781 47.931110382080078
v -55.636421203613281 22.081687927246094 47.958141326904297
v -54.529991149902344 22.897298812866211 47.671211242675781
v -53.815547943115234 22.969331741333008 47.408462524414062
v -53.194332122802734 23.07056999206543 47.013076782226562
v -46.882137298583984 30.791576385498047 46.703666687011719
v -48.093250274658203 27.105709075927734 47.081951141357422
v -47.581027984619141 27.914728164672852 47.327529907226562
v -47.171001434326172 28.680469512939453 47.375473022460938
v -46.793834686279297 29.437746047973633 47.264171600341797
v -56.769779205322266 21.273237228393555 48.053531646728516
v -54.878242492675781 22.165496826171875 47.820095062255859
v -46.421901702880859 30.170793533325195 47.0281982421875
v -60.562778472900391 19.655122756958008 46.951648712158203
v -59.777507781982422 19.858850479125977 47.263523101806641
v -58.985435485839844 20.044782638549805 47.566532135009766
v -58.174480438232422 20.245288848876953 47.845432281494141
v -57.285896301269531 20.540729522705078 48.070056915283203
v -55.976661682128906 21.33588981628418 48.115474700927734
v -55.219516754150391 21.425310134887695 47.987884521484375
v -54.198215484619141 22.261537551879883 47.503948211669922
v -53.629383087158203 22.404731750488281 47.042255401611328
v -45.658737182617188 31.524839401245117 46.324504852294922
v -46.043178558349609 30.866697311401367 46.704547882080078
v -47.072109222412109 27.35084342956543 47.039073944091797
v -46.682052612304688 28.037851333618164 47.301082611083984
v -46.310535430908203 28.774065017700195 47.364894866943359
v -45.946990966796875 29.5233154296875 47.259250640869141
v -56.352386474609375 20.580907821655273 48.218326568603516
v -54.566738128662109 21.523195266723633 47.633247375488281
v -44.822959899902344 31.588048934936523 46.317913055419922
v -45.5789794921875 30.252023696899414 47.0233154296875
v -61.615291595458984 18.617048263549805 46.671588897705078
v -60.827751159667969 18.855175018310547 46.980449676513672
v -60.028934478759766 19.061759948730469 47.282302856445312
v -59.221588134765625 19.239919662475586 47.581840515136719
v -58.398651123046875 19.409511566162109 47.867855072021484
v -57.554042816162109 19.604001998901367 48.109878540039062
v -56.705646514892578 19.784408569335938 48.254051208496094
v -55.566165924072266 20.684349060058594 48.137847900390625
v -54.922122955322266 20.799903869628906 47.820255279541016
v -54.044315338134766 21.699151992797852 47.092697143554688
v -45.202751159667969 30.940250396728516 46.698860168457031
v -43.989837646484375 31.625644683837891 46.306686401367188
v -46.193748474121094 27.513349533081055 47.021045684814453
v -45.823848724365234 28.150461196899414 47.287437438964844
v -45.462909698486328 28.868030548095703 47.356918334960938
v -45.104324340820312 29.610958099365234 47.251697540283203
v -55.914970397949219 19.935295104980469 48.217361450195312
v -54.467784881591797 20.876554489135742 47.181621551513672
v -44.370697021484375 30.99720573425293 46.690296173095703
v -44.742935180664062 30.329923629760742 47.014297485351562
v -61.874061584472656 17.805871963500977 46.703487396240234
v -61.088970184326172 18.048654556274414 46.994186401367188
v -60.284976959228516 18.258586883544922 47.274147033691406
v -59.468647003173828 18.432697296142578 47.551055908203125
v -58.637100219726562 18.582912445068359 47.816234588623047
v -57.784774780273438 18.744655609130859 48.041950225830078
v -56.970821380615234 18.968833923339844 48.201370239257812
v -56.240592956542969 19.192584991455078 48.203975677490234
v -55.257549285888672 20.10687255859375 47.961193084716797
v -54.825237274169922 20.286590576171875 47.568592071533203
v -43.147708892822266 31.615798950195312 46.289211273193359
v -43.555313110351562 31.000442504882812 46.684410095214844
v -45.35284423828125 27.632265090942383 47.008712768554688
v -44.980464935302734 28.247793197631836 47.278392791748047
v -44.621776580810547 28.959766387939453 47.346935272216797
v -44.276443481445312 29.698097229003906 47.236503601074219
v -55.596397399902344 19.400749206542969 47.971641540527344
v -43.942131042480469 30.390979766845703 46.999042510986328
v -62.107124328613281 16.991146087646484 46.730682373046875
v -61.334152221679688 17.237457275390625 47.003391265869141
v -60.534099578857422 17.452470779418945 47.256046295166016
v -59.716457366943359 17.628061294555664 47.497726440429688
v -58.885696411132812 17.768695831298828 47.721473693847656
v -58.036033630371094 17.90174674987793 47.897232055664062
v -57.119636535644531 18.086587905883789 47.981174468994141
v -56.500659942626953 18.562480926513672 48.102241516113281
v -55.954887390136719 18.707746505737305 47.898384094238281
v -55.09527587890625 19.681589126586914 47.546653747558594
v -42.292839050292969 31.618278503417969 46.225940704345703
v -42.667320251464844 30.829666137695312 46.706211090087891
v -43.26910400390625 30.414047241210938 46.971473693847656
v -44.515827178955078 27.727554321289062 46.995769500732422
v -44.139488220214844 28.340297698974609 47.262420654296875
v -43.793678283691406 29.057466506958008 47.319652557373047
v -43.491519927978516 29.792049407958984 47.195564270019531
v -55.457675933837891 18.993829727172852 47.476142883300781
v -62.315567016601562 16.179561614990234 46.74957275390625
v -61.560638427734375 16.423486709594727 47.010524749755859
v -60.768909454345703 16.643650054931641 47.239837646484375
v -59.954303741455078 16.826862335205078 47.444198608398438
v -59.130374908447266 16.970773696899414 47.619277954101562
v -58.311515808105469 17.092809677124023 47.737987518310547
v -57.515651702880859 17.227087020874023 47.7486572265625
v -56.375473022460938 18.062797546386719 47.761795043945312
v -55.860603332519531 18.307586669921875 47.356834411621094
v -41.1534423828125 32.330116271972656 45.634185791015625
v -41.455135345458984 31.665489196777344 46.104743957519531
v -41.744590759277344 30.933263778686523 46.543491363525391
v -42.753028869628906 29.954362869262695 47.0799560546875
v -43.675647735595703 27.821853637695312 46.968166351318359
v -43.307048797607422 28.444982528686523 47.219226837158203
v -42.991447448730469 29.178380966186523 47.249256134033203
v -56.809532165527344 17.380353927612305 47.574115753173828
v -62.508979797363281 15.39726448059082 46.750522613525391
v -40.338573455810547 32.370777130126953 45.499561309814453
v -41.985923767089844 30.130548477172852 46.905288696289062
v -61.781185150146484 15.615142822265625 47.007152557373047
v -60.993923187255859 15.832870483398438 47.226211547851562
v -60.178775787353516 16.026405334472656 47.401943206787109
v -59.357215881347656 16.185003280639648 47.530448913574219
v -58.557140350341797 16.320663452148438 47.596229553222656
v -57.813278198242188 16.459987640380859 47.560821533203125
v -57.167018890380859 16.6419677734375 47.371372222900391
v -56.275962829589844 17.62452507019043 47.193141937255859
v -63.214710235595703 14.362592697143555 46.484786987304688
v -62.68115234375 14.737682342529297 46.725982666015625
v -40.641654968261719 31.715908050537109 45.956321716308594
v -40.923343658447266 31.008718490600586 46.373832702636719
v -39.518527984619141 32.412540435791016 45.354724884033203
v -41.186702728271484 30.242105484008789 46.714942932128906
v -42.214405059814453 29.320486068725586 47.119094848632812
v -42.846366882324219 27.938138961791992 46.908493041992188
v -42.501728057861328 28.57270622253418 47.129314422607422
v -56.665973663330078 16.922214508056641 47.006172180175781
v -62.030109405517578 14.827239036560059 46.972484588623047
v -39.829780578613281 31.767177581787109 45.792888641357422
v -41.452323913574219 29.449411392211914 46.929821014404297
v -61.227645874023438 15.023310661315918 47.204216003417969
v -60.3983154296875 15.224702835083008 47.369892120361328
v -59.568679809570312 15.402846336364746 47.460926055908203
v -58.771469116210938 15.568083763122559 47.472118377685547
v -58.059551239013672 15.744922637939453 47.402519226074219
v -57.470977783203125 15.93531608581543 47.201824188232422
v -57.017642974853516 16.206272125244141 46.83050537109375
v -63.244384765625 13.541913032531738 46.502292633056641
v -62.435325622558594 14.008362770080566 46.847526550292969
v -40.122577667236328 31.075811386108398 46.188133239746094
v -40.402393341064453 30.331893920898438 46.505123138427734
v -38.701995849609375 32.451911926269531 45.208171844482422
v -39.014972686767578 31.822528839111328 45.625354766845703
v -40.693931579589844 29.555383682250977 46.696338653564453
v -41.749267578125 28.711917877197266 46.980564117431641
v -42.064113616943359 28.090459823608398 46.809379577636719
v -61.492378234863281 14.20867919921875 47.158058166503906
v -39.316719055175781 31.14430046081543 45.996078491210938
v -41.039051055908203 28.812789916992188 46.733562469482422
v -60.625064849853516 14.421099662780762 47.339481353759766
v -59.776847839355469 14.618497848510742 47.409931182861328
v -58.969776153564453 14.813615798950195 47.365028381347656
v -58.252498626708984 15.053099632263184 47.221698760986328
v -57.733509063720703 15.348702430725098 47.083305358886719
v -57.362491607666016 15.500073432922363 46.702178955078125
v -63.324131011962891 12.698762893676758 46.493923187255859
v -62.566017150878906 13.058260917663574 46.825408935546875
v -61.727401733398438 13.368725776672363 47.110008239746094
v -39.614810943603516 30.41728401184082 46.288425445556641
v -39.925220489501953 29.659263610839844 46.451633453369141
v -37.91497802734375 32.47515869140625 45.066383361816406
v -38.222881317138672 31.886894226074219 45.458465576171875
v -38.505260467529297 31.225559234619141 45.803367614746094
v -40.293094635009766 28.913141250610352 46.439952850341797
v -41.424949645996094 28.26983642578125 46.684097290039062
v -60.850456237792969 13.612753868103027 47.307018280029297
v -38.813400268554688 30.506378173828125 46.076282501220703
v -40.823348999023438 28.212959289550781 46.230804443359375
v -59.987827301025391 13.83100700378418 47.373889923095703
v -59.173362731933594 14.045157432556152 47.288070678710938
v -58.450538635253906 14.313694953918457 47.049057006835938
v -57.817890167236328 14.759193420410156 46.681243896484375
v -63.391384124755859 11.875772476196289 46.487117767333984
v -62.674106597900391 12.218713760375977 46.805126190185547
v -61.891258239746094 12.528530120849609 47.079189300537109
v -61.050376892089844 12.799163818359375 47.276557922363281
v -39.141323089599609 29.764760971069336 46.220664978027344
v -39.506511688232422 29.045528411865234 46.186565399169922
v -37.552722930908203 31.957599639892578 45.299362182617188
v -37.146240234375 32.417762756347656 44.945819854736328
v -37.702312469482422 31.346691131591797 45.595500946044922
v -37.997322082519531 30.610305786132812 45.866863250732422
v -39.94207763671875 28.413429260253906 45.943977355957031
v -60.192939758300781 13.038783073425293 47.347694396972656
v -38.341548919677734 29.867691040039062 46.006034851074219
v -59.380996704101562 13.267584800720215 47.244773864746094
v -58.682052612304688 13.530159950256348 46.948154449462891
v -58.14483642578125 13.900338172912598 46.490039825439453
v -63.431148529052734 11.056158065795898 46.490596771240234
v -62.752780914306641 11.412696838378906 46.792037963867188
v -62.022010803222656 11.720145225524902 47.053955078125
v -61.223262786865234 11.984124183654785 47.249027252197266
v -60.3836669921875 12.233196258544922 47.326759338378906
v -38.720149993896484 29.163679122924805 45.966415405273438
v -39.145221710205078 28.558904647827148 45.723728179931641
v -36.853595733642578 31.619024276733398 45.287864685058594
v -36.333396911621094 32.338886260986328 44.80157470703125
v -37.161857604980469 30.743539810180664 45.641632080078125
v -37.522384643554688 29.970499038696289 45.800052642822266
v -59.578300476074219 12.479250907897949 47.226181030273438
v -37.920677185058594 29.264446258544922 45.766994476318359
v -35.497886657714844 32.311408996582031 44.604278564453125
v -58.897891998291016 12.741052627563477 46.905567169189453
v -58.416828155517578 13.081599235534668 46.370399475097656
v -63.440219879150391 10.226704597473145 46.506057739257812
v -62.793342590332031 10.614805221557617 46.791488647460938
v -62.128181457519531 10.951004981994629 47.035232543945312
v -61.395698547363281 11.180941581726074 47.221961975097656
v -60.572319030761719 11.394639015197754 47.307975769042969
v -59.761016845703125 11.664872169494629 47.222499847412109
v -38.357765197753906 28.66926383972168 45.5321044921875
v -36.300300598144531 30.843479156494141 45.41033935546875
v -35.899967193603516 31.613485336303711 45.060348510742188
v -36.687492370605469 30.061832427978516 45.593814849853516
v -37.103633880615234 29.34796142578125 45.577312469482422
v -34.689056396484375 32.286151885986328 44.389190673828125
v -59.084999084472656 11.937775611877441 46.913387298583984
v -37.555965423583984 28.75172233581543 45.355625152587891
v -35.061355590820312 31.606714248657227 44.834709167480469
v -58.632522583007812 12.24226188659668 46.360908508300781
v -63.419967651367188 9.3861360549926758 46.531448364257812
v -62.791400909423828 9.8084115982055664 46.805885314941406
v -62.161209106445312 10.200403213500977 47.035854339599609
v -61.600372314453125 10.533419609069824 47.189579010009766
v -60.820205688476562 10.454551696777344 47.290248870849609
v -59.933090209960938 10.804995536804199 47.225849151611328
v -59.244773864746094 11.115148544311523 46.944644927978516
v -35.854763031005859 30.119462966918945 45.380546569824219
v -35.450580596923828 30.873340606689453 45.183021545410156
v -36.281223297119141 29.409168243408203 45.385898590087891
v -36.740859985351562 28.810710906982422 45.184406280517578
v -33.891716003417969 32.253471374511719 44.168811798095703
v -34.2606201171875 31.585525512695312 44.5982666015625
v -32.712738037109375 32.830310821533203 43.506683349609375
v -58.785293579101562 11.411539077758789 46.441375732421875
v -34.642257690429688 30.871660232543945 44.942485809326172
v -33.092208862304688 32.214771270751953 43.954517364501953
v -63.371791839599609 8.5445995330810547 46.563709259033203
v -62.756584167480469 8.9952564239501953 46.831867218017578
v -62.132076263427734 9.4231958389282227 47.054943084716797
v -61.493793487548828 9.8569107055664062 47.216987609863281
v -60.048957824707031 9.9076290130615234 47.239414215087891
v -59.375652313232422 10.269791603088379 46.978275299072266
v -58.909133911132812 10.598575592041016 46.511344909667969
v -35.477191925048828 29.44215202331543 45.178672790527344
v -35.046184539794922 30.138513565063477 45.149517059326172
v -35.934745788574219 28.84929084777832 45.008575439453125
v -33.469684600830078 31.552907943725586 44.360336303710938
v -33.855316162109375 30.849637985229492 44.690895080566406
v -31.893260955810547 32.779342651367188 43.325698852539062
v -32.284793853759766 32.170684814453125 43.754318237304688
v -60.786975860595703 9.4835300445556641 47.306365966796875
v -34.263679504394531 30.128984451293945 44.896404266357422
v -32.675209045410156 31.514150619506836 44.134910583496094
v -63.299346923828125 7.7098774909973145 46.599056243896484
v -62.688125610351562 8.18939208984375 46.865955352783203
v -62.090858459472656 8.6477346420288086 47.079319000244141
v -61.473587036132812 9.0608816146850586 47.234405517578125
v -60.119171142578125 9.0228176116943359 47.261432647705078
v -59.470867156982422 9.4125604629516602 47.016021728515625
v -59.010093688964844 9.773900032043457 46.564281463623047
v -35.175441741943359 28.868402481079102 44.812381744384766
v -34.706317901611328 29.444128036499023 44.937744140625
v -33.072124481201172 30.81721305847168 44.4439697265625
v -33.490734100341797 30.103302001953125 44.636142730712891
v -31.070491790771484 32.715087890625 43.147106170654297
v -31.470390319824219 32.117359161376953 43.570198059082031
v -31.873071670532227 31.469509124755859 43.931934356689453
v -60.850852966308594 8.6331033706665039 47.314136505126953
v -33.951236724853516 29.421894073486328 44.667568206787109
v -32.283401489257812 30.779729843139648 44.218357086181641
v -62.590591430664062 7.3843145370483398 46.904289245605469
v -63.211856842041016 6.8785810470581055 46.632854461669922
v -61.967941284179688 7.8982515335083008 47.114692687988281
v -61.494476318359375 8.3839311599731445 47.23907470703125
v -59.540866851806641 8.5635175704956055 47.062770843505859
v -60.213668823242188 8.1651201248168945 47.2816162109375
v -59.074817657470703 8.9348659515380859 46.628440856933594
v -34.469532012939453 28.846139907836914 44.536651611328125
v -32.713829040527344 30.071645736694336 44.391841888427734
v -33.184551239013672 29.391864776611328 44.405586242675781
v -30.249349594116211 32.634552001953125 42.964553833007812
v -30.653127670288086 32.049518585205078 43.397388458251953
v -31.064495086669922 31.414024353027344 43.753120422363281
v -31.486883163452148 30.734933853149414 44.023036956787109
v -61.085456848144531 7.7488532066345215 47.2879638671875
v -33.726657867431641 28.805013656616211 44.232101440429688
v -31.929170608520508 30.035438537597656 44.178611755371094
v -61.82135009765625 7.1046733856201172 47.154109954833984
v -62.490268707275391 6.5650520324707031 46.939815521240234
v -63.113800048828125 6.0454092025756836 46.662197113037109
v -59.1046142578125 8.1005792617797852 46.71661376953125
v -59.591152191162109 7.7374920845031738 47.122100830078125
v -60.269947052001953 7.3188505172729492 47.309776306152344
v -32.405010223388672 29.360733032226562 44.178379058837891
v -32.930988311767578 28.775177001953125 43.990024566650391
v -29.433177947998047 32.539268493652344 42.775398254394531
v -29.837617874145508 31.964841842651367 43.226570129394531
v -30.252685546875 31.342649459838867 43.591159820556641
v -30.683574676513672 30.676609039306641 43.856647491455078
v -31.136577606201172 29.988897323608398 44.000156402587891
v -61.015937805175781 6.8155646324157715 47.312744140625
v -31.619636535644531 29.322784423828125 43.988517761230469
v -61.729339599609375 6.2701706886291504 47.185649871826172
v -62.390186309814453 5.7370672225952148 46.968658447265625
v -62.998111724853516 5.2106661796569824 46.686180114746094
v -59.117820739746094 7.2947602272033691 46.833782196044922
v -59.612930297851562 6.9619650840759277 47.192340850830078
v -60.248405456542969 6.506375789642334 47.345504760742188
v -32.140426635742188 28.74029541015625 43.794059753417969
v -28.623798370361328 32.439826965332031 42.581932067871094
v -29.027372360229492 31.86712646484375 43.047946929931641
v -29.44151496887207 31.254661560058594 43.432018280029297
v -29.875898361206055 30.600671768188477 43.707954406738281
v -30.336582183837891 29.925210952758789 43.850597381591797
v -30.827415466308594 29.270038604736328 43.832328796386719
v -60.948974609375 5.9877080917358398 47.340705871582031
v -31.350009918212891 28.693805694580078 43.632682800292969
v -61.634792327880859 5.4487504959106445 47.211128234863281
v -62.271121978759766 4.9092788696289062 46.990135192871094
v -62.856895446777344 4.3752937316894531 46.701854705810547
v -59.161117553710938 6.6485495567321777 46.980777740478516
v -59.573860168457031 6.2341232299804688 47.235172271728516
v -60.183101654052734 5.7269954681396484 47.374168395996094
v -27.821718215942383 32.355419158935547 42.393459320068359
v -28.224285125732422 31.767986297607422 42.856285095214844
v -28.634735107421875 31.155925750732422 43.260276794433594
v -29.067440032958984 30.508932113647461 43.558631896972656
v -29.531198501586914 29.842306137084961 43.715045928955078
v -30.028034210205078 29.19635009765625 43.700405120849609
v -30.554824829101562 28.627918243408203 43.498867034912109
v -60.856674194335938 5.185605525970459 47.364501953125
v -61.513683319091797 4.6331577301025391 47.229667663574219
v -62.122810363769531 4.0804257392883301 47.001411437988281
v -62.691547393798828 3.5332584381103516 46.701541900634766
v -59.017864227294922 6.025702953338623 46.942333221435547
v -59.471183776855469 5.4957098960876465 47.256179809570312
v -60.076362609863281 4.9500975608825684 47.400264739990234
v -27.026458740234375 32.304862976074219 42.230415344238281
v -27.429054260253906 31.683969497680664 42.656650543212891
v -27.835357666015625 31.058538436889648 43.066108703613281
v -28.262531280517578 30.409933090209961 43.389373779296875
v -28.724039077758789 29.745687484741211 43.5721435546875
v -29.223203659057617 29.102987289428711 43.575527191162109
v -29.754030227661133 28.538516998291016 43.381824493408203
v -60.728382110595703 4.387265682220459 47.383979797363281
v -61.358257293701172 3.8173003196716309 47.239307403564453
v -61.94476318359375 3.2454543113708496 46.998004913330078
v -62.507949829101562 2.6666915416717529 46.676136016845703
v -58.863548278808594 5.2632012367248535 46.975223541259766
v -59.333835601806641 4.7319254875183105 47.294086456298828
v -59.931415557861328 4.1695947647094727 47.427963256835938
v -24.687591552734375 37.267330169677734 42.868492126464844
v -24.636375427246094 37.893024444580078 43.008640289306641
v -24.562387466430664 38.653339385986328 43.135364532470703
v -26.234142303466797 32.296413421630859 42.121826171875
v -26.640289306640625 31.62849235534668 42.466648101806641
v -27.044811248779297 30.976345062255859 42.851573944091797
v -27.465045928955078 30.316354751586914 43.188133239746094
v -27.919771194458008 29.647144317626953 43.401039123535156
v -28.41644287109375 28.999994277954102 43.435276031494141
v -28.949031829833984 28.431167602539062 43.263740539550781
v -60.562877655029297 3.5882906913757324 47.397636413574219
v -24.314914703369141 36.74420166015625 42.949562072753906
v -24.459556579589844 39.464088439941406 43.244060516357422
v -61.169647216796875 2.9991295337677002 47.237964630126953
v -61.736137390136719 2.4034359455108643 46.980495452880859
v -62.274517059326172 1.7891649007797241 46.646392822265625
v -58.693168640136719 4.5046968460083008 47.043125152587891
v -59.166469573974609 3.9709148406982422 47.338207244873047
v -59.751152038574219 3.390714168548584 47.450977325439453
v -24.087787628173828 35.417644500732422 42.811939239501953
v -23.813081741333008 36.149028778076172 43.064594268798828
v -24.108488082885742 37.417568206787109 43.152713775634766
v -24.004194259643555 38.152885437011719 43.246017456054688
v -25.426626205444336 32.320774078369141 42.095836639404297
v -23.913311004638672 38.937217712402344 43.307125091552734
v -25.851276397705078 31.602445602416992 42.311988830566406
v -26.260959625244141 30.91755485534668 42.632194519042969
v -26.676338195800781 30.239469528198242 42.95648193359375
v -27.122228622436523 29.559989929199219 43.190574645996094
v -27.612125396728516 28.902482986450195 43.26031494140625
v -24.312341690063477 40.286163330078125 43.341556549072266
v -28.142805099487305 28.320446014404297 43.123554229736328
v -60.364383697509766 2.7894256114959717 47.402973175048828
v -23.589160919189453 36.879951477050781 43.176071166992188
v -23.795562744140625 39.736679077148438 43.355667114257812
v -60.952243804931641 2.1800856590270996 47.225967407226562
v -61.497852325439453 1.5633752346038818 46.953540802001953
v -62.002937316894531 0.93498826026916504 46.616622924804688
v -58.512149810791016 3.7795069217681885 47.109409332275391
v -58.969539642333984 3.2205274105072021 47.367294311523438
v -59.539939880371094 2.6139471530914307 47.464778900146484
v -23.314418792724609 35.529262542724609 43.154525756835938
v -23.608699798583984 34.793498992919922 42.928329467773438
v -23.923080444335938 34.033725738525391 42.610294342041016
v -24.529109954833984 32.349906921386719 42.172435760498047
v -23.074934005737305 36.253818511962891 43.188125610351562
v -23.472784042358398 37.654056549072266 43.1883544921875
v -23.424890518188477 38.452049255371094 43.177894592285156
v -25.050481796264648 31.584794998168945 42.215641021728516
v -23.35841178894043 39.239543914794922 43.160427093505859
v -25.477802276611328 30.878444671630859 42.43206787109375
v -25.892887115478516 30.183994293212891 42.710712432861328
v -26.331254959106445 29.493265151977539 42.945228576660156
v -26.81268310546875 28.823799133300781 43.043952941894531
v -27.338455200195312 28.223625183105469 42.946975708007812
v -24.12232780456543 41.098106384277344 43.422477722167969
v -23.637807846069336 40.534435272216797 43.396453857421875
v -60.138885498046875 1.9912939071655273 47.400608062744141
v -22.919492721557617 37.058242797851562 42.977405548095703
v -23.249555587768555 40.023223876953125 43.145225524902344
v -23.898735046386719 41.896930694580078 43.481086730957031
v -60.711483001708984 1.3636875152587891 47.205791473388672
v -61.240642547607422 0.73435229063034058 46.918601989746094
v -58.301155090332031 3.0776262283325195 47.109569549560547
v -58.742336273193359 2.4674003124237061 47.380168914794922
v -59.303413391113281 1.8356825113296509 47.473503112792969
v -22.593494415283203 35.582897186279297 43.213813781738281
v -22.836334228515625 34.888835906982422 43.202693939208984
v -23.138395309448242 34.156036376953125 42.981880187988281
v -23.450546264648438 33.403301239013672 42.664009094238281
v -23.729019165039062 32.6524658203125 42.379039764404297
v -24.278162002563477 31.511659622192383 42.175708770751953
v -22.460990905761719 36.226211547851562 42.963878631591797
v -23.020862579345703 37.979545593261719 42.881885528564453
v -24.69401741027832 30.842226028442383 42.274765014648438
v -25.106369018554688 30.146797180175781 42.477077484130859
v -25.539693832397461 29.448982238769531 42.684856414794922
v -26.014337539672852 28.769582748413086 42.796348571777344
v -26.535327911376953 28.151851654052734 42.734630584716797
v -23.443355560302734 41.324710845947266 43.427940368652344
v -23.095586776733398 40.805027008056641 43.136878967285156
v -59.891792297363281 1.1947720050811768 47.393512725830078
v -23.87738037109375 32.015678405761719 42.223274230957031
v -23.645671844482422 42.685642242431641 43.519329071044922
v -23.220249176025391 42.107677459716797 43.447978973388672
v -60.452491760253906 0.55382454395294189 47.180469512939453
v -60.972064971923828 -0.080262847244739532 46.878208160400391
v -58.049858093261719 2.3284070491790771 47.099605560302734
v -58.490711212158203 1.7001578807830811 47.397655487060547
v -59.047008514404297 1.0564519166946411 47.481407165527344
v -22.1256103515625 34.923042297363281 43.215095520019531
v -22.008937835693359 35.525531768798828 42.959362030029297
v -22.364025115966797 34.240139007568359 43.205593109130859
v -22.661102294921875 33.514244079589844 42.983783721923828
v -22.963144302368164 32.784469604492188 42.666324615478516
v -23.238977432250977 32.091556549072266 42.381118774414062
v -23.542049407958984 31.451839447021484 42.210243225097656
v -23.908407211303711 30.807039260864258 42.184616088867188
v -24.305830001831055 30.121555328369141 42.286067962646484
v -24.734039306640625 29.422592163085938 42.438922882080078
v -25.205034255981445 28.735855102539062 42.540920257568359
v -25.725006103515625 28.103448867797852 42.502143859863281
v -22.906942367553711 41.583396911621094 43.131587982177734
v -23.789363861083984 44.080501556396484 43.375720977783203
v -59.626823425292969 0.40341565012931824 47.383190155029297
v -23.457168579101562 44.850433349609375 43.363670349121094
v -23.364538192749023 43.464588165283203 43.537155151367188
v -22.972002029418945 42.88299560546875 43.454872131347656
v -22.693605422973633 42.356380462646484 43.122859954833984
v -60.178592681884766 -0.24464842677116394 47.152633666992188
v -60.693069458007812 -0.87754255533218384 46.836517333984375
v -57.779315948486328 1.5414046049118042 47.137779235839844
v -58.221683502197266 0.93025445938110352 47.420074462890625
v -58.773475646972656 0.28244093060493469 47.485137939453125
v -21.546291351318359 34.867134094238281 42.935134887695312
v -21.652582168579102 34.274200439453125 43.188930511474609
v -21.881567001342773 33.594356536865234 43.176288604736328
v -22.169342041015625 32.876136779785156 42.952476501464844
v -22.469215393066406 32.162609100341797 42.635971069335938
v -22.77369499206543 31.473295211791992 42.353729248046875
v -23.103858947753906 30.794111251831055 42.191360473632812
v -23.478059768676758 30.104040145874023 42.169376373291016
v -23.90037727355957 29.404485702514648 42.239917755126953
v -24.369270324707031 28.710742950439453 42.306900024414062
v -24.891424179077148 28.062374114990234 42.272113800048828
v -23.057315826416016 44.232933044433594 43.529258728027344
v -59.346061706542969 -0.3774799108505249 47.368541717529297
v -23.109447479248047 45.607662200927734 43.314739227294922
v -22.728338241577148 44.990070343017578 43.489719390869141
v -22.697431564331055 43.648384094238281 43.444671630859375
v -22.45588493347168 43.120914459228516 43.105308532714844
v -59.892368316650391 -1.0278269052505493 47.122249603271484
v -60.405807495117188 -1.6572976112365723 46.792526245117188
v -57.495059967041016 0.77434104681015015 47.169185638427734
v -57.935276031494141 0.16953115165233612 47.432140350341797
v -58.482353210449219 -0.48298463225364685 47.479461669921875
v -21.064094543457031 34.234188079833984 42.898090362548828
v -21.161897659301758 33.639606475830078 43.14996337890625
v -21.381631851196289 32.958000183105469 43.133502960205078
v -21.662363052368164 32.241138458251953 42.906139373779297
v -21.961538314819336 31.525791168212891 42.590198516845703
v -22.27056884765625 30.816690444946289 42.314437866210938
v -22.608055114746094 30.092092514038086 42.155677795410156
v -23.024784088134766 29.376365661621094 42.117160797119141
v -23.502899169921875 28.683189392089844 42.125328063964844
v -24.015485763549805 28.004417419433594 42.065883636474609
v -22.395879745483398 44.40167236328125 43.411293029785156
v -59.050876617431641 -1.1480741500854492 47.347129821777344
v -22.755664825439453 46.346168518066406 43.234371185302734
v -22.383781433105469 45.734527587890625 43.4200439453125
v -22.069480895996094 45.141796112060547 43.353122711181641
v -22.188417434692383 43.872875213623047 43.073661804199219
v -59.596168518066406 -1.8017356395721436 47.085292816162109
v -60.113002777099609 -2.4311652183532715 46.739509582519531
v -57.190635681152344 0.022378074005246162 47.180885314941406
v -57.626071929931641 -0.58619314432144165 47.429710388183594
v -58.172046661376953 -1.2485488653182983 47.464519500732422
v -20.554407119750977 33.620086669921875 42.863006591796875
v -20.647182464599609 33.015884399414062 43.116001129150391
v -20.865468978881836 32.32806396484375 43.09405517578125
v -21.141202926635742 31.606014251708984 42.858196258544922
v -21.429021835327148 30.87755012512207 42.540328979492188
v -21.721912384033203 30.132442474365234 42.267627716064453
v -22.042278289794922 29.287342071533203 42.087818145751953
v -22.636022567749023 28.635498046875 42.018604278564453
v -23.11039924621582 27.954364776611328 41.927860260009766
v -21.888031005859375 44.609123229980469 43.024532318115234
v -58.742782592773438 -1.9218460321426392 47.317779541015625
v -22.40992546081543 47.05950927734375 43.130943298339844
v -22.032197952270508 46.46533203125 43.330600738525391
v -21.722282409667969 45.869892120361328 43.2791748046875
v -21.555130004882812 45.329570770263672 42.962909698486328
v -59.289409637451172 -2.5941295623779297 47.035285949707031
v -56.854999542236328 -0.72445148229598999 47.177974700927734
v -57.283500671386719 -1.3601429462432861 47.422031402587891
v -57.846393585205078 -2.0360915660858154 47.449516296386719
v -20.002721786499023 33.007316589355469 42.845996856689453
v -20.108329772949219 32.388385772705078 43.106685638427734
v -20.344871520996094 31.700283050537109 43.069347381591797
v -20.606616973876953 30.970468521118164 42.814006805419922
v -20.868307113647461 30.227546691894531 42.492477416992188
v -21.115879058837891 29.467992782592773 42.222160339355469
v -21.931797027587891 28.519596099853516 41.976253509521484
v -22.254961013793945 27.93006706237793 41.876293182373047
v -22.65894889831543 27.231164932250977 41.650039672851562
v -58.423690795898438 -2.7169981002807617 47.284416198730469
v -21.291927337646484 28.704879760742188 42.038631439208984
v -22.09235954284668 47.753173828125 42.99932861328125
v -21.685632705688477 47.188003540039062 43.230648040771484
v -21.359107971191406 46.592887878417969 43.205459594726562
v -21.190128326416016 46.039924621582031 42.904399871826172
v -58.954364776611328 -3.4892585277557373 46.961997985839844
v -56.4703369140625 -1.4807021617889404 47.174625396728516
v -56.875862121582031 -2.2282571792602539 47.439090728759766
v -57.565174102783203 -2.8226363658905029 47.450572967529297
v -19.35150146484375 32.341518402099609 42.878005981445312
v -19.602094650268555 31.765634536743164 43.145481109619141
v -19.823715209960938 31.079097747802734 43.051593780517578
v -20.056343078613281 30.336980819702148 42.771457672119141
v -20.287998199462891 29.585062026977539 42.450057983398438
v -20.504631042480469 28.833520889282227 42.184635162353516
v -21.480642318725586 27.971620559692383 41.897979736328125
v -21.778371810913086 27.232423782348633 41.691146850585938
v -58.057258605957031 -3.4930152893066406 47.269546508789062
v -20.718219757080078 28.079105377197266 41.990036010742188
v -21.359132766723633 47.918006896972656 43.116630554199219
v -21.814323425292969 48.443286895751953 42.825443267822266
v -20.985023498535156 47.328098297119141 43.143218994140625
v -20.788652420043945 46.754604339599609 42.868061065673828
v -59.003654479980469 -4.2535786628723145 46.751754760742188
v -56.001846313476562 -2.2099339962005615 47.180088043212891
v -56.880683898925781 -2.9945571422576904 47.5206298828125
v -57.260826110839844 -3.5551860332489014 47.455902099609375
v -19.007139205932617 31.734331130981445 43.105327606201172
v -19.110496520996094 31.183021545410156 43.171604156494141
v -19.283201217651367 30.467315673828125 43.020542144775391
v -19.489654541015625 29.70745849609375 42.728141784667969
v -19.707529067993164 28.947998046875 42.412666320800781
v -19.932378768920898 28.190958023071289 42.149665832519531
v -20.961538314819336 27.313798904418945 41.801784515380859
v -21.222240447998047 26.540056228637695 41.511039733886719
v -58.400764465332031 -4.200657844543457 47.009269714355469
v -56.218955993652344 -2.8828330039978027 47.450603485107422
v -57.644172668457031 -4.2321949005126953 47.259529113769531
v -20.17188835144043 27.424240112304688 41.937175750732422
v -21.07568359375 48.668510437011719 42.966438293457031
v -20.609067916870117 48.105094909667969 43.087921142578125
v -20.33662223815918 47.499385833740234 42.870193481445312
v -55.494686126708984 -2.9017581939697266 47.195827484130859
v -56.493999481201172 -3.5754177570343018 47.533401489257812
v -56.856254577636719 -4.2678341865539551 47.446495056152344
v -18.500518798828125 31.296817779541016 43.088035583496094
v -18.560550689697266 30.617427825927734 43.140823364257812
v -18.712709426879883 29.859827041625977 42.975448608398438
v -18.912227630615234 29.083669662475586 42.684043884277344
v -19.135568618774414 28.31458854675293 42.374237060546875
v -19.376541137695312 27.547563552856445 42.108161926269531
v -20.420734405517578 26.65052604675293 41.708427429199219
v -20.852134704589844 49.429817199707031 42.7376708984375
v -57.978874206542969 -4.9206271171569824 46.977203369140625
v -55.721736907958984 -3.5573947429656982 47.465930938720703
v -57.218029022216797 -4.9734201431274414 47.226547241210938
v -19.631376266479492 26.776554107666016 41.877517700195312
v -20.307283401489258 48.932193756103516 43.012538909912109
v -19.772373199462891 48.354911804199219 42.920261383056641
v -55.006122589111328 -3.5949935913085938 47.220333099365234
v -56.046054840087891 -4.2704720497131348 47.535797119140625
v -56.413799285888672 -4.9994120597839355 47.425052642822266
v -17.904890060424805 30.761987686157227 43.047492980957031
v -17.966867446899414 30.037797927856445 43.095458984375
v -18.122909545898438 29.256990432739258 42.926170349121094
v -18.33233642578125 28.468130111694336 42.634918212890625
v -18.570627212524414 27.688623428344727 42.324428558349609
v -18.828376770019531 26.914936065673828 42.051158905029297
v -19.879196166992188 26.023496627807617 41.624298095703125
v -20.109640121459961 49.758384704589844 42.834255218505859
v -57.556915283203125 -5.6647071838378906 46.917102813720703
v -55.242404937744141 -4.2598018646240234 47.481353759765625
v -56.776874542236328 -5.715294361114502 47.177703857421875
v -19.098333358764648 26.152925491333008 41.805881500244141
v -19.530532836914062 49.286567687988281 43.032958984375
v -54.519916534423828 -4.2897052764892578 47.245616912841797
v -55.581058502197266 -4.9888749122619629 47.53045654296875
v -55.956249237060547 -5.7276973724365234 47.391166687011719
v -17.278032302856445 30.205696105957031 43.008338928222656
v -17.355869293212891 29.458227157592773 43.048324584960938
v -17.529890060424805 28.660947799682617 42.869384765625
v -17.757562637329102 27.859256744384766 42.570194244384766
v -18.012912750244141 27.069862365722656 42.253410339355469
v -18.288015365600586 26.294471740722656 41.972602844238281
v -19.361059188842773 25.44464111328125 41.538440704345703
v -18.946533203125 48.918491363525391 42.926311492919922
v -19.369649887084961 50.118953704833984 42.903560638427734
v -57.123115539550781 -6.4040474891662598 46.843635559082031
v -54.761768341064453 -4.9651260375976562 47.489749908447266
v -56.326465606689453 -6.4423947334289551 47.115158081054688
v -18.581388473510742 25.546049118041992 41.712451934814453
v -18.778379440307617 49.690265655517578 43.068317413330078
v -54.029712677001953 -4.9795398712158203 47.260379791259766
v -55.109081268310547 -5.7014985084533691 47.511558532714844
v -55.493072509765625 -6.4409952163696289 47.340656280517578
v -16.646387100219727 29.648227691650391 42.969944000244141
v -16.749116897583008 28.880712509155273 42.991222381591797
v -16.946014404296875 28.066390991210938 42.793220520019531
v -17.191108703613281 27.251079559326172 42.480739593505859
v -17.46208381652832 26.453849792480469 42.157634735107422
v -17.755760192871094 25.679489135742188 41.872951507568359
v -18.896368026733398 24.864860534667969 41.402816772460938
v -18.212320327758789 49.349315643310547 42.945934295654297
v -18.636341094970703 50.481334686279297 42.957878112792969
v -56.682186126708984 -7.1252889633178711 46.759552001953125
v -54.278106689453125 -5.6635351181030273 47.481197357177734
v -55.873195648193359 -7.1519813537597656 47.037052154541016
v -18.072362899780273 24.937717437744141 41.600200653076172
v -18.403633117675781 24.248241424560547 41.255775451660156
v -18.047756195068359 50.060611724853516 43.096660614013672
v -53.53643798828125 -5.665534496307373 47.253757476806641
v -54.635028839111328 -6.4036383628845215 47.471649169921875
v -55.030162811279297 -7.1424436569213867 47.268932342529297
v -16.030668258666992 29.08660888671875 42.916458129882812
v -16.159021377563477 28.298809051513672 42.910507202148438
v -16.370359420776367 27.467344284057617 42.690189361572266
v -16.625207901000977 26.638261795043945 42.365314483642578
v -16.91395378112793 25.835283279418945 42.040245056152344
v -17.227846145629883 25.063581466674805 41.759647369384766
v -17.493152618408203 49.718250274658203 42.952709197998047
v -17.898508071899414 50.817741394042969 43.001163482666016
v -56.240207672119141 -7.8311424255371094 46.663230895996094
v -53.794544219970703 -6.3579797744750977 47.446975708007812
v -55.422451019287109 -7.8512458801269531 46.940620422363281
v -17.55253791809082 24.32359504699707 41.489627838134766
v -17.852823257446289 23.627321243286133 41.155921936035156
v -17.313249588012695 50.39111328125 43.117355346679688
v -53.04620361328125 -6.3540630340576172 47.217372894287109
v -54.163917541503906 -7.1014161109924316 47.404808044433594
v -54.572540283203125 -7.8395729064941406 47.172580718994141
v -15.440589904785156 28.51390266418457 42.833656311035156
v -15.580662727355957 27.712974548339844 42.8017578125
v -15.77573299407959 26.862970352172852 42.562370300292969
v -16.041126251220703 26.012945175170898 42.225879669189453
v -16.370376586914062 25.208234786987305 41.904586791992188
v -16.702672958374023 24.44560432434082 41.639591217041016
v -16.765743255615234 50.041900634765625 42.955406188964844
v -17.140779495239258 51.119483947753906 43.039299011230469
v -55.801239013671875 -8.5292539596557617 46.552547454833984
v -53.317619323730469 -7.0549435615539551 47.380630493164062
v -54.977630615234375 -8.5465469360351562 46.824314117431641
v -17.026683807373047 23.709806442260742 41.386081695556641
v -17.314842224121094 23.015695571899414 41.068889617919922
v -16.558174133300781 50.682888031005859 43.138858795166016
v -52.567493438720703 -7.050053596496582 47.144893646240234
v -53.701683044433594 -7.8002276420593262 47.306999206542969
v -54.123985290527344 -8.535797119140625 47.050033569335938
v -14.872219085693359 27.935832977294922 42.720081329345703
v -14.995304107666016 27.149480819702148 42.674736022949219
v -15.061280250549316 26.235090255737305 42.408645629882812
v -15.476576805114746 25.351123809814453 42.052398681640625
v -15.83961009979248 24.575244903564453 41.75408935546875
v -16.181953430175781 23.829444885253906 41.512939453125
v -16.019208908081055 50.324840545654297 42.965328216552734
v -16.349563598632812 51.389186859130859 43.075305938720703
v -55.36614990234375 -9.2237949371337891 46.426795959472656
v -52.8543701171875 -7.7567915916442871 47.277385711669922
v -54.539344787597656 -9.2395334243774414 46.688377380371094
v -16.504322052001953 23.100252151489258 41.276424407958984
v -16.785287857055664 22.408954620361328 40.969470977783203
v -15.772327423095703 50.937503814697266 43.167102813720703
v -52.106559753417969 -7.7528600692749023 47.031352996826172
v -53.252597808837891 -8.5000877380371094 47.176094055175781
v -53.685153961181641 -9.2299928665161133 46.902042388916016
v -14.32789134979248 27.375505447387695 42.584255218505859
v -14.453647613525391 26.74308967590332 42.563152313232422
v -14.559239387512207 25.433897018432617 42.154106140136719
v -14.955177307128906 24.683465957641602 41.858097076416016
v -15.322650909423828 23.950923919677734 41.595508575439453
v -15.665199279785156 23.222072601318359 41.376155853271484
v -15.249451637268066 50.565513610839844 42.986160278320312
v -15.509554862976074 51.634807586669922 43.108997344970703
v -54.932743072509766 -9.9153852462768555 46.287223815917969
v -52.408203125 -8.4598226547241211 47.135128021240234
v -54.104991912841797 -9.9291191101074219 46.535572052001953
v -14.141692161560059 26.139415740966797 42.3770751953125
v -15.980052947998047 22.498401641845703 41.148536682128906
v -16.25031852722168 21.805646896362305 40.842029571533203
v -14.955245971679688 51.148612976074219 43.20611572265625
v -51.664424896240234 -8.4555397033691406 46.876636505126953
v -52.816551208496094 -9.1963424682617188 47.013874053955078
v -53.252655029296875 -9.9185190200805664 46.733348846435547
v -13.839597702026367 26.79345703125 42.417160034179688
v -13.684694290161133 25.473705291748047 42.144504547119141
v -14.065094947814941 24.762092590332031 41.926342010498047
v -14.455461502075195 24.051753997802734 41.666763305664062
v -14.819862365722656 23.347885131835938 41.43426513671875
v -15.147712707519531 22.631481170654297 41.227897644042969
v -14.459819793701172 50.759193420410156 43.01361083984375
v -14.628598213195801 51.820438385009766 43.167320251464844
v -54.496650695800781 -10.603246688842773 46.137073516845703
v -51.977466583251953 -9.1554288864135742 46.958957672119141
v -53.669303894042969 -10.613184928894043 46.371532440185547
v -13.381546974182129 26.157739639282227 42.211784362792969
v -15.443756103515625 21.904474258422852 40.997211456298828
v -15.699471473693848 21.19366455078125 40.680706024169922
v -14.121479034423828 51.308403015136719 43.252883911132812
v -51.238231658935547 -9.1469821929931641 46.692287445068359
v -52.389225006103516 -9.881744384765625 46.829010009765625
v -52.820407867431641 -10.596905708312988 46.553367614746094
v -13.220841407775879 24.831550598144531 41.892318725585938
v -12.933779716491699 25.523027420043945 41.977569580078125
v -13.599189758300781 24.123437881469727 41.700523376464844
v -13.997180938720703 23.450099945068359 41.481700897216797
v -14.33147144317627 22.78123664855957 41.277675628662109
v -14.613541603088379 22.060850143432617 41.072559356689453
v -13.658917427062988 50.904350280761719 43.037525177001953
v -13.752415657043457 51.940685272216797 43.239513397216797
v -54.0526123046875 -11.285908699035645 45.981269836425781
v -51.557903289794922 -9.8328800201416016 46.764331817626953
v -53.226032257080078 -11.289302825927734 46.204048156738281
v -14.887349128723145 21.306163787841797 40.827720642089844
v -15.128115653991699 20.542398452758789 40.494850158691406
v -13.289117813110352 51.421924591064453 43.291339874267578
v -50.827114105224609 -9.8129758834838867 46.503963470458984
v -51.964408874511719 -10.549271583557129 46.636402130126953
v -52.381526947021484 -11.261789321899414 46.373805999755859
v -12.792943000793457 24.183155059814453 41.620964050292969
v -12.512748718261719 24.919023513793945 41.673133850097656
v -13.200398445129395 23.469493865966797 41.473674774169922
v -13.63608455657959 22.925533294677734 41.323234558105469
v -13.788397789001465 22.272294998168945 41.137119293212891
v -14.051474571228027 21.489658355712891 40.917022705078125
v -12.853927612304688 51.004741668701172 43.047317504882812
v -12.902501106262207 52.030818939208984 43.28448486328125
v -53.595207214355469 -11.961812019348145 45.824794769287109
v -51.145828247070312 -10.481407165527344 46.57183837890625
v -52.769081115722656 -11.955796241760254 46.040416717529297
v -14.309368133544922 20.688461303710938 40.662616729736328
v -14.526087760925293 19.859472274780273 40.345100402832031
v -12.463653564453125 51.497154235839844 43.308216094970703
v -50.439910888671875 -10.430261611938477 46.339237213134766
v -51.534832000732422 -11.195116996765137 46.450332641601562
v -51.929218292236328 -11.912460327148438 46.203628540039062
v -12.108547210693359 24.257040023803711 41.337371826171875
v -12.411861419677734 23.478630065917969 41.3507080078125
v -12.919784545898438 22.652637481689453 41.221992492675781
v -13.197111129760742 21.726072311401367 40.993350982666016
v -13.471950531005859 20.893671035766602 40.772247314453125
v -12.047117233276367 51.065425872802734 43.037349700927734
v -12.065550804138184 52.088752746582031 43.300098419189453
v -53.118862152099609 -12.630375862121582 45.670680999755859
v -50.732196807861328 -11.095975875854492 46.390396118164062
v -52.293125152587891 -12.612335205078125 45.884059906005859
v -13.711923599243164 20.054964065551758 40.535408020019531
v -13.909856796264648 19.164724349975586 40.276340484619141
v -11.641708374023438 51.536098480224609 43.300411224365234
v -50.049247741699219 -10.99000358581543 46.167972564697266
v -51.091728210449219 -11.821455001831055 46.27777099609375
v -51.458003997802734 -12.550722122192383 46.045196533203125
v -11.721821784973145 23.526840209960938 41.053779602050781
v -12.006926536560059 22.75462532043457 41.105472564697266
v -12.335709571838379 21.939895629882812 41.011302947998047
v -12.62375545501709 21.114725112915039 40.843666076660156
v -12.874495506286621 20.289875030517578 40.654388427734375
v -14.10699462890625 18.136215209960938 39.975975036621094
v -11.237927436828613 51.090126037597656 43.006221771240234
v -11.23297119140625 52.110336303710938 43.288459777832031
v -52.618907928466797 -13.291131019592285 45.518669128417969
v -50.300014495849609 -11.688702583312988 46.218212127685547
v -51.795600891113281 -13.259111404418945 45.732715606689453
v -13.08690071105957 19.432317733764648 40.467796325683594
v -13.264022827148438 18.521228790283203 40.305622100830078
v -10.81971549987793 51.539798736572266 43.268779754638672
v -49.614143371582031 -11.544649124145508 45.983688354492188
v -50.627895355224609 -12.436342239379883 46.119216918945312
v -50.966442108154297 -13.179795265197754 45.894584655761719
v -11.339626312255859 22.824821472167969 40.809860229492188
v -11.557704925537109 22.083854675292969 40.883102416992188
v -11.811934471130371 21.31816291809082 40.829002380371094
v -12.042169570922852 20.534713745117188 40.704799652099609
v -12.231171607971191 19.707212448120117 40.561901092529297
v -13.358383178710938 17.576921463012695 40.228202819824219
v -10.423892974853516 51.082767486572266 42.955604553222656
v -10.400887489318848 52.095172882080078 43.253215789794922
v -49.837760925292969 -12.282220840454102 46.060882568359375
v -51.279350280761719 -13.896332740783691 45.579681396484375
v -12.423111915588379 18.843471527099609 40.450534820556641
v -12.587499618530273 17.971643447875977 40.398769378662109
v -9.9946365356445312 51.513092041015625 43.218658447265625
v -49.129837036132812 -12.133208274841309 45.830474853515625
v -50.141532897949219 -13.049802780151367 45.972625732421875
v -50.458389282226562 -13.804192543029785 45.745204925537109
v -10.963226318359375 22.181251525878906 40.565692901611328
v -11.122186660766602 21.48297119140625 40.652297973632812
v -11.298906326293945 20.779014587402344 40.641227722167969
v -11.41917896270752 20.017642974853516 40.546566009521484
v -11.483963012695312 19.116661071777344 40.456211090087891
v -12.669544219970703 17.099878311157227 40.420841217041016
v -13.38318920135498 16.662515640258789 40.265552520751953
v -9.5987491607666016 51.051567077636719 42.892822265625
v -9.5695276260375977 52.050331115722656 43.202651977539062
v -49.342754364013672 -12.89145565032959 45.927303314208984
v -50.751785278320312 -14.524947166442871 45.418254852294922
v -11.79218578338623 18.285980224609375 40.454753875732422
v -11.908387184143066 17.482271194458008 40.473747253417969
v -9.1649856567382812 51.469039916992188 43.162700653076172
v -48.590339660644531 -12.750411987304688 45.724594116210938
v -47.83953857421875 -12.704924583435059 45.321731567382812
v -49.635772705078125 -13.672337532043457 45.835926055908203
v -49.941638946533203 -14.429518699645996 45.592514038085938
v -10.577423095703125 21.563802719116211 40.210929870605469
v -10.780335426330566 20.989006042480469 40.447834014892578
v -10.775478363037109 20.364625930786133 40.385929107666016
v -10.762513160705566 19.614809036254883 40.310501098632812
v -11.125168800354004 18.453670501708984 40.405677795410156
v -11.956955909729004 16.656248092651367 40.546012878417969
v -12.705724716186523 16.242673873901367 40.513031005859375
v -13.398862838745117 15.800467491149902 40.375190734863281
v -8.7448453903198242 51.011833190917969 42.833683013916016
v -8.7473526000976562 51.990741729736328 43.150363922119141
v -48.81494140625 -13.528274536132812 45.825374603271484
v -50.220664978027344 -15.145761489868164 45.246379852294922
v -10.662609100341797 18.865842819213867 40.262546539306641
v -11.179065704345703 17.811717987060547 40.427383422851562
v -11.208922386169434 17.041654586791992 40.483978271484375
v -8.3425722122192383 51.43255615234375 43.121227264404297
v -48.036106109619141 -13.377521514892578 45.703792572021484
v -49.117908477783203 -14.316798210144043 45.707393646240234
v -49.429370880126953 -15.056266784667969 45.435848236083984
v -10.373895645141602 20.775117874145508 40.071132659912109
v -10.267648696899414 20.03400993347168 39.993373870849609
v -10.168099403381348 19.284137725830078 39.946197509765625
v -10.557759284973145 18.153076171875 40.260414123535156
v -11.219099998474121 16.232355117797852 40.583553314208984
v -11.97640323638916 15.826823234558105 40.663700103759766
v -12.722051620483398 15.405609130859375 40.645767211914062
v -13.40606689453125 14.966617584228516 40.513526916503906
v -7.7840752601623535 50.986648559570312 42.808937072753906
v -7.9636015892028809 51.931419372558594 43.10723876953125
v -47.412361145019531 -13.308228492736816 45.543277740478516
v -48.2132568359375 -14.238022804260254 45.753383636474609
v -10.060117721557617 18.53851318359375 39.938186645507812
v -10.527283668518066 17.413455963134766 40.304458618164062
v -10.509214401245117 16.627048492431641 40.389453887939453
v -7.6647548675537109 51.4544677734375 43.115573883056641
v -47.437820434570312 -13.908523559570312 45.719795227050781
v -46.824485778808594 -13.660862922668457 45.519088745117188
v -48.649433135986328 -14.973222732543945 45.581493377685547
v -48.917243957519531 -15.670369148254395 45.278610229492188
v -9.9726419448852539 17.788541793823242 39.973415374755859
v -10.492213249206543 15.812704086303711 40.508953094482422
v -11.220291137695312 15.412307739257812 40.716316223144531
v -11.983560562133789 15.002751350402832 40.8067626953125
v -12.727255821228027 14.580114364624023 40.791484832763672
v -13.404391288757324 14.141700744628906 40.651775360107422
v -7.0367507934570312 51.273330688476562 43.017387390136719
v -6.8669919967651367 50.795314788818359 42.651119232177734
v -7.2211523056030273 51.838180541992188 43.056293487548828
v -47.439205169677734 -14.659685134887695 45.745273590087891
v -47.996906280517578 -14.970005035400391 45.668647766113281
v -9.9135265350341797 17.015041351318359 40.049537658691406
v -9.8674583435058594 16.210714340209961 40.157939910888672
v -46.758430480957031 -14.348437309265137 45.707229614257812
v -46.123580932617188 -14.055805206298828 45.496856689453125
v -48.177722930908203 -15.574074745178223 45.461513519287109
v -48.375324249267578 -16.26097297668457 45.123031616210938
v -10.480132102966309 14.985909461975098 40.659420013427734
v -9.8248739242553711 15.370139122009277 40.288276672363281
v -11.219503402709961 14.59227466583252 40.873455047607422
v -11.98468017578125 14.181637763977051 40.964305877685547
v -12.726311683654785 13.75533390045166 40.939895629882812
v -13.399309158325195 13.31505298614502 40.782478332519531
v -6.2480292320251465 51.111194610595703 42.926189422607422
v -6.4626154899597168 51.703399658203125 42.992076873779297
v -6.0336275100708008 50.631374359130859 42.547580718994141
v -46.754703521728516 -15.125157356262207 45.708889007568359
v -47.472549438476562 -15.402698516845703 45.614753723144531
v -46.031341552734375 -14.783811569213867 45.680450439453125
v -45.374141693115234 -14.424766540527344 45.470817565917969
v -47.610889434814453 -16.127857208251953 45.342826843261719
v -9.8078718185424805 14.516768455505371 40.469837188720703
v -10.475177764892578 14.163115501403809 40.843242645263672
v -11.214218139648438 13.773847579956055 41.056491851806641
v -11.979779243469238 13.355177879333496 41.140396118164062
v -12.72628116607666 12.924047470092773 41.095161437988281
v -13.401632308959961 12.484793663024902 40.909645080566406
v -5.4450907707214355 50.942501068115234 42.8525390625
v -5.6694183349609375 51.55621337890625 42.931991577148438
v -5.2242050170898438 50.445594787597656 42.462722778320312
v -46.830051422119141 -15.924041748046875 45.530483245849609
v -46.014286041259766 -15.624838829040527 45.64971923828125
v -45.239852905273438 -15.19321346282959 45.644004821777344
v -44.587177276611328 -14.723418235778809 45.441860198974609
v -46.991828918457031 -16.69865608215332 45.205417633056641
v -9.8118553161621094 13.693076133728027 40.69940185546875
v -10.462954521179199 13.356586456298828 41.0604248046875
v -11.18735408782959 12.946067810058594 41.276721954345703
v -11.969795227050781 12.510090827941895 41.345989227294922
v -12.743651390075684 12.087453842163086 41.261409759521484
v -13.423159599304199 11.653316497802734 41.037570953369141
v -4.8700976371765137 51.383064270019531 42.874858856201172
v -4.6485996246337891 50.739234924316406 42.783973693847656
v -4.4293069839477539 50.214290618896484 42.379989624023438
v -46.136714935302734 -16.494848251342773 45.414524078369141
v -45.129081726074219 -16.192138671875 45.571693420410156
v -44.381977081298828 -15.474825859069824 45.625980377197266
v -43.780517578125 -14.926420211791992 45.419033050537109
v -46.37359619140625 -17.297286987304688 45.033000946044922
v -9.8023719787597656 12.912809371948242 40.945640563964844
v -10.414643287658691 12.580376625061035 41.306594848632812
v -11.088906288146973 12.041171073913574 41.562770843505859
v -12.011727333068848 11.660075187683105 41.574588775634766
v -12.791007041931152 11.253976821899414 41.436321258544922
v -13.470632553100586 10.821208953857422 41.169418334960938
v -4.0751814842224121 51.166976928710938 42.812694549560547
v -3.8572323322296143 50.485340118408203 42.710025787353516
v -3.6393387317657471 49.927764892578125 42.288921356201172
v -45.492950439453125 -17.148433685302734 45.244770050048828
v -44.087013244628906 -16.295783996582031 45.625190734863281
v -43.524074554443359 -15.610317230224609 45.634143829345703
v -42.978809356689453 -15.056836128234863 45.412811279296875
v -44.575244903564453 -17.068414688110352 45.397174835205078
v -9.7800397872924805 12.190078735351562 41.208156585693359
v -10.289881706237793 11.955665588378906 41.521808624267578
v -11.286293983459473 11.174563407897949 41.862377166748047
v -12.103368759155273 10.83946418762207 41.805660247802734
v -12.854629516601562 10.421027183532715 41.623001098632812
v -13.548195838928223 9.9830970764160156 41.308387756347656
v -3.2808518409729004 50.902217864990234 42.74127197265625
v -3.0497758388519287 50.174591064453125 42.630031585693359
v -2.8388581275939941 49.581626892089844 42.185585021972656
v -44.942047119140625 -17.838224411010742 45.015029907226562
v -43.217853546142578 -16.353734970092773 45.672595977783203
v -43.684146881103516 -17.073276519775391 45.498161315917969
v -10.480442047119141 11.375645637512207 41.774349212646484
v -42.719520568847656 -15.691736221313477 45.654731750488281
v -42.204261779785156 -15.162237167358398 45.441520690917969
v -44.084983825683594 -17.795957565307617 45.170444488525391
v -9.815333366394043 11.513476371765137 41.488849639892578
v -10.626812934875488 10.647204399108887 42.064193725585938
v -11.411447525024414 10.40119743347168 42.126213073730469
v -12.174014091491699 10.062201499938965 42.035243988037109
v -12.899228096008301 9.5192937850952148 41.858882904052734
v -13.702850341796875 9.159306526184082 41.420783996582031
v -2.4723320007324219 50.601211547851562 42.667484283447266
v -2.1495897769927979 49.785793304443359 42.566188812255859
v -2.0592923164367676 49.169136047363281 42.057361602783203
v -42.843734741210938 -17.087039947509766 45.577323913574219
v -42.412738800048828 -16.391698837280273 45.718067169189453
v -43.238410949707031 -17.782835006713867 45.292633056640625
v -9.923314094543457 10.820540428161621 41.792030334472656
v -41.973648071289062 -15.753835678100586 45.691486358642578
v -41.586326599121094 -15.289033889770508 45.524497985839844
v -10.056313514709473 10.091808319091797 42.09442138671875
v -10.767730712890625 9.9089393615722656 42.334560394287109
v -11.522994995117188 9.6796550750732422 42.360305786132812
v -12.163924217224121 9.4351902008056641 42.252880096435547
v -13.230630874633789 8.6611719131469727 41.929443359375
v -13.93193531036377 8.3839473724365234 41.489124298095703
v -1.6794893741607666 50.334697723388672 42.614490509033203
v -1.4285967350006104 49.217021942138672 42.435325622558594
v -40.950294494628906 -15.209338188171387 45.450843811035156
v -42.409172058105469 -17.772308349609375 45.400249481201172
v -42.039035797119141 -17.094429016113281 45.649250030517578
v -41.644214630126953 -16.415006637573242 45.762130737304688
v -42.749412536621094 -18.432945251464844 45.045150756835938
v -12.462750434875488 8.8468112945556641 42.301582336425781
v -1.410233736038208 49.729091644287109 42.654293060302734
v -41.260555267333984 -15.774233818054199 45.712310791015625
v -40.164833068847656 -15.180331230163574 45.419387817382812
v -10.22666072845459 9.3477334976196289 42.357421875
v -10.942507743835449 9.1749734878540039 42.557140350341797
v -11.699288368225098 8.9917221069335938 42.530765533447266
v -12.750700950622559 8.108546257019043 42.385612487792969
v -13.50833797454834 7.8953304290771484 42.00653076171875
v -14.190804481506348 7.6443414688110352 41.547477722167969
v -0.93884676694869995 50.069744110107422 42.543319702148438
v -0.71271252632141113 48.813655853271484 42.287555694580078
v -0.80311626195907593 49.402130126953125 42.563819885253906
v -40.515205383300781 -15.760913848876953 45.712665557861328
v -41.61566162109375 -17.741947174072266 45.504035949707031
v -41.917610168457031 -18.39422607421875 45.183197021484375
v -41.274349212646484 -17.096965789794922 45.713096618652344
v -40.885772705078125 -16.431636810302734 45.795906066894531
v -11.957730293273926 8.278900146484375 42.645187377929688
v -39.358547210693359 -15.162592887878418 45.408321380615234
v -39.725196838378906 -15.74781608581543 45.719570159912109
v -10.448355674743652 8.5902585983276367 42.556003570556641
v -11.173210144042969 8.4338188171386719 42.719478607177734
v -13.042270660400391 7.3596491813659668 42.472949981689453
v -12.245689392089844 7.5292959213256836 42.740177154541016
v -13.797409057617188 7.1556515693664551 42.090015411376953
v -14.482297897338867 6.913844108581543 41.627067565917969
v -0.20639191567897797 49.744106292724609 42.414222717285156
v 0.026218704879283905 48.448509216308594 42.127628326416016
v -0.079976387321949005 49.050342559814453 42.417335510253906
v -40.104854583740234 -16.445436477661133 45.821258544921875
v -40.945335388183594 -17.678203582763672 45.591922760009766
v -41.101272583007812 -18.295143127441406 45.329067230224609
v -40.520584106445312 -17.153257369995117 45.744003295898438
v -11.452068328857422 7.6760716438293457 42.8321533203125
v -38.543773651123047 -15.137844085693359 45.39453125
v -38.915298461914062 -15.72413158416748 45.723945617675781
v -39.293663024902344 -16.437295913696289 45.844123840332031
v -10.720267295837402 7.8199458122253418 42.690090179443359
v -12.559976577758789 6.7740564346313477 42.821983337402344
v -13.358075141906738 6.6185383796691895 42.561317443847656
v -11.765022277832031 6.9096369743347168 42.912841796875
v -14.117426872253418 6.4297680854797363 42.187816619873047
v -14.810446739196777 6.194730281829834 41.739398956298828
v 0.54697638750076294 49.397937774658203 42.256984710693359
v 0.76287162303924561 48.08929443359375 41.969127655029297
v 0.66700315475463867 48.697174072265625 42.257816314697266
v -39.706199645996094 -17.202793121337891 45.768180847167969
v -40.237327575683594 -18.000513076782227 45.514911651611328
v -40.525951385498047 -18.852329254150391 45.106986999511719
v -11.031414031982422 7.0440449714660645 42.7763671875
v -37.722938537597656 -15.096949577331543 45.366489410400391
v -38.097454071044922 -15.68287181854248 45.713123321533203
v -38.470699310302734 -16.398883819580078 45.85491943359375
v -38.853706359863281 -17.17228889465332 45.803642272949219
v -12.108894348144531 6.1483211517333984 42.975597381591797
v -12.905026435852051 6.0275683403015137 42.898647308349609
v -13.70698070526123 5.8904175758361816 42.657665252685547
v -11.373902320861816 6.2728352546691895 42.833942413330078
v -14.47455883026123 5.7189407348632812 42.307334899902344
v -15.179319381713867 5.4958739280700684 41.882938385009766
v 1.2981805801391602 49.041740417480469 42.092792510986328
v 1.481290340423584 47.722427368164062 41.811752319335938
v 1.4048005342483521 48.337669372558594 42.097995758056641
v -39.261474609375 -17.956174850463867 45.589027404785156
v -39.644359588623047 -18.730611801147461 45.245269775390625
v -37.277389526367188 -15.622331619262695 45.683128356933594
v -36.899803161621094 -15.035198211669922 45.323097229003906
v -37.648769378662109 -16.338415145874023 45.843170166015625
v -38.018608093261719 -17.111566543579102 45.816017150878906
v -38.393180847167969 -17.889448165893555 45.633960723876953
v -12.481339454650879 5.4013738632202148 43.033916473388672
v -11.743898391723633 5.5144357681274414 42.878833770751953
v -13.279932022094727 5.2971439361572266 42.981697082519531
v -14.088199615478516 5.1793899536132812 42.772762298583984
v -14.867306709289551 5.0269918441772461 42.456657409667969
v -15.587007522583008 4.8199591636657715 42.062370300292969
v 2.0317480564117432 48.674419403076172 41.926445007324219
v 2.177985668182373 47.341266632080078 41.649066925048828
v 2.1216578483581543 47.966049194335938 41.934413909912109
v -38.766147613525391 -18.645805358886719 45.331047058105469
v -36.458751678466797 -15.542510032653809 45.639347076416016
v -36.829246520996094 -16.25990104675293 45.811397552490234
v -36.077579498291016 -14.95057487487793 45.270114898681641
v -37.193473815917969 -17.032949447631836 45.801372528076172
v -37.555889129638672 -17.808649063110352 45.643623352050781
v -37.917404174804688 -18.559993743896484 45.372348785400391
v -12.135284423828125 4.7735595703125 42.925148010253906
v -12.875003814697266 4.6735215187072754 43.102146148681641
v -13.677065849304199 4.5860447883605957 43.085163116455078
v -14.494314193725586 4.4873876571655273 42.918369293212891
v -15.288358688354492 4.3542208671569824 42.642490386962891
v -16.025033950805664 4.1638426780700684 42.278659820556641
v 2.7431540489196777 48.291728973388672 41.753173828125
v 2.8563511371612549 46.937187194824219 41.481163024902344
v 2.8172061443328857 47.575851440429688 41.762367248535156
v -38.272037506103516 -19.277475357055664 45.012367248535156
v -36.012950897216797 -16.166297912597656 45.769378662109375
v -35.643039703369141 -15.446104049682617 45.592521667480469
v -36.372623443603516 -16.940122604370117 45.768146514892578
v -35.251415252685547 -14.842878341674805 45.219207763671875
v -36.728343963623047 -17.715717315673828 45.625144958496094
v -37.082374572753906 -18.466150283813477 45.376174926757812
v -37.432838439941406 -19.1837158203125 45.044456481933594
v -12.537437438964844 4.0510439872741699 42.987106323242188
v -13.278277397155762 3.9642863273620605 43.195384979248047
v -14.085124015808105 3.8921756744384766 43.221954345703125
v -14.91431713104248 3.8100285530090332 43.101051330566406
v -15.725622177124023 3.6924006938934326 42.862667083740234
v -16.478546142578125 3.5140297412872314 42.520904541015625
v 3.4342918395996094 47.886375427246094 41.571662902832031
v 3.4953620433807373 47.156681060791016 41.586898803710938
v 3.5201761722564697 46.494789123535156 41.321323394775391
v -35.200550079345703 -16.064069747924805 45.7291259765625
v -35.555095672607422 -16.836645126342773 45.727882385253906
v -34.826877593994141 -15.341243743896484 45.558868408203125
v -35.904384613037109 -17.611562728881836 45.590625762939453
v -34.402492523193359 -14.714158058166504 45.197021484375
v -36.252426147460938 -18.361930847167969 45.354324340820312
v -36.598392486572266 -19.080554962158203 45.043109893798828
v -12.937307357788086 3.3422434329986572 43.078956604003906
v -13.67855167388916 3.2668242454528809 43.325828552246094
v -14.492171287536621 3.206193208694458 43.397022247314453
v -15.335590362548828 3.1345019340515137 43.3150634765625
v -16.163898468017578 3.0245964527130127 43.100685119628906
v -16.929340362548828 2.8500165939331055 42.765140533447266
v 4.1110372543334961 47.449764251708984 41.388690948486328
v 4.1620464324951172 46.695701599121094 41.423759460449219
v 4.1673092842102051 45.999526977539062 41.198184967041016
v -34.741344451904297 -16.730182647705078 45.690113067626953
v -34.390693664550781 -15.964878082275391 45.702686309814453
v -35.083538055419922 -17.499788284301758 45.550758361816406
v -34.008068084716797 -15.244485855102539 45.562911987304688
v -35.425457000732422 -18.247640609741211 45.319065093994141
v -33.551559448242188 -14.601231575012207 45.278827667236328
v -35.766963958740234 -18.96613883972168 45.020061492919922
v -13.323370933532715 2.6376416683197021 43.210247039794922
v -14.065898895263672 2.5693917274475098 43.495162963867188
v -14.88870906829834 2.5137553215026855 43.600505828857422
v -15.746872901916504 2.4438850879669189 43.539020538330078
v -16.588951110839844 2.3325099945068359 43.327945709228516
v -17.361660003662109 2.1547238826751709 42.981975555419922
v 4.7903485298156738 46.976997375488281 41.211616516113281
v 4.8257203102111816 46.180332183837891 41.292427062988281
v 4.7837233543395996 45.4468994140625 41.136665344238281
v -34.265998840332031 -17.387578964233398 45.511196136474609
v -33.929721832275391 -16.630231857299805 45.659523010253906
v -33.579448699951172 -15.879715919494629 45.696361541748047
v -34.601715087890625 -18.127388000488281 45.278476715087891
v -33.189365386962891 -15.170624732971191 45.612964630126953
v -34.938774108886719 -18.841806411743164 44.985198974609375
v -32.733772277832031 -14.531490325927734 45.443397521972656
v -35.273593902587891 -19.532360076904297 44.642086029052734
v -13.690118789672852 1.9268772602081299 43.377967834472656
v -14.436709403991699 1.8600602149963379 43.688880920410156
v -15.270668983459473 1.8016725778579712 43.807056427001953
v -16.141668319702148 1.7252519130706787 43.741828918457031
v -16.992225646972656 1.606092095375061 43.514724731445312
v -17.767707824707031 1.4233664274215698 43.149337768554688
v 5.5475773811340332 46.454002380371094 41.025932312011719
v 5.4560532569885254 45.585723876953125 41.235111236572266
v 5.358647346496582 44.844913482666016 41.133068084716797
v -33.780796051025391 -18.007797241210938 45.234615325927734
v -33.450096130371094 -17.281503677368164 45.471382141113281
v -33.115524291992188 -16.540622711181641 45.633392333984375
v -32.761329650878906 -15.80717658996582 45.702407836914062
v -34.113548278808594 -18.712333679199219 44.943557739257812
v -32.371532440185547 -15.111837387084961 45.680107116699219
v -34.446010589599609 -19.397954940795898 44.608798980712891
v -31.944986343383789 -14.483405113220215 45.593601226806641
v -14.040481567382812 1.203144907951355 43.563426971435547
v -14.794772148132324 1.131589412689209 43.879119873046875
v -15.640011787414551 1.0637760162353516 43.985298156738281
v -16.519453048706055 0.97592931985855103 43.89617919921875
v -17.372764587402344 0.84821665287017822 43.643760681152344
v -18.149082183837891 0.66465085744857788 43.261775970458984
v 6.1658234596252441 45.713478088378906 41.041110992431641
v 6.0325040817260742 44.944866180419922 41.252471923828125
v 5.9090332984924316 44.201045989990234 41.173648834228516
v -31.486446380615234 -13.940656661987305 45.480724334716797
v -32.961868286132812 -17.893468856811523 45.184417724609375
v -33.290393829345703 -18.583885192871094 44.894798278808594
v -32.632926940917969 -17.181367874145508 45.425933837890625
v -32.293834686279297 -16.452865600585938 45.602954864501953
v -31.934083938598633 -15.727540969848633 45.703254699707031
v -33.620311737060547 -19.258270263671875 44.566547393798828
v -31.559709548950195 -15.035506248474121 45.729171752929688
v -31.206607818603516 -14.423272132873535 45.696628570556641
v -14.383755683898926 0.4650786817073822 43.739055633544922
v -15.148083686828613 0.38375550508499146 44.037124633789062
v -16.001859664916992 0.30308157205581665 44.112720489501953
v -16.883678436279297 0.20392380654811859 43.991016387939453
v -17.735206604003906 0.071898870170116425 43.716285705566406
v -18.513326644897461 -0.10558285564184189 43.329120635986328
v 6.7295656204223633 45.064857482910156 41.068866729736328
v 6.5897860527038574 44.307613372802734 41.309432983398438
v 6.4948148727416992 43.469276428222656 41.277099609375
v -30.888032913208008 -13.954519271850586 45.628360748291016
v -32.471664428710938 -18.459259033203125 44.836235046386719
v -32.146701812744141 -17.78285026550293 45.123115539550781
v -32.796333312988281 -19.118091583251953 44.514640808105469
v -31.813503265380859 -17.078281402587891 45.368129730224609
v -31.463628768920898 -16.348472595214844 45.558486938476562
v -31.100357055664062 -15.610141754150391 45.683467864990234
v -30.762937545776367 -14.888947486877441 45.740074157714844
v -30.587228775024414 -14.29730224609375 45.725677490234375
v -30.212100982666016 -13.7098388671875 45.620887756347656
v -14.729660987854004 -0.28413867950439453 43.881675720214844
v -15.503130912780762 -0.37777996063232422 44.146991729736328
v -16.360010147094727 -0.47076341509819031 44.184978485107422
v -17.238243103027344 -0.57711184024810791 44.033443450927734
v -18.086132049560547 -0.70740878582000732 43.746471405029297
v -18.869455337524414 -0.87354689836502075 43.366912841796875
v 7.2775883674621582 44.442367553710938 41.107295989990234
v 7.1440033912658691 43.729068756103516 41.399433135986328
v 6.8474631309509277 42.655929565429688 41.299789428710938
v 7.0884485244750977 43.111091613769531 41.502460479736328
v -31.982025146484375 -18.976657867431641 44.453659057617188
v -31.668378829956055 -18.336374282836914 44.766059875488281
v -31.34126091003418 -17.671009063720703 45.045803070068359
v -30.993432998657227 -16.961812973022461 45.291843414306641
v -30.626991271972656 -16.213418960571289 45.492473602294922
v -30.254728317260742 -15.433371543884277 45.633716583251953
v -29.90723991394043 -14.554234504699707 45.704013824462891
v -29.558435440063477 -13.038931846618652 45.563697814941406
v -15.082413673400879 -1.0392621755599976 43.983325958251953
v -15.860663414001465 -1.1447615623474121 44.210994720458984
v -16.714384078979492 -1.246467113494873 44.213695526123047
v -17.585561752319336 -1.3550281524658203 44.040119171142578
v -18.431722640991211 -1.4803682565689087 43.750823974609375
v -19.225936889648438 -1.6346163749694824 43.388324737548828
v 7.8112430572509766 43.830348968505859 41.137916564941406
v 7.6557173728942871 43.173473358154297 41.462772369384766
v 7.2754640579223633 41.967823028564453 41.303340911865234
v 7.4564523696899414 42.553302764892578 41.533966064453125
v -29.284843444824219 -13.794984817504883 45.70062255859375
v -31.20402717590332 -18.825963973999023 44.389583587646484
v -30.901378631591797 -18.217458724975586 44.680046081542969
v -30.546588897705078 -17.559167861938477 44.943138122558594
v -30.174232482910156 -16.829427719116211 45.191692352294922
v -29.788942337036133 -16.061302185058594 45.399013519287109
v -29.393648147583008 -15.275467872619629 45.550106048583984
v -28.953943252563477 -14.533298492431641 45.63909912109375
v -28.728500366210938 -13.121142387390137 45.695602416992188
v -15.438621520996094 -1.7953217029571533 44.051765441894531
v -16.215751647949219 -1.9098286628723145 44.243717193603516
v -17.062005996704102 -2.0162732601165771 44.216350555419922
v -17.926853179931641 -2.1257357597351074 44.02734375
v -18.778045654296875 -2.2498764991760254 43.742572784423828
v -19.592557907104492 -2.3946621417999268 43.404335021972656
v 8.138031005859375 42.555549621582031 41.466102600097656
v 7.745844841003418 41.288181304931641 41.295753479003906
v 7.91680908203125 41.904922485351562 41.530128479003906
v -28.428266525268555 -13.89122486114502 45.663261413574219
v -30.152891159057617 -18.145410537719727 44.5379638671875
v -29.75090217590332 -17.441112518310547 44.809940338134766
v -29.360116958618164 -16.686853408813477 45.063152313232422
v -28.966386795043945 -15.919589996337891 45.271614074707031
v -28.577064514160156 -15.177981376647949 45.428661346435547
v -28.250312805175781 -14.552034378051758 45.528896331787109
v -27.890874862670898 -13.239711761474609 45.670463562011719
v -28.232820510864258 -12.454172134399414 45.683231353759766
v -15.790177345275879 -2.5491812229156494 44.102264404296875
v -16.561538696289062 -2.6694118976593018 44.261650085449219
v -17.399343490600586 -2.7798275947570801 44.207904815673828
v -18.262418746948242 -2.8968558311462402 44.00799560546875
v -19.133535385131836 -3.0369024276733398 43.734329223632812
v -19.985958099365234 -3.1631879806518555 43.428318023681641
v 8.6332521438598633 41.902393341064453 41.446861267089844
v 8.2218332290649414 40.605579376220703 41.290447235107422
v 8.4009685516357422 41.236125946044922 41.517509460449219
v -27.571226119995117 -14.146681785583496 45.447513580322266
v -29.359476089477539 -18.05451774597168 44.358245849609375
v -28.950809478759766 -17.299867630004883 44.650154113769531
v -28.560869216918945 -16.539510726928711 44.899658203125
v -28.175815582275391 -15.783227920532227 45.102993011474609
v -27.821935653686523 -15.029850006103516 45.270637512207031
v -27.039987564086914 -13.326320648193359 45.508438110351562
v -27.418247222900391 -12.519042015075684 45.681613922119141
v -27.800722122192383 -11.76729679107666 45.637542724609375
v -16.129524230957031 -3.3005681037902832 44.148452758789062
v -16.892965316772461 -3.4251372814178467 44.276897430419922
v -17.722131729125977 -3.5433433055877686 44.199470520019531
v -18.585248947143555 -3.6844501495361328 43.995578765869141
v -19.522789001464844 -3.9133033752441406 43.745975494384766
v -20.441787719726562 -3.8957304954528809 43.470741271972656
v 9.127711296081543 41.240196228027344 41.426101684570312
v 8.6842536926269531 39.910728454589844 41.294567108154297
v 8.8815717697143555 40.559253692626953 41.510257720947266
v -27.041725158691406 -14.871769905090332 45.045555114746094
v -26.642923355102539 -14.094002723693848 45.1712646484375
v -28.161716461181641 -17.136590957641602 44.457538604736328
v -27.781740188598633 -16.388036727905273 44.6910400390625
v -27.404865264892578 -15.64022159576416 44.88238525390625
v -26.204242706298828 -13.339029312133789 45.254337310791016
v -26.587379455566406 -12.57171630859375 45.546787261962891
v -26.987388610839844 -11.770628929138184 45.653358459472656
v -27.434326171875 -10.958293914794922 45.477787017822266
v -16.453559875488281 -4.0521273612976074 44.198127746582031
v -17.208112716674805 -4.181241512298584 44.296646118164062
v -18.020828247070312 -4.3079004287719727 44.200618743896484
v -18.833148956298828 -4.4616794586181641 44.011058807373047
v -20.13786506652832 -4.5753026008605957 43.715187072753906
v -20.923898696899414 -4.5703692436218262 43.5665283203125
v 9.6151237487792969 40.573272705078125 41.411884307861328
v 9.1288156509399414 39.184368133544922 41.311130523681641
v 9.3595914840698242 39.859989166259766 41.517105102539062
v -26.240753173828125 -14.766836166381836 44.747634887695312
v -26.634017944335938 -15.500095367431641 44.605442047119141
v -25.830221176147461 -14.038716316223145 44.858932495117188
v -19.482200622558594 -4.6663737297058105 43.866783142089844
v -27.015996932983398 -16.23130989074707 44.431526184082031
v -25.409015655517578 -13.316543579101562 44.940757751464844
v -25.771154403686523 -12.598599433898926 45.307163238525391
v -26.14422607421875 -11.824655532836914 45.554828643798828
v -26.521146774291992 -11.018630981445312 45.601890563964844
v -16.765148162841797 -4.8075437545776367 44.253566741943359
v -17.511869430541992 -4.9396214485168457 44.323928833007812
v -18.305347442626953 -5.063420295715332 44.215011596679688
v -19.077873229980469 -5.1827759742736816 44.041122436523438
v -19.822141647338867 -5.2378568649291992 43.892223358154297
v -20.590330123901367 -5.2281956672668457 43.799667358398438
v -21.383565902709961 -5.2213912010192871 43.749237060546875
v 10.107535362243652 39.898456573486328 41.407466888427734
v 9.5126161575317383 38.419807434082031 41.335605621337891
v 9.8796195983886719 39.075916290283203 41.564708709716797
v -25.866632461547852 -15.359566688537598 44.296089172363281
v -25.47016716003418 -14.659927368164062 44.428676605224609
v -26.254251480102539 -16.066940307617188 44.134262084960938
v -25.061094284057617 -13.971400260925293 44.532127380371094
v -24.637434005737305 -13.277873992919922 44.608005523681641
v -24.982080459594727 -12.591769218444824 44.993762969970703
v -25.32952880859375 -11.862704277038574 45.328891754150391
v -25.67816162109375 -11.08919620513916 45.537036895751953
v -26.00950813293457 -10.299198150634766 45.548084259033203
v -17.072957992553711 -5.5687961578369141 44.312503814697266
v -17.819314956665039 -5.6991591453552246 44.357463836669922
v -18.612966537475586 -5.8069009780883789 44.239940643310547
v -19.413082122802734 -5.8823299407958984 44.078628540039062
v -20.214731216430664 -5.9085631370544434 43.973209381103516
v -21.023513793945312 -5.8899173736572266 43.961166381835938
v -21.82942008972168 -5.8549041748046875 44.0107421875
v 10.615791320800781 39.277019500732422 41.407638549804688
v 9.8496007919311523 37.655723571777344 41.346828460693359
v 10.125195503234863 38.227039337158203 41.63323974609375
v -25.493551254272461 -15.895402908325195 43.839706420898438
v -25.114761352539062 -15.21221923828125 44.005069732666016
v -24.740362167358398 -14.555172920227051 44.140953063964844
v -24.316356658935547 -13.932662963867188 44.234893798828125
v 10.486332893371582 38.677726745605469 41.630718231201172
v -23.859903335571289 -13.259589195251465 44.308315277099609
v -24.209123611450195 -12.560404777526855 44.658607482910156
v -24.544361114501953 -11.86323356628418 45.015605926513672
v -24.869388580322266 -11.137129783630371 45.319297790527344
v -25.190654754638672 -10.375561714172363 45.495182037353516
v -25.498767852783203 -9.6060953140258789 45.476272583007812
v -17.388504028320312 -6.3350310325622559 44.369136810302734
v -18.145833969116211 -6.4585986137390137 44.392917633056641
v -18.958551406860352 -6.5476922988891602 44.274005889892578
v -19.791513442993164 -6.5994753837585449 44.141181945800781
v -20.629549026489258 -6.6010961532592773 44.098442077636719
v -21.460065841674805 -6.5489983558654785 44.174655914306641
v -22.266046524047852 -6.4723005294799805 44.315788269042969
v -23.016366958618164 -6.4161319732666016 44.424301147460938
v 10.449971199035645 37.492828369140625 41.638393402099609
v 10.195487976074219 36.911914825439453 41.333549499511719
v 10.785005569458008 38.084453582763672 41.645595550537109
v -24.736772537231445 -15.726409912109375 43.609519958496094
v -24.393489837646484 -15.064458847045898 43.795909881591797
v -24.122356414794922 -14.489016532897949 43.949131011962891
v -23.503311157226562 -14.054416656494141 43.979480743408203
v -23.046968460083008 -13.233768463134766 44.112743377685547
v -23.433830261230469 -12.51850700378418 44.369457244873047
v -23.77912712097168 -11.827898025512695 44.681129455566406
v -24.096263885498047 -11.141441345214844 45.006988525390625
v -24.397989273071289 -10.433877944946289 45.279212951660156
v -24.695884704589844 -9.6878852844238281 45.422809600830078
v -24.988889694213867 -8.9303798675537109 45.372879028320312
v -17.719648361206055 -7.1029706001281738 44.415592193603516
v -18.493196487426758 -7.2170639038085938 44.423477172851562
v -19.327407836914062 -7.2934622764587402 44.311660766601562
v -20.195148468017578 -7.3392496109008789 44.217136383056641
v -21.069330215454102 -7.3080782890319824 44.245918273925781
v -21.912710189819336 -7.2041802406311035 44.409694671630859
v -22.71592903137207 -7.0901212692260742 44.618038177490234
v -23.481410980224609 -6.9942808151245117 44.734474182128906
v 10.803675651550293 36.759616851806641 41.611331939697266
v 11.146556854248047 37.385303497314453 41.616550445556641
v 10.539851188659668 36.16998291015625 41.30267333984375
v -24.323415756225586 -16.248062133789062 43.263160705566406
v -23.981456756591797 -15.569736480712891 43.503829956054688
v -23.684364318847656 -14.876059532165527 43.725955963134766
v -22.585968017578125 -13.944817543029785 43.934230804443359
v -22.909917831420898 -14.70750617980957 43.762157440185547
v -22.213397979736328 -13.19088077545166 44.040576934814453
v -22.641706466674805 -12.477869987487793 44.182971954345703
v -23.016319274902344 -11.774765968322754 44.398845672607422
v -23.350135803222656 -11.095089912414551 44.679222106933594
v -23.660652160644531 -10.445818901062012 44.975269317626953
v -23.932024002075195 -9.7728652954101562 45.203834533691406
v -24.195854187011719 -9.0274696350097656 45.303665161132812
v -24.480060577392578 -8.2678995132446289 45.219989776611328
v -18.063140869140625 -7.8669867515563965 44.442474365234375
v -18.846372604370117 -7.974236011505127 44.437606811523438
v -19.694522857666016 -8.0557136535644531 44.336429595947266
v -20.636556625366211 -8.1737289428710938 44.281566619873047
v -21.562179565429688 -7.9963216781616211 44.394813537597656
v -22.389873504638672 -7.8642821311950684 44.640525817871094
v -23.192176818847656 -7.7284750938415527 44.891384124755859
v -23.974996566772461 -7.6183948516845703 45.005603790283203
v 11.154000282287598 36.020099639892578 41.56658935546875
v 11.516204833984375 36.658023834228516 41.565105438232422
v 10.870329856872559 35.418472290039062 41.260971069335938
v -23.877422332763672 -16.809879302978516 42.995532989501953
v -23.533967971801758 -16.135053634643555 43.283565521240234
v -23.206857681274414 -15.440459251403809 43.538192749023438
v -22.079254150390625 -14.626362800598145 43.829982757568359
v -21.74327278137207 -13.891447067260742 43.948020935058594
v -22.399179458618164 -15.355222702026367 43.656806945800781
v -21.38538932800293 -13.16203498840332 44.023082733154297
v -21.829185485839844 -12.452265739440918 44.105033874511719
v -22.236373901367188 -11.731739044189453 44.221160888671875
v -22.601465225219727 -11.024176597595215 44.409568786621094
v -22.95306396484375 -10.353231430053711 44.671054840087891
v -23.307306289672852 -9.8457851409912109 44.932918548583984
v -23.428712844848633 -9.1722211837768555 45.056907653808594
v -23.690107345581055 -8.3791732788085938 45.124454498291016
v -18.401443481445312 -8.6187381744384766 44.436866760253906
v -19.175243377685547 -8.7294330596923828 44.417842864990234
v -19.982393264770508 -8.8204898834228516 44.325679779052734
v -21.283597946166992 -8.7898187637329102 44.328334808349609
v -22.084627151489258 -8.6823625564575195 44.540836334228516
v -22.894802093505859 -8.5429668426513672 44.855152130126953
v 11.873157501220703 35.921146392822266 41.501293182373047
v 11.490349769592285 35.269786834716797 41.515304565429688
v 11.187887191772461 34.635894775390625 41.224239349365234
v -23.406089782714844 -17.427663803100586 42.832973480224609
v -23.05841064453125 -16.755878448486328 43.155048370361328
v -22.722297668457031 -16.065214157104492 43.430309295654297
v -21.588119506835938 -15.292462348937988 43.751033782958984
v -21.270624160766602 -14.564432144165039 43.854045867919922
v -20.939292907714844 -13.838214874267578 43.916435241699219
v -20.63862419128418 -8.9574451446533203 44.273773193359375
v -21.902738571166992 -16.01348876953125 43.595710754394531
v -20.588298797607422 -13.118474006652832 43.957038879394531
v -21.008319854736328 -12.437494277954102 44.076789855957031
v -21.431230545043945 -11.715351104736328 44.150932312011719
v -21.825859069824219 -10.980155944824219 44.245944976806641
v -22.20073127746582 -10.247599601745605 44.414867401123047
v -22.650051116943359 -9.4706354141235352 44.690498352050781
v -18.706367492675781 -9.3547182083129883 44.37652587890625
v -19.472402572631836 -9.4887857437133789 44.347827911376953
v -20.259212493896484 -9.5416936874389648 44.283748626708984
v -21.002504348754883 -9.5270233154296875 44.267620086669922
v -21.769899368286133 -9.4793148040771484 44.387874603271484
v 12.21953296661377 35.174957275390625 41.43310546875
v 11.821380615234375 34.501346588134766 41.480743408203125
v 11.508689880371094 33.750072479248047 41.237892150878906
v -22.552783966064453 -17.4334716796875 43.117664337158203
v -22.926326751708984 -18.112543106079102 42.781330108642578
v -22.222892761230469 -16.724157333374023 43.384925842285156
v -20.839389801025391 -15.201836585998535 43.69671630859375
v -21.130460739135742 -15.936795234680176 43.633171081542969
v -20.538839340209961 -14.467400550842285 43.724803924560547
v -21.420171737670898 -16.665653228759766 43.524288177490234
v -20.218194961547852 -12.403626441955566 43.994144439697266
v -20.615745544433594 -11.712519645690918 44.127216339111328
v -21.025260925292969 -10.976864814758301 44.1927490234375
v -21.412513732910156 -10.23171329498291 44.261791229248047
v -18.941339492797852 -10.174485206604004 44.198749542236328
v -19.814430236816406 -10.244645118713379 44.257926940917969
v -20.624414443969727 -10.24666690826416 44.236408233642578
v 12.570232391357422 34.416591644287109 41.377277374267578
v 12.157297134399414 33.773643493652344 41.507942199707031
v 11.600703239440918 32.869846343994141 41.158088684082031
v -21.985424041748047 -18.209754943847656 43.159645080566406
v -21.708480834960938 -17.397125244140625 43.367538452148438
v -22.512908935546875 -18.852523803710938 42.806507110595703
v 11.902360916137695 33.207645416259766 41.472904205322266
v -20.975458145141602 -17.286014556884766 43.392795562744141
v -19.831499099731445 -11.688674926757812 44.039966583251953
v -20.214683532714844 -10.983687400817871 44.185287475585938
v -19.421802520751953 -10.962465286254883 44.102451324462891
v 12.888002395629883 33.652172088623047 41.372432708740234
v 12.452871322631836 33.078781127929688 41.551681518554688
v 12.064113616943359 32.566558837890625 41.479335784912109
v 11.779941558837891 32.089035034179688 41.145450592041016
v -21.195501327514648 -18.007198333740234 43.334934234619141
v -21.733627319335938 -19.038566589355469 43.154064178466797
v -22.173599243164062 -19.597909927368164 42.883472442626953
v -21.319419860839844 -18.616317749023438 43.293529510498047
v 13.17325496673584 32.872234344482422 41.390060424804688
v 12.699475288391113 32.327995300292969 41.571792602539062
v 12.263138771057129 31.817495346069336 41.499179840087891
v 11.980690002441406 31.305740356445312 41.1685791015625
v -20.7755126953125 -18.58595085144043 43.206954956054688
v -21.426843643188477 -19.752391815185547 43.205318450927734
v -21.035013198852539 -19.204572677612305 43.252388000488281
v -21.850648880004883 -20.326189041137695 43.003299713134766
v 13.489068031311035 31.988246917724609 41.410251617431641
v 12.881512641906738 31.558719635009766 41.631553649902344
v 12.456442832946777 31.048736572265625 41.546653747558594
v 12.178829193115234 30.517759323120117 41.215591430664062
v -20.430732727050781 -19.307374954223633 42.942127227783203
v -21.118387222290039 -20.457435607910156 43.28875732421875
v -20.733404159545898 -19.911163330078125 43.242641448974609
v -21.538074493408203 -21.049369812011719 43.136646270751953
v 13.429388999938965 31.269319534301758 41.602481842041016
v 13.048600196838379 30.821865081787109 41.701969146728516
v 12.652369499206543 30.276815414428711 41.604946136474609
v 12.37310791015625 29.727375030517578 41.273063659667969
v -20.201471328735352 -20.17707633972168 42.979736328125
v -20.815885543823242 -21.149675369262695 43.377712249755859
v -20.460176467895508 -20.606138229370117 43.303932189941406
v -21.223705291748047 -21.772903442382812 43.257759094238281
v 13.686842918395996 30.645580291748047 41.609859466552734
v 13.269558906555176 30.077001571655273 41.744705200195312
v 12.857361793518066 29.497165679931641 41.661922454833984
v 12.567550659179688 28.934917449951172 41.330001831054688
v -20.019359588623047 -20.791057586669922 43.095802307128906
v -20.500703811645508 -21.841949462890625 43.445014953613281
v -20.181684494018555 -21.249765396118164 43.341590881347656
v -20.889043807983398 -22.504276275634766 43.354598999023438
v 13.954246520996094 29.896387100219727 41.616287231445312
v 13.499880790710449 29.302986145019531 41.784473419189453
v 13.065777778625488 28.711143493652344 41.716602325439453
v 12.763270378112793 28.136552810668945 41.381771087646484
v -19.74433708190918 -21.340677261352539 42.993289947509766
v -20.151891708374023 -22.556159973144531 43.49383544921875
v -19.86322021484375 -21.916355133056641 43.337474822998047
v -20.518915176391602 -23.245721817016602 43.4267578125
v 14.209746360778809 29.117914199829102 41.631290435791016
v 13.728938102722168 28.522304534912109 41.826206207275391
v 13.275631904602051 27.920791625976562 41.772140502929688
v 12.958002090454102 27.313100814819336 41.435642242431641
v -19.403110504150391 -22.050998687744141 42.922916412353516
v -19.758472442626953 -23.290752410888672 43.538089752197266
v -19.486831665039062 -22.639524459838867 43.339942932128906
v -20.10783576965332 -23.989580154418945 43.472332000732422
v 14.456398963928223 28.340841293334961 41.652694702148438
v 13.957956314086914 27.746288299560547 41.872226715087891
v 13.489641189575195 27.122577667236328 41.843418121337891
v 13.149582862854004 26.386560440063477 41.529338836669922
v -18.93840217590332 -22.841009140014648 42.864971160888672
v -19.059226989746094 -23.379655838012695 43.385662078857422
v -19.323095321655273 -24.027708053588867 43.571113586425781
v -19.661687850952148 -24.725858688354492 43.483383178710938
v 14.700315475463867 27.573909759521484 41.675338745117188
v 14.193047523498535 26.985601425170898 41.925735473632812
v 13.72273063659668 26.377098083496094 41.962505340576172
v -18.483432769775391 -23.571865081787109 43.046585083007812
v -18.60194206237793 -24.101823806762695 43.430656433105469
v -18.856863021850586 -24.757919311523438 43.568424224853516
v -19.198699951171875 -25.450664520263672 43.456081390380859
v 13.427870750427246 25.811458587646484 41.866695404052734
v 14.946617126464844 26.815977096557617 41.690521240234375
v 14.435569763183594 26.243854522705078 41.972309112548828
v 13.950088500976562 25.677583694458008 42.057708740234375
v 13.544442176818848 25.137290954589844 41.894065856933594
v -18.022991180419922 -24.239974975585938 43.064338684082031
v -18.116981506347656 -24.812639236450195 43.4117431640625
v -18.374658584594727 -25.496700286865234 43.52398681640625
v -18.757802963256836 -26.162174224853516 43.398212432861328
v 15.197097778320312 26.060752868652344 41.686393737792969
v 14.680740356445312 25.502925872802734 41.986499786376953
v 14.166756629943848 24.948003768920898 42.085201263427734
v 13.732918739318848 24.391300201416016 41.962989807128906
v -17.524801254272461 -24.916303634643555 43.013957977294922
v -17.602336883544922 -25.531320571899414 43.355445861816406
v -17.879673004150391 -26.328619003295898 43.454235076904297
v -18.465583801269531 -26.773283004760742 43.321338653564453
v 15.449801445007324 25.302461624145508 41.658573150634766
v 14.926765441894531 24.748956680297852 41.97039794921875
v 14.394109725952148 24.195363998413086 42.096683502197266
v 13.929119110107422 23.662143707275391 42.020839691162109
v -16.988224029541016 -25.588264465332031 42.944709777832031
v -17.031816482543945 -26.21769905090332 43.303485870361328
v -17.936870574951172 -27.19871711730957 43.320587158203125
v -17.172922134399414 -26.979114532470703 43.421211242675781
v 15.699345588684082 24.540014266967773 41.615234375
v 15.167233467102051 23.982112884521484 41.941776275634766
v 14.612697601318359 23.423538208007812 42.092807769775391
v 14.109916687011719 22.889192581176758 42.019432067871094
v -16.414369583129883 -26.22813606262207 42.900852203369141
v -16.428722381591797 -26.839906692504883 43.280479431152344
v -17.350551605224609 -27.773431777954102 43.298519134521484
v -16.563602447509766 -27.579801559448242 43.404834747314453
v 15.939791679382324 23.772531509399414 41.568218231201172
v 15.394434928894043 23.196933746337891 41.912025451660156
v 14.8150634765625 22.616363525390625 42.083805084228516
v 14.284619331359863 22.062768936157227 42.021251678466797
v -15.818119049072266 -26.818151473999023 42.903388977050781
v -15.831628799438477 -27.420486450195312 43.282604217529297
v -16.754985809326172 -28.363052368164062 43.278865814208984
v -15.959402084350586 -28.156471252441406 43.399242401123047
v 16.174285888671875 22.994291305541992 41.524642944335938
v 15.619234085083008 22.375530242919922 41.889564514160156
v 15.006070137023926 21.763298034667969 42.089450836181641
v 14.444284439086914 21.206640243530273 42.040313720703125
v -15.211684226989746 -27.362812042236328 42.935142517089844
v -15.221685409545898 -27.967849731445312 43.297443389892578
v -16.135322570800781 -28.938417434692383 43.262821197509766
v -15.332054138183594 -28.705795288085938 43.397235870361328
v 16.426120758056641 22.201719284057617 41.481624603271484
v 15.889755249023438 21.454826354980469 41.881050109863281
v 15.149992942810059 20.885311126708984 42.129924774169922
v 14.595527648925781 20.346168518066406 42.065074920654297
v -14.588891983032227 -27.872589111328125 42.971107482910156
v -14.585810661315918 -28.484043121337891 43.311519622802734
v -15.482513427734375 -29.491025924682617 43.243728637695312
v -14.675056457519531 -29.225446701049805 43.38958740234375
v 16.73750114440918 21.462059020996094 41.414070129394531
v 15.882067680358887 20.547937393188477 42.017578125
v 15.277667045593262 20.028013229370117 42.171878814697266
v 14.761021614074707 19.499128341674805 42.073722839355469
v -13.940085411071777 -28.355567932128906 42.998073577880859
v -13.923630714416504 -28.975284576416016 43.314456939697266
v -14.798599243164062 -30.014215469360352 43.217105865478516
v 16.42823600769043 20.907411575317383 41.726337432861328
v -13.998502731323242 -29.719562530517578 43.368503570556641
v 16.572463989257812 20.254976272583008 41.743850708007812
v 16.022832870483398 19.742931365966797 42.046611785888672
v 15.450826644897461 19.200075149536133 42.175338745117188
v 14.947188377380371 18.667932510375977 42.062789916992188
v -13.26462459564209 -28.825672149658203 43.010345458984375
v -13.24775505065918 -29.456441879272461 43.303035736083984
v -14.103373527526855 -30.504432678222656 43.178199768066406
v -13.326461791992188 -30.19580078125 43.331630706787109
v 16.768901824951172 19.491514205932617 41.734088897705078
v 16.217168807983398 18.941404342651367 42.036350250244141
v 15.647714614868164 18.386001586914062 42.158992767333984
v 15.139580726623535 17.847623825073242 42.047378540039062
v -12.564135551452637 -29.310529708862305 43.013050079345703
v -12.590817451477051 -29.943527221679688 43.286170959472656
v -13.423603057861328 -30.967191696166992 43.119609832763672
v -12.694411277770996 -30.64698600769043 43.283699035644531
v 16.987709045410156 18.702417373657227 41.711154937744141
v 16.427389144897461 18.140548706054688 42.015571594238281
v 15.84609317779541 17.578556060791016 42.143486022949219
v 15.325893402099609 17.03230094909668 42.040637969970703
v -11.803742408752441 -29.881284713745117 43.031414031982422
v -12.098976135253906 -30.395603179931641 43.280830383300781
v -12.761948585510254 -31.399497985839844 43.044929504394531
v -12.072884559631348 -31.035774230957031 43.220176696777344
v 17.214849472045898 17.902057647705078 41.686672210693359
v 16.636341094970703 17.333572387695312 42.000885009765625
v 16.034051895141602 16.769821166992188 42.140373229980469
v 15.503678321838379 16.217889785766602 42.044418334960938
v -11.484886169433594 -30.624547958374023 43.200847625732422
v -12.097082138061523 -31.801128387451172 42.965221405029297
v -10.947365760803223 -30.272117614746094 42.939506530761719
v -11.406766891479492 -31.39482307434082 43.147781372070312
v 17.44929313659668 17.072427749633789 41.667995452880859
v 16.832866668701172 16.505912780761719 42.003826141357422
v 16.203708648681641 15.960750579833984 42.152664184570312
v 15.679945945739746 15.40455436706543 42.050437927246094
v -10.766329765319824 -30.977252960205078 43.137844085693359
v -11.409849166870117 -32.196231842041016 42.884662628173828
v -10.187657356262207 -30.647714614868164 42.901077270507812
v -10.698244094848633 -31.777290344238281 43.085262298583984
v 17.705080032348633 16.136819839477539 41.667716979980469
v 16.961957931518555 15.695695877075195 42.048904418945312
v 16.366399765014648 15.160393714904785 42.168094635009766
v 15.867803573608398 14.592782974243164 42.048248291015625
v -9.6963529586791992 -30.501399993896484 42.459762573242188
v -10.033734321594238 -31.349847793579102 43.102443695068359
v -9.4393806457519531 -31.011222839355469 42.892780303955078
v -9.9461402893066406 -32.164218902587891 43.040973663330078
v 17.567134857177734 15.393357276916504 41.870067596435547
v 17.093173980712891 14.933606147766113 42.083877563476562
v 16.552949905395508 14.364031791687012 42.167770385742188
v 16.075424194335938 13.780424118041992 42.036830902099609
v -8.9357595443725586 -30.849809646606445 42.470001220703125
v -9.2840185165405273 -31.705753326416016 43.094131469726562
v -8.678680419921875 -31.358158111572266 42.904190063476562
v -9.1723947525024414 -32.481414794921875 43.044483184814453
v 17.80335807800293 14.749422073364258 41.834548950195312
v 17.302883148193359 14.16477108001709 42.070503234863281
v 16.769824981689453 13.559250831604004 42.155277252197266
v 16.298942565917969 12.966676712036133 42.026466369628906
v -8.1589603424072266 -31.183818817138672 42.492080688476562
v -8.523106575012207 -32.042026519775391 43.098884582519531
v -7.8997206687927246 -31.701435089111328 42.9178466796875
v -8.4366512298583984 -32.781696319580078 43.039932250976562
v 18.054557800292969 13.975772857666016 41.799339294433594
v 17.536930084228516 13.363137245178223 42.052249908447266
v 17.002401351928711 12.747178077697754 42.146785736083984
v 16.530332565307617 12.153738975524902 42.027217864990234
v -7.35992431640625 -31.518590927124023 42.507053375244141
v -7.7583942413330078 -32.394691467285156 43.084117889404297
v -7.100461483001709 -32.065986633300781 42.913093566894531
v -7.7219152450561523 -33.158428192138672 42.964557647705078
v 18.304807662963867 13.16838264465332 41.774982452392578
v 17.779951095581055 12.551690101623535 42.041584014892578
v 17.242265701293945 11.935798645019531 42.148426055908203
v 16.766408920288086 11.343395233154297 42.038970947265625
v -6.5248141288757324 -31.871500015258789 42.495540618896484
v -6.9863653182983398 -32.795764923095703 43.030166625976562
v -6.2651228904724121 -32.475418090820312 42.886402130126953
v -6.9992079734802246 -33.590568542480469 42.836708068847656
v 18.556358337402344 12.358014106750488 41.759658813476562
v 18.028287887573242 11.743203163146973 42.038131713867188
v 17.4876708984375 11.128436088562012 42.155628204345703
v 17.009201049804688 10.535873413085938 42.051849365234375
v -5.6392083168029785 -32.232540130615234 42.496604919433594
v -6.2065272331237793 -33.267368316650391 42.935031890869141
v -5.3003907203674316 -32.967525482177734 42.860633850097656
v -6.3077559471130371 -34.083717346191406 42.651950836181641
v 18.811336517333984 11.553745269775391 41.748428344726562
v 18.28178596496582 10.940120697021484 42.035709381103516
v 17.739877700805664 10.32479190826416 42.158618927001953
v 17.261669158935547 9.7314243316650391 42.053482055664062
v -4.7284364700317383 -32.504150390625 42.512401580810547
v -5.4885907173156738 -33.84600830078125 42.795658111572266
v -4.2632646560668945 -33.066997528076172 42.847740173339844
v -4.6173267364501953 -33.727199554443359 42.869731903076172
v 19.070205688476562 10.754953384399414 41.736660003662109
v 18.540290832519531 10.14077091217041 42.027881622314453
v 17.998985290527344 9.5241756439208984 42.149631500244141
v 17.523183822631836 8.9306020736694336 42.037078857421875
v -3.845827579498291 -32.659263610839844 42.500625610351562
v -4.872046947479248 -34.486175537109375 42.572792053222656
v -3.3748428821563721 -33.135833740234375 42.844520568847656
v -3.7368190288543701 -33.718826293945312 42.918483734130859
v -4.0473837852478027 -34.411758422851562 42.689804077148438
v 19.331674575805664 9.9588966369628906 41.721664428710938
v 18.80186653137207 9.343541145324707 42.011802673339844
v 18.261619567871094 8.7261857986450195 42.127296447753906
v 17.787960052490234 8.133392333984375 42.004596710205078
v -2.9976344108581543 -32.762298583984375 42.466938018798828
v -2.8797345161437988 -33.727535247802734 42.947071075439453
v -2.5211901664733887 -33.181861877441406 42.827770233154297
v -3.2113204002380371 -34.380256652832031 42.769962310791016
v 19.593122482299805 9.1636323928833008 41.703578948974609
v 19.062065124511719 8.5474452972412109 41.9892578125
v 18.52076530456543 7.9302496910095215 42.09613037109375
v 18.046899795532227 7.338810920715332 41.963054656982422
v -2.1594929695129395 -32.827995300292969 42.419231414794922
v -2.3749990463256836 -34.349391937255859 42.82904052734375
v -2.0396027565002441 -33.725341796875 42.958671569824219
v -1.6830713748931885 -33.206977844238281 42.797031402587891
v 19.850284576416016 8.3681745529174805 41.684474945068359
v 19.314325332641602 7.7518959045410156 41.964271545410156
v 18.767980575561523 7.1351437568664551 42.061908721923828
v 18.291164398193359 6.5444097518920898 41.91900634765625
v -1.3261549472808838 -32.865531921386719 42.362632751464844
v -1.5639699697494507 -34.292800903320312 42.872894287109375
v -1.233641505241394 -33.713939666748047 42.947357177734375
v -0.85796904563903809 -33.225284576416016 42.747001647949219
v 20.098239898681641 7.5725398063659668 41.665950775146484
v 19.552873611450195 6.9557614326477051 41.939319610595703
v 18.997779846191406 6.3372182846069336 42.0279541015625
v 18.516374588012695 5.7450876235961914 41.876270294189453
v -0.49482047557830811 -32.883098602294922 42.2969970703125
v -0.8756137490272522 -34.208488464355469 42.885879516601562
v -0.44566476345062256 -33.751796722412109 42.882843017578125
v -0.029920535162091255 -33.236644744873047 42.677463531494141
v 20.335094451904297 6.7764859199523926 41.646728515625
v 19.778461456298828 6.153721809387207 41.913978576660156
v 19.211860656738281 5.526914119720459 41.995967864990234
v 18.723289489746094 4.9331536293029785 41.838130950927734
v 0.34228935837745667 -32.878597259521484 42.221458435058594
v -0.1596817821264267 -34.479717254638672 42.702510833740234
v 0.39433407783508301 -33.779510498046875 42.794963836669922
v 0.81420469284057617 -33.216655731201172 42.599151611328125
v 20.568159103393555 5.9767627716064453 41.623043060302734
v 20.00568962097168 5.3279862403869629 41.888011932373047
v 19.415788650512695 4.6869616508483887 41.971347808837891
v 18.910528182983398 4.105715274810791 41.809993743896484
v 1.1909765005111694 -32.843368530273438 42.137016296386719
v 0.82829660177230835 -34.406562805175781 42.643238067626953
v 1.2698720693588257 -33.730663299560547 42.720046997070312
v 1.6689752340316772 -33.158176422119141 42.517803192138672
v 20.820608139038086 5.1709465980529785 41.590553283691406
v 20.277919769287109 4.4114189147949219 41.870315551757812
v 19.570379257202148 3.8251879215240479 41.971935272216797
v 19.08222770690918 3.2716109752655029 41.792129516601562
v 2.0531527996063232 -32.772323608398438 42.047645568847656
v 1.715544581413269 -34.34075927734375 42.567417144775391
v 2.1286892890930176 -33.654121398925781 42.644611358642578
v 2.5398795604705811 -33.074935913085938 42.439701080322266
v 21.130521774291992 4.4226174354553223 41.538417816162109
v 20.267822265625 3.5053813457489014 41.954689025878906
v 19.700136184692383 2.9768941402435303 41.982398986816406
v 19.254343032836914 2.4411592483520508 41.776580810546875
v 2.934535026550293 -32.663188934326172 41.960220336914062
v 20.807060241699219 3.8676834106445312 41.772541046142578
v 2.57875657081604 -34.245616912841797 42.496780395507812
v 2.9646732807159424 -33.570972442626953 42.5826416015625
v 3.5036306381225586 -32.9871826171875 42.387027740478516
v 21.417112350463867 3.7163410186767578 41.492382049560547
v 20.398147583007812 2.692662239074707 41.971153259277344
v 20.942972183227539 3.206418514251709 41.784267425537109
v 19.86164665222168 2.1461002826690674 41.978527069091797
v 19.429134368896484 1.6147657632827759 41.759864807128906
v 3.8103837966918945 -32.485782623291016 41.867465972900391
v 3.3843579292297363 -34.116031646728516 42.456741333007812
v 3.6476085186004639 -33.551712036132812 42.548809051513672
v 4.4026656150817871 -32.683025360107422 42.264060974121094
v 21.633338928222656 2.9595012664794922 41.471820831298828
v 20.56883430480957 1.8711565732955933 41.969795227050781
v 21.121437072753906 2.4220824241638184 41.781925201416016
v 20.031400680541992 1.3176980018615723 41.970146179199219
v 19.593635559082031 0.78977757692337036 41.746749877929688
v 4.2627930641174316 -33.286308288574219 42.482383728027344
v 4.6424403190612793 -32.256336212158203 41.778518676757812
v 4.1228032112121582 -33.947807312011719 42.414623260498047
v 5.034639835357666 -33.033130645751953 42.413536071777344
v 5.2095284461975098 -32.429893493652344 42.189002990722656
v 21.837268829345703 2.1556088924407959 41.460235595703125
v 20.739349365234375 1.0433772802352905 41.966911315917969
v 21.306529998779297 1.6029524803161621 41.778308868408203
v 20.188844680786133 0.49230855703353882 41.964992523193359
v 19.743791580200195 -0.027695039287209511 41.7421875
v 4.8697934150695801 -33.731700897216797 42.362125396728516
v 5.4338412284851074 -32.018779754638672 41.711086273193359
v 5.6518263816833496 -33.502487182617188 42.311740875244141
v 5.816218376159668 -32.785785675048828 42.360393524169922
v 5.9875621795654297 -32.178436279296875 42.134372711181641
v 22.026866912841797 1.3317447900772095 41.455249786376953
v 21.477481842041016 0.77479708194732666 41.777469635009766
v 20.891534805297852 0.21805354952812195 41.965980529785156
v 20.328506469726562 -0.31862559914588928 41.962356567382812
v 19.891487121582031 -0.81064516305923462 41.745624542236328
v 6.4376616477966309 -33.246883392333984 42.27447509765625
v 6.5889787673950195 -32.520664215087891 42.317592620849609
v 6.7507314682006836 -31.904726028442383 42.088893890380859
v 22.195352554321289 0.50182163715362549 41.453231811523438
v 21.626190185546875 -0.052211809903383255 41.776412963867188
v 21.021890640258789 -0.59546887874603271 41.960353851318359
v 20.452220916748047 -1.0923006534576416 41.9471435546875
v 7.0597176551818848 -33.717235565185547 41.979328155517578
v 7.2133746147155762 -32.955451965332031 42.245273590087891
v 7.3525567054748535 -32.222568511962891 42.278774261474609
v 7.5040044784545898 -31.59507942199707 42.046585083007812
v 22.342199325561523 -0.32847955822944641 41.44842529296875
v 21.754220962524414 -0.87371021509170532 41.768074035644531
v 21.131618499755859 -1.3950275182723999 41.935680389404297
v 20.539287567138672 -1.8438003063201904 41.869754791259766
v 20.630435943603516 -2.6438946723937988 41.781379699707031
v 7.8329505920410156 -33.391532897949219 41.969440460205078
v 7.9786863327026367 -32.630428314208984 42.215404510498047
v 8.1081371307373047 -31.88886833190918 42.239734649658203
v 8.2465095520019531 -31.247003555297852 42.0040283203125
v 22.472156524658203 -1.1567331552505493 41.436500549316406
v 21.868316650390625 -1.6901674270629883 41.749504089355469
v 21.230743408203125 -2.1949799060821533 41.894664764404297
v 20.750814437866211 -3.4823076725006104 41.750690460205078
v 21.333583831787109 -3.007533073425293 41.863063812255859
v 8.5890092849731445 -33.045783996582031 41.952419281005859
v 8.7365932464599609 -32.283073425292969 42.178451538085938
v 8.8545083999633789 -31.525949478149414 42.197311401367188
v 8.9730987548828125 -30.865507125854492 41.958660125732422
v 22.591445922851562 -1.9817372560501099 41.418071746826172
v 21.976425170898438 -2.5052778720855713 41.727588653564453
v 20.855979919433594 -4.3130125999450684 41.745201110839844
v 21.43446159362793 -3.8278956413269043 41.851516723632812
v 22.079961776733398 -3.3222110271453857 41.711833953857422
v 9.3320589065551758 -32.710430145263672 41.912563323974609
v 9.4994144439697266 -31.928104400634766 42.123947143554688
v 9.5857734680175781 -31.134090423583984 42.154140472412109
v 9.6792421340942383 -30.457159042358398 41.908870697021484
v 22.703611373901367 -2.8041160106658936 41.398082733154297
v 21.516998291015625 -4.6539998054504395 41.8524169921875
v 20.935567855834961 -5.1469793319702148 41.748676300048828
v 22.171018600463867 -4.1438455581665039 41.705417633056641
v 22.806272506713867 -3.6266744136810303 41.381698608398438
v 10.170302391052246 -32.4459228515625 41.780460357666016
v 10.254606246948242 -31.521453857421875 42.083511352539062
v 10.293610572814941 -30.710103988647461 42.116615295410156
v 10.368547439575195 -30.024919509887695 41.856521606445312
v 21.573812484741211 -5.4919161796569824 41.861446380615234
v 22.241268157958984 -4.9758844375610352 41.70684814453125
v 20.987276077270508 -5.9890756607055664 41.758583068847656
v 22.893516540527344 -4.4542112350463867 41.371124267578125
v 10.965173721313477 -31.899551391601562 41.805233001708984
v 10.971925735473633 -31.062244415283203 42.070816040039062
v 10.98176383972168 -30.259675979614258 42.087104797363281
v 11.060407638549805 -29.555734634399414 41.813327789306641
v 21.606037139892578 -6.3446712493896484 41.879989624023438
v 22.290245056152344 -5.8274755477905273 41.714687347412109
v 22.964031219482422 -5.2948951721191406 41.364521026611328
v 21.015335083007812 -6.834540843963623 41.778411865234375
v 11.676016807556152 -31.415866851806641 41.815639495849609
v 11.659123420715332 -30.597900390625 42.062034606933594
v 11.66865348815918 -29.785884857177734 42.077835083007812
v 11.811032295227051 -28.988069534301758 41.813701629638672
v 21.616823196411133 -7.2061386108398438 41.912635803222656
v 22.323600769042969 -6.7104740142822266 41.730308532714844
v 23.02903938293457 -6.1670541763305664 41.354930877685547
v 21.029407501220703 -7.6761021614074707 41.807224273681641
v 12.362241744995117 -30.939548492431641 41.816394805908203
v 12.333380699157715 -30.131036758422852 42.064174652099609
v 12.337148666381836 -29.339973449707031 42.122322082519531
v 22.312326431274414 -7.603118896484375 41.778877258300781
v 21.617454528808594 -8.0653371810913086 41.953151702880859
v 23.122560501098633 -7.1407270431518555 41.330707550048828
v 21.040687561035156 -8.5161657333374023 41.834609985351562
v 12.436347007751465 -28.712274551391602 42.043113708496094
v 13.038748741149902 -30.455703735351562 41.813377380371094
v 12.99332332611084 -29.660079956054688 42.072677612304688
v 12.955726623535156 -28.900264739990234 42.159408569335938
v 12.925378799438477 -28.250144958496094 42.009674072265625
v 22.963489532470703 -8.0507059097290039 41.480674743652344
v 22.290260314941406 -8.4733209609985352 41.832340240478516
v 21.629877090454102 -8.9253997802734375 41.981113433837891
v 21.050632476806641 -9.3791627883911133 41.850299835205078
v 13.707074165344238 -29.958091735839844 41.804344177246094
v 13.638547897338867 -29.169469833374023 42.065776824951172
v 13.560918807983398 -28.404241561889648 42.137550354003906
v 13.523301124572754 -27.719507217407227 41.952461242675781
v 22.95989990234375 -8.8848228454589844 41.507625579833984
v 22.317079544067383 -9.3349819183349609 41.843639373779297
v 21.664577484130859 -9.8084888458251953 41.989330291748047
v 21.032373428344727 -10.347267150878906 41.864982604980469
v 14.366024017333984 -29.444602966308594 41.784328460693359
v 14.277744293212891 -28.654645919799805 42.040851593017578
v 14.185712814331055 -27.874685287475586 42.107608795166016
v 14.154497146606445 -27.147130966186523 41.924217224121094
v 23.009847640991211 -9.734649658203125 41.486362457275391
v 22.381359100341797 -10.204949378967285 41.824993133544922
v 21.744911193847656 -10.698880195617676 41.996524810791016
v 20.749080657958984 -11.030500411987305 41.752925872802734
v 21.1937255859375 -11.22700309753418 41.986171722412109
v 15.015704154968262 -28.919357299804688 41.754264831542969
v 14.915449142456055 -28.127950668334961 42.014945983886719
v 14.822609901428223 -27.329315185546875 42.106594085693359
v 14.828818321228027 -26.48649787902832 41.986091613769531
v 23.082374572753906 -10.594758987426758 41.438377380371094
v 22.467201232910156 -11.076136589050293 41.783248901367188
v 21.848033905029297 -11.568809509277344 41.978813171386719
v 20.774627685546875 -11.710603713989258 41.756797790527344
v 21.27497673034668 -12.057949066162109 41.967319488525391
v 15.656987190246582 -28.389297485351562 41.718841552734375
v 15.54932975769043 -27.607212066650391 42.000232696533203
v 15.454231262207031 -26.836572647094727 42.153194427490234
v 15.264389991760254 -25.717805862426758 42.001968383789062
v 23.159025192260742 -11.455385208129883 41.371994018554688
v 22.550212860107422 -11.942024230957031 41.716529846191406
v 21.924470901489258 -12.430008888244629 41.913928985595703
v 20.800849914550781 -12.52009391784668 41.712047576904297
v 15.452608108520508 -26.199975967407227 42.196681976318359
v 21.322307586669922 -12.907713890075684 41.90380859375
v 16.289846420288086 -27.857273101806641 41.679092407226562
v 16.171211242675781 -27.094797134399414 41.988437652587891
v 16.040567398071289 -26.364383697509766 42.190521240234375
v 15.884645462036133 -25.698745727539062 42.222259521484375
v 15.756198883056641 -25.084609985351562 42.027088165283203
v 23.227218627929688 -12.311733245849609 41.292572021484375
v 22.615013122558594 -12.802597999572754 41.632293701171875
v 21.974365234375 -13.290063858032227 41.833209991455078
v 20.80592155456543 -13.363214492797852 41.660823822021484
v 21.343729019165039 -13.763175010681152 41.839981079101562
v 16.912927627563477 -27.318016052246094 41.63006591796875
v 16.777679443359375 -26.566581726074219 41.958477020263672
v 16.60584831237793 -25.829755783081055 42.175716400146484
v 16.424407958984375 -25.121984481811523 42.214962005615234
v 16.297409057617188 -24.46666145324707 42.031578063964844
v 23.282491683959961 -13.162271499633789 41.206806182861328
v 22.661827087402344 -13.656867980957031 41.545413970947266
v 22.005208969116211 -14.144930839538574 41.758438110351562
v 20.787557601928711 -14.212027549743652 41.627716064453125
v 21.34815788269043 -14.616656303405762 41.792716979980469
v 17.37738037109375 -26.011165618896484 41.902729034423828
v 17.190885543823242 -25.259014129638672 42.129257202148438
v 16.99921989440918 -24.528295516967773 42.179836273193359
v 16.857894897460938 -23.857040405273438 42.010047912597656
v 23.326942443847656 -14.005843162536621 41.11944580078125
v 22.698152542114258 -14.503095626831055 41.462379455566406
v 22.029394149780273 -14.994166374206543 41.693374633789062
v 20.750686645507812 -15.064398765563965 41.617427825927734
v 21.348283767700195 -15.475269317626953 41.760517120361328
v 17.97386360168457 -25.438949584960938 41.82647705078125
v 17.781167984008789 -24.675029754638672 42.060260772705078
v 17.57899284362793 -23.932727813720703 42.123569488525391
v 17.416746139526367 -23.254909515380859 41.969249725341797
v 23.366788864135742 -14.841621398925781 41.028800964355469
v 22.735719680786133 -15.341745376586914 41.378005981445312
v 22.064077377319336 -15.843127250671387 41.629001617431641
v 20.697063446044922 -15.94537353515625 41.626262664794922
v 21.363376617431641 -16.35923957824707 41.737167358398438
v 18.562744140625 -24.857889175415039 41.736331939697266
v 18.365022659301758 -24.085277557373047 41.977729797363281
v 18.149387359619141 -23.33555793762207 42.057254791259766
v 17.960550308227539 -22.649770736694336 41.92596435546875
v 23.410617828369141 -15.669291496276855 40.927303314208984
v 22.788604736328125 -16.174173355102539 41.280014038085938
v 22.133829116821289 -16.692218780517578 41.551231384277344
v 20.607728958129883 -16.956130981445312 41.670967102050781
v 21.463668823242188 -17.24418830871582 41.717620849609375
v 19.141563415527344 -24.268560409545898 41.638820648193359
v 18.937341690063477 -23.488311767578125 41.890159606933594
v 18.702861785888672 -22.73063850402832 41.991580963134766
v 18.478395462036133 -22.031051635742188 41.8935546875
v 22.866708755493164 -17.001399993896484 41.154037475585938
v 22.250185012817383 -17.533420562744141 41.439193725585938
v 20.860363006591797 -17.853185653686523 41.810203552246094
v 20.146650314331055 -17.808687210083008 41.679168701171875
v 21.639961242675781 -18.092262268066406 41.650993347167969
v 19.709678649902344 -23.669515609741211 41.537498474121094
v 19.495214462280273 -22.881683349609375 41.801288604736328
v 19.234188079833984 -22.11345100402832 41.929634094238281
v 18.964900970458984 -21.394435882568359 41.87078857421875
v 18.75506591796875 -20.755332946777344 41.604526519775391
v 22.392868041992188 -18.362398147583008 41.272712707519531
v 20.412242889404297 -18.406707763671875 41.843376159667969
v 21.048881530761719 -18.659337997436523 41.785472869873047
v 19.832548141479492 -18.558561325073242 41.670574188232422
v 21.824949264526367 -18.917055130004883 41.493526458740234
v 20.267356872558594 -23.062231063842773 41.4293212890625
v 20.037269592285156 -22.264886856079102 41.707382202148438
v 19.743011474609375 -21.480823516845703 41.866203308105469
v 19.424951553344727 -20.734382629394531 41.849464416503906
v 19.15296745300293 -20.06048583984375 41.625907897949219
v 20.356166839599609 -19.218889236450195 41.817489624023438
v 21.259857177734375 -19.494428634643555 41.638530731201172
v 19.529413223266602 -19.323936462402344 41.646961212158203
v 22.021720886230469 -19.708730697631836 41.266872406005859
v 20.818243026733398 -22.447746276855469 41.305084228515625
v 20.566986083984375 -21.633953094482422 41.601253509521484
v 20.236709594726562 -20.82524299621582 41.796581268310547
v 19.87480354309082 -20.032648086547852 41.8275146484375
v 20.728752136230469 -20.140811920166016 41.725109100341797
v 21.562032699584961 -20.308216094970703 41.388648986816406
v 21.375736236572266 -21.815385818481445 41.153964996337891
v 21.091102600097656 -20.976772308349609 41.482646942138672
f 6 3 1
f 9 2 3
f 6 1 5
f 6 10 3
f 9 8 2
f 9 3 10
f 13 5 4
f 6 5 14
f 6 15 10
f 8 16 7
f 17 11 7
f 9 18 8
f 9 10 19
f 13 4 12
f 14 5 13
f 6 14 15
f 21 10 15
f 18 16 8
f 17 7 16
f 17 22 11
f 9 19 18
f 21 19 10
f 25 13 12
f 26 14 13
f 27 15 14
f 28 21 15
f 29 16 18
f 17 16 30
f 17 31 22
f 32 18 19
f 21 33 19
f 23 34 20
f 25 12 24
f 34 24 20
f 25 26 13
f 27 14 26
f 27 28 15
f 35 21 28
f 29 30 16
f 32 29 18
f 17 30 31
f 36 22 31
f 32 19 33
f 35 33 21
f 38 34 23
f 25 24 39
f 39 24 34
f 25 40 26
f 27 26 41
f 27 42 28
f 43 35 28
f 29 45 30
f 32 46 29
f 30 47 31
f 36 31 48
f 32 33 46
f 35 49 33
f 37 38 23
f 51 34 38
f 25 39 40
f 51 39 34
f 40 41 26
f 27 41 42
f 43 28 42
f 43 52 35
f 36 53 44
f 46 45 29
f 30 45 47
f 31 47 48
f 36 48 53
f 54 46 33
f 35 52 49
f 54 33 49
f 56 37 50
f 56 38 37
f 57 51 38
f 58 40 39
f 58 39 51
f 59 41 40
f 60 42 41
f 43 42 61
f 62 52 43
f 53 63 44
f 64 45 46
f 65 47 45
f 47 66 48
f 67 53 48
f 54 68 46
f 69 49 52
f 54 49 70
f 55 71 50
f 71 56 50
f 57 38 56
f 57 72 51
f 59 40 58
f 72 58 51
f 59 60 41
f 60 61 42
f 62 43 61
f 62 73 52
f 74 63 53
f 65 45 64
f 46 68 64
f 65 66 47
f 67 48 66
f 67 74 53
f 54 75 68
f 69 70 49
f 69 52 73
f 54 70 75
f 78 71 55
f 79 56 71
f 79 57 56
f 80 72 57
f 81 59 58
f 81 58 72
f 82 60 59
f 83 61 60
f 62 61 84
f 62 85 73
f 74 86 63
f 65 64 87
f 68 87 64
f 65 88 66
f 89 67 66
f 67 90 74
f 75 91 68
f 78 55 77
f 92 71 78
f 79 71 92
f 79 80 57
f 80 93 72
f 81 82 59
f 81 72 93
f 82 83 60
f 83 84 61
f 62 84 85
f 74 94 86
f 65 87 88
f 68 91 87
f 89 66 88
f 89 90 67
f 90 94 74
f 76 96 77
f 97 78 77
f 98 92 78
f 79 92 99
f 79 99 80
f 100 93 80
f 101 82 81
f 101 81 93
f 82 102 83
f 83 103 84
f 94 104 86
f 105 88 87
f 105 87 91
f 106 89 88
f 89 107 90
f 90 108 94
f 76 95 96
f 97 77 96
f 97 98 78
f 109 92 98
f 109 99 92
f 99 100 80
f 110 93 100
f 101 102 82
f 110 101 93
f 102 103 83
f 111 104 94
f 105 106 88
f 106 107 89
f 107 108 90
f 108 111 94
f 114 96 95
f 97 96 115
f 97 116 98
f 116 109 98
f 117 99 109
f 117 100 99
f 110 100 118
f 101 119 102
f 110 119 101
f 120 103 102
f 111 122 104
f 105 123 106
f 106 124 107
f 107 125 108
f 108 126 111
f 114 95 113
f 114 115 96
f 97 115 116
f 116 127 109
f 117 109 127
f 117 118 100
f 110 118 128
f 120 102 119
f 110 128 119
f 111 130 122
f 106 123 124
f 124 125 107
f 125 126 108
f 111 126 130
f 112 133 113
f 114 113 134
f 114 135 115
f 136 116 115
f 137 127 116
f 117 127 138
f 117 138 118
f 139 128 118
f 120 119 140
f 140 119 128
f 122 141 121
f 141 129 121
f 130 141 122
f 124 123 143
f 124 144 125
f 125 145 126
f 130 126 146
f 112 132 133
f 134 113 133
f 114 134 135
f 136 115 135
f 136 137 116
f 137 147 127
f 138 127 147
f 138 139 118
f 139 148 128
f 148 140 128
f 141 149 129
f 149 142 129
f 130 150 141
f 124 143 144
f 144 145 125
f 145 146 126
f 130 146 150
f 152 132 131
f 153 133 132
f 134 133 154
f 155 135 134
f 136 135 156
f 136 157 137
f 137 158 147
f 159 138 147
f 159 139 138
f 160 148 139
f 150 149 141
f 149 162 142
f 144 143 163
f 144 164 145
f 145 165 146
f 150 146 166
f 152 131 151
f 152 153 132
f 153 154 133
f 155 134 154
f 155 156 135
f 136 156 157
f 137 157 158
f 167 147 158
f 167 159 147
f 159 160 139
f 150 168 149
f 162 161 142
f 168 162 149
f 144 163 164
f 145 164 165
f 165 166 146
f 150 166 168
f 170 152 151
f 171 153 152
f 172 154 153
f 173 155 154
f 174 156 155
f 175 157 156
f 176 158 157
f 177 167 158
f 167 178 159
f 178 160 159
f 180 161 162
f 168 181 162
f 163 182 164
f 183 165 164
f 165 184 166
f 166 185 168
f 170 151 169
f 170 171 152
f 171 172 153
f 173 154 172
f 173 174 155
f 175 156 174
f 176 157 175
f 176 177 158
f 177 186 167
f 167 186 178
f 180 179 161
f 180 162 181
f 185 181 168
f 183 164 182
f 183 184 165
f 184 185 166
f 188 170 169
f 189 171 170
f 190 172 171
f 191 173 172
f 173 192 174
f 193 175 174
f 176 175 194
f 176 194 177
f 177 195 186
f 180 198 179
f 181 199 180
f 185 199 181
f 183 182 200
f 183 201 184
f 184 202 185
f 188 169 187
f 188 189 170
f 190 171 189
f 191 172 190
f 191 192 173
f 193 174 192
f 193 203 175
f 203 194 175
f 177 194 195
f 179 198 197
f 206 198 180
f 206 180 199
f 202 199 185
f 183 200 201
f 201 202 184
f 207 188 187
f 188 208 189
f 209 190 189
f 191 190 210
f 191 211 192
f 193 192 212
f 193 213 203
f 203 214 194
f 214 195 194
f 204 207 187
f 197 217 196
f 197 198 218
f 217 205 196
f 206 220 198
f 206 199 221
f 202 221 199
f 200 222 201
f 201 223 202
f 207 208 188
f 209 189 208
f 209 210 190
f 191 210 211
f 211 212 192
f 193 212 213
f 213 224 203
f 224 214 203
f 225 207 204
f 216 225 204
f 197 218 217
f 220 218 198
f 217 226 205
f 205 226 219
f 227 220 206
f 227 206 221
f 223 221 202
f 201 222 223
f 228 208 207
f 209 208 229
f 230 210 209
f 231 211 210
f 232 212 211
f 233 213 212
f 234 224 213
f 225 228 207
f 216 215 236
f 216 236 225
f 237 217 218
f 238 218 220
f 237 226 217
f 240 219 226
f 227 241 220
f 227 221 242
f 223 242 221
f 223 222 243
f 228 229 208
f 230 209 229
f 230 231 210
f 231 232 211
f 232 233 212
f 233 234 213
f 225 244 228
f 235 236 215
f 225 236 244
f 238 237 218
f 241 238 220
f 237 245 226
f 240 239 219
f 245 240 226
f 227 246 241
f 227 242 246
f 223 243 242
f 247 229 228
f 230 229 248
f 230 249 231
f 250 232 231
f 251 233 232
f 252 234 233
f 247 228 244
f 235 254 236
f 244 236 255
f 238 256 237
f 241 257 238
f 237 256 245
f 240 259 239
f 245 260 240
f 241 246 261
f 242 262 246
f 243 262 242
f 247 248 229
f 230 248 249
f 249 250 231
f 251 232 250
f 251 252 233
f 247 244 263
f 235 253 254
f 254 255 236
f 263 244 255
f 238 257 256
f 241 261 257
f 245 256 264
f 239 259 258
f 260 259 240
f 245 264 260
f 265 261 246
f 265 246 262
f 247 266 248
f 267 249 248
f 268 250 249
f 269 251 250
f 269 252 251
f 247 263 266
f 271 254 253
f 254 272 255
f 273 263 255
f 256 257 274
f 275 257 261
f 256 274 264
f 259 276 258
f 260 278 259
f 279 260 264
f 265 280 261
f 266 267 248
f 268 249 267
f 268 269 250
f 281 266 263
f 270 271 253
f 271 272 254
f 273 255 272
f 273 281 263
f 275 274 257
f 275 261 280
f 274 282 264
f 278 276 259
f 276 277 258
f 279 278 260
f 279 264 282
f 283 267 266
f 284 268 267
f 268 285 269
f 281 283 266
f 287 271 270
f 288 272 271
f 289 273 272
f 273 290 281
f 275 291 274
f 275 280 292
f 274 291 282
f 293 276 278
f 293 277 276
f 279 295 278
f 279 282 296
f 284 267 283
f 284 285 268
f 297 283 281
f 286 287 270
f 287 288 271
f 288 289 272
f 289 290 273
f 297 281 290
f 275 292 291
f 291 298 282
f 295 293 278
f 293 294 277
f 279 296 295
f 282 298 296
f 300 284 283
f 284 301 285
f 300 283 297
f 303 287 286
f 287 304 288
f 305 289 288
f 306 290 289
f 307 297 290
f 292 308 291
f 291 308 298
f 295 309 293
f 293 310 294
f 295 296 311
f 298 312 296
f 294 310 299
f 300 301 284
f 314 300 297
f 302 303 286
f 303 304 287
f 305 288 304
f 306 289 305
f 306 307 290
f 314 297 307
f 308 315 298
f 295 311 309
f 309 310 293
f 296 312 311
f 298 315 312
f 299 310 316
f 299 316 313
f 300 317 301
f 314 317 300
f 319 303 302
f 320 304 303
f 321 305 304
f 322 306 305
f 306 323 307
f 314 307 324
f 309 311 325
f 309 326 310
f 327 311 312
f 312 315 328
f 326 316 310
f 313 316 330
f 314 332 317
f 318 319 302
f 320 303 319
f 320 321 304
f 322 305 321
f 322 323 306
f 323 324 307
f 314 324 332
f 327 325 311
f 309 325 326
f 327 312 328
f 326 333 316
f 313 330 329
f 333 330 316
f 336 319 318
f 337 320 319
f 338 321 320
f 322 321 338
f 322 339 323
f 340 324 323
f 341 332 324
f 327 342 325
f 325 343 326
f 327 328 344
f 343 333 326
f 345 329 330
f 333 346 330
f 345 334 329
f 334 348 331
f 335 336 318
f 336 337 319
f 338 320 337
f 322 338 349
f 322 349 339
f 340 323 339
f 340 341 324
f 327 344 342
f 325 342 343
f 343 350 333
f 345 330 346
f 350 346 333
f 345 351 334
f 347 331 348
f 334 351 348
f 335 353 336
f 354 337 336
f 355 338 337
f 355 349 338
f 356 339 349
f 340 339 357
f 340 358 341
f 344 359 342
f 360 343 342
f 360 350 343
f 345 346 361
f 350 362 346
f 345 361 351
f 347 348 364
f 348 351 365
f 352 353 335
f 353 354 336
f 355 337 354
f 355 366 349
f 357 339 356
f 356 349 366
f 340 357 358
f 359 360 342
f 367 350 360
f 362 361 346
f 367 362 350
f 361 368 351
f 363 347 364
f 348 365 364
f 368 365 351
f 369 353 352
f 371 354 353
f 355 354 372
f 355 372 366
f 373 357 356
f 356 366 374
f 375 358 357
f 376 360 359
f 376 367 360
f 362 377 361
f 367 378 362
f 377 368 361
f 380 363 364
f 381 364 365
f 382 365 368
f 369 371 353
f 369 352 370
f 371 372 354
f 383 366 372
f 375 357 373
f 373 356 374
f 383 374 366
f 376 384 367
f 378 377 362
f 367 384 378
f 385 368 377
f 380 379 363
f 380 364 381
f 381 365 382
f 385 382 368
f 386 371 369
f 387 369 370
f 372 371 383
f 375 373 389
f 390 373 374
f 391 374 383
f 378 392 377
f 384 393 378
f 385 377 392
f 395 379 380
f 380 381 396
f 397 381 382
f 398 382 385
f 386 383 371
f 387 386 369
f 387 370 388
f 390 389 373
f 391 390 374
f 399 391 383
f 393 392 378
f 400 385 392
f 395 394 379
f 395 380 396
f 397 396 381
f 397 382 398
f 398 385 400
f 386 399 383
f 387 401 386
f 387 388 402
f 404 389 390
f 405 390 391
f 406 391 399
f 407 392 393
f 400 392 407
f 409 394 395
f 410 395 396
f 397 411 396
f 412 397 398
f 413 398 400
f 386 401 399
f 387 402 401
f 403 402 388
f 404 390 405
f 406 405 391
f 406 399 414
f 400 407 415
f 409 408 394
f 409 395 410
f 410 396 411
f 412 411 397
f 412 398 413
f 413 400 415
f 414 399 401
f 416 401 402
f 403 417 402
f 419 404 405
f 406 420 405
f 406 414 421
f 409 423 408
f 424 409 410
f 425 410 411
f 426 411 412
f 427 412 413
f 413 415 428
f 416 414 401
f 417 416 402
f 403 418 417
f 420 419 405
f 406 421 420
f 429 421 414
f 423 422 408
f 424 423 409
f 424 410 425
f 425 411 426
f 426 412 427
f 427 413 428
f 429 414 416
f 417 430 416
f 431 417 418
f 433 419 420
f 434 420 421
f 435 421 429
f 437 422 423
f 424 438 423
f 439 424 425
f 425 426 440
f 441 426 427
f 427 428 442
f 430 429 416
f 431 430 417
f 431 418 432
f 434 433 420
f 434 421 435
f 443 435 429
f 437 436 422
f 437 423 438
f 439 438 424
f 439 425 440
f 441 440 426
f 441 427 442
f 443 429 430
f 444 430 431
f 445 431 432
f 447 433 434
f 448 434 435
f 443 449 435
f 437 454 436
f 455 437 438
f 456 438 439
f 457 439 440
f 458 440 441
f 441 442 459
f 444 443 430
f 445 444 431
f 445 432 446
f 448 447 434
f 448 435 449
f 460 449 443
f 453 436 454
f 455 454 437
f 455 438 456
f 456 439 457
f 457 440 458
f 458 441 459
f 444 460 443
f 445 463 444
f 464 445 446
f 466 447 448
f 467 448 449
f 468 449 460
f 461 471 450
f 471 451 450
f 452 451 472
f 452 474 462
f 453 454 475
f 476 454 455
f 477 455 456
f 456 457 478
f 479 457 458
f 458 459 481
f 463 460 444
f 464 463 445
f 465 464 446
f 467 466 448
f 468 467 449
f 482 468 460
f 470 483 461
f 483 471 461
f 471 472 451
f 452 472 474
f 453 475 473
f 474 484 462
f 476 475 454
f 476 455 477
f 477 456 478
f 479 478 457
f 479 458 481
f 480 462 484
f 482 460 463
f 485 463 464
f 486 464 465
f 488 466 467
f 489 467 468
f 490 468 482
f 491 470 469
f 495 483 470
f 483 496 471
f 471 496 472
f 472 497 474
f 498 473 475
f 474 499 484
f 476 500 475
f 476 477 501
f 502 477 478
f 479 503 478
f 504 479 481
f 480 484 506
f 485 482 463
f 486 485 464
f 487 486 465
f 489 488 467
f 490 489 468
f 507 490 482
f 491 495 470
f 491 469 492
f 498 494 473
f 495 508 483
f 483 508 496
f 496 497 472
f 497 499 474
f 498 475 500
f 509 484 499
f 476 501 500
f 502 501 477
f 502 478 503
f 504 503 479
f 480 506 505
f 509 506 484
f 507 482 485
f 511 485 486
f 487 512 486
f 513 488 489
f 514 489 490
f 515 490 507
f 491 516 495
f 491 492 517
f 518 492 493
f 521 494 498
f 495 522 508
f 508 523 496
f 496 523 497
f 524 498 500
f 525 500 501
f 526 501 502
f 527 502 503
f 504 528 503
f 529 505 506
f 509 530 506
f 529 510 505
f 511 507 485
f 511 486 512
f 514 513 489
f 515 514 490
f 531 515 507
f 491 517 516
f 495 516 522
f 518 517 492
f 519 518 493
f 520 494 532
f 521 532 494
f 524 521 498
f 525 524 500
f 526 525 501
f 526 502 527
f 527 503 528
f 529 506 530
f 529 534 510
f 511 531 507
f 511 512 535
f 514 537 513
f 538 514 515
f 539 515 531
f 540 516 517
f 541 522 516
f 542 517 518
f 519 543 518
f 519 520 544
f 545 520 532
f 546 532 521
f 547 521 524
f 548 524 525
f 549 525 526
f 550 526 527
f 527 528 551
f 529 530 552
f 510 534 533
f 529 552 534
f 511 535 531
f 535 512 536
f 538 537 514
f 539 538 515
f 554 539 531
f 540 541 516
f 542 540 517
f 542 518 543
f 519 544 543
f 545 544 520
f 546 545 532
f 546 521 547
f 548 547 524
f 549 548 525
f 549 526 550
f 550 527 551
f 557 533 534
f 552 558 534
f 554 531 535
f 559 535 536
f 561 537 538
f 539 562 538
f 554 563 539
f 540 564 541
f 542 565 540
f 566 542 543
f 567 543 544
f 545 568 544
f 546 569 545
f 570 546 547
f 548 571 547
f 549 572 548
f 573 549 550
f 574 550 551
f 575 555 553
f 557 556 533
f 556 575 553
f 558 557 534
f 554 535 559
f 560 559 536
f 561 538 562
f 563 562 539
f 576 563 554
f 540 565 564
f 566 565 542
f 566 543 567
f 567 544 568
f 545 569 568
f 570 569 546
f 570 547 571
f 572 571 548
f 573 572 549
f 573 550 574
f 575 578 555
f 579 556 557
f 579 575 556
f 558 580 557
f 576 554 559
f 560 581 559
f 561 562 583
f 584 562 563
f 585 563 576
f 565 586 564
f 566 587 565
f 566 567 588
f 589 567 568
f 590 568 569
f 591 569 570
f 592 570 571
f 593 571 572
f 594 572 573
f 573 574 595
f 555 578 577
f 596 578 575
f 579 557 580
f 579 596 575
f 576 559 581
f 582 581 560
f 584 583 562
f 585 584 563
f 597 585 576
f 587 586 565
f 566 588 587
f 589 588 567
f 589 568 590
f 591 590 569
f 592 591 570
f 593 592 571
f 594 593 572
f 594 573 595
f 599 577 578
f 600 578 596
f 579 580 601
f 579 601 596
f 597 576 581
f 602 581 582
f 604 583 584
f 585 605 584
f 597 606 585
f 587 607 586
f 608 587 588
f 609 588 589
f 610 589 590
f 611 590 591
f 612 591 592
f 593 613 592
f 594 614 593
f 615 594 595
f 599 598 577
f 600 599 578
f 600 596 616
f 601 616 596
f 602 597 581
f 603 602 582
f 605 604 584
f 585 606 605
f 597 617 606
f 608 607 587
f 609 608 588
f 610 609 589
f 611 610 590
f 612 611 591
f 612 592 613
f 593 614 613
f 615 614 594
f 599 619 598
f 600 620 599
f 600 616 621
f 602 617 597
f 603 622 602
f 623 604 605
f 606 624 605
f 617 625 606
f 608 626 607
f 627 608 609
f 628 609 610
f 611 629 610
f 612 630 611
f 612 613 631
f 632 613 614
f 633 614 615
f 619 618 598
f 599 620 619
f 600 621 620
f 602 622 617
f 623 605 624
f 625 624 606
f 635 625 617
f 627 626 608
f 628 627 609
f 628 610 629
f 611 630 629
f 612 631 630
f 636 631 613
f 632 636 613
f 633 632 614
f 633 615 634
f 619 638 618
f 639 619 620
f 620 621 640
f 635 617 622
f 623 624 642
f 643 624 625
f 644 625 635
f 627 645 626
f 628 646 627
f 628 629 647
f 648 629 630
f 649 630 631
f 636 650 631
f 651 636 632
f 651 632 633
f 633 634 652
f 618 638 637
f 639 638 619
f 639 620 640
f 641 635 622
f 643 642 624
f 644 643 625
f 644 635 653
f 627 646 645
f 628 647 646
f 648 647 629
f 649 648 630
f 649 631 650
f 654 650 636
f 651 654 636
f 651 633 652
f 655 637 638
f 639 657 638
f 639 640 658
f 641 653 635
f 660 642 643
f 644 661 643
f 644 653 662
f 663 645 646
f 664 646 647
f 665 647 648
f 666 648 649
f 667 649 650
f 668 650 654
f 651 669 654
f 651 652 669
f 655 656 637
f 655 638 657
f 639 658 657
f 641 671 653
f 659 671 641
f 660 643 672
f 644 662 661
f 643 661 672
f 673 662 653
f 663 646 664
f 665 664 647
f 666 665 648
f 667 666 649
f 668 667 650
f 674 668 654
f 674 654 669
f 669 652 670
f 675 656 655
f 655 657 676
f 658 677 657
f 673 653 671
f 660 672 678
f 662 679 661
f 672 661 679
f 680 662 673
f 681 663 664
f 682 664 665
f 683 665 666
f 667 684 666
f 668 685 667
f 686 668 674
f 674 669 687
f 687 669 670
f 675 655 676
f 677 676 657
f 689 673 671
f 690 678 672
f 680 679 662
f 690 672 679
f 680 673 691
f 682 681 664
f 682 665 683
f 684 683 666
f 667 685 684
f 686 685 668
f 686 674 692
f 674 687 692
f 675 676 693
f 694 676 677
f 675 693 688
f 689 691 673
f 695 678 690
f 680 696 679
f 690 679 696
f 680 691 697
f 682 698 681
f 682 683 699
f 700 683 684
f 684 685 701
f 686 702 685
f 703 686 692
f 704 692 687
f 694 693 676
f 693 705 688
f 689 706 691
f 707 695 690
f 680 697 696
f 707 690 696
f 708 697 691
f 682 699 698
f 700 699 683
f 700 684 701
f 685 702 701
f 703 702 686
f 709 703 692
f 709 692 704
f 694 710 693
f 693 710 705
f 706 708 691
f 711 695 707
f 712 696 697
f 712 707 696
f 713 697 708
f 699 714 698
f 715 699 700
f 700 701 716
f 717 701 702
f 703 718 702
f 719 703 709
f 709 704 720
f 694 721 710
f 710 722 705
f 723 708 706
f 724 711 707
f 713 712 697
f 724 707 712
f 725 713 708
f 715 714 699
f 715 700 716
f 717 716 701
f 718 717 702
f 719 718 703
f 726 719 709
f 726 709 720
f 710 721 727
f 710 727 722
f 725 708 723
f 728 711 724
f 729 712 713
f 729 724 712
f 725 730 713
f 715 731 714
f 732 715 716
f 733 716 717
f 734 717 718
f 735 718 719
f 736 719 726
f 726 720 737
f 738 727 721
f 727 739 722
f 740 725 723
f 741 728 724
f 730 729 713
f 741 724 729
f 742 730 725
f 732 731 715
f 733 732 716
f 733 717 734
f 735 734 718
f 736 735 719
f 736 726 743
f 726 737 743
f 738 745 727
f 727 745 739
f 742 725 740
f 746 728 741
f 747 729 730
f 747 741 729
f 742 748 730
f 732 749 731
f 733 750 732
f 733 734 751
f 735 752 734
f 753 735 736
f 754 736 743
f 744 743 737
f 738 755 745
f 745 756 739
f 757 742 740
f 746 741 758
f 748 747 730
f 758 741 747
f 759 748 742
f 732 750 749
f 733 751 750
f 752 751 734
f 753 752 735
f 754 753 736
f 754 743 760
f 760 743 744
f 745 755 762
f 745 762 756
f 759 742 757
f 746 758 763
f 764 747 748
f 764 758 747
f 765 748 759
f 749 750 766
f 751 767 750
f 752 768 751
f 753 769 752
f 754 770 753
f 754 760 771
f 761 760 744
f 772 762 755
f 773 756 762
f 774 759 757
f 775 763 758
f 765 764 748
f 775 758 764
f 765 759 776
f 767 766 750
f 768 767 751
f 752 769 768
f 753 770 769
f 754 771 770
f 771 760 777
f 761 777 760
f 772 779 762
f 773 762 779
f 774 776 759
f 780 763 775
f 765 781 764
f 781 775 764
f 765 776 782
f 767 783 766
f 768 784 767
f 769 785 768
f 770 786 769
f 787 770 771
f 771 777 788
f 761 778 777
f 772 789 779
f 773 779 790
f 774 791 776
f 792 780 775
f 765 782 781
f 792 775 781
f 793 782 776
f 784 783 767
f 785 784 768
f 786 785 769
f 787 786 770
f 787 771 788
f 794 788 777
f 794 777 778
f 789 796 779
f 779 796 790
f 793 776 791
f 797 780 792
f 782 798 781
f 792 781 798
f 799 782 793
f 800 783 784
f 801 784 785
f 802 785 786
f 787 803 786
f 804 787 788
f 805 788 794
f 795 794 778
f 789 806 796
f 796 807 790
f 808 793 791
f 797 792 809
f 799 798 782
f 792 798 809
f 810 799 793
f 801 800 784
f 811 801 785
f 802 811 785
f 803 802 786
f 804 803 787
f 804 788 805
f 812 805 794
f 812 794 795
f 806 814 796
f 796 814 807
f 810 793 808
f 815 797 809
f 816 798 799
f 816 809 798
f 810 817 799
f 801 818 800
f 811 818 801
f 802 819 811
f 803 820 802
f 804 821 803
f 822 804 805
f 823 805 812
f 813 812 795
f 806 824 814
f 814 825 807
f 810 808 826
f 827 815 809
f 816 799 817
f 827 809 816
f 810 828 817
f 811 829 818
f 820 819 802
f 819 829 811
f 803 821 820
f 822 821 804
f 822 805 823
f 830 823 812
f 830 812 813
f 814 824 832
f 814 832 825
f 810 826 828
f 833 815 827
f 834 816 817
f 834 827 816
f 835 817 828
f 820 836 819
f 837 829 819
f 820 821 838
f 822 839 821
f 822 823 840
f 830 841 823
f 830 813 831
f 842 832 824
f 825 832 843
f 844 828 826
f 833 827 845
f 835 834 817
f 834 845 827
f 846 835 828
f 820 838 836
f 837 819 836
f 839 838 821
f 822 840 839
f 841 840 823
f 847 841 830
f 847 830 831
f 842 849 832
f 849 843 832
f 846 828 844
f 833 845 850
f 835 851 834
f 834 851 845
f 852 835 846
f 853 836 838
f 837 836 854
f 839 855 838
f 839 840 856
f 857 840 841
f 847 858 841
f 847 831 848
f 842 859 849
f 849 860 843
f 846 844 861
f 862 850 845
f 852 851 835
f 862 845 851
f 852 846 863
f 853 854 836
f 853 838 855
f 839 856 855
f 857 856 840
f 857 841 858
f 847 864 858
f 847 848 864
f 849 859 866
f 849 866 860
f 846 861 863
f 867 850 862
f 852 868 851
f 868 862 851
f 852 863 869
f 870 854 853
f 871 853 855
f 872 855 856
f 857 872 856
f 873 857 858
f 874 858 864
f 865 864 848
f 859 875 866
f 860 866 876
f 877 863 861
f 878 867 862
f 852 869 868
f 878 862 868
f 879 869 863
f 871 870 853
f 872 871 855
f 873 872 857
f 874 873 858
f 874 864 880
f 865 880 864
f 866 875 882
f 876 866 882
f 879 863 877
f 883 867 878
f 884 868 869
f 884 878 868
f 879 885 869
f 886 870 871
f 887 871 872
f 888 872 873
f 874 889 873
f 874 880 890
f 881 880 865
f 875 892 882
f 876 882 893
f 894 879 877
f 883 878 895
f 884 869 885
f 895 878 884
f 896 885 879
f 887 886 871
f 888 887 872
f 888 873 889
f 874 890 889
f 897 890 880
f 897 880 881
f 881 891 898
f 882 892 899
f 882 899 893
f 896 879 894
f 883 895 900
f 901 884 885
f 901 895 884
f 902 885 896
f 903 886 887
f 888 904 887
f 888 889 905
f 906 889 890
f 897 907 890
f 897 881 898
f 908 898 891
f 892 909 899
f 910 893 899
f 911 900 895
f 902 901 885
f 911 895 901
f 912 902 896
f 903 887 904
f 888 905 904
f 906 905 889
f 907 906 890
f 897 913 907
f 897 898 913
f 908 914 898
f 899 909 915
f 910 899 915
f 911 916 900
f 917 901 902
f 917 911 901
f 918 902 912
f 903 904 919
f 905 920 904
f 921 905 906
f 907 922 906
f 907 913 923
f 914 913 898
f 924 914 908
f 926 915 909
f 910 915 927
f 911 928 916
f 918 917 902
f 917 928 911
f 929 918 912
f 920 919 904
f 921 920 905
f 922 921 906
f 907 923 922
f 930 923 913
f 914 930 913
f 924 931 914
f 925 924 908
f 926 932 915
f 927 915 932
f 933 916 928
f 935 917 918
f 935 928 917
f 936 918 929
f 937 919 920
f 938 920 921
f 922 939 921
f 923 940 922
f 941 923 930
f 931 930 914
f 942 931 924
f 943 924 925
f 926 945 932
f 927 932 946
f 947 933 928
f 936 935 918
f 935 947 928
f 948 936 929
f 938 937 920
f 938 921 939
f 940 939 922
f 949 940 923
f 941 949 923
f 941 930 950
f 931 950 930
f 942 951 931
f 943 942 924
f 944 943 925
f 932 945 952
f 932 952 946
f 953 934 933
f 953 933 947
f 954 935 936
f 954 947 935
f 955 936 948
f 938 956 937
f 938 939 956
f 940 957 939
f 949 958 940
f 959 949 941
f 959 941 950
f 951 950 931
f 960 951 942
f 943 961 942
f 962 943 944
f 964 952 945
f 965 946 952
f 966 934 953
f 953 947 967
f 955 954 936
f 954 967 947
f 957 956 939
f 958 957 940
f 968 958 949
f 959 968 949
f 969 959 950
f 969 950 951
f 960 970 951
f 961 960 942
f 962 961 943
f 963 962 944
f 964 971 952
f 965 952 971
f 966 953 972
f 953 967 972
f 974 954 955
f 974 967 954
f 959 976 968
f 969 976 959
f 969 951 970
f 960 977 970
f 978 960 961
f 962 979 961
f 980 962 963
f 964 982 971
f 965 971 984
f 966 972 973
f 985 972 967
f 974 955 975
f 974 986 967
f 987 976 969
f 987 969 970
f 978 977 960
f 988 970 977
f 979 978 961
f 980 979 962
f 981 980 963
f 964 983 982
f 971 982 984
f 989 973 972
f 985 989 972
f 985 967 986
f 991 974 975
f 991 986 974
f 987 970 988
f 993 977 978
f 994 988 977
f 995 978 979
f 980 996 979
f 997 980 981
f 983 999 982
f 982 1000 984
f 989 990 973
f 985 1002 989
f 985 986 1003
f 991 975 992
f 991 1003 986
f 993 994 977
f 995 993 978
f 996 995 979
f 997 996 980
f 998 997 981
f 983 1001 999
f 982 999 1000
f 1004 990 989
f 985 1003 1002
f 1004 989 1002
f 991 992 1006
f 991 1006 1003
f 1007 994 993
f 995 1008 993
f 1009 995 996
f 1010 996 997
f 998 1011 997
f 1013 999 1001
f 1000 999 1014
f 1004 1005 990
f 1016 1002 1003
f 1004 1002 1017
f 1016 1003 1006
f 1007 993 1008
f 1009 1008 995
f 1010 1009 996
f 1011 1010 997
f 1012 1011 998
f 1013 1014 999
f 1013 1001 1015
f 1004 1018 1005
f 1016 1017 1002
f 1004 1017 1018
f 1020 1016 1006
f 1021 1007 1008
f 1009 1022 1008
f 1010 1023 1009
f 1024 1010 1011
f 1025 1011 1012
f 1013 1027 1014
f 1013 1015 1028
f 1005 1018 1019
f 1030 1017 1016
f 1031 1018 1017
f 1030 1016 1020
f 1021 1008 1022
f 1023 1022 1009
f 1024 1023 1010
f 1025 1024 1011
f 1026 1025 1012
f 1013 1028 1027
f 1028 1015 1029
f 1032 1019 1018
f 1030 1031 1017
f 1031 1032 1018
f 1034 1030 1020
f 1021 1022 1035
f 1036 1022 1023
f 1037 1023 1024
f 1025 1038 1024
f 1039 1025 1026
f 1027 1028 1041
f 1028 1029 1042
f 1033 1019 1032
f 1044 1031 1030
f 1045 1032 1031
f 1044 1030 1034
f 1036 1035 1022
f 1037 1036 1023
f 1038 1037 1024
f 1039 1038 1025
f 1040 1039 1026
f 1028 1042 1041
f 1029 1043 1042
f 1033 1032 1046
f 1044 1048 1031
f 1045 1046 1032
f 1048 1045 1031
f 1049 1035 1036
f 1050 1036 1037
f 1051 1037 1038
f 1039 1052 1038
f 1040 1053 1039
f 1042 1055 1041
f 1042 1043 1056
f 1033 1046 1047
f 1044 1058 1048
f 1045 1059 1046
f 1060 1045 1048
f 1050 1049 1036
f 1050 1037 1061
f 1051 1061 1037
f 1052 1051 1038
f 1039 1053 1052
f 1054 1053 1040
f 1042 1056 1055
f 1056 1043 1057
f 1062 1047 1046
f 1048 1058 1064
f 1060 1059 1045
f 1059 1062 1046
f 1060 1048 1064
f 1050 1065 1049
f 1050 1061 1065
f 1066 1061 1051
f 1052 1067 1051
f 1053 1068 1052
f 1054 1069 1053
f 1056 1071 1055
f 1056 1057 1072
f 1062 1063 1047
f 1060 1074 1059
f 1075 1062 1059
f 1076 1060 1064
f 1077 1065 1061
f 1066 1077 1061
f 1067 1066 1051
f 1052 1068 1067
f 1069 1068 1053
f 1054 1070 1069
f 1056 1072 1071
f 1073 1072 1057
f 1062 1078 1063
f 1076 1074 1060
f 1074 1075 1059
f 1075 1078 1062
f 1080 1077 1066
f 1081 1066 1067
f 1082 1067 1068
f 1069 1083 1068
f 1084 1069 1070
f 1072 1086 1071
f 1073 1087 1072
f 1078 1079 1063
f 1089 1074 1076
f 1090 1075 1074
f 1091 1078 1075
f 1081 1080 1066
f 1082 1081 1067
f 1083 1082 1068
f 1093 1083 1069
f 1093 1069 1084
f 1085 1084 1070
f 1072 1094 1086
f 1087 1094 1072
f 1095 1079 1078
f 1088 1079 1095
f 1089 1090 1074
f 1092 1089 1076
f 1090 1091 1075
f 1091 1095 1078
f 1081 1097 1080
f 1082 1098 1081
f 1083 1099 1082
f 1093 1099 1083
f 1093 1084 1100
f 1101 1084 1085
f 1086 1094 1103
f 1087 1105 1094
f 1106 1088 1095
f 1106 1096 1088
f 1107 1090 1089
f 1108 1089 1092
f 1090 1109 1091
f 1110 1095 1091
f 1098 1097 1081
f 1099 1098 1082
f 1093 1111 1099
f 1101 1100 1084
f 1093 1100 1111
f 1102 1101 1085
f 1094 1105 1103
f 1087 1104 1105
f 1110 1106 1095
f 1113 1096 1106
f 1107 1109 1090
f 1108 1107 1089
f 1110 1091 1109
f 1114 1097 1098
f 1115 1098 1099
f 1111 1115 1099
f 1116 1100 1101
f 1117 1111 1100
f 1102 1118 1101
f 1105 1120 1103
f 1104 1122 1105
f 1110 1123 1106
f 1113 1112 1096
f 1113 1106 1123
f 1124 1109 1107
f 1125 1107 1108
f 1126 1110 1109
f 1115 1114 1098
f 1127 1115 1111
f 1116 1117 1100
f 1116 1101 1118
f 1117 1127 1111
f 1119 1118 1102
f 1105 1122 1120
f 1104 1121 1122
f 1126 1123 1110
f 1129 1112 1113
f 1113 1123 1130
f 1124 1126 1109
f 1125 1124 1107
f 1131 1114 1115
f 1127 1131 1115
f 1132 1117 1116
f 1116 1118 1133
f 1134 1127 1117
f 1119 1135 1118
f 1137 1120 1122
f 1122 1121 1139
f 1126 1140 1123
f 1129 1128 1112
f 1129 1113 1130
f 1140 1130 1123
f 1124 1141 1126
f 1125 1141 1124
f 1143 1131 1127
f 1132 1134 1117
f 1132 1116 1133
f 1135 1133 1118
f 1134 1143 1127
f 1119 1136 1135
f 1137 1122 1139
f 1121 1138 1139
f 1126 1141 1140
f 1129 1145 1128
f 1146 1129 1130
f 1147 1130 1140
f 1125 1142 1141
f 1132 1148 1134
f 1132 1133 1149
f 1150 1133 1135
f 1134 1151 1143
f 1152 1135 1136
f 1137 1139 1154
f 1138 1156 1139
f 1141 1157 1140
f 1128 1145 1144
f 1146 1145 1129
f 1147 1146 1130
f 1147 1140 1157
f 1158 1141 1142
f 1132 1149 1148
f 1134 1148 1151
f 1150 1149 1133
f 1152 1150 1135
f 1153 1152 1136
f 1139 1156 1154
f 1138 1155 1156
f 1158 1157 1141
f 1159 1144 1145
f 1146 1161 1145
f 1147 1162 1146
f 1163 1147 1157
f 1164 1148 1149
f 1165 1151 1148
f 1166 1149 1150
f 1167 1150 1152
f 1153 1168 1152
f 1154 1156 1170
f 1155 1172 1156
f 1173 1157 1158
f 1160 1144 1159
f 1161 1159 1145
f 1146 1162 1161
f 1163 1162 1147
f 1163 1157 1173
f 1164 1165 1148
f 1166 1164 1149
f 1167 1166 1150
f 1167 1152 1168
f 1169 1168 1153
f 1156 1172 1170
f 1155 1171 1172
f 1160 1159 1174
f 1175 1159 1161
f 1162 1177 1161
f 1163 1178 1162
f 1179 1163 1173
f 1180 1165 1164
f 1181 1164 1166
f 1182 1166 1167
f 1183 1167 1168
f 1169 1184 1168
f 1172 1186 1170
f 1172 1171 1188
f 1175 1174 1159
f 1176 1160 1174
f 1177 1175 1161
f 1178 1177 1162
f 1179 1178 1163
f 1179 1173 1189
f 1181 1180 1164
f 1182 1181 1166
f 1183 1182 1167
f 1183 1168 1184
f 1169 1185 1184
f 1172 1188 1186
f 1187 1188 1171
f 1190 1174 1175
f 1191 1176 1174
f 1192 1175 1177
f 1194 1177 1178
f 1179 1195 1178
f 1179 1189 1196
f 1181 1197 1180
f 1198 1181 1182
f 1199 1182 1183
f 1200 1183 1184
f 1201 1184 1185
f 1186 1188 1203
f 1187 1204 1188
f 1191 1174 1190
f 1192 1190 1175
f 1191 1193 1176
f 1194 1192 1177
f 1195 1194 1178
f 1179 1196 1195
f 1198 1197 1181
f 1199 1198 1182
f 1200 1199 1183
f 1201 1200 1184
f 1201 1185 1202
f 1203 1188 1204
f 1187 1205 1204
f 1191 1190 1206
f 1207 1190 1192
f 1191 1208 1193
f 1209 1192 1194
f 1211 1194 1195
f 1212 1195 1196
f 1198 1213 1197
f 1214 1198 1199
f 1215 1199 1200
f 1216 1200 1201
f 1217 1201 1202
f 1203 1204 1219
f 1205 1220 1204
f 1207 1206 1190
f 1191 1206 1208
f 1207 1192 1209
f 1193 1208 1210
f 1211 1209 1194
f 1212 1211 1195
f 1214 1213 1198
f 1215 1214 1199
f 1216 1215 1200
f 1217 1216 1201
f 1218 1217 1202
f 1220 1219 1204
f 1205 1221 1220
f 1207 1222 1206
f 1208 1206 1223
f 1224 1207 1209
f 1225 1210 1208
f 1211 1226 1209
f 1228 1211 1212
f 1214 1229 1213
f 1215 1230 1214
f 1231 1215 1216
f 1232 1216 1217
f 1218 1233 1217
f 1220 1235 1219
f 1220 1221 1236
f 1224 1222 1207
f 1222 1223 1206
f 1225 1208 1223
f 1224 1209 1226
f 1225 1227 1210
f 1228 1226 1211
f 1214 1230 1229
f 1231 1230 1215
f 1232 1231 1216
f 1232 1217 1233
f 1234 1233 1218
f 1220 1236 1235
f 1237 1236 1221
f 1224 1238 1222
f 1222 1239 1223
f 1240 1225 1223
f 1224 1226 1241
f 1242 1227 1225
f 1228 1243 1226
f 1246 1229 1230
f 1247 1230 1231
f 1248 1231 1232
f 1249 1232 1233
f 1250 1233 1234
f 1236 1252 1235
f 1237 1253 1236
f 1224 1241 1238
f 1238 1239 1222
f 1240 1223 1239
f 1240 1242 1225
f 1226 1243 1241
f 1242 1244 1227
f 1245 1243 1228
f 1247 1246 1230
f 1248 1247 1231
f 1249 1248 1232
f 1250 1249 1233
f 1251 1250 1234
f 1236 1253 1252
f 1254 1253 1237
f 1255 1238 1241
f 1238 1256 1239
f 1257 1240 1239
f 1240 1258 1242
f 1259 1241 1243
f 1242 1260 1244
f 1245 1261 1243
f 1263 1246 1247
f 1264 1247 1248
f 1249 1265 1248
f 1266 1249 1250
f 1267 1250 1251
f 1253 1269 1252
f 1254 1270 1253
f 1255 1256 1238
f 1255 1241 1259
f 1257 1239 1256
f 1257 1258 1240
f 1242 1258 1260
f 1261 1259 1243
f 1260 1262 1244
f 1264 1263 1247
f 1264 1248 1265
f 1266 1265 1249
f 1267 1266 1250
f 1267 1251 1268
f 1253 1270 1269
f 1254 1271 1270
f 1255 1273 1256
f 1255 1259 1274
f 1275 1257 1256
f 1257 1276 1258
f 1277 1260 1258
f 1261 1278 1259
f 1260 1279 1262
f 1262 1280 1272
f 1281 1263 1264
f 1282 1264 1265
f 1283 1265 1266
f 1284 1266 1267
f 1285 1267 1268
f 1269 1270 1287
f 1288 1270 1271
f 1255 1274 1273
f 1275 1256 1273
f 1278 1274 1259
f 1275 1276 1257
f 1276 1277 1258
f 1277 1279 1260
f 1279 1280 1262
f 1280 1290 1272
f 1282 1281 1264
f 1283 1282 1265
f 1284 1283 1266
f 1285 1284 1267
f 1285 1268 1286
f 1288 1287 1270
f 1289 1288 1271
f 1274 1291 1273
f 1292 1275 1273
f 1293 1274 1278
f 1275 1294 1276
f 1276 1295 1277
f 1277 1296 1279
f 1279 1297 1280
f 1298 1290 1280
f 1282 1300 1281
f 1301 1282 1283
f 1302 1283 1284
f 1285 1303 1284
f 1304 1285 1286
f 1288 1306 1287
f 1289 1307 1288
f 1293 1291 1274
f 1292 1273 1291
f 1292 1294 1275
f 1276 1294 1295
f 1277 1295 1296
f 1296 1297 1279
f 1297 1298 1280
f 1298 1299 1290
f 1301 1300 1282
f 1302 1301 1283
f 1302 1284 1303
f 1304 1303 1285
f 1304 1286 1305
f 1288 1307 1306
f 1289 1309 1307
f 1289 1308 1309
f 1293 1310 1291
f 1292 1291 1311
f 1292 1312 1294
f 1313 1295 1294
f 1314 1296 1295
f 1296 1315 1297
f 1297 1316 1298
f 1298 1316 1299
f 1318 1300 1301
f 1319 1301 1302
f 1302 1303 1320
f 1304 1321 1303
f 1322 1304 1305
f 1324 1306 1307
f 1307 1309 1325
f 1309 1308 1327
f 1310 1311 1291
f 1292 1311 1312
f 1312 1313 1294
f 1313 1314 1295
f 1314 1315 1296
f 1297 1315 1316
f 1316 1328 1299
f 1299 1328 1317
f 1319 1318 1301
f 1319 1302 1320
f 1321 1320 1303
f 1322 1321 1304
f 1322 1305 1323
f 1324 1307 1325
f 1309 1327 1325
f 1308 1326 1327
f 1310 1329 1311
f 1312 1311 1330
f 1312 1331 1313
f 1313 1332 1314
f 1314 1333 1315
f 1334 1316 1315
f 1316 1335 1328
f 1317 1328 1336
f 1319 1337 1318
f 1338 1319 1320
f 1321 1339 1320
f 1322 1340 1321
f 1341 1322 1323
f 1325 1327 1343
f 1345 1327 1326
f 1329 1330 1311
f 1312 1330 1331
f 1313 1331 1332
f 1314 1332 1333
f 1333 1334 1315
f 1334 1335 1316
f 1346 1328 1335
f 1346 1336 1328
f 1338 1337 1319
f 1338 1320 1339
f 1340 1339 1321
f 1341 1340 1322
f 1341 1323 1342
f 1345 1343 1327
f 1345 1326 1344
f 1330 1347 1331
f 1331 1348 1332
f 1349 1333 1332
f 1333 1350 1334
f 1334 1351 1335
f 1346 1335 1352
f 1346 1353 1336
f 1338 1355 1337
f 1356 1338 1339
f 1357 1339 1340
f 1341 1358 1340
f 1359 1341 1342
f 1345 1361 1343
f 1345 1344 1363
f 1347 1348 1331
f 1349 1332 1348
f 1349 1350 1333
f 1350 1351 1334
f 1351 1352 1335
f 1346 1352 1364
f 1346 1364 1353
f 1336 1353 1354
f 1356 1355 1338
f 1356 1339 1357
f 1358 1357 1340
f 1359 1358 1341
f 1359 1342 1360
f 1345 1363 1361
f 1344 1362 1363
f 1365 1348 1347
f 1349 1348 1366
f 1349 1367 1350
f 1350 1368 1351
f 1351 1369 1352
f 1364 1352 1369
f 1364 1370 1353
f 1353 1371 1354
f 1356 1373 1355
f 1356 1357 1374
f 1358 1375 1357
f 1359 1376 1358
f 1377 1359 1360
f 1363 1379 1361
f 1363 1362 1381
f 1365 1366 1348
f 1349 1366 1367
f 1367 1368 1350
f 1368 1369 1351
f 1382 1364 1369
f 1364 1383 1370
f 1353 1370 1371
f 1354 1371 1372
f 1356 1374 1373
f 1374 1357 1375
f 1376 1375 1358
f 1377 1376 1359
f 1377 1360 1378
f 1363 1381 1379
f 1381 1362 1380
f 1384 1367 1366
f 1367 1385 1368
f 1368 1386 1369
f 1382 1383 1364
f 1386 1382 1369
f 1383 1387 1370
f 1370 1388 1371
f 1372 1371 1389
f 1374 1391 1373
f 1392 1374 1375
f 1393 1375 1376
f 1377 1394 1376
f 1395 1377 1378
f 1381 1397 1379
f 1381 1380 1399
f 1384 1385 1367
f 1385 1386 1368
f 1382 1400 1383
f 1386 1401 1382
f 1383 1402 1387
f 1370 1387 1388
f 1388 1389 1371
f 1390 1372 1389
f 1392 1391 1374
f 1392 1375 1393
f 1394 1393 1376
f 1377 1403 1394
f 1395 1403 1377
f 1395 1378 1396
f 1381 1399 1397
f 1380 1398 1399
f 1385 1404 1386
f 1382 1401 1400
f 1383 1400 1402
f 1386 1404 1401
f 1402 1405 1387
f 1388 1387 1406
f 1388 1407 1389
f 1390 1389 1408
f 1392 1409 1391
f 1410 1392 1393
f 1411 1393 1394
f 1412 1394 1403
f 1413 1403 1395
f 1414 1395 1396
f 1399 1416 1397
f 1399 1398 1418
f 1401 1419 1400
f 1420 1402 1400
f 1404 1421 1401
f 1422 1405 1402
f 1387 1405 1406
f 1388 1406 1407
f 1407 1408 1389
f 1410 1409 1392
f 1410 1393 1411
f 1412 1411 1394
f 1413 1412 1403
f 1414 1413 1395
f 1414 1396 1415
f 1399 1418 1416
f 1417 1418 1398
f 1421 1419 1401
f 1420 1400 1419
f 1420 1422 1402
f 1422 1423 1405
f 1424 1406 1405
f 1407 1406 1425
f 1407 1426 1408
f 1410 1428 1409
f 1429 1410 1411
f 1430 1411 1412
f 1413 1431 1412
f 1414 1432 1413
f 1414 1415 1433
f 1418 1435 1416
f 1417 1437 1418
f 1438 1419 1421
f 1439 1420 1419
f 1420 1440 1422
f 1422 1441 1423
f 1424 1405 1423
f 1424 1425 1406
f 1407 1425 1426
f 1408 1426 1427
f 1429 1428 1410
f 1429 1411 1430
f 1431 1430 1412
f 1413 1432 1431
f 1414 1433 1432
f 1433 1415 1434
f 1418 1442 1435
f 1436 1437 1417
f 1437 1442 1418
f 1438 1439 1419
f 1439 1440 1420
f 1422 1440 1441
f 1441 1443 1423
f 1424 1423 1444
f 1424 1445 1425
f 1425 1446 1426
f 1426 1447 1427
f 1429 1449 1428
f 1429 1430 1450
f 1451 1430 1431
f 1432 1452 1431
f 1433 1453 1432
f 1454 1433 1434
f 1436 1457 1437
f 1437 1459 1442
f 1438 1460 1439
f 1439 1461 1440
f 1462 1441 1440
f 1441 1463 1443
f 1423 1443 1444
f 1424 1444 1445
f 1425 1445 1446
f 1426 1446 1447
f 1447 1448 1427
f 1429 1450 1449
f 1451 1450 1430
f 1451 1431 1452
f 1453 1452 1432
f 1454 1453 1433
f 1454 1434 1455
f 1458 1457 1436
f 1457 1459 1437
f 1460 1461 1439
f 1461 1462 1440
f 1462 1463 1441
f 1463 1464 1443
f 1444 1443 1465
f 1444 1466 1445
f 1446 1445 1467
f 1446 1468 1447
f 1447 1469 1448
f 1450 1471 1449
f 1472 1450 1451
f 1473 1451 1452
f 1474 1452 1453
f 1475 1453 1454
f 1476 1454 1455
f 1477 1455 1456
f 1458 1479 1457
f 1480 1459 1457
f 1460 1483 1461
f 1461 1484 1462
f 1484 1463 1462
f 1463 1485 1464
f 1464 1465 1443
f 1444 1465 1466
f 1467 1445 1466
f 1446 1467 1468
f 1447 1468 1469
f 1470 1448 1469
f 1472 1471 1450
f 1473 1472 1451
f 1473 1452 1474
f 1475 1474 1453
f 1475 1454 1476
f 1476 1455 1477
f 1478 1477 1456
f 1458 1481 1479
f 1479 1480 1457
f 1460 1482 1483
f 1483 1484 1461
f 1484 1486 1463
f 1463 1486 1485
f 1464 1485 1487
f 1464 1488 1465
f 1489 1466 1465
f 1467 1466 1490
f 1467 1491 1468
f 1468 1492 1469
f 1470 1469 1493
f 1472 1495 1471
f 1496 1472 1473
f 1497 1473 1474
f 1498 1474 1475
f 1499 1475 1476
f 1500 1476 1477
f 1501 1477 1478
f 1503 1479 1481
f 1504 1480 1479
f 1483 1482 1507
f 1483 1508 1484
f 1484 1508 1486
f 1486 1509 1485
f 1510 1487 1485
f 1464 1487 1488
f 1489 1465 1488
f 1489 1490 1466
f 1467 1490 1491
f 1468 1491 1492
f 1492 1493 1469
f 1470 1493 1494
f 1496 1495 1472
f 1497 1496 1473
f 1498 1497 1474
f 1499 1498 1475
f 1499 1476 1500
f 1501 1500 1477
f 1501 1478 1502
f 1504 1479 1503
f 1505 1503 1481
f 1507 1482 1506
f 1483 1507 1508
f 1511 1486 1508
f 1511 1509 1486
f 1509 1510 1485
f 1510 1512 1487
f 1487 1513 1488
f 1489 1488 1514
f 1489 1515 1490
f 1491 1490 1516
f 1491 1517 1492
f 1518 1493 1492
f 1493 1519 1494
f 1520 1495 1496
f 1521 1496 1497
f 1498 1522 1497
f 1523 1498 1499
f 1524 1499 1500
f 1525 1500 1501
f 1501 1502 1519
f 1504 1503 1526
f 1505 1527 1503
f 1507 1506 1530
f 1507 1531 1508
f 1531 1511 1508
f 1532 1509 1511
f 1533 1510 1509
f 1510 1534 1512
f 1487 1512 1513
f 1488 1513 1514
f 1489 1514 1515
f 1515 1516 1490
f 1491 1516 1517
f 1518 1492 1517
f 1518 1519 1493
f 1502 1494 1519
f 1521 1520 1496
f 1522 1521 1497
f 1498 1535 1522
f 1523 1535 1498
f 1524 1523 1499
f 1525 1524 1500
f 1525 1501 1519
f 1526 1503 1527
f 1505 1528 1527
f 1529 1530 1506
f 1507 1530 1531
f 1531 1536 1511
f 1532 1533 1509
f 1532 1511 1536
f 1533 1534 1510
f 1537 1512 1534
f 1538 1513 1512
f 1513 1539 1514
f 1515 1514 1540
f 1515 1541 1516
f 1542 1517 1516
f 1518 1517 1542
f 1518 1525 1519
f 1543 1520 1521
f 1544 1521 1522
f 1545 1522 1535
f 1523 1546 1535
f 1547 1523 1524
f 1542 1524 1525
f 1548 1526 1527
f 1549 1527 1528
f 1529 1551 1530
f 1553 1531 1530
f 1553 1536 1531
f 1532 1554 1533
f 1555 1532 1536
f 1533 1556 1534
f 1537 1538 1512
f 1538 1539 1513
f 1514 1539 1540
f 1515 1540 1541
f 1541 1542 1516
f 1518 1542 1525
f 1544 1543 1521
f 1544 1522 1545
f 1545 1535 1546
f 1547 1546 1523
f 1542 1547 1524
f 1548 1527 1549
f 1550 1549 1528
f 1529 1552 1551
f 1551 1553 1530
f 1557 1536 1553
f 1555 1554 1532
f 1533 1554 1556
f 1557 1555 1536
f 1537 1558 1538
f 1538 1559 1539
f 1539 1560 1540
f 1541 1540 1561
f 1541 1547 1542
f 1562 1543 1544
f 1563 1544 1545
f 1564 1545 1546
f 1547 1561 1546
f 1548 1549 1565
f 1566 1549 1550
f 1568 1551 1552
f 1551 1569 1553
f 1557 1553 1569
f 1538 1558 1559
f 1559 1560 1539
f 1560 1561 1540
f 1541 1561 1547
f 1563 1562 1544
f 1563 1545 1564
f 1564 1546 1561
f 1566 1565 1549
f 1571 1566 1550
f 1571 1550 1567
f 1568 1569 1551
f 1570 1568 1552
f 1572 1557 1569
f 1559 1558 1573
f 1559 1574 1560
f 1560 1564 1561
f 1563 1575 1562
f 1563 1564 1574
f 1566 1576 1565
f 1577 1566 1571
f 1571 1567 1578
f 1568 1580 1569
f 1570 1581 1568
f 1572 1569 1580
f 1559 1573 1574
f 1560 1574 1564
f 1563 1574 1575
f 1577 1576 1566
f 1577 1571 1578
f 1579 1578 1567
f 1568 1583 1580
f 1582 1581 1570
f 1568 1581 1583
f 1573 1575 1574
f 1577 1584 1576
f 1577 1578 1585
f 1586 1578 1579
f 1588 1580 1583
f 1582 1589 1581
f 1583 1581 1590
f 1577 1585 1584
f 1586 1585 1578
f 1586 1579 1587
f 1588 1583 1590
f 1591 1589 1582
f 1589 1590 1581
f 1585 1592 1584
f 1593 1585 1586
f 1586 1587 1594
f 1588 1590 1596
f 1591 1597 1589
f 1598 1590 1589
f 1593 1592 1585
f 1593 1586 1594
f 1595 1594 1587
f 1598 1596 1590
f 1599 1597 1591
f 1597 1598 1589
f 1593 1600 1592
f 1593 1594 1601
f 1602 1594 1595
f 1598 1604 1596
f 1599 1605 1597
f 1597 1606 1598
f 1593 1601 1600
f 1602 1601 1594
f 1603 1602 1595
f 1598 1606 1604
f 1607 1605 1599
f 1605 1606 1597
f 1601 1608 1600
f 1609 1601 1602
f 1610 1602 1603
f 1606 1612 1604
f 1607 1613 1605
f 1605 1614 1606
f 1609 1608 1601
f 1609 1602 1610
f 1611 1610 1603
f 1614 1612 1606
f 1615 1613 1607
f 1605 1613 1614
f 1609 1616 1608
f 1609 1610 1617
f 1618 1610 1611
f 1614 1620 1612
f 1615 1621 1613
f 1613 1622 1614
f 1609 1617 1616
f 1618 1617 1610
f 1619 1618 1611
f 1614 1622 1620
f 1615 1623 1621
f 1613 1621 1622
f 1624 1616 1617
f 1618 1625 1617
f 1619 1626 1618
f 1622 1628 1620
f 1629 1621 1623
f 1630 1622 1621
f 1624 1617 1625
f 1618 1626 1625
f 1627 1626 1619
f 1630 1628 1622
f 1629 1630 1621
f 1631 1629 1623
f 1632 1624 1625
f 1633 1625 1626
f 1627 1634 1626
f 1630 1636 1628
f 1629 1637 1630
f 1631 1638 1629
f 1632 1625 1633
f 1634 1633 1626
f 1627 1635 1634
f 1630 1637 1636
f 1629 1638 1637
f 1639 1638 1631
f 1632 1633 1640
f 1641 1633 1634
f 1634 1635 1642
f 1637 1643 1636
f 1644 1637 1638
f 1639 1645 1638
f 1641 1640 1633
f 1641 1634 1642
f 1647 1642 1635
f 1644 1643 1637
f 1645 1644 1638
f 1646 1645 1639
f 1641 1648 1640
f 1649 1641 1642
f 1650 1642 1647
f 1644 1652 1643
f 1645 1653 1644
f 1646 1654 1645
f 1649 1648 1641
f 1649 1642 1650
f 1651 1650 1647
f 1644 1653 1652
f 1645 1654 1653
f 1646 1655 1654
f 1656 1648 1649
f 1649 1650 1657
f 1651 1658 1650
f 1660 1652 1653
f 1661 1653 1654
f 1662 1654 1655
f 1656 1649 1657
f 1658 1657 1650
f 1651 1659 1658
f 1661 1660 1653
f 1662 1661 1654
f 1663 1662 1655
f 1664 1656 1657
f 1665 1657 1658
f 1666 1658 1659
f 1661 1668 1660
f 1662 1669 1661
f 1663 1670 1662
f 1665 1664 1657
f 1665 1658 1666
f 1667 1666 1659
f 1669 1668 1661
f 1662 1671 1669
f 1662 1670 1671
f 1672 1664 1665
f 1673 1665 1666
f 1674 1666 1667
f 1669 1676 1668
f 1677 1669 1671
f 1678 1671 1670
f 1673 1672 1665
f 1673 1666 1674
f 1675 1674 1667
f 1677 1676 1669
f 1677 1671 1679
f 1678 1679 1671
f 1680 1672 1673
f 1681 1673 1674
f 1675 1682 1674
f 1677 1684 1676
f 1677 1679 1685
f 1678 1686 1679
f 1681 1680 1673
f 1681 1674 1682
f 1675 1683 1682
f 1677 1685 1684
f 1679 1687 1685
f 1679 1686 1687
f 1688 1680 1681
f 1689 1681 1682
f 1683 1690 1682
f 1692 1684 1685
f 1693 1685 1687
f 1694 1687 1686
f 1689 1688 1681
f 1689 1682 1690
f 1691 1690 1683
f 1692 1685 1693
f 1695 1693 1687
f 1694 1695 1687
f 1689 1696 1688
f 1689 1690 1697
f 1691 1698 1690
f 1692 1693 1700
f 1695 1701 1693
f 1702 1695 1694
f 1689 1697 1696
f 1697 1690 1698
f 1699 1698 1691
f 1693 1701 1700
f 1703 1701 1695
f 1702 1703 1695
f 1704 1696 1697
f 1705 1697 1698
f 1706 1698 1699
f 1701 1708 1700
f 1703 1709 1701
f 1702 1710 1703
f 1711 1704 1697
f 1705 1711 1697
f 1706 1705 1698
f 1707 1706 1699
f 1709 1708 1701
f 1703 1712 1709
f 1703 1710 1712
f 1705 1713 1711
f 1714 1705 1706
f 1707 1715 1706
f 1709 1717 1708
f 1709 1712 1718
f 1719 1712 1710
f 1714 1713 1705
f 1714 1706 1715
f 1707 1716 1715
f 1709 1718 1717
f 1712 1720 1718
f 1719 1720 1712
f 1721 1713 1714
f 1714 1715 1722
f 1723 1715 1716
f 1717 1718 1725
f 1720 1726 1718
f 1719 1727 1720
f 1721 1714 1722
f 1723 1722 1715
f 1723 1716 1724
f 1718 1726 1725
f 1720 1728 1726
f 1727 1728 1720
f 1729 1721 1722
f 1723 1730 1722
f 1723 1724 1731
f 1733 1725 1726
f 1734 1726 1728
f 1727 1735 1728
f 1730 1729 1722
f 1723 1731 1730
f 1732 1731 1724
f 1734 1733 1726
f 1736 1734 1728
f 1736 1728 1735
f 1730 1737 1729
f 1738 1730 1731
f 1739 1731 1732
f 1734 1741 1733
f 1736 1741 1734
f 1742 1736 1735
f 1738 1737 1730
f 1738 1731 1739
f 1740 1739 1732
f 1733 1741 1743
f 1736 1744 1741
f 1742 1744 1736
f 1738 1745 1737
f 1738 1739 1746
f 1740 1747 1739
f 1741 1749 1743
f 1744 1749 1741
f 1742 1750 1744
f 1738 1746 1745
f 1747 1746 1739
f 1748 1747 1740
f 1749 1751 1743
f 1744 1752 1749
f 1744 1750 1752
f 1753 1745 1746
f 1754 1746 1747
f 1748 1755 1747
f 1749 1758 1751
f 1752 1758 1749
f 1754 1753 1746
f 1755 1754 1747
f 1756 1755 1748
f 1757 1751 1759
f 1751 1758 1759
f 1760 1758 1752
f 1754 1761 1753
f 1755 1762 1754
f 1756 1763 1755
f 1757 1759 1765
f 1758 1766 1759
f 1760 1766 1758
f 1762 1761 1754
f 1763 1762 1755
f 1764 1763 1756
f 1767 1765 1759
f 1766 1767 1759
f 1760 1768 1766
f 1769 1761 1762
f 1763 1770 1762
f 1764 1771 1763
f 1767 1773 1765
f 1766 1774 1767
f 1766 1768 1774
f 1770 1769 1762
f 1771 1770 1763
f 1764 1772 1771
f 1767 1775 1773
f 1767 1774 1775
f 1776 1774 1768
f 1777 1769 1770
f 1771 1778 1770
f 1779 1771 1772
f 1775 1781 1773
f 1782 1775 1774
f 1776 1782 1774
f 1777 1770 1778
f 1779 1778 1771
f 1779 1772 1780
f 1775 1783 1781
f 1782 1783 1775
f 1776 1784 1782
f 1777 1778 1785
f 1779 1786 1778
f 1779 1780 1787
f 1789 1781 1783
f 1790 1783 1782
f 1790 1782 1784
f 1786 1785 1778
f 1779 1787 1786
f 1788 1787 1780
f 1789 1783 1791
f 1790 1791 1783
f 1790 1784 1792
f 1793 1785 1786
f 1794 1786 1787
f 1788 1795 1787
f 1789 1791 1797
f 1790 1798 1791
f 1790 1792 1798
f 1794 1793 1786
f 1794 1787 1795
f 1788 1796 1795
f 1791 1799 1797
f 1798 1799 1791
f 1800 1798 1792
f 1801 1793 1794
f 1802 1794 1795
f 1803 1795 1796
f 1799 1805 1797
f 1806 1799 1798
f 1800 1806 1798
f 1802 1801 1794
f 1802 1795 1803
f 1803 1796 1804
f 1807 1805 1799
f 1806 1808 1799
f 1809 1801 1802
f 1802 1803 1810
f 1803 1804 1811
f 1807 1813 1805
f 1808 1807 1799
f 1806 1814 1808
f 1809 1802 1810
f 1810 1803 1811
f 1812 1811 1804
f 1807 1815 1813
f 1808 1816 1807
f 1808 1814 1817
f 1818 1809 1810
f 1819 1810 1811
f 1820 1811 1812
f 1807 1816 1815
f 1813 1815 1822
f 1808 1817 1816
f 1819 1818 1810
f 1820 1819 1811
f 1820 1812 1821
f 1815 1816 1823
f 1815 1824 1822
f 1817 1825 1816
f 1819 1826 1818
f 1827 1819 1820
f 1820 1821 1828
f 1816 1825 1823
f 1815 1823 1824
f 1822 1824 1830
f 1827 1826 1819
f 1827 1820 1828
f 1829 1828 1821
f 1825 1831 1823
f 1824 1823 1832
f 1824 1833 1830
f 1827 1834 1826
f 1827 1828 1835
f 1829 1836 1828
f 1823 1831 1832
f 1824 1832 1833
f 1833 1838 1830
f 1827 1835 1834
f 1828 1836 1835
f 1837 1836 1829
f 1831 1839 1832
f 1832 1840 1833
f 1841 1838 1833
f 1842 1834 1835
f 1843 1835 1836
f 1844 1836 1837
f 1832 1839 1840
f 1841 1833 1840
f 1841 1846 1838
f 1843 1842 1835
f 1844 1843 1836
f 1845 1844 1837
f 1839 1847 1840
f 1841 1840 1848
f 1841 1849 1846
f 1850 1842 1843
f 1851 1843 1844
f 1845 1852 1844
f 1848 1840 1847
f 1841 1848 1849
f 1846 1849 1854
f 1851 1850 1843
f 1851 1844 1852
f 1853 1852 1845
f 1848 1847 1855
f 1848 1856 1849
f 1857 1854 1849
f 1851 1858 1850
f 1859 1851 1852
f 1860 1852 1853
f 1848 1855 1856
f 1856 1857 1849
f 1857 1862 1854
f 1859 1858 1851
f 1860 1859 1852
f 1860 1853 1861
f 1855 1863 1856
f 1856 1864 1857
f 1865 1862 1857
f 1866 1858 1859
f 1867 1859 1860
f 1860 1861 1868
f 1856 1863 1864
f 1864 1865 1857
f 1865 1870 1862
f 1867 1866 1859
f 1867 1860 1868
f 1868 1861 1869
f 1864 1863 1871
f 1864 1872 1865
f 1865 1873 1870
f 1867 1874 1866
f 1867 1868 1875
f 1876 1868 1869
f 1864 1871 1872
f 1865 1872 1873
f 1873 1878 1870
f 1867 1879 1874
f 1876 1875 1868
f 1867 1875 1879
f 1877 1876 1869
f 1871 1880 1872
f 1872 1881 1873
f 1873 1882 1878
f 1883 1874 1879
f 1876 1884 1875
f 1875 1885 1879
f 1886 1876 1877
f 1872 1880 1881
f 1873 1881 1882
f 1878 1882 1888
f 1883 1879 1885
f 1886 1884 1876
f 1884 1885 1875
f 1887 1886 1877
f 1881 1880 1889
f 1881 1890 1882
f 1882 1891 1888
f 1883 1885 1892
f 1886 1893 1884
f 1884 1894 1885
f 1887 1895 1886
f 1881 1889 1890
f 1897 1882 1890
f 1897 1891 1882
f 1891 1898 1888
f 1894 1892 1885
f 1895 1893 1886
f 1893 1894 1884
f 1887 1896 1895
f 1889 1899 1890
f 1897 1890 1899
f 1897 1900 1891
f 1891 1901 1898
f 1902 1892 1894
f 1903 1893 1895
f 1893 1904 1894
f 1896 1905 1895
f 1897 1899 1907
f 1897 1907 1900
f 1900 1901 1891
f 1898 1901 1908
f 1902 1894 1904
f 1903 1904 1893
f 1905 1903 1895
f 1906 1905 1896
f 1900 1907 1909
f 1900 1910 1901
f 1908 1901 1911
f 1902 1904 1912
f 1913 1904 1903
f 1914 1903 1905
f 1915 1905 1906
f 1900 1909 1910
f 1901 1910 1911
f 1913 1912 1904
f 1913 1903 1914
f 1915 1914 1905
f 1915 1906 1916
f 1917 1910 1909
f 1918 1911 1910
f 1920 1912 1913
f 1921 1913 1914
f 1915 1922 1914
f 1923 1915 1916
f 1917 1918 1910
f 1918 1919 1911
f 1921 1920 1913
f 1921 1914 1922
f 1923 1922 1915
f 1917 1925 1918
f 1918 1926 1919
f 1921 1928 1920
f 1921 1922 1929
f 1930 1922 1923
f 1917 1924 1925
f 1918 1925 1926
f 1919 1926 1927
f 1921 1929 1928
f 1930 1929 1922
f 1930 1923 1931
f 1933 1925 1924
f 1925 1934 1926
f 1927 1926 1935
f 1937 1928 1929
f 1938 1929 1930
f 1939 1930 1931
f 1939 1931 1932
f 1933 1934 1925
f 1935 1926 1934
f 1927 1935 1936
f 1938 1937 1929
f 1939 1938 1930
f 1941 1939 1932
f 1941 1932 1940
f 1933 1942 1934
f 1935 1934 1943
f 1935 1944 1936
f 1938 1946 1937
f 1939 1947 1938
f 1941 1947 1939
f 1949 1941 1940
f 1942 1943 1934
f 1935 1943 1944
f 1936 1944 1945
f 1938 1947 1946
f 1941 1950 1947
f 1949 1940 1948
f 1949 1950 1941
f 1942 1951 1943
f 1943 1952 1944
f 1945 1944 1953
f 1947 1955 1946
f 1950 1955 1947
f 1949 1948 1956
f 1949 1958 1950
f 1943 1951 1952
f 1952 1953 1944
f 1945 1953 1954
f 1959 1955 1950
f 1957 1956 1948
f 1949 1956 1958
f 1958 1959 1950
f 1960 1952 1951
f 1952 1961 1953
f 1962 1954 1953
f 1957 1964 1956
f 1965 1958 1956
f 1967 1959 1958
f 1960 1961 1952
f 1962 1953 1961
f 1962 1963 1954
f 1966 1964 1957
f 1964 1965 1956
f 1965 1967 1958
f 1960 1968 1961
f 1962 1961 1969
f 1962 1970 1963
f 1966 1972 1964
f 1973 1965 1964
f 1965 1974 1967
f 1968 1969 1961
f 1962 1969 1970
f 1970 1971 1963
f 1975 1972 1966
f 1972 1973 1964
f 1973 1974 1965
f 1968 1976 1969
f 1970 1969 1977
f 1970 1978 1971
f 1980 1972 1975
f 1981 1973 1972
f 1973 1982 1974
f 1977 1969 1976
f 1970 1977 1978
f 1971 1978 1979
f 1980 1981 1972
f 1983 1980 1975
f 1981 1982 1973
f 1977 1976 1984
f 1977 1985 1978
f 1979 1978 1986
f 1987 1981 1980
f 1983 1988 1980
f 1981 1989 1982
f 1977 1984 1985
f 1978 1985 1986
f 1979 1986 1991
f 1987 1989 1981
f 1987 1980 1988
f 1983 1990 1988
f 1984 1992 1985
f 1986 1985 1993
f 1991 1986 1994
f 1987 1996 1989
f 1987 1988 1997
f 1990 1998 1988
f 1992 1993 1985
f 1986 1993 1994
f 1995 1991 1994
f 1987 1997 1996
f 1997 1988 1998
f 1999 1998 1990
f 1992 2000 1993
f 1993 2001 1994
f 1995 1994 2002
f 1997 2004 1996
f 2005 1997 1998
f 1999 2006 1998
f 2000 2001 1993
f 2001 2002 1994
f 1995 2002 2003
f 2005 2004 1997
f 2006 2005 1998
f 2007 2006 1999
f 2000 2008 2001
f 2009 2002 2001
f 2003 2002 2010
f 2012 2004 2005
f 2013 2005 2006
f 2007 2014 2006
f 2009 2001 2008
f 2009 2010 2002
f 2003 2010 2011
f 2013 2012 2005
f 2014 2013 2006
f 2016 2014 2007
f 2016 2007 2015
f 2009 2008 2017
f 2009 2018 2010
f 2010 2019 2011
f 2021 2012 2013
f 2022 2013 2014
f 2023 2014 2016
f 2016 2015 2024
f 2009 2017 2018
f 2010 2018 2019
f 2019 2020 2011
f 2021 2013 2022
f 2023 2022 2014
f 2025 2023 2016
f 2025 2016 2024
f 2017 2026 2018
f 2019 2018 2027
f 2019 2028 2020
f 2030 2021 2022
f 2031 2022 2023
f 2032 2023 2025
f 2033 2025 2024
f 2018 2026 2027
f 2019 2027 2028
f 2020 2028 2034
f 2020 2034 2029
f 2031 2030 2022
f 2032 2031 2023
f 2035 2032 2025
f 2035 2025 2033
f 2026 2036 2027
f 2037 2028 2027
f 2038 2034 2028
f 2039 2029 2034
f 2031 2041 2030
f 2042 2031 2032
f 2035 2043 2032
f 2044 2035 2033
f 2037 2027 2036
f 2037 2038 2028
f 2039 2034 2038
f 2039 2040 2029
f 2042 2041 2031
f 2042 2032 2043
f 2045 2043 2035
f 2045 2035 2044
f 2037 2036 2046
f 2037 2047 2038
f 2039 2038 2048
f 2039 2049 2040
f 2051 2041 2042
f 2042 2043 2052
f 2053 2043 2045
f 2045 2044 2054
f 2037 2046 2047
f 2038 2047 2048
f 2039 2048 2049
f 2049 2050 2040
f 2051 2042 2052
f 2053 2052 2043
f 2055 2053 2045
f 2055 2045 2054
f 2047 2056 2048
f 2049 2048 2057
f 2049 2058 2050
f 2051 2052 2060
f 2053 2061 2052
f 2062 2053 2055
f 2063 2055 2054
f 2048 2056 2057
f 2049 2057 2058
f 2059 2050 2058
f 2061 2060 2052
f 2062 2061 2053
f 2064 2062 2055
f 2064 2055 2063
f 2057 2056 2065
f 2057 2066 2058
f 2059 2058 2067
f 2069 2060 2061
f 2062 2070 2061
f 2064 2071 2062
f 2064 2063 2072
f 2057 2065 2066
f 2058 2066 2067
f 2059 2067 2068
f 2070 2069 2061
f 2062 2071 2070
f 2064 2073 2071
f 2064 2072 2073
f 2066 2065 2074
f 2066 2075 2067
f 2068 2067 2076
f 2070 2078 2069
f 2071 2079 2070
f 2080 2071 2073
f 2081 2073 2072
f 2066 2074 2075
f 2067 2075 2076
f 2068 2076 2077
f 2079 2078 2070
f 2080 2079 2071
f 2082 2080 2073
f 2082 2073 2081
f 2075 2074 2083
f 2075 2084 2076
f 2085 2077 2076
f 2080 2087 2079
f 2082 2088 2080
f 2082 2081 2089
f 2075 2083 2084
f 2085 2076 2084
f 2085 2086 2077
f 2080 2088 2087
f 2082 2091 2088
f 2090 2089 2081
f 2082 2089 2091
f 2092 2084 2083
f 2085 2084 2093
f 2085 2094 2086
f 2091 2097 2088
f 2090 2098 2089
f 2099 2091 2089
f 2092 2093 2084
f 2085 2093 2094
f 2086 2094 2095
f 2101 2097 2091
f 2100 2098 2090
f 2099 2089 2098
f 2099 2101 2091
f 2092 2102 2093
f 2094 2093 2103
f 2094 2104 2095
f 2095 2105 2096
f 2100 2107 2098
f 2107 2099 2098
f 2108 2101 2099
f 2093 2102 2103
f 2094 2103 2104
f 2095 2104 2105
f 2106 2096 2105
f 2100 2109 2107
f 2107 2108 2099
f 2110 2101 2108
f 2102 2111 2103
f 2103 2112 2104
f 2104 2113 2105
f 2106 2105 2114
f 2114 2107 2109
f 2107 2115 2108
f 2110 2108 2116
f 2103 2111 2112
f 2104 2112 2113
f 2105 2113 2114
f 2106 2114 2109
f 2114 2115 2107
f 2115 2116 2108
f 2117 2112 2111
f 2112 2118 2113
f 2113 2115 2114
f 2118 2116 2115
f 2117 2118 2112
f 2113 2118 2115
