o FMA3802_BP8221_FJ2723
v -20.8791 -151.36 1209.76
v -20.8477 -151.187 1209.99
v -20.8454 -150.77 1209.97
v -21.5288 -149.548 1207.55
v -21.5784 -149.16 1207.37
v -21.4259 -149.706 1206.92
v -21.2544 -149.839 1206.67
v -21.0716 -149.811 1206.29
v -21.4263 -149.947 1207.76
v -21.4466 -149.781 1208.02
v -21.4311 -149.183 1207.99
v -21.189 -150.588 1208.18
v -21.2167 -150.589 1208.61
v -21.1738 -150.572 1209.02
v -21.2062 -149.954 1208.95
v -21.2325 -149.366 1208.58
v -21.0341 -149.801 1209.22
v -20.9827 -149.349 1208.95
v -21.5756 -147.966 1204.2
v -21.3066 -147.603 1203.22
v -20.9218 -148.851 1204.42
v -20.8971 -147.969 1203.28
v -21.6528 -148.542 1205.57
v -21.6899 -148.156 1205.78
v -21.6917 -147.913 1205.13
v -21.5615 -147.518 1205.51
v -21.5112 -148.795 1205.34
v -21.3822 -148.607 1204.66
v -21.4466 -147.587 1206.03
v -21.6326 -149.018 1206.64
v -21.5323 -148.736 1207.33
v -21.6733 -148.571 1206.4
v -21.599 -147.994 1206.21
v -21.4304 -148.157 1206.97
v -21.1054 -148.083 1207.41
v -21.1168 -147.754 1206.92
v -21.2792 -148.611 1207.82
v -20.9154 -148.845 1208.53
v -21.736 -146.137 1202.77
v -21.35 -146.942 1202.56
v -21.126 -146.699 1202.09
v -20.9272 -147.125 1202.39
v -20.9073 -146.372 1201.65
v -21.7476 -146.795 1203.85
v -21.7267 -145.847 1203.09
v -21.712 -147.369 1203.96
v -21.5833 -146.924 1202.95
v -21.5963 -146.605 1204.41
v -21.3619 -146.313 1204.54
v -21.1271 -146.99 1205.6
v -21.094 -146.109 1204.6
v -21.3164 -145.141 1200.97
v -21.103 -145.769 1201.26
v -21.0987 -145.136 1200.76
v -21.5812 -145.353 1201.58
v -21.6906 -144.956 1201.76
v -21.6872 -144.723 1201.93
v -21.4145 -145.835 1201.64
v -21.2891 -144.523 1202.79
v -20.9109 -144.669 1203.23
v -21.1203 -142.793 1199.4
v -21.5562 -144.175 1200.82
v -21.6381 -144.16 1201.18
v -21.5169 -143.319 1201.19
v -21.4057 -143.907 1200.35
v -21.4735 -142.61 1200.16
v -21.1112 -144.199 1200.14
v -21.103 -143.561 1199.77
v -21.5394 -144.249 1202.09
v -21.1217 -142.711 1201.41
v -21.2518 -142.392 1199.4
v -21.1949 -141.353 1198.97
v -21.0589 -141.971 1198.98
v -20.9601 -141.131 1198.57
v -21.3923 -142.488 1199.74
v -20.6999 -141.866 1201.12
v -21.194 -140.382 1198.8
v -21.227 -140.769 1199.81
v -21.0069 -139.858 1199.69
v -20.9167 -140.798 1200.32
v -20.8636 -139.414 1198.01
v -20.8537 -137.975 1197.78
v -21.0175 -138.797 1198.18
v -20.9939 -138.087 1198.22
v -20.7527 -136.99 1197.6
v -20.7606 -136.536 1197.94
v -20.8433 -137.258 1198.48
v -19.4352 -154.148 1212.18
v -19.3324 -154.323 1211.95
v -19.3282 -154.003 1211.1
v -19.3139 -154.102 1212.72
v -20.2239 -152.735 1210.36
v -20.2073 -152.816 1210.81
v -19.6759 -152.987 1209.89
v -20.2586 -152.626 1211.04
v -20.1591 -152.588 1211.4
v -19.7038 -153.033 1212.23
v -19.7407 -153.521 1210.93
v -19.692 -152.546 1212.16
v -19.3239 -152.365 1212.39
v -19.1467 -153.625 1213.06
v -19.9244 -150.941 1207.52
v -20.4757 -151.633 1208.62
v -20.2709 -151.322 1208.02
v -19.2766 -152.035 1208.82
v -20.6511 -151.924 1209.75
v -20.6172 -151.989 1210.21
v -20.6327 -151.797 1210.42
v -20.4874 -152.081 1209.49
v -20.3048 -150.645 1210.6
v -20.3199 -151.956 1211.14
v -20.2565 -151.524 1211.13
v -19.9099 -151.575 1211.51
v -19.6951 -151.046 1211.27
v -19.2762 -150.715 1211.03
v -20.5208 -149.122 1204.67
v -19.7199 -149.342 1205.58
v -20.6828 -149.949 1206.18
v -20.2748 -149.919 1206.09
v -19.7077 -150.178 1206.74
v -19.31 -150.629 1207.58
v -19.2229 -149.756 1206.96
v -20.7088 -149.293 1209.17
v -19.1461 -149.219 1208.62
v -20.6709 -150.553 1210.17
v -20.6937 -149.784 1209.62
v -20.1201 -150.397 1210.54
v -20.141 -149.578 1209.75
v -19.7035 -150.4 1210.69
v -19.7064 -149.61 1209.8
v -20.5215 -147.416 1202.59
v -20.5359 -148.769 1204.15
v -20.5073 -148.156 1203.4
v -20.1516 -148.894 1204.37
v -20.1226 -147.865 1203.18
v -19.7544 -148.771 1204.54
v -19.4034 -148.989 1205.63
v -19.4204 -148.467 1204.69
v -19.1992 -148.597 1206.01
v -19.228 -148.168 1205
v -19.2164 -148.194 1206.03
v -19.2809 -147.84 1204.46
v -19.2204 -147.767 1205.22
v -20.7214 -147.709 1207.18
v -20.3279 -147.901 1207.56
v -20.3434 -147.43 1206.78
v -20.1103 -147.489 1206.8
v -19.4979 -148.003 1206.99
v -19.1359 -148.773 1206.95
v -19.3008 -148.207 1206.76
v -20.709 -148.134 1207.81
v -20.5151 -148.811 1208.77
v -20.3215 -148.365 1208.25
v -20.1088 -148.772 1208.79
v -19.9445 -148.243 1207.98
v -19.6647 -148.835 1208.7
v -19.7154 -148.202 1207.71
v -20.5339 -145.966 1201.21
v -20.5364 -146.46 1201.65
v -20.1378 -146.716 1201.98
v -19.9099 -145.944 1201.39
v -19.7297 -146.695 1202.3
v -19.5868 -145.909 1201.72
v -19.4623 -146.363 1202.43
v -19.3027 -146.033 1202.86
v -20.1217 -145.919 1204.49
v -19.3774 -146.561 1204.17
v -20.7354 -146.862 1205.71
v -20.3269 -146.877 1205.78
v -19.7283 -146.966 1205.5
v -19.3778 -147.388 1205.44
v -19.256 -147.349 1204.54
v -20.7222 -147.348 1206.57
v -20.721 -145.357 1200.74
v -20.7056 -144.561 1200.15
v -20.313 -144.394 1199.99
v -20.1444 -145.174 1200.61
v -19.7211 -144.743 1200.53
v -19.4166 -144.581 1200.81
v -19.2835 -144.837 1201.52
v -19.2899 -144.969 1202.21
v -20.7026 -145.757 1204.4
v -20.4994 -144.622 1203.27
v -19.9433 -144.709 1203.16
v -19.5419 -145.331 1203.27
v -20.7212 -143.736 1199.62
v -20.7353 -142.734 1199.08
v -20.3216 -143.784 1199.58
v -20.3335 -142.765 1198.97
v -19.9269 -142.78 1199.03
v -19.9399 -143.991 1199.8
v -19.7152 -143.708 1199.75
v -19.3489 -143.165 1199.78
v -19.1817 -143.595 1201.02
v -19.1914 -142.813 1199.84
v -20.7209 -143.606 1202.37
v -20.7269 -142.775 1201.72
v -20.3165 -143.372 1202.22
v -19.7265 -143.566 1202.09
v -19.5178 -142.617 1201.31
v -19.2728 -143.489 1201.37
v -20.7271 -141.553 1198.53
v -20.5037 -141.753 1198.51
v -20.1098 -141.76 1198.46
v -19.7287 -141.75 1198.54
v -19.5162 -142.132 1198.89
v -20.3224 -141.621 1201.07
v -19.9275 -141.834 1201.14
v -20.3362 -142.576 1201.66
v -20.5211 -140.788 1198.13
v -20.5075 -139.953 1197.85
v -20.126 -140.582 1197.96
v -20.0911 -139.566 1197.61
v -19.7362 -140.806 1198.09
v -19.5316 -139.858 1197.79
v -19.3145 -139.98 1197.96
v -20.7209 -140.606 1198.19
v -19.5169 -140.944 1198.25
v -19.1606 -140.422 1198.33
v -20.6905 -139.269 1199.74
v -20.5124 -140.397 1200.37
v -19.962 -140.348 1200.41
v -19.5318 -140.898 1200.48
v -20.6949 -138.116 1197.57
v -20.3363 -138.386 1197.35
v -20.3056 -139.138 1199.88
v -19.6653 -138.937 1199.82
v -19.3265 -139.397 1199.8
v -20.518 -136.818 1197.21
v -20.3005 -136.925 1197.02
v -19.9085 -136.83 1196.81
v -19.3165 -136.498 1196.65
v -20.5503 -136.479 1198.6
v -20.3731 -136.553 1198.83
v -20.144 -136.895 1199.12
v -19.7366 -136.448 1199.05
v -19.8927 -135.371 1196.5
v -19.7194 -135.624 1196.43
v -19.309 -135.752 1196.34
v -20.3396 -136.117 1196.97
v -20.5219 -136.172 1197.23
v -20.4916 -135.587 1197.39
v -20.4804 -135.622 1198
v -20.4606 -135.395 1197.59
v -20.3615 -135.153 1197.37
v -20.2574 -135.186 1196.99
v -20.1866 -134.784 1197.58
v -19.9484 -134.947 1196.56
v -19.9236 -134.643 1197.97
v -20.3681 -135.783 1198.4
v -20.1128 -136.04 1198.78
v -20.1019 -135.544 1198.52
v -20.1238 -135.107 1198.17
v -19.7361 -135.568 1198.71
v -19.7268 -134.803 1198.28
v -19.3208 -136.012 1198.9
v -19.3327 -135.131 1198.57
v -19.5419 -133.947 1196.39
v -19.1313 -134.191 1195.8
v -19.2997 -133.983 1196
v -20.0758 -134.595 1197
v -19.8351 -134.384 1196.59
v -19.8968 -134.341 1197.58
v -19.8526 -134.175 1196.99
v -19.7136 -134.431 1197.98
v -19.5374 -133.757 1196.77
v -19.5027 -134.087 1197.77
v -19.5092 -133.77 1197.19
v -19.3276 -134.411 1198.17
v -17.8846 -156.144 1213.04
v -17.9632 -156.373 1214.19
v -17.6955 -156.72 1214.12
v -18.7179 -155.146 1212.36
v -18.1629 -155.259 1211.97
v -18.7763 -155.2 1212.83
v -18.5665 -155.407 1213.63
v -18.3253 -155.24 1214.26
v -19.0642 -153.244 1209.98
v -18.5291 -153.474 1210.25
v -18.5383 -152.465 1209.56
v -17.8877 -153.544 1210.63
v -17.3807 -153.744 1211.18
v -19.1389 -153.174 1212.94
v -18.8554 -152.442 1212.67
v -18.6257 -153.537 1213.49
v -18.2646 -152.374 1212.65
v -18.9069 -151.734 1208.79
v -18.7281 -151.336 1208.75
v -18.8426 -150.749 1210.89
v -18.323 -152.229 1209.64
v -18.2775 -151.751 1209.57
v -18.2485 -151.207 1209.79
v -18.3715 -151.068 1210.81
v -18.2557 -151.064 1210.27
v -18.8046 -152.019 1212.33
v -19.0213 -149.585 1207.41
v -19.0152 -150.366 1207.79
v -18.9484 -149.493 1207.91
v -19.0684 -149.166 1208.15
v -18.748 -149.998 1209
v -18.6846 -150.595 1208.6
v -18.7118 -150.136 1208.72
v -18.9923 -141.514 1199.6
v -19.0642 -141.002 1198.82
v -18.9302 -140.618 1198.93
v -19.0767 -140.383 1199.83
v -18.9282 -137.312 1197.18
v -18.65 -137.529 1197.71
v -19.1071 -137.874 1199.23
v -18.6072 -137.432 1198.4
v -18.7503 -135.59 1196.28
v -18.7207 -135.162 1195.98
v -18.4979 -135.364 1196.17
v -18.4948 -134.735 1195.64
v -18.3033 -135.549 1196.5
v -18.1317 -134.92 1195.78
v -17.9143 -135.112 1196.17
v -17.5405 -134.955 1196.39
v -18.5486 -135.836 1196.59
v -18.2334 -135.84 1197.02
v -18.0935 -135.6 1197.6
v -17.9279 -135.294 1196.59
v -17.7873 -135.165 1197.14
v -17.7743 -134.773 1197.54
v -18.9025 -135.595 1198.64
v -18.936 -134.993 1198.47
v -18.5376 -135.706 1198.39
v -18.1364 -133.596 1194.99
v -17.6999 -133.159 1194.7
v -19.0871 -134.607 1195.82
v -19.0838 -133.553 1195.97
v -19.1087 -133.368 1196.34
v -18.7667 -133.149 1195.96
v -18.5202 -133.387 1195.38
v -18.5086 -133.16 1195.51
v -17.9431 -133.943 1194.93
v -17.8579 -134.371 1195.16
v -19.1141 -133.684 1197.57
v -19.0907 -133.421 1197.16
v -19.1359 -133.352 1196.78
v -18.9336 -134.024 1197.96
v -18.8707 -133.424 1197.36
v -18.7216 -133.035 1196.58
v -18.5221 -133.972 1197.9
v -18.539 -133.577 1197.61
v -18.1259 -133.965 1197.76
v -18.1198 -133.564 1197.55
v -18.1257 -133.132 1197.17
v -17.8893 -134.192 1197.69
v -17.6462 -133.553 1197.35
v -17.7098 -133.172 1197.14
v -18.9223 -134.364 1198.19
v -18.5271 -134.554 1198.17
v -17.7309 -132.783 1194.96
v -18.531 -132.897 1196.18
v -18.131 -132.828 1195.41
v -18.1297 -132.685 1195.79
v -18.1218 -132.673 1196.19
v -17.7095 -132.521 1195.38
v -17.7286 -132.474 1195.78
v -18.3501 -132.931 1196.79
v -17.8918 -132.715 1196.56
v -15.979 -158.739 1217.39
v -16.9233 -157.11 1213.79
v -16.3162 -157.552 1214.17
v -16.1125 -157.359 1213.98
v -17.3031 -157.166 1215.37
v -17.0656 -157.57 1215.21
v -17.1192 -157.25 1214.19
v -16.6856 -157.957 1215.22
v -16.337 -158.093 1214.99
v -16.6835 -158.009 1216.03
v -16.299 -158.051 1217.1
v -16.2304 -157.45 1217.2
v -16.8436 -156.584 1213.16
v -16.5585 -156.493 1213.12
v -16.421 -156.201 1212.98
v -17.3192 -155.91 1215.57
v -17.3109 -156.957 1215.57
v -16.9431 -155.552 1215.64
v -16.6553 -155.366 1215.59
v -16.0355 -155.062 1213.11
v -16.5642 -154.509 1214.59
v -17.4948 -153.104 1210.94
v -17.4754 -152.48 1211.66
v -17.1687 -153.16 1211.63
v -17.0994 -153.561 1213.57
v -17.0268 -153.377 1213.11
v -16.6389 -153.791 1213
v -17.5144 -134.616 1195.41
v -17.1847 -134.715 1195.91
v -16.9154 -133.942 1194.4
v -16.722 -133.154 1193.96
v -16.1625 -134.181 1194.49
v -16.9784 -134.582 1196.19
v -16.5687 -134.358 1195.99
v -16.6244 -134.179 1196.38
v -16.2269 -133.417 1196.36
v -16.0881 -133.947 1195.99
v -17.2614 -134.159 1197.15
v -17.1339 -134.576 1196.61
v -17.0607 -134.358 1196.79
v -16.6447 -133.973 1196.57
v -16.596 -133.167 1196.58
v -16.9099 -132.751 1194.21
v -16.8967 -132.272 1194.78
v -15.9836 -132.551 1193.55
v -16.0993 -132.205 1193.97
v -16.1172 -131.995 1194.78
v -17.5211 -132.432 1195.98
v -17.3148 -132.32 1195.56
v -17.1 -132.294 1195.75
v -16.9506 -132.37 1195.99
v -16.6781 -132.499 1196.14
v -16.7346 -132.142 1195.19
v -16.5036 -132.128 1195.37
v -16.304 -132.196 1195.57
v -17.4951 -132.825 1196.75
v -16.8377 -132.939 1196.6
v -14.9448 -160.213 1218.11
v -14.5162 -160.732 1218.77
v -14.5574 -160.438 1218.1
v -14.8287 -160.554 1219.56
v -14.7627 -160.554 1219.99
v -14.7143 -160.647 1219.01
v -14.3216 -160.944 1220.4
v -14.6664 -160.37 1220.58
v -15.4393 -158.907 1215.87
v -15.2966 -158.636 1215.45
v -15.6062 -159.291 1217.12
v -15.4126 -159.363 1216.81
v -14.5436 -159.276 1216.36
v -15.1634 -160.121 1218.9
v -15.3311 -159.744 1219.12
v -15.2949 -159.54 1219.47
v -15.0851 -160.151 1219.57
v -15.0388 -159.959 1220
v -14.929 -159.582 1220.37
v -15.1385 -159.33 1219.89
v -15.1262 -158.907 1219.69
v -14.7554 -159.379 1220.58
v -14.7145 -159.948 1220.73
v -14.6586 -159.112 1220.5
v -14.3596 -160.183 1221.26
v -14.363 -158.975 1220.6
v -15.7434 -157.173 1213.96
v -15.9213 -158.341 1215.15
v -15.7151 -157.972 1214.65
v -15.3483 -157.766 1214.58
v -15.1027 -158.382 1215.22
v -15.1336 -157.564 1214.58
v -14.7306 -158.17 1215.23
v -14.5654 -157.926 1215.23
v -15.865 -158.606 1217.9
v -15.9192 -157.224 1217.41
v -15.7207 -158.208 1218.19
v -15.4996 -157.811 1218.24
v -15.6331 -157.027 1217.46
v -15.0932 -158.063 1218.87
v -15.1487 -157.644 1218.34
v -15.1458 -157.148 1217.76
v -14.9235 -157.558 1218.3
v -14.7497 -157.161 1217.69
v -14.6377 -158.577 1219.8
v -14.725 -158.125 1219.08
v -15.5739 -156.685 1213.81
v -15.1404 -156.65 1214.28
v -15.874 -155.917 1216.23
v -15.1481 -156.387 1216.72
v -14.466 -156.664 1216.26
v -14.5698 -156.715 1216.76
v -15.8681 -155.169 1215.09
v -15.7828 -155.075 1214.68
v -15.5204 -155.369 1214.31
v -15.5508 -133.158 1193.2
v -15.4739 -134.135 1194.8
v -15.2055 -133.935 1195.08
v -14.7383 -132.58 1192.65
v -15.5758 -131.918 1194.09
v -15.4023 -131.856 1194.32
v -15.2352 -132.098 1193.33
v -15.1538 -131.952 1193.49
v -15.3369 -131.937 1194.77
v -14.9082 -131.8 1194.25
v -15.5615 -132.356 1195.51
v -15.58 -132.145 1195.25
v -14.3048 -160.745 1218.58
v -14.3724 -160.118 1217.5
v -13.9267 -160.754 1218.56
v -13.3129 -160.327 1218.86
v -14.322 -160.982 1219.37
v -14.3361 -161.004 1219.93
v -14.1357 -161.019 1219.17
v -13.9319 -161.19 1219.6
v -13.9261 -161.25 1220.2
v -13.915 -161.071 1219.18
v -13.6989 -161.328 1220.02
v -13.515 -161.306 1219.8
v -13.4854 -161.161 1219.46
v -13.491 -160.845 1218.98
v -12.7936 -160.352 1219.82
v -14.1139 -160.758 1221.24
v -13.8449 -161.143 1221.06
v -13.4881 -161.413 1220.82
v -13.1036 -161.5 1220.61
v -13.0054 -161.543 1221.18
v -13.1428 -160.564 1222.92
v -12.7539 -161.14 1223.1
v -12.6882 -160.755 1223.67
v -14.3455 -158.941 1216.11
v -14.1035 -159.682 1217.06
v -14.0629 -158.973 1216.41
v -13.8705 -159.543 1217.16
v -13.8239 -159.011 1216.84
v -13.6114 -160.114 1218.12
v -13.5792 -159.162 1218.17
v -13.6828 -158.886 1218.66
v -13.5034 -159.827 1218.23
v -14.2964 -158.578 1219.74
v -13.7225 -158.979 1220.2
v -13.7194 -158.977 1219.76
v -13.2587 -159.7 1219.37
v -13.2515 -159.364 1220.17
v -12.766 -159.768 1220.36
v -14.2591 -159.771 1221.43
v -14.062 -159.361 1221.41
v -14.1137 -158.905 1220.55
v -13.8927 -159.116 1221.18
v -13.4963 -159.082 1220.84
v -12.9455 -159.365 1220.78
v -12.8028 -159.209 1221.51
v -13.1824 -160.153 1222.93
v -13.0655 -159.753 1222.92
v -12.9787 -159.387 1222.6
v -14.2685 -157.744 1215.53
v -14.3062 -157.446 1215.46
v -14.1832 -158.527 1215.95
v -14.2109 -157.297 1215.7
v -14.2494 -157.051 1215.85
v -14.2077 -157.17 1216.96
v -14.3333 -157.197 1217.31
v -13.9679 -158.361 1216.19
v -14.0219 -157.762 1215.97
v -13.9943 -157.556 1216.18
v -14.1311 -157.149 1216.38
v -13.8091 -158.423 1216.64
v -13.7803 -158.252 1216.87
v -13.8819 -157.974 1216.39
v -13.8866 -157.802 1216.85
v -14.3307 -158.041 1218.71
v -14.008 -158.416 1218.82
v -14.1126 -157.629 1217.6
v -14.3664 -156.784 1215.93
v -14.285 -133.189 1192.48
v -13.6358 -133.508 1192.45
v -14.2236 -133.329 1194.82
v -14.3115 -132.78 1192.37
v -14.2425 -132.153 1192.5
v -13.49 -132.553 1191.87
v -13.3322 -132.773 1191.81
v -13.2992 -132.172 1191.84
v -14.1422 -132.781 1194.88
v -13.4543 -132.212 1194.26
v -12.9844 -131.794 1193.66
v -12.6655 -160.935 1219.99
v -12.266 -160.722 1220.42
v -12.327 -160.372 1220.43
v -12.7645 -161.457 1220.54
v -12.3359 -161.56 1221.17
v -12.2728 -161.64 1221.67
v -12.3339 -161.377 1220.76
v -12.0195 -160.372 1220.78
v -11.5248 -161.559 1222.01
v -11.4972 -161.146 1221.4
v -11.3289 -161.336 1221.79
v -12.3571 -161.525 1222.94
v -12.5868 -160.356 1224.03
v -11.7246 -161.505 1224.76
v -11.5229 -161.699 1224.39
v -11.3042 -161.652 1225.21
v -11.5983 -160.77 1226.31
v -11.383 -161.171 1226.34
v -12.2648 -160.138 1220.65
v -12.2574 -159.72 1221.06
v -12.0992 -159.457 1221.63
v -12.7475 -159.247 1222.53
v -11.8842 -159.229 1223.68
v -11.3808 -159.134 1223.53
v -12.6229 -159.964 1223.76
v -12.1667 -159.941 1224.77
v -12.3457 -159.568 1223.8
v -11.6758 -159.547 1225.29
v -11.4042 -159.215 1224.7
v -12.1491 -133.26 1191.6
v -11.3174 -133.315 1191.59
v -11.3016 -133.098 1191.19
v -12.8042 -133.543 1192.24
v -11.9189 -133.396 1191.78
v -12.0815 -133.531 1192.28
v -12.5427 -132.966 1191.5
v -12.327 -132.559 1191.23
v -12.0443 -132.128 1191.1
v -11.537 -132.959 1191.1
v -11.354 -132.571 1190.81
v -11.3268 -132.178 1190.71
v -11.4797 -131.595 1191
v -12.8404 -131.583 1193.24
v -12.6656 -131.635 1191.87
v -12.4436 -131.45 1192.05
v -11.5213 -131.771 1193.02
v -11.5124 -131.503 1192.75
v -11.2939 -131.317 1191.18
v -12.338 -131.378 1192.33
v -11.2102 -161.779 1224.2
v -10.655 -161.782 1224.9
v -11.1821 -160.758 1221.61
v -11.1484 -160.364 1221.71
v -11.152 -161.739 1223.32
v -10.7325 -161.621 1223.37
v -10.7402 -161.42 1222.77
v -10.7369 -161.16 1222.37
v -10.5868 -160.777 1222.35
v -10.5829 -160.372 1222.37
v -10.3596 -161.162 1223
v -10.3557 -160.951 1222.78
v -10.2412 -161.415 1223.77
v -10.2645 -160.565 1222.79
v -10.0577 -161.149 1223.65
v -9.99578 -160.77 1223.39
v -9.91539 -160.365 1223.49
v -11.0777 -161.756 1225.01
v -10.7362 -161.739 1223.99
v -10.2601 -161.61 1224.39
v -11.0776 -161.503 1226.26
v -10.6519 -161.655 1226.49
v -10.7854 -160.747 1228.21
v -10.8174 -160.377 1228.29
v -10.4115 -161.3 1228.17
v -9.89499 -161.699 1227.18
v -10.4769 -160.963 1228.63
v -9.69124 -161.534 1228.82
v -9.9078 -160.577 1230.12
v -10.8008 -159.808 1222.48
v -10.962 -159.483 1222.72
v -11.0055 -159.292 1223.11
v -10.4215 -159.769 1222.98
v -10.322 -160.16 1222.8
v -10.3188 -159.554 1223.49
v -9.95135 -159.965 1223.65
v -10.7026 -159.21 1223.86
v -10.7106 -159.105 1225.2
v -10.2918 -159.155 1225.09
v -9.96266 -159.268 1225.14
v -10.5985 -159.579 1228.25
v -10.3564 -159.26 1228.06
v -9.74589 -159.01 1228.29
v -10.721 -159.977 1228.41
v -9.92773 -159.368 1229.38
v -9.6812 -159.164 1229.34
v -9.80203 -160.165 1230.38
v -9.84366 -159.754 1230.08
v -10.5394 -133.103 1191.19
v -10.0977 -133.031 1191.19
v -9.967 -133 1191.61
v -11.1747 -133.295 1192.33
v -10.7412 -133.249 1191.76
v -10.7133 -132.745 1190.71
v -10.5565 -132.17 1190.39
v -10.3672 -131.698 1190.29
v -10.3437 -132.877 1190.79
v -9.91601 -132.847 1190.78
v -9.9085 -132.342 1190.26
v -9.75686 -132.547 1190.4
v -10.7386 -132.2 1192.83
v -10.3666 -132.765 1192.42
v -10.3173 -131.75 1192.54
v -9.83786 -132.3 1192.34
v -9.83847 -131.915 1192.39
v -10.9668 -131.091 1191.4
v -10.0771 -130.854 1190.76
v -10.0535 -130.785 1191.03
v -10.9913 -131.104 1191.83
v -10.3142 -131.35 1192.3
v -10.2875 -130.971 1191.75
v -9.00054 -161.571 1227.91
v -8.57573 -161.335 1227.86
v -8.46485 -160.961 1227.34
v -8.28686 -160.37 1227.33
v -8.89974 -161.642 1229.37
v -8.35868 -161.558 1229.2
v -9.06186 -161.168 1231.13
v -8.32405 -161.651 1231.08
v -8.89959 -160.948 1231.72
v -8.90509 -160.553 1231.96
v -7.90187 -160.389 1233.57
v -9.03877 -159.577 1226.27
v -9.20964 -158.961 1228.16
v -8.25335 -159.966 1227.5
v -9.31367 -159.178 1230.08
v -9.10132 -159.011 1229.82
v -8.51458 -158.94 1229.98
v -8.33088 -159.005 1229.34
v -9.50882 -159.383 1230.22
v -9.24951 -159.765 1231.16
v -8.92323 -159.381 1231.19
v -8.48828 -159.132 1231.24
v -8.29315 -159.011 1231
v -8.70889 -159.763 1232.03
v -8.56534 -160.153 1232.5
v -7.97888 -159.519 1232.77
v -9.27921 -132.159 1190.05
v -8.93211 -131.577 1189.74
v -8.32597 -132.046 1190
v -8.31398 -131.748 1189.72
v -9.47581 -132.846 1191.17
v -9.32636 -132.728 1190.77
v -9.32417 -132.707 1191.57
v -9.3032 -132.516 1190.38
v -8.72157 -132.408 1190.39
v -8.54767 -132.429 1190.6
v -8.41266 -132.376 1190.99
v -8.53072 -132.294 1191.38
v -8.33572 -131.543 1191.73
v -8.11106 -132.192 1190.37
v -7.948 -132.159 1190.59
v -8.14973 -131.768 1191.54
v -9.62996 -130.991 1190.15
v -8.32553 -130.157 1189.81
v -8.07826 -130.778 1189.4
v -7.90881 -129.718 1189.95
v -9.07783 -130.362 1190.61
v -8.87518 -130.504 1191.37
v -9.14377 -131.163 1191.93
v -8.47265 -131.139 1191.76
v -7.90728 -161.334 1229.22
v -7.53659 -160.985 1229.27
v -7.59844 -160.573 1228.81
v -7.54756 -161.755 1231.44
v -6.87748 -161.573 1231.32
v -7.83663 -161.182 1233.34
v -7.79449 -161.523 1232.82
v -7.39595 -161.685 1233.14
v -7.80999 -160.794 1233.67
v -7.42176 -159.775 1229.29
v -7.27349 -160.178 1229.35
v -7.36028 -159.043 1231.83
v -7.26943 -159.058 1231.44
v -6.77985 -159.295 1231.31
v -7.29162 -159.336 1233.29
v -7.19728 -159.149 1232.77
v -7.57409 -159.986 1233.87
v -7.35197 -131.713 1190
v -7.32196 -131.412 1189.59
v -7.91868 -132.088 1190.97
v -7.5235 -131.914 1190.38
v -7.33532 -131.799 1190.59
v -7.35674 -131.649 1190.98
v -6.93776 -131.555 1190.35
v -7.69091 -130.936 1189.31
v -7.53957 -131.166 1189.37
v -7.22477 -129.981 1189.14
v -6.70998 -131.293 1189.79
v -6.72331 -130.77 1189.2
v -6.74356 -130.565 1189.09
v -6.49196 -129.94 1188.9
v -7.65983 -130.697 1191.45
v -7.59879 -130.219 1191.27
v -7.05298 -130.909 1191.23
v -6.7196 -131.35 1190.57
v -6.93932 -130.527 1191.22
v -6.46585 -130.954 1190.79
v -7.37753 -129.367 1190.41
v -6.92077 -129.531 1190.89
v -6.56911 -129.684 1190.99
v -5.82684 -161.891 1235.64
v -5.29001 -162.134 1235.5
v -5.43329 -162.053 1235.81
v -4.60283 -161.963 1237.65
v -6.0184 -161.187 1231.81
v -6.0049 -160.594 1231.47
v -6.23434 -161.575 1235.55
v -5.37837 -160.943 1237.31
v -5.3757 -160.545 1237.24
v -4.96113 -161.51 1237.72
v -4.74217 -160.945 1238.37
v -6.22921 -160.159 1231.15
v -5.14922 -159.796 1233.24
v -5.2635 -159.781 1236.58
v -5.07595 -160.119 1237.35
v -6.32244 -130.823 1189.38
v -6.13027 -130.983 1190
v -5.92723 -130.737 1189.59
v -5.71664 -130.66 1189.97
v -5.77882 -130.005 1188.91
v -5.5339 -130.226 1189.19
v -5.32818 -130.294 1189.58
v -5.18847 -130.175 1189.98
v -5.05958 -129.89 1189.17
v -5.93622 -130.754 1190.36
v -5.32815 -130.096 1190.37
v -5.30168 -129.747 1190.57
v -5.32397 -128.967 1188.54
v -6.09916 -128.713 1188.88
v -5.32157 -129.358 1188.66
v -5.12702 -129.577 1188.81
v -4.74005 -129.708 1189.95
v -5.88796 -128.904 1190.68
v -5.66105 -129.095 1190.75
v -5.29262 -129.306 1190.67
v -5.49863 -127.662 1189.15
v -5.27464 -127.629 1189.99
v -4.41391 -162.207 1235.85
v -3.9354 -162.073 1235.76
v -4.03636 -162.291 1237.36
v -3.26557 -162.361 1237.76
v -4.09018 -160.348 1239.23
v -4.18085 -159.518 1236.02
v -3.57809 -159.703 1236.34
v -3.51357 -160.106 1235.49
v -4.75954 -159.684 1236.96
v -4.45016 -159.491 1236.39
v -4.34444 -159.96 1238.16
v -3.90101 -159.836 1238.44
v -3.71993 -160.141 1239.55
v -3.90737 -159.699 1237.9
v -3.29932 -159.963 1239.82
v -4.72344 -128.555 1188.42
v -4.71408 -129.752 1189.57
v -4.71119 -129.35 1188.83
v -4.49093 -128.908 1188.61
v -4.12168 -129.094 1189.17
v -3.90457 -128.913 1189.38
v -3.96386 -128.72 1188.8
v -3.54808 -128.447 1189.59
v -4.48399 -129.217 1190.16
v -4.86301 -128.11 1188.39
v -4.3317 -127.788 1188.25
v -4.33669 -127.391 1188.27
v -4.12861 -127.984 1188.28
v -3.90415 -127.491 1188.19
v -3.52814 -126.77 1188.08
v -3.35394 -127.573 1188.31
v -3.3078 -127.128 1188.13
v -3.51718 -128.105 1188.58
v -3.40438 -127.053 1190.14
v -4.25228 -127.19 1190.18
v -3.79087 -126.274 1188.28
v -3.31905 -125.399 1188.39
v -3.65044 -126.088 1189.85
v -2.75399 -162.258 1237.75
v -2.75634 -162.108 1237.29
v -2.13934 -161.979 1237.98
v -1.89994 -162.233 1239.05
v -1.76242 -161.967 1238.7
v -2.17073 -162.482 1240.7
v -1.93897 -162.419 1239.76
v -1.99345 -162.494 1240.46
v -2.38366 -161.965 1242.14
v -2.25892 -162.399 1241.12
v -2.18279 -162.261 1241.83
v -1.73635 -162.25 1242.58
v -1.58863 -162.141 1242.99
v -3.31538 -161.755 1235.93
v -3.25524 -160.339 1235.68
v -2.98468 -161.517 1236.13
v -2.88884 -160.577 1236.11
v -2.78269 -160.366 1236.45
v -2.70279 -160.983 1236.32
v -2.55501 -161.77 1236.99
v -2.08292 -161.554 1237.54
v -2.10847 -160.944 1237.33
v -2.15723 -160.58 1237.46
v -2.0415 -160.387 1238.07
v -1.94878 -161.164 1237.61
v -1.81167 -160.953 1237.95
v -1.73403 -161.353 1238.12
v -1.76131 -161.747 1238.36
v -1.58294 -161.764 1238.83
v -1.54383 -161.394 1238.67
v -1.62682 -160.984 1238.47
v -2.99961 -161.152 1241.78
v -2.941 -160.593 1241.77
v -2.7576 -161.564 1241.99
v -2.5224 -160.759 1242.6
v -2.61892 -160.361 1242.11
v -2.4549 -161.165 1242.74
v -2.03387 -160.343 1243.04
v -2.254 -161.365 1242.97
v -2.04867 -161.767 1242.95
v -2.00752 -160.975 1243.39
v -1.8045 -161.377 1243.56
v -1.67729 -160.535 1243.69
v -1.6871 -161.775 1243.4
v -3.18581 -159.976 1236.32
v -2.53134 -159.969 1237.97
v -2.94386 -159.826 1239.58
v -2.63054 -159.829 1239.02
v -2.89639 -160.069 1240.99
v -2.5349 -159.906 1240.94
v -2.11819 -159.874 1241.12
v -1.6923 -159.841 1242.35
v -2.56431 -126.945 1188.38
v -2.5533 -126.611 1188.18
v -2.75615 -127.579 1189.16
v -2.99123 -127.765 1188.81
v -2.50347 -127.089 1188.58
v -2.68155 -126.958 1189.82
v -2.26664 -126.936 1188.78
v -3.1154 -126.138 1188.02
v -2.9148 -126.364 1188.02
v -2.71696 -125.172 1188.07
v -2.51484 -125.558 1187.96
v -2.27066 -125.889 1188.02
v -1.75038 -125.766 1188.19
v -1.6546 -125.939 1188.39
v -2.67805 -125.696 1189.98
v -2.30793 -124.352 1188.21
v -1.92081 -124.972 1187.94
v -1.95651 -124.615 1187.97
v -1.89176 -124.154 1188.07
v -2.64615 -124.622 1189.59
v -2.9257 -124.651 1189.21
v -2.16862 -124.629 1189.87
v -2.17706 -123.799 1188.6
v -1.68918 -123.082 1188.99
v -1.16191 -162.152 1240.66
v -1.10289 -161.923 1240.46
v -0.801518 -161.96 1241.2
v -1.37001 -162.432 1242.3
v -1.10577 -162.431 1241.79
v -1.09002 -162.335 1241.32
v -0.737593 -162.377 1242.78
v -0.29499 -162.038 1242.18
v 0.0071904 -162.117 1242.86
v -1.33245 -162.276 1242.96
v -1.31076 -162.097 1243.37
v -1.12073 -161.95 1243.76
v -0.940363 -162.306 1243.16
v -0.897888 -162.158 1243.57
v -0.900314 -161.751 1244.2
v -0.55278 -161.955 1244.17
v -0.521236 -162.28 1243.38
v -0.301753 -162.146 1243.86
v -0.152467 -162.241 1243.16
v -0.0821474 -162.199 1243.62
v -1.24977 -160.556 1240.42
v -1.11489 -161.365 1240.11
v -1.14153 -160.971 1240.19
v -0.703155 -161.552 1241.12
v -0.657021 -161.133 1241.2
v -0.725021 -160.542 1241.42
v -0.162898 -161.554 1241.95
v -0.208377 -161.14 1241.82
v -0.189896 -160.574 1241.99
v -1.30995 -161.564 1243.99
v -1.31154 -161.159 1244.19
v -1.14993 -160.751 1244.4
v -0.662248 -161.329 1244.74
v -0.577023 -160.765 1245.01
v -0.306116 -161.55 1244.83
v -1.57659 -160.057 1240.82
v -1.32133 -159.817 1242.13
v -0.917111 -159.986 1241.92
v -0.112453 -159.914 1242.53
v -1.48487 -159.945 1243.24
v -0.292106 -159.552 1243.08
v -0.163827 -159.374 1243.95
v -1.5469 -125.975 1188.59
v -1.16637 -125.586 1188.79
v -0.756408 -125.03 1189.23
v -1.49127 -124.316 1187.96
v -1.32279 -124.967 1188.07
v -1.34471 -124.618 1187.99
v -0.902228 -124.34 1188.07
v -0.764305 -123.816 1188.04
v -0.397233 -124.246 1188.37
v -0.317407 -123.541 1188.15
v -1.5101 -123.736 1189.89
v -1.28251 -124.26 1189.96
v -1.08288 -124.761 1189.8
v -0.708666 -124.911 1188.59
v -1.15888 -123.014 1188.29
v -0.939105 -123.195 1188.12
v -0.709866 -123.366 1188.06
v -0.523175 -122.553 1188.26
v -0.321712 -122.578 1188.22
v -0.36412 -122.013 1188.51
v -0.128516 -122.78 1188.18
v -1.3026 -122.678 1188.79
v -1.12349 -122.628 1188.58
v -0.998576 -122.62 1189.78
v -0.98603 -122.274 1189.4
v -0.702893 -122.057 1188.78
v -0.482032 -121.84 1189.8
v -0.285612 -122.73 1190.17
v -0.38256 -121.544 1189.2
v -0.194776 -121.901 1190.13
v 0.569389 -161.786 1243.05
v 0.770032 -161.94 1244.02
v 0.145755 -161.851 1244.65
v 0.70303 -161.875 1244.6
v 0.453773 -161.082 1242.48
v 0.374324 -160.728 1242.42
v 0.55589 -161.526 1242.76
v 0.669297 -160.56 1246.18
v 1.01838 -160.793 1246.32
v 1.40179 -161.17 1246.14
v 0.715786 -160.158 1242.84
v 0.148701 -159.6 1245.3
v 0.145556 -159.345 1244.78
v 1.40898 -158.757 1244.92
v 0.649986 -160.006 1246.23
v 1.36354 -159.342 1246.85
v 1.64495 -160.181 1247.22
v 0.298971 -123.528 1188.61
v 0.284658 -122.57 1188.29
v 0.26702 -122.171 1188.34
v 0.488575 -122.94 1188.45
v 0.685569 -121.958 1188.45
v 0.878064 -122.151 1188.52
v 0.0670925 -123.153 1190.06
v 0.415923 -123.6 1188.97
v 0.441717 -123.301 1189.77
v 0.739051 -123.214 1189.4
v 0.946557 -122.905 1189
v 0.994664 -122.918 1189.24
v 1.31578 -122.461 1189.81
v 1.47527 -122.024 1188.98
v 0.301364 -122.164 1190.36
v 0.715508 -122.298 1190.33
v 1.26893 -122.164 1190.25
v 0.0883904 -121.778 1188.49
v 0.702154 -121.544 1188.55
v 0.0821994 -121.363 1188.8
v 0.123985 -120.97 1189.81
v 0.276543 -120.904 1189.18
v 0.692665 -120.346 1189.59
v 0.737987 -120.534 1189.22
v 1.07023 -120.65 1188.98
v 1.26896 -120.969 1188.81
v 1.45781 -121.771 1188.85
v 1.44714 -121.2 1188.81
v 0.456967 -120.969 1190.38
v 0.466035 -121.409 1190.48
v 1.07947 -121.199 1190.77
v 1.11459 -120.73 1190.86
v 1.16354 -120.149 1190.84
v 1.11215 -119.946 1190.62
v 1.44573 -119.428 1190.38
v 2.05799 -161.15 1244.15
v 1.85441 -161.256 1246.16
v 2.45658 -161.279 1245.2
v 2.6229 -161.237 1245.96
v 2.61685 -161.109 1244.94
v 2.82947 -160.429 1244.47
v 3.23363 -160.563 1245.04
v 2.04442 -160.957 1246.8
v 2.0727 -160.688 1247.19
v 3.13356 -160.53 1248.22
v 2.18226 -159.831 1243.89
v 2.15698 -159.588 1243.96
v 2.37713 -159.197 1244.34
v 1.78103 -158.774 1244.71
v 2.41173 -158.844 1244.74
v 2.8936 -159.38 1244.56
v 3.06521 -158.63 1245.43
v 3.00613 -159.8 1244.54
v 3.1309 -158.974 1245.06
v 1.67343 -159.766 1247.35
v 1.78399 -158.78 1246.89
v 2.73276 -159.552 1248.63
v 2.85488 -158.971 1248.76
v 3.06107 -160.116 1248.66
v 2.15646 -158.46 1245.65
v 2.07283 -158.44 1245.98
v 2.65102 -158.454 1245.6
v 1.93791 -158.594 1246.75
v 2.31471 -158.353 1246.68
v 3.24829 -144.378 1257.77
v 3.09807 -142.932 1255.55
v 3.03064 -143.607 1256.83
v 2.93086 -143.166 1256.57
v 2.93532 -143.166 1256.97
v 2.95865 -142.96 1257.18
v 2.90805 -142.749 1255.98
v 3.17194 -143.743 1256.38
v 3.04256 -143.572 1257.39
v 3.07486 -143.207 1257.61
v 3.10366 -142.766 1257.56
v 2.84861 -142.147 1255.57
v 2.84645 -141.393 1255
v 2.83168 -141.146 1255.37
v 2.94392 -141.988 1255.02
v 3.01547 -141.167 1254.19
v 3.09562 -142.124 1254.76
v 2.85912 -142.585 1256.59
v 2.81968 -142.128 1256.13
v 2.86557 -142.157 1256.57
v 2.86901 -141.563 1256.17
v 2.94208 -142.383 1256.98
v 2.95318 -141.953 1256.78
v 2.98445 -141.354 1256.39
v 3.08652 -142.337 1257.32
v 3.17603 -140.105 1253.12
v 2.93096 -140.445 1254.23
v 3.01021 -140.494 1255.51
v 2.96487 -140.142 1254.73
v 3.12928 -134.984 1248.39
v 3.0896 -134.766 1248.02
v 3.25218 -134.165 1247.4
v 3.01358 -134.54 1248.18
v 3.0189 -134.587 1248.6
v 3.0704 -134.396 1249.01
v 3.06758 -134.172 1247.79
v 3.00052 -133.958 1248.17
v 2.99213 -133.985 1248.58
v 3.06758 -133.952 1248.98
v 3.11356 -134.559 1247.77
v 3.12418 -133.777 1247.77
v 3.12193 -133.564 1247.99
v 3.09552 -133.522 1248.38
v 3.10498 -133.578 1248.78
v 3.2422 -133.559 1249.17
v 3.26967 -133.383 1247.76
v 3.25381 -134.01 1249.41
v 1.67219 -120.574 1189.04
v 1.98852 -121.337 1189.21
v 1.90136 -121.129 1189.07
v 1.89959 -120.744 1189.08
v 2.35963 -121.233 1189.75
v 2.5589 -120.586 1189.58
v 2.8353 -120.571 1189.96
v 1.7045 -121.294 1190.8
v 1.91436 -121.439 1190.6
v 2.44493 -121.092 1190.59
v 2.92662 -120.637 1190.54
v 2.86769 -120.423 1191.21
v 3.09896 -120.381 1190.36
v 1.88499 -119.972 1189.36
v 1.84919 -119.593 1189.64
v 2.27251 -120.165 1189.38
v 2.3219 -119.728 1189.56
v 2.298 -119.327 1189.81
v 2.64316 -120.195 1189.6
v 2.67852 -119.772 1189.69
v 3.01009 -120.147 1189.98
v 3.05901 -119.759 1189.98
v 2.89774 -118.94 1190.16
v 3.08354 -119.181 1190.11
v 2.03225 -118.936 1190.35
v 2.2254 -120.199 1191.52
v 2.30684 -118.899 1190.21
v 2.6726 -120.157 1191.59
v 2.1452 -119.125 1191.79
v 2.25277 -119.574 1191.8
v 3.13777 -119.068 1192.52
v 2.2248 -118.526 1191.61
v 2.88411 -118.024 1191.02
v 2.87071 -117.693 1191.61
v 3.0894 -118.161 1190.81
v 3.08655 -118.251 1192.98
v 3.14891 -117.138 1193.21
v 4.00384 -160.728 1246.7
v 4.05619 -160.779 1247.27
v 4.09771 -160.542 1246.41
v 4.24443 -160.462 1248.99
v 4.43225 -160.638 1248.12
v 3.46031 -160.142 1245.06
v 3.56642 -159.729 1245.12
v 3.41996 -159.348 1245.06
v 4.5838 -158.754 1246.6
v 4.6851 -159.757 1246.54
v 4.83843 -158.994 1246.74
v 3.88002 -158.758 1250.24
v 4.49482 -159.145 1250.97
v 3.1528 -158.416 1248.81
v 3.40771 -158.09 1248.69
v 3.92489 -157.778 1248.85
v 4.57846 -157.554 1248.72
v 4.07431 -158.151 1250.26
v 4.80997 -158.155 1251.74
v 4.77114 -147.82 1259.8
v 4.49048 -147.275 1258.72
v 4.67498 -147.291 1258.32
v 3.90266 -145.967 1258.97
v 4.27047 -146.905 1258.96
v 4.39948 -147.12 1259.38
v 4.32466 -146.743 1259.58
v 4.59928 -147.014 1259.99
v 4.4792 -146.477 1259.97
v 3.66316 -144.875 1256.89
v 4.27605 -145.69 1257.1
v 4.31072 -145.045 1256.43
v 4.71103 -144.564 1255.91
v 3.39746 -144.725 1257.36
v 3.37149 -144.32 1258.34
v 3.56029 -145.262 1258.03
v 3.53391 -145.137 1258.38
v 3.64134 -145.157 1258.79
v 3.73913 -145.463 1257.61
v 3.69908 -144.575 1258.99
v 3.97659 -145.599 1259.37
v 3.90208 -144.204 1259.19
v 4.24783 -145.562 1259.76
v 4.27844 -144.96 1259.71
v 4.68504 -144.965 1260
v 3.33594 -143.411 1255.63
v 3.48362 -142.621 1254.66
v 3.68883 -143.797 1255.61
v 3.9682 -142.85 1254.49
v 4.34811 -143.065 1254.55
v 4.73062 -143.111 1254.59
v 3.41543 -143.609 1258.41
v 3.28155 -143.343 1258.1
v 3.47927 -143.198 1258.36
v 3.70115 -143.58 1258.77
v 3.68765 -142.784 1258.38
v 4.0899 -143.536 1259.07
v 4.29784 -144.179 1259.49
v 4.69395 -144.209 1259.71
v 4.68886 -143.61 1259.39
v 4.64229 -142.935 1258.95
v 3.27898 -141.596 1257.15
v 3.34514 -142.4 1257.79
v 3.64965 -141.332 1257.34
v 3.69489 -141.877 1257.8
v 4.0784 -142.575 1258.52
v 4.27449 -141.98 1258.18
v 4.0705 -141.542 1257.77
v 4.48 -141.39 1257.74
v 4.6861 -141.959 1258.22
v 3.35134 -140.867 1253.29
v 3.2913 -140.898 1256.57
v 3.53959 -139.737 1255.66
v 3.69397 -140.584 1256.71
v 4.09039 -140.608 1256.96
v 4.69702 -139.779 1256.29
v 3.593 -138.761 1251.37
v 4.29545 -138.894 1255.34
v 3.99796 -136.666 1248.71
v 4.38934 -137.766 1249.4
v 3.55298 -136.586 1249.84
v 3.7479 -137.181 1249.79
v 3.42893 -137.463 1251.48
v 3.48879 -137.886 1251.1
v 3.33791 -135.014 1247.64
v 3.59347 -134.952 1247.18
v 3.89141 -135.386 1247.23
v 3.87672 -134.959 1246.92
v 4.09349 -135.167 1246.9
v 4.09693 -134.954 1246.78
v 4.27914 -134.622 1246.59
v 4.48937 -135.463 1246.96
v 4.45795 -135.159 1246.73
v 4.49034 -134.954 1246.62
v 4.68541 -135.167 1246.69
v 3.54389 -135.971 1248.81
v 4.26471 -136.182 1247.83
v 3.36575 -135.535 1249.35
v 3.42512 -135.166 1249.81
v 3.49395 -136.165 1250.21
v 3.87393 -134.811 1250.56
v 3.69031 -136.248 1251.42
v 4.07276 -135.985 1251.85
v 4.48192 -134.84 1251.18
v 4.62637 -135.802 1252.19
v 3.42834 -134.566 1247.2
v 3.3216 -133.766 1247.38
v 3.56863 -134.165 1247
v 3.49758 -133.376 1247.36
v 3.50422 -133.148 1247.56
v 3.8947 -134.572 1246.77
v 3.68335 -134.565 1246.93
v 3.67767 -133.764 1246.96
v 3.8819 -134.165 1246.74
v 3.92441 -133.752 1246.78
v 3.87397 -133.352 1246.98
v 3.86728 -133.159 1247.12
v 4.09407 -133.37 1246.83
v 4.08474 -133.139 1246.98
v 4.27855 -134.355 1246.55
v 4.27248 -133.965 1246.56
v 4.47427 -133.565 1246.59
v 4.46709 -133.166 1246.79
v 4.67236 -134.56 1246.47
v 4.67846 -133.981 1246.46
v 3.31303 -133.176 1247.98
v 3.29702 -133.181 1248.78
v 3.5045 -133.107 1249.19
v 3.75239 -133.411 1249.76
v 3.88949 -133.001 1249.57
v 4.28763 -133.277 1250.04
v 3.87906 -132.894 1247.38
v 3.87259 -132.77 1247.57
v 4.08477 -132.91 1247.18
v 4.0908 -132.742 1247.38
v 4.09709 -132.608 1247.6
v 4.29302 -132.967 1247
v 4.46714 -132.726 1247.18
v 4.47895 -132.57 1247.39
v 4.68439 -132.96 1246.89
v 3.4028 -132.974 1248.39
v 3.64098 -132.787 1247.98
v 3.68777 -132.683 1248.55
v 3.66531 -132.784 1248.91
v 3.89385 -132.582 1248
v 3.8852 -132.72 1249.18
v 3.90124 -132.527 1248.57
v 3.89111 -132.566 1248.8
v 4.27231 -132.39 1247.98
v 4.27845 -132.501 1249.18
v 4.28447 -132.335 1248.38
v 4.27914 -132.372 1248.79
v 4.48477 -132.381 1247.78
v 4.48608 -132.286 1248.17
v 4.67216 -132.391 1249.18
v 4.69084 -132.233 1248.39
v 4.67857 -132.269 1248.78
v 4.279 -132.743 1249.58
v 4.70688 -132.838 1249.82
v 4.65739 -132.603 1249.56
v 3.34402 -119.929 1190.41
v 3.46995 -119.934 1190.78
v 3.43437 -119.935 1191.35
v 3.65635 -119.715 1191.23
v 3.45513 -119.383 1190.38
v 3.66755 -118.788 1190.66
v 3.91535 -118.978 1190.96
v 4.08643 -119.01 1191.35
v 3.33243 -119.485 1192.14
v 4.3188 -118.763 1191.98
v 4.20795 -118.763 1192.49
v 3.48608 -118.172 1190.85
v 3.65051 -118.408 1190.79
v 3.95156 -118.548 1191
v 3.90152 -117.511 1191.51
v 4.22071 -118.566 1191.38
v 4.2243 -118.172 1191.39
v 4.06401 -117.97 1191.3
v 4.39581 -118.542 1191.79
v 4.27742 -118.324 1193.17
v 4.31412 -117.354 1191.85
v 4.46424 -118.18 1191.77
v 4.55891 -118.341 1192.6
v 4.66045 -118.158 1192.39
v 4.67083 -117.956 1192.18
v 4.48818 -117.739 1191.85
v 4.68975 -117.926 1193.29
v 4.25465 -117.969 1193.63
v 3.31776 -116.772 1192.79
v 3.66884 -116.433 1192.79
v 4.20108 -115.969 1193.06
v 3.76662 -115.596 1194.14
v 3.79874 -115.531 1194.75
v 4.05471 -115.457 1193.75
v 4.27238 -116.584 1194.93
v 4.43519 -116.939 1194.67
v 4.04091 -116.261 1194.97
v 4.46578 -115.588 1195.65
v 4.68942 -116.374 1195.17
v 4.68861 -115.828 1195.57
v 3.95775 -114.921 1194.79
v 4.21354 -114.581 1194.56
v 4.47482 -114.756 1194.17
v 4.49352 -114.192 1194.6
v 4.00011 -115.26 1195.29
v 4.24901 -113.91 1195.18
v 4.18545 -114.017 1195.55
v 4.27517 -115.363 1195.62
v 4.28478 -114.782 1195.81
v 4.3191 -114.178 1195.96
v 4.47842 -114.978 1195.94
v 4.48043 -114.559 1196.07
v 4.49925 -114.157 1196.18
v 4.67851 -115.179 1195.95
v 4.67859 -114.765 1196.12
v 4.67937 -114.358 1196.26
v 4.67791 -113.917 1196.35
v 4.68138 -113.758 1194.74
v 4.4619 -113.565 1196.18
v 4.37031 -113.374 1195.98
v 4.4462 -113.017 1195.4
v 4.65434 -112.982 1196.38
v 4.53224 -112.76 1196.18
v 4.49319 -112.578 1195.94
v 4.69309 -112.719 1195.16
v 4.75085 -112.171 1196.38
v 4.71041 -111.773 1196.18
v 4.85355 -111.515 1195.37
v 4.79108 -111.19 1195.99
v 4.83047 -111.025 1195.77
v 5.02042 -160.355 1247.93
v 5.46924 -160.229 1248.79
v 5.0272 -160.346 1249.36
v 5.48255 -160.236 1249.38
v 4.82414 -159.982 1246.88
v 4.88967 -159.365 1246.73
v 5.28268 -159.957 1247.62
v 5.74856 -159.386 1247.92
v 5.83582 -158.966 1247.98
v 5.90567 -159.898 1248.83
v 6.2474 -159.385 1248.77
v 5.02563 -159.838 1250.7
v 5.45214 -159.912 1250.74
v 5.87649 -159.893 1250.79
v 6.24989 -159.862 1249.94
v 6.2462 -159.843 1250.56
v 5.36224 -159.255 1251.81
v 5.69233 -159.446 1251.78
v 6.07873 -159.534 1251.76
v 6.27803 -159.239 1252.41
v 6.2232 -158.803 1253.09
v 4.81967 -158.232 1247.32
v 5.6048 -158.095 1248.19
v 5.76672 -158.558 1248.01
v 5.08055 -157.519 1252.02
v 5.2511 -157.061 1251.31
v 5.30918 -158.33 1252.56
v 5.34853 -157.728 1252.8
v 5.89051 -157.835 1253.75
v 5.86021 -157.174 1254.02
v 6.21809 -158.308 1253.7
v 5.88994 -156.7 1251.19
v 5.86481 -156.601 1253.9
v 6.03176 -156.195 1253.17
v 6.27682 -156.135 1252.56
v 6.15367 -156.582 1254.94
v 6.10869 -156.148 1254.79
v 6.17903 -155.78 1254.54
v 6.43459 -156.454 1255.65
v 6.35994 -155.518 1254.21
v 6.32385 -155.538 1255.79
v 6.43282 -154.796 1255.71
v 6.29097 -152.398 1258.15
v 6.06477 -151.349 1258.6
v 6.2961 -151.519 1258.03
v 6.35106 -150.763 1257.99
v 5.96958 -151.17 1259.16
v 5.96088 -150.811 1259.75
v 6.09913 -150.593 1260.17
v 5.57237 -149.117 1258.56
v 5.77192 -149.776 1258.57
v 5.93038 -150.529 1258.58
v 6.29531 -149.939 1258.05
v 5.26386 -149.148 1259.36
v 5.61255 -150.061 1259.3
v 5.56778 -149.856 1259.74
v 5.5674 -149.746 1258.98
v 5.59722 -149.544 1260.16
v 5.89036 -149.473 1260.57
v 6.08655 -149.141 1260.83
v 4.97651 -148.157 1258.77
v 5.12633 -147.992 1258.39
v 5.65288 -148.111 1258.05
v 5.90813 -147.624 1257.77
v 6.04599 -148.735 1258.06
v 4.85798 -148.158 1259.15
v 5.21376 -148.813 1258.97
v 5.1914 -148.159 1260.37
v 5.30081 -147.576 1260.63
v 5.68859 -148.544 1260.73
v 5.86131 -147.936 1260.92
v 6.09639 -148.408 1260.97
v 6.26662 -147.603 1261.01
v 5.05583 -146.1 1257.08
v 5.10019 -147.152 1257.81
v 5.70823 -146.768 1257.42
v 4.90194 -146.975 1260.37
v 4.86477 -146.114 1260.33
v 5.27969 -146.771 1260.65
v 5.50063 -147.35 1260.78
v 5.47838 -145.986 1260.59
v 5.68501 -146.777 1260.81
v 5.87886 -147.358 1260.93
v 5.88406 -145.77 1260.57
v 6.09639 -146.99 1260.92
v 6.06103 -146.536 1260.82
v 6.29039 -146.16 1260.67
v 5.1027 -144.326 1255.76
v 5.66275 -145.532 1256.77
v 5.69438 -144.197 1255.99
v 6.42641 -145.159 1257.15
v 5.08569 -145.379 1260.31
v 5.07913 -144.936 1260.14
v 5.08511 -144.35 1259.87
v 5.47855 -145.196 1260.32
v 5.4786 -144.771 1260.12
v 5.49605 -144.354 1259.88
v 5.86367 -145.166 1260.3
v 5.87102 -144.773 1260.07
v 6.07713 -144.394 1259.72
v 6.26278 -145.361 1260.28
v 6.45329 -144.368 1259.37
v 5.31231 -143.307 1254.99
v 5.69074 -143.374 1255.38
v 5.69523 -142.933 1254.99
v 5.90041 -143.214 1255.51
v 6.18928 -143.12 1256.01
v 6.26575 -144.167 1256.63
v 6.38021 -143.758 1256.74
v 6.35576 -142.723 1256.91
v 6.22183 -142.99 1258.08
v 6.37132 -142.999 1257.57
v 5.06655 -143.17 1259.13
v 5.26389 -143.826 1259.57
v 5.64887 -143.72 1259.4
v 6.05187 -143.656 1259.08
v 4.92307 -141.877 1253.35
v 5.49572 -141.417 1253.07
v 5.90502 -141.845 1254.04
v 6.07564 -142.46 1255.15
v 6.32521 -141.765 1255.4
v 6.40726 -141.02 1254.2
v 6.20804 -142.156 1257
v 6.22501 -141.559 1256.33
v 5.1522 -141.547 1257.74
v 5.8846 -142.005 1257.55
v 6.49085 -140.768 1254.43
v 6.43373 -140.382 1254.99
v 5.99367 -140.5 1256.07
v 5.39728 -138.145 1249.37
v 5.65618 -138.913 1250.21
v 6.06365 -138.793 1250.25
v 5.13913 -139.094 1255.57
v 5.02306 -137.267 1248.55
v 5.47284 -136.515 1247.79
v 5.88717 -137.697 1248.99
v 5.90012 -136.562 1247.94
v 4.9045 -135.832 1247.18
v 5.07399 -135.387 1246.81
v 5.05803 -134.955 1246.57
v 5.29255 -135.151 1246.68
v 5.49042 -135.389 1246.88
v 5.47783 -134.754 1246.57
v 5.66472 -134.98 1246.72
v 5.86479 -135.788 1247.31
v 5.88452 -135.186 1246.93
v 5.88391 -134.765 1246.74
v 6.28509 -135.824 1247.6
v 6.27758 -134.962 1247.11
v 5.5291 -134.961 1251.61
v 6.19086 -135.242 1251.65
v 4.87855 -133.58 1246.52
v 4.88343 -133.186 1246.71
v 5.07805 -134.377 1246.43
v 5.09046 -133.965 1246.44
v 5.26683 -133.566 1246.56
v 5.29218 -133.188 1246.74
v 5.46397 -134.35 1246.49
v 5.48991 -133.965 1246.51
v 5.66158 -133.565 1246.66
v 5.66733 -133.177 1246.86
v 5.85424 -134.364 1246.64
v 5.88502 -133.958 1246.67
v 5.91369 -133.554 1246.79
v 5.88566 -133.172 1246.98
v 6.08009 -133.389 1246.98
v 6.08259 -133.166 1247.13
v 6.26706 -134.355 1246.93
v 6.27354 -133.76 1246.99
v 6.27496 -133.373 1247.17
v 6.31656 -133.177 1247.38
v 6.34684 -134.21 1250.58
v 6.38629 -133.175 1249.38
v 4.88364 -132.644 1247.19
v 4.87264 -132.399 1247.59
v 5.26355 -132.965 1246.89
v 5.30847 -132.676 1247.2
v 5.26708 -132.431 1247.57
v 5.67387 -132.963 1247.03
v 5.68304 -132.546 1247.6
v 5.919 -132.973 1247.18
v 5.86791 -132.774 1247.37
v 6.0527 -132.766 1247.58
v 6.12389 -132.966 1247.38
v 6.2866 -132.972 1247.6
v 4.8739 -132.262 1247.99
v 5.09263 -132.318 1247.79
v 5.07869 -132.218 1248.38
v 5.07847 -132.25 1248.77
v 5.06659 -132.365 1249.17
v 5.28416 -132.258 1248.17
v 5.47104 -132.385 1247.79
v 5.47193 -132.29 1248.57
v 5.47806 -132.369 1248.98
v 5.85204 -132.448 1248.18
v 5.86296 -132.441 1248.59
v 5.88424 -132.542 1248.99
v 6.08406 -132.63 1247.97
v 6.27445 -132.833 1248.99
v 6.2536 -132.705 1248.56
v 4.89098 -132.582 1249.56
v 5.30212 -132.888 1249.85
v 5.28506 -132.498 1249.39
v 5.4943 -132.684 1249.58
v 5.68724 -133.015 1249.85
v 5.66518 -132.604 1249.37
v 5.9133 -132.939 1249.62
v 4.93214 -117.556 1192.79
v 4.96253 -117.57 1193.17
v 4.93045 -117.25 1192.69
v 4.8473 -117.289 1194.14
v 5.06763 -117.052 1194.17
v 4.82887 -116.05 1193.14
v 5.05193 -116.392 1193.13
v 4.85266 -116.79 1194.74
v 5.19467 -116.962 1193.98
v 5.06967 -116.775 1194.58
v 5.33854 -116.579 1193.78
v 5.26576 -116.566 1194.56
v 5.53043 -115.993 1194.76
v 5.6035 -115.54 1194.37
v 5.67475 -115.573 1194.76
v 5.07797 -116.433 1194.98
v 5.06662 -115.959 1195.43
v 5.07236 -115.499 1195.78
v 5.28979 -116.22 1194.99
v 5.27335 -115.891 1195.36
v 5.27977 -115.553 1195.65
v 5.52853 -115.563 1195.38
v 4.86982 -114.817 1194.05
v 4.87249 -114.172 1194.46
v 5.24829 -115.252 1193.95
v 5.28359 -114.21 1194.49
v 5.46876 -115.385 1194.13
v 5.6916 -114.221 1194.76
v 4.87863 -115.351 1195.89
v 4.87855 -114.953 1196.1
v 4.8788 -114.551 1196.26
v 4.89394 -113.958 1196.44
v 5.07833 -114.978 1196.09
v 5.07844 -114.58 1196.27
v 5.07862 -114.301 1196.38
v 5.27116 -115.108 1195.97
v 5.27835 -114.733 1196.18
v 5.27121 -114.362 1196.34
v 5.47825 -114.961 1195.94
v 5.48153 -114.338 1196.27
v 5.71725 -115.328 1195.19
v 5.68241 -114.91 1195.75
v 5.84634 -114.394 1194.96
v 5.80404 -114.357 1195.98
v 5.68467 -114.153 1196.23
v 5.68487 -113.798 1196.38
v 5.89051 -114.612 1195.15
v 5.95352 -114.325 1195.57
v 5.87519 -113.847 1196.18
v 5.10261 -112.92 1194.88
v 5.26666 -113.565 1194.71
v 5.67361 -113.56 1194.86
v 5.67058 -112.768 1194.94
v 4.88388 -113.194 1196.54
v 4.88599 -112.736 1196.56
v 5.27243 -113.805 1196.51
v 5.47846 -113.572 1196.54
v 5.68479 -113.155 1196.56
v 5.96065 -113.762 1195.18
v 6.06424 -113.568 1195.97
v 6.01976 -112.735 1195.18
v 6.08211 -112.704 1196.37
v 6.29805 -112.429 1195.57
v 5.07866 -112.958 1196.64
v 5.08609 -112.557 1196.66
v 5.26315 -113.361 1196.61
v 5.27851 -112.776 1196.69
v 5.28503 -112.335 1196.71
v 5.47839 -113.14 1196.64
v 5.47835 -112.571 1196.71
v 5.67867 -112.736 1196.65
v 5.87964 -112.635 1196.58
v 5.67327 -111.921 1194.96
v 6.08881 -110.752 1194.96
v 4.89139 -111.006 1196.17
v 4.97097 -111.147 1196.37
v 5.27243 -111.573 1195.02
v 6.10833 -112.025 1196.53
v 6.0712 -111.921 1195.12
v 6.2803 -110.974 1195.09
v 5.07827 -111.785 1196.6
v 5.31526 -111.528 1196.68
v 5.66153 -111.985 1196.72
v 5.89647 -112.075 1196.65
v 5.89046 -111.086 1196.71
v 5.71825 -110.349 1194.94
v 4.98725 -110.542 1195.58
v 5.07222 -110.186 1195.98
v 5.23622 -109.964 1195.38
v 5.12433 -109.96 1195.78
v 5.20617 -109.997 1196.18
v 5.22929 -109.717 1195.58
v 5.28873 -110.606 1196.52
v 5.29951 -110.134 1196.38
v 5.42146 -109.221 1195.98
v 5.47666 -110.171 1195.06
v 5.47682 -109 1195.78
v 5.54799 -109.15 1196.18
v 5.70684 -109.712 1196.54
v 5.67399 -109.259 1196.38
v 5.68134 -109.005 1195.18
v 6.31908 -110.452 1195
v 5.68723 -110.369 1196.65
v 6.09236 -108.765 1194.93
v 5.64133 -108.775 1195.38
v 5.58214 -108.773 1195.59
v 5.71217 -108.569 1195.97
v 5.75557 -108.38 1195.77
v 5.87248 -108.155 1195.58
v 6.04982 -108.161 1195.18
v 6.04984 -107.928 1195.38
v 6.10609 -108.367 1196.35
v 6.11038 -108.03 1196.16
v 6.09202 -107.76 1195.79
v 6.40813 -108.579 1196.53
v 6.62219 -106.901 1195.58
v 6.60488 -158.978 1249.15
v 6.686 -159.611 1250.61
v 6.92583 -159.363 1250.39
v 6.91338 -159.17 1249.93
v 7.19879 -158.746 1250.16
v 6.48391 -159.514 1251.73
v 6.69888 -159.225 1252.43
v 6.86304 -159.462 1251.37
v 7.26266 -159.187 1251.55
v 7.26326 -159.114 1252.19
v 7.48822 -158.945 1251.35
v 7.51828 -158.76 1250.98
v 6.68659 -158.622 1253.59
v 7.44952 -158.764 1253.15
v 7.67877 -158.692 1252.99
v 6.67649 -158.558 1249.21
v 6.44163 -157.16 1250.11
v 7.13197 -157.77 1250.16
v 7.43389 -158.124 1250.47
v 7.60575 -158.357 1250.83
v 8.0058 -158.394 1252.13
v 7.27212 -158.561 1253.73
v 7.6837 -158.423 1253.78
v 7.89532 -158.574 1252.55
v 6.70625 -157.859 1254.63
v 7.10312 -157.893 1254.8
v 7.26077 -158.223 1254.35
v 7.66814 -157.961 1254.69
v 7.69041 -157.181 1255.83
v 6.46301 -156.74 1250.87
v 6.47962 -155.701 1253.39
v 6.8706 -155.562 1253.2
v 7.06064 -155.856 1252.59
v 7.80478 -155.922 1252.71
v 6.83644 -156.616 1256.06
v 7.099 -156.021 1256.89
v 7.27393 -156.85 1256.15
v 7.48601 -156.012 1257.14
v 7.86647 -156.571 1256.59
v 7.87294 -155.823 1257.41
v 7.45862 -155.034 1253.81
v 8.03207 -154.972 1253.97
v 6.88005 -155.028 1254.16
v 6.855 -154.41 1255.14
v 7.29082 -154.313 1254.84
v 6.48996 -154.665 1257.03
v 6.85594 -154.422 1258.07
v 7.07884 -154.652 1258.14
v 7.06615 -154.278 1258.44
v 7.29667 -154.578 1258.36
v 7.48419 -155.381 1257.75
v 7.70984 -154.761 1258.36
v 7.66505 -153.973 1258.99
v 7.86592 -153.453 1255.58
v 6.4886 -153.788 1256.77
v 6.81365 -153.387 1256.34
v 7.28197 -152.738 1256.39
v 7.4613 -153.335 1255.8
v 7.67803 -152.754 1256.21
v 6.50141 -152.542 1257.44
v 6.45545 -152.688 1258.92
v 7.26247 -153.311 1259.32
v 7.47883 -152.731 1259.78
v 7.69587 -153.408 1259.39
v 7.87238 -152.554 1259.89
v 7.05205 -152.012 1257.01
v 7.27821 -151.164 1257.29
v 7.46261 -151.944 1256.84
v 7.66601 -151.159 1257.23
v 7.8898 -151.983 1256.75
v 6.66772 -151.572 1257.52
v 6.88017 -151.155 1257.47
v 6.55318 -152.229 1259.52
v 6.69306 -151.518 1260.15
v 7.10015 -151.833 1260.19
v 7.06739 -151.317 1260.43
v 7.47859 -151.771 1260.29
v 7.87131 -151.744 1260.27
v 7.08987 -150.371 1257.62
v 7.82979 -150.148 1257.7
v 6.48548 -150.554 1260.53
v 6.48404 -149.752 1260.83
v 6.8907 -150.368 1260.77
v 6.8786 -149.946 1260.89
v 6.86651 -149.365 1261
v 7.09615 -149.164 1261.02
v 7.27338 -149.955 1260.89
v 7.48372 -150.632 1260.7
v 7.65663 -149.728 1260.83
v 7.87795 -150.181 1260.68
v 6.86723 -148.816 1257.9
v 6.84988 -147.693 1257.88
v 7.66239 -148.77 1258.1
v 8.04114 -147.959 1260.17
v 7.91027 -147.972 1260.39
v 6.47156 -148.974 1261.01
v 6.67342 -148.392 1261.07
v 6.67855 -147.576 1261
v 7.07889 -148.524 1261.03
v 7.0924 -147.786 1260.94
v 7.48429 -148.964 1260.92
v 7.46699 -148.189 1260.85
v 7.6684 -147.758 1260.58
v 7.46628 -147.765 1260.74
v 7.69588 -148.594 1260.77
v 7.68802 -148.166 1260.69
v 6.44829 -146.498 1257.52
v 7.20543 -146.026 1258.21
v 7.54384 -147.355 1258.35
v 7.7247 -147.039 1258.76
v 7.1396 -146.134 1260.17
v 7.41063 -146.592 1260.19
v 7.65404 -146.55 1259.11
v 7.68659 -147.383 1260.37
v 7.79834 -147.143 1259.97
v 7.73424 -146.744 1259.49
v 6.47863 -146.783 1260.86
v 6.68585 -146.562 1260.72
v 7.06322 -147.337 1260.84
v 7.07888 -146.669 1260.56
v 7.47535 -147.344 1260.57
v 6.62409 -144.561 1257.35
v 6.84177 -144.834 1257.82
v 6.82282 -144.41 1258.35
v 6.88816 -145.811 1257.78
v 6.68077 -145.816 1260.34
v 6.66999 -145.348 1260.02
v 7.14407 -145.575 1259.59
v 6.50618 -143.602 1257.19
v 6.45851 -138.867 1250.71
v 6.78624 -138.526 1250.76
v 6.87049 -137.798 1249.98
v 6.73643 -139.064 1251.5
v 6.97024 -138.351 1250.98
v 7.05276 -138.384 1251.45
v 7.10038 -138.295 1251.91
v 6.46667 -136.903 1248.57
v 6.81105 -137.158 1249.19
v 6.66594 -136.172 1248.18
v 7.03368 -136.764 1249.19
v 6.87598 -136.364 1248.6
v 7.17718 -136.339 1249.17
v 6.46982 -137.771 1249.42
v 7.03874 -137.159 1249.58
v 7.06372 -137.779 1250.4
v 7.16711 -137.759 1250.77
v 7.18267 -137.182 1250
v 7.19229 -136.772 1249.57
v 7.30759 -136.981 1250.42
v 7.29674 -136.565 1249.78
v 7.3267 -136.573 1250.81
v 6.97481 -136.357 1251.77
v 7.21175 -137.76 1251.18
v 7.1133 -137.951 1252.15
v 7.25713 -137.372 1251.38
v 7.13348 -137.058 1251.85
v 7.17151 -136.345 1251.34
v 6.82725 -137.412 1252.74
v 6.63931 -135.161 1247.59
v 6.79984 -135.586 1247.99
v 6.93367 -134.978 1247.98
v 7.06934 -135.577 1248.46
v 7.24877 -135.559 1248.98
v 7.11118 -134.971 1248.4
v 7.23717 -134.953 1248.99
v 6.86203 -134.647 1250.41
v 7.27019 -135.801 1250.59
v 7.13311 -135.552 1250.78
v 7.2515 -135.208 1250
v 7.19978 -134.771 1249.56
v 7.1033 -134.756 1249.99
v 7.36041 -136.146 1250.16
v 7.30881 -135.971 1249.4
v 7.31177 -135.377 1249.4
v 6.44711 -136.452 1252.51
v 6.67694 -135.368 1251.36
v 6.63739 -133.96 1247.38
v 6.53206 -133.559 1247.38
v 6.55755 -133.351 1247.59
v 6.67417 -134.401 1247.42
v 6.60949 -133.184 1247.97
v 6.59141 -133.209 1248.99
v 6.83405 -133.987 1247.77
v 6.73958 -133.581 1247.78
v 6.83597 -133.567 1248.19
v 6.85831 -133.597 1248.62
v 6.67369 -133.196 1248.39
v 6.96195 -134.542 1247.99
v 6.94527 -133.972 1248.17
v 6.99936 -133.966 1248.57
v 7.10034 -134.383 1248.57
v 7.11404 -134.353 1249.14
v 6.66432 -133.962 1249.94
v 7.00323 -134.154 1249.38
v 6.49204 -132.96 1248.18
v 6.50988 -132.967 1248.59
v 6.49764 -111.152 1195.37
v 6.4942 -110.669 1195.18
v 6.75263 -110.725 1195.77
v 6.79799 -110.487 1195.99
v 6.69776 -110.083 1196.36
v 6.89018 -109.701 1195.19
v 6.63325 -109.54 1196.52
v 6.89465 -109.404 1196.37
v 7.11941 -109.602 1195.59
v 7.10127 -109.547 1195.99
v 6.88412 -108.334 1194.82
v 6.87034 -108.887 1194.89
v 6.94332 -107.483 1194.83
v 6.50363 -107.696 1194.98
v 7.07525 -108.586 1196.45
v 7.3122 -108.832 1196.18
v 7.36547 -107.651 1196.5
v 7.67258 -108.464 1195.77
v 7.65572 -108.402 1195.37
v 7.74621 -107.77 1195
v 7.79051 -107.596 1196.34
v 6.46084 -108.978 1196.58
v 7.19876 -106.791 1194.89
v 6.96625 -106.61 1195.18
v 7.03604 -106.381 1195.97
v 7.18188 -107.025 1196.45
v 7.18354 -106.616 1196.31
v 8.06708 -158.172 1251.94
v 8.07784 -157.801 1251.73
v 8.26662 -157.76 1252.21
v 8.2064 -157.372 1252.02
v 8.0751 -158.243 1253.58
v 8.20128 -158.159 1252.55
v 8.24086 -158.148 1253
v 8.37086 -157.931 1253.62
v 8.41732 -157.772 1252.79
v 8.50883 -157.722 1253.4
v 8.6389 -157.201 1253.15
v 8.07055 -157.888 1254.54
v 8.26763 -157.427 1255.19
v 8.45943 -157.58 1254.54
v 8.66835 -157.176 1254.99
v 8.76875 -157.18 1254.54
v 8.19498 -156.977 1252.16
v 8.06783 -156.429 1252.41
v 8.85654 -156.959 1253.98
v 8.78936 -156.586 1253.55
v 8.76468 -155.936 1253.79
v 8.91196 -156.754 1255.19
v 9.0338 -156.565 1254.79
v 9.06194 -156.353 1254.56
v 8.97097 -155.964 1254.22
v 9.14599 -156.165 1255.4
v 9.18922 -155.986 1255.17
v 9.18631 -155.719 1255.03
v 8.27228 -156.787 1256.18
v 8.27793 -155.971 1257.17
v 8.68092 -156.762 1255.78
v 8.67486 -156.215 1256.6
v 9.00042 -156.35 1255.78
v 9.0222 -155.955 1256.39
v 9.19284 -155.753 1256.17
v 9.28289 -155.577 1255.77
v 8.67364 -155.519 1257.41
v 8.05232 -154.097 1254.96
v 8.56587 -155.182 1254.14
v 8.64853 -153.965 1255.37
v 8.97902 -154.371 1255.38
v 9.09672 -155.193 1254.96
v 9.00414 -155.381 1257.16
v 9.33793 -155.172 1256.38
v 9.36392 -154.982 1256.15
v 9.26311 -154.969 1257.03
v 9.38999 -154.741 1256.61
v 9.30483 -154.559 1255.98
v 9.3928 -154.535 1256.42
v 9.41982 -153.964 1257.18
v 8.27255 -155.011 1258.12
v 8.27822 -154.483 1258.56
v 8.6604 -154.753 1258.15
v 8.65642 -153.923 1258.78
v 8.98917 -154.573 1257.96
v 9.19718 -154.129 1257.97
v 9.38104 -154.179 1257.38
v 8.07251 -153.963 1259
v 8.27637 -153.529 1255.57
v 8.0777 -152.782 1256.17
v 8.63533 -152.534 1256.6
v 8.97902 -152.823 1256.71
v 9.19119 -153.124 1256.81
v 9.3944 -153.745 1256.97
v 8.93434 -153.558 1258.76
v 9.18551 -153.172 1258.57
v 9.20906 -152.388 1258.76
v 9.35524 -153.389 1257.97
v 9.38206 -153.124 1257.79
v 9.27582 -152.584 1257.57
v 9.29229 -152.356 1258.38
v 8.26591 -153.16 1259.47
v 8.67069 -152.786 1259.43
v 8.98882 -152.576 1259.17
v 8.0948 -151.182 1257.28
v 8.64792 -151.52 1257.38
v 8.87 -151.401 1257.73
v 9.04528 -151.146 1258.37
v 9.17221 -151.585 1258.78
v 9.27124 -152.158 1258.18
v 8.08887 -151.165 1260.39
v 8.27191 -152.175 1259.95
v 8.487 -150.978 1260.17
v 8.66692 -151.892 1259.78
v 8.80547 -151.174 1259.76
v 8.97807 -151.963 1259.37
v 8.99892 -151.129 1259.37
v 9.02135 -150.771 1258.98
v 9.08479 -151.743 1259.19
v 8.27492 -150.166 1257.91
v 8.53775 -149.632 1258.54
v 8.2738 -150.566 1260.4
v 8.27387 -150.158 1260.44
v 8.53386 -150.395 1260.17
v 8.49806 -149.934 1260.18
v 8.62459 -149.53 1259.8
v 8.77523 -150.37 1259.78
v 8.85431 -150.147 1259.39
v 8.80557 -149.938 1259
v 8.05546 -149.549 1260.61
v 8.1064 -148.562 1258.56
v 8.15815 -148.765 1260.37
v 8.27225 -148.401 1259.97
v 8.18088 -147.917 1259.59
v 8.43299 -148.655 1259.56
v 8.31984 -148.421 1259.14
v 8.45109 -107.143 1195.4
v 8.32999 -107.271 1195.98
v 8.96469 -106.436 1195.77
v 8.76561 -104.305 1194.97
v 9.18762 -104.661 1196.44
v 8.84865 -103.878 1195.17
v 9.36903 -103.733 1196.32
v 9.66698 -104.389 1196.4
v 9.92838 -104.923 1195.98
v 9.64899 -103.8 1194.73
v 10.0905 -104.188 1196.26
v 10.9807 -102.516 1194.69
v 10.1501 -102.171 1196.03
v 10.1042 -101.884 1195.61
v 10.6634 -102.005 1196.23
v 10.6411 -101.175 1195.19
v 10.4296 -101.422 1195.38
v 10.8686 -102.206 1196.29
v 10.7822 -100.942 1195.57
v 10.9036 -100.91 1195.78
v 11.5609 -102.385 1194.96
v 11.7945 -102.319 1195.38
v 11.2048 -101.074 1194.68
v 11.6815 -100.165 1194.77
v 11.9583 -100.089 1194.63
v 11.9995 -100.468 1194.54
v 12.3078 -100.951 1194.65
v 12.2084 -100.656 1194.54
v 12.312 -99.3797 1194.78
v 11.1559 -100.624 1194.99
v 11.3413 -100.209 1195.36
v 11.4934 -100.071 1195.58
v 11.6997 -100.269 1195.98
v 11.7242 -99.9549 1195.78
v 11.8147 -99.7593 1194.99
v 11.9037 -99.9376 1195.92
v 12.1471 -100.31 1196.13
v 12.143 -99.8912 1196.02
v 12.3963 -100.705 1196.09
v 12.2944 -99.1356 1195.36
v 12.3696 -99.1269 1195.58
v 12.5407 -99.1296 1195.78
v 12.5056 -98.9808 1194.98
v 13.2906 -99.561 1194.49
v 13.7222 -99.5451 1194.64
v 12.8732 -100.775 1194.98
v 12.7062 -100.938 1195.78
v 13.2715 -100.431 1195.37
v 14.2312 -99.3779 1195
v 13.2361 -99.0398 1194.47
v 13.4806 -98.1434 1194.77
v 13.5049 -98.3701 1194.58
v 13.4486 -98.0306 1194.99
v 13.8663 -98.5996 1196.01
v 13.8855 -97.9072 1195.77
v 13.9466 -98.1189 1195.91
v 14.1696 -98.6943 1195.97
v 13.7475 -97.7221 1195.37
v 13.9339 -97.6597 1195.58
v 14.6026 -98.9531 1195.55
v 14.5583 -98.7006 1195.82
v 17.0924 -96.6648 1194.78
v 16.6861 -96.3661 1194.33
v 17.1738 -96.27 1194.44
v 17.2949 -95.3801 1194.24
v 17.2022 -95.0191 1194.39
v 15.9945 -95.6721 1194.99
v 16.2203 -95.5416 1195.37
v 16.3528 -95.6846 1195.64
v 16.4897 -96.1184 1195.84
v 16.5997 -95.6653 1195.74
v 16.7297 -96.1054 1195.84
v 17.0344 -94.7779 1194.98
v 17.0527 -95.5876 1195.8
v 17.2147 -94.9819 1195.58
v 17.4166 -95.5389 1195.77
v 17.2463 -95.1995 1195.71
v 17.2334 -94.7722 1195.39
v 17.305 -95.9185 1195.74
v 17.4838 -95.1656 1195.73
v 17.4882 -94.9661 1195.66
v 17.5016 -94.5858 1195.38
v 17.4888 -94.7653 1195.55
v 17.2559 -94.7319 1194.61
v 17.3327 -94.5872 1195.19
v 17.6021 -94.3501 1194.98
v 17.6941 -95.5626 1194.27
v 18.2581 -95.631 1194.56
v 18.4804 -95.1237 1194.18
v 18.4579 -94.7853 1194.04
v 18.9065 -94.744 1193.98
v 19.1079 -94.9807 1194.19
v 17.8585 -94.9828 1195.69
v 17.8789 -94.765 1195.63
v 17.9423 -95.9932 1195.14
v 18.0599 -95.1752 1195.67
v 18.1449 -95.5006 1195.51
v 18.2854 -94.556 1195.57
v 18.284 -94.7595 1195.61
v 18.72 -94.7472 1195.5
v 17.6782 -94.3003 1194.78
v 18.1522 -93.9821 1194.79
v 18.2993 -94.0288 1194.36
v 18.2472 -93.9514 1194.59
v 18.6362 -93.7651 1194.39
v 18.5464 -93.7682 1194.76
v 18.6455 -94.2071 1193.98
v 19.106 -94.3704 1193.78
v 19.0786 -93.5323 1194.38
v 19.0805 -93.5721 1194.77
v 17.8911 -94.5527 1195.52
v 18.0522 -94.1589 1195.19
v 18.2739 -93.9463 1194.98
v 18.4881 -94.1633 1195.37
v 18.4782 -93.9671 1195.17
v 18.6959 -93.7703 1194.98
v 18.8641 -93.8718 1195.18
v 19.0322 -94.1955 1195.37
v 19.0835 -93.9586 1195.25
v 19.4534 -94.9774 1194.37
v 19.6179 -94.7912 1193.99
v 19.8553 -94.6928 1193.79
v 20.0623 -94.7034 1193.81
v 20.2804 -94.625 1193.78
v 20.2471 -94.7284 1194.18
v 20.4748 -94.5856 1193.98
v 19.4823 -94.8701 1194.94
v 19.3956 -94.568 1193.78
v 19.2647 -93.7759 1193.79
v 19.2407 -93.588 1194
v 19.4894 -93.4605 1193.99
v 19.4787 -93.4029 1194.38
v 19.4903 -93.5134 1194.76
v 19.678 -94.165 1193.46
v 19.6366 -93.9707 1193.47
v 19.677 -93.7571 1193.51
v 19.6594 -93.5682 1193.67
v 19.8638 -94.5312 1193.59
v 19.8583 -94.3636 1193.48
v 19.8854 -94.1577 1193.39
v 19.8778 -93.9651 1193.39
v 19.8777 -93.7645 1193.44
v 19.8779 -93.544 1193.59
v 19.8636 -93.3925 1193.78
v 19.8732 -93.3207 1194
v 19.8722 -93.3443 1194.38
v 20.0724 -94.541 1193.59
v 20.0852 -94.357 1193.45
v 20.0784 -94.1649 1193.39
v 20.0784 -93.9651 1193.39
v 20.071 -93.7724 1193.42
v 20.0834 -93.5721 1193.55
v 20.0729 -93.3832 1193.78
v 20.0484 -93.4457 1194.58
v 20.0781 -93.3102 1193.98
v 20.0843 -93.3042 1194.18
v 20.0775 -93.344 1194.38
v 20.427 -94.5673 1194.39
v 20.2817 -94.3664 1193.53
v 20.272 -94.1722 1193.44
v 20.2832 -93.9703 1193.43
v 20.2558 -93.9725 1194.83
v 20.2648 -93.7655 1193.48
v 20.4209 -93.7654 1193.59
v 20.2496 -93.7758 1194.77
v 20.2831 -93.5752 1193.62
v 20.4618 -93.5712 1193.78
v 20.2778 -93.4423 1193.78
v 20.268 -93.3975 1194.38
v 20.262 -93.5321 1194.59
v 20.2674 -93.3588 1193.98
v 20.3248 -93.3795 1194.18
v 20.5246 -94.5521 1194.18
v 20.5604 -94.3679 1193.78
v 20.6482 -94.365 1193.98
v 20.6128 -94.3643 1194.38
v 20.4346 -94.3782 1194.61
v 20.4859 -94.1653 1193.58
v 20.6453 -94.1652 1193.78
v 20.5719 -94.1651 1194.57
v 20.4384 -94.1653 1194.7
v 20.5106 -93.9653 1193.59
v 20.6607 -93.9724 1193.79
v 20.589 -93.9648 1194.56
v 20.4723 -93.9653 1194.69
v 20.6024 -93.7706 1193.78
v 20.6397 -93.7651 1194.38
v 20.512 -93.7639 1194.58
v 20.5611 -93.5769 1193.97
v 20.4664 -93.4817 1193.98
v 20.5731 -93.5737 1194.18
v 20.5048 -93.565 1194.38
v 20.6748 -94.3407 1194.18
v 20.7193 -94.1644 1193.98
v 20.7346 -94.1569 1194.17
v 20.6896 -94.1591 1194.38
v 20.7257 -93.9651 1193.98
v 20.7385 -93.9648 1194.18
v 20.6966 -93.9577 1194.37
v 20.68 -93.7655 1193.99
v 20.6934 -93.7723 1194.19
v 19.2492 -93.662 1194.98
v 19.6025 -94.3724 1195.18
v 19.4643 -94.1771 1195.24
v 19.4567 -93.9578 1195.18
v 19.5184 -93.7573 1195.04
v 19.6263 -94.5884 1195.08
v 19.702 -93.965 1195.09
v 19.9028 -94.3586 1195
v 19.882 -94.1653 1195.05
v -5.27464 -127.629 1189.99
v -2.67805 -125.696 1189.98
f 12 106 13
f 106 1 13
f 1 14 13
f 7 109 12
f 1 2 14
f 2 3 14
f 106 107 1
f 107 108 1
f 108 2 1
f 8 21 118
f 28 21 8
f 30 4 5
f 5 11 31
f 30 9 4
f 30 6 9
f 9 10 4
f 12 6 7
f 12 9 6
f 9 13 10
f 10 15 11
f 11 15 16
f 4 10 5
f 10 11 5
f 12 13 9
f 13 14 10
f 14 15 10
f 14 3 15
f 17 16 15
f 16 17 18
f 16 37 11
f 18 37 16
f 3 17 15
f 17 126 18
f 18 126 123
f 38 18 123
f 125 17 3
f 133 22 131
f 19 23 46
f 47 20 19
f 19 46 47
f 19 20 28
f 21 28 20
f 20 22 21
f 22 20 42
f 27 6 23
f 19 27 23
f 23 32 24
f 23 24 25
f 32 33 24
f 23 25 46
f 24 26 25
f 24 33 26
f 25 44 46
f 25 26 44
f 33 29 26
f 44 26 48
f 28 7 27
f 27 7 6
f 19 28 27
f 29 50 26
f 36 50 29
f 7 28 8
f 6 30 23
f 23 30 32
f 30 5 32
f 5 31 32
f 32 31 33
f 31 34 33
f 34 29 33
f 34 36 29
f 11 37 31
f 31 37 34
f 37 35 34
f 36 34 35
f 144 36 35
f 50 36 173
f 36 144 173
f 35 151 144
f 35 38 151
f 37 18 38
f 35 37 38
f 38 152 151
f 39 45 57
f 58 40 47
f 39 47 46
f 58 47 55
f 55 47 39
f 40 42 20
f 40 20 47
f 58 41 40
f 42 40 41
f 41 58 53
f 42 41 43
f 43 41 53
f 131 22 42
f 131 42 159
f 159 42 43
f 159 43 158
f 158 43 53
f 39 44 45
f 44 48 45
f 46 44 39
f 49 59 48
f 60 59 49
f 49 51 60
f 182 60 51
f 48 26 49
f 49 26 50
f 49 50 51
f 50 173 168
f 50 168 51
f 168 182 51
f 65 55 62
f 55 56 62
f 62 56 63
f 56 57 63
f 52 58 55
f 52 55 65
f 52 65 67
f 53 58 52
f 53 52 54
f 54 52 67
f 175 54 67
f 158 53 174
f 174 53 54
f 174 54 175
f 56 39 57
f 56 55 39
f 57 45 64
f 45 69 64
f 45 48 69
f 48 59 69
f 60 182 183
f 75 71 65
f 61 187 68
f 61 68 65
f 65 71 61
f 67 68 186
f 186 68 187
f 175 67 186
f 63 57 66
f 57 64 66
f 66 62 63
f 66 65 62
f 65 66 75
f 64 70 80
f 64 78 66
f 64 80 78
f 65 68 67
f 69 70 64
f 69 59 70
f 59 60 196
f 59 196 197
f 197 70 59
f 77 72 75
f 75 66 77
f 71 73 61
f 71 72 73
f 75 72 71
f 72 74 73
f 81 74 72
f 72 77 81
f 202 187 73
f 187 61 73
f 202 73 74
f 80 70 76
f 197 76 70
f 74 81 217
f 202 74 217
f 79 78 80
f 221 80 76
f 79 80 220
f 82 81 83
f 83 84 82
f 82 224 81
f 229 230 224
f 224 82 229
f 81 77 83
f 83 77 84
f 77 66 84
f 229 82 85
f 82 84 85
f 87 86 84
f 84 86 85
f 66 87 84
f 66 78 87
f 78 79 87
f 79 220 234
f 93 88 95
f 93 89 88
f 88 91 95
f 88 276 91
f 89 273 275
f 98 273 89
f 275 88 89
f 89 93 98
f 276 88 275
f 91 97 96
f 276 277 91
f 91 277 97
f 277 101 97
f 94 103 104
f 106 93 107
f 109 98 92
f 93 95 107
f 90 98 103
f 92 93 106
f 103 98 109
f 98 93 92
f 94 90 103
f 90 94 274
f 94 104 278
f 104 105 278
f 97 111 96
f 95 91 96
f 97 101 99
f 99 111 97
f 99 101 283
f 99 283 100
f 101 285 283
f 104 8 118
f 102 104 118
f 120 121 102
f 106 12 109
f 103 109 7
f 8 104 103
f 103 7 8
f 104 102 105
f 105 102 121
f 287 105 121
f 121 288 287
f 108 111 2
f 2 111 3
f 111 112 3
f 3 112 125
f 92 106 109
f 95 108 107
f 108 95 96
f 111 108 96
f 125 112 110
f 110 114 127
f 111 99 112
f 112 113 110
f 112 99 113
f 113 114 110
f 113 99 100
f 295 129 114
f 113 100 114
f 115 129 295
f 100 284 114
f 114 284 295
f 286 115 295
f 116 134 119
f 116 119 118
f 119 136 117
f 136 138 117
f 138 137 117
f 118 119 102
f 102 119 120
f 119 117 120
f 120 137 122
f 120 122 121
f 117 137 120
f 121 297 288
f 296 297 122
f 297 121 122
f 122 137 139
f 296 122 139
f 38 123 152
f 123 126 128
f 152 128 154
f 152 123 128
f 124 157 156
f 125 110 126
f 126 17 125
f 110 127 126
f 127 128 126
f 128 127 129
f 114 129 127
f 130 128 129
f 115 130 129
f 289 156 130
f 115 289 130
f 133 131 135
f 131 159 160
f 135 131 160
f 162 135 160
f 21 132 116
f 116 118 21
f 22 133 132
f 132 21 22
f 132 134 116
f 132 133 134
f 133 135 134
f 134 136 119
f 135 136 134
f 135 162 136
f 136 162 138
f 162 164 138
f 138 164 142
f 171 170 148
f 138 142 140
f 143 171 150
f 148 150 171
f 138 140 137
f 139 141 149
f 137 140 139
f 139 140 143
f 139 143 141
f 142 172 140
f 140 172 143
f 143 150 141
f 172 167 143
f 171 143 167
f 144 145 146
f 144 151 145
f 146 173 144
f 145 147 146
f 155 147 145
f 155 157 147
f 157 170 147
f 148 170 157
f 139 149 296
f 296 149 298
f 149 150 298
f 149 141 150
f 124 148 157
f 151 152 153
f 152 154 153
f 153 145 151
f 155 153 154
f 155 145 153
f 154 130 156
f 130 154 128
f 154 156 155
f 155 156 157
f 148 124 299
f 158 174 177
f 160 158 177
f 160 177 161
f 159 158 160
f 160 161 162
f 163 162 161
f 164 162 163
f 164 163 179
f 164 179 180
f 164 180 165
f 170 185 166
f 164 165 142
f 170 167 185
f 142 165 172
f 172 165 167
f 165 181 167
f 169 168 173
f 168 169 182
f 170 166 169
f 167 170 171
f 146 169 173
f 147 169 146
f 147 170 169
f 175 176 177
f 174 175 177
f 161 178 163
f 178 161 177
f 178 179 163
f 178 193 179
f 184 198 183
f 185 181 201
f 180 181 165
f 180 194 181
f 169 166 182
f 166 183 182
f 184 183 166
f 185 184 166
f 181 185 167
f 188 175 186
f 175 188 176
f 186 189 188
f 189 186 187
f 188 189 190
f 206 192 190
f 206 193 192
f 188 191 176
f 191 177 176
f 188 190 191
f 178 177 191
f 192 191 190
f 178 191 192
f 192 193 178
f 195 179 193
f 179 195 180
f 180 195 303
f 180 303 194
f 194 201 181
f 201 194 303
f 198 196 60
f 183 198 60
f 209 197 196
f 198 209 196
f 185 199 184
f 184 199 198
f 185 201 199
f 201 200 199
f 201 306 200
f 203 212 204
f 204 212 214
f 189 187 203
f 203 187 202
f 189 203 204
f 204 190 189
f 205 190 204
f 205 204 214
f 206 190 205
f 218 206 205
f 206 304 193
f 206 219 304
f 206 218 219
f 195 193 304
f 197 207 76
f 209 207 197
f 222 76 207
f 208 207 209
f 208 222 207
f 200 223 208
f 223 222 208
f 200 306 223
f 306 201 303
f 198 208 209
f 199 200 208
f 199 208 198
f 211 210 217
f 211 217 81
f 203 210 212
f 210 211 212
f 212 211 213
f 212 215 214
f 215 212 213
f 218 205 214
f 218 214 215
f 215 216 218
f 210 203 202
f 210 202 217
f 216 219 218
f 222 221 76
f 221 226 80
f 226 220 80
f 226 221 222
f 222 227 226
f 223 227 222
f 306 228 223
f 230 225 224
f 225 211 81
f 81 224 225
f 213 211 225
f 216 215 307
f 309 306 310
f 306 309 228
f 228 309 227
f 223 228 227
f 231 239 232
f 241 229 85
f 240 230 229
f 229 241 240
f 238 230 237
f 230 240 237
f 213 225 231
f 231 225 230
f 231 230 238
f 215 213 232
f 232 213 231
f 232 307 215
f 79 233 87
f 234 233 79
f 86 87 243
f 226 235 220
f 235 234 220
f 226 227 236
f 236 235 226
f 256 236 227
f 262 260 248
f 330 238 237
f 259 237 248
f 260 259 248
f 239 231 238
f 330 237 259
f 241 85 86
f 241 86 242
f 240 241 246
f 242 246 241
f 244 242 86
f 243 244 86
f 242 244 245
f 244 247 245
f 244 243 247
f 248 237 240
f 246 248 240
f 250 253 243
f 248 246 262
f 245 246 242
f 246 245 261
f 245 247 261
f 261 247 264
f 243 253 247
f 246 261 262
f 263 264 247
f 247 253 249
f 253 255 249
f 87 233 243
f 233 234 250
f 243 233 250
f 251 250 234
f 234 235 251
f 252 250 251
f 250 252 253
f 251 235 236
f 254 252 251
f 253 252 255
f 255 252 254
f 236 254 251
f 236 257 254
f 256 257 236
f 255 254 257
f 255 257 269
f 255 269 265
f 256 326 257
f 352 269 257
f 227 325 256
f 325 326 256
f 326 352 257
f 260 262 258
f 331 258 332
f 260 258 331
f 332 333 331
f 264 262 261
f 249 263 247
f 249 255 265
f 264 258 262
f 263 268 264
f 263 249 265
f 268 263 267
f 263 265 267
f 258 264 266
f 332 258 266
f 264 268 266
f 265 269 267
f 268 267 338
f 266 268 340
f 268 338 339
f 332 266 340
f 341 267 269
f 341 338 267
f 268 339 340
f 339 338 342
f 375 364 274
f 375 274 278
f 273 274 270
f 364 270 274
f 272 368 271
f 271 367 276
f 276 367 379
f 271 368 367
f 277 378 101
f 101 378 285
f 90 273 98
f 90 274 273
f 278 274 94
f 377 279 281
f 275 271 276
f 272 273 270
f 275 273 272
f 271 275 272
f 276 379 277
f 278 105 279
f 281 279 105
f 105 280 281
f 287 290 280
f 280 290 281
f 290 282 281
f 282 290 384
f 291 384 290
f 292 384 291
f 286 387 289
f 387 388 289
f 100 283 285
f 285 284 100
f 286 295 284
f 105 287 280
f 292 301 302
f 301 291 288
f 291 301 292
f 290 288 291
f 287 288 290
f 293 294 124
f 156 293 124
f 289 293 156
f 293 388 294
f 386 292 294
f 388 385 294
f 289 388 293
f 385 386 294
f 297 301 288
f 297 296 301
f 298 150 299
f 301 296 302
f 296 298 302
f 302 299 300
f 300 299 124
f 299 302 298
f 292 302 300
f 289 115 286
f 300 124 294
f 294 292 300
f 299 150 148
f 304 305 303
f 195 304 303
f 308 304 219
f 304 308 305
f 303 310 306
f 305 308 303
f 219 307 308
f 216 307 219
f 310 303 308
f 310 308 320
f 319 307 232
f 308 307 320
f 320 321 310
f 310 327 309
f 309 327 227
f 239 238 330
f 239 311 232
f 311 319 232
f 311 239 312
f 330 314 312
f 239 330 312
f 313 311 312
f 313 315 319
f 313 319 311
f 313 317 315
f 312 314 316
f 313 312 316
f 314 337 316
f 315 317 322
f 317 313 316
f 337 390 316
f 316 390 317
f 318 322 317
f 391 318 317
f 317 390 391
f 307 319 320
f 321 327 310
f 349 327 324
f 353 325 349
f 319 315 320
f 320 315 322
f 321 324 327
f 321 320 323
f 323 324 321
f 320 322 323
f 322 318 323
f 318 401 323
f 401 324 323
f 227 327 325
f 325 353 326
f 353 352 326
f 327 349 325
f 328 393 336
f 329 328 334
f 354 334 335
f 354 329 334
f 328 329 393
f 259 260 334
f 260 331 334
f 332 340 343
f 330 336 314
f 355 333 332
f 355 332 343
f 336 330 328
f 330 259 328
f 334 328 259
f 335 334 331
f 333 335 331
f 335 333 356
f 314 336 337
f 338 345 342
f 341 345 338
f 340 339 343
f 339 342 361
f 353 344 352
f 344 341 352
f 348 342 345
f 342 348 361
f 343 339 361
f 346 344 353
f 347 344 346
f 344 345 341
f 344 347 345
f 347 348 345
f 349 346 353
f 347 346 350
f 350 351 347
f 351 348 347
f 348 351 418
f 349 350 346
f 400 349 324
f 350 419 351
f 352 341 269
f 405 354 406
f 333 355 357
f 357 355 358
f 358 355 343
f 357 356 333
f 343 361 358
f 358 360 357
f 358 410 360
f 410 358 362
f 358 361 362
f 356 354 335
f 354 356 359
f 357 359 356
f 410 362 413
f 359 357 360
f 359 406 354
f 413 362 418
f 411 359 360
f 361 348 362
f 418 362 348
f 364 369 270
f 365 364 375
f 365 375 366
f 366 448 365
f 368 372 367
f 272 270 369
f 272 369 370
f 368 272 370
f 368 430 372
f 372 363 367
f 363 379 367
f 430 368 370
f 369 364 371
f 370 369 371
f 364 365 447
f 447 371 364
f 371 447 431
f 370 371 431
f 430 370 431
f 365 448 447
f 379 363 373
f 277 379 373
f 430 363 372
f 374 378 277
f 373 374 277
f 378 374 455
f 454 373 363
f 373 456 374
f 279 375 278
f 279 376 375
f 279 377 376
f 375 376 366
f 377 281 466
f 282 466 281
f 285 378 380
f 380 381 285
f 458 380 378
f 381 380 458
f 458 378 455
f 458 468 381
f 282 384 382
f 382 386 474
f 388 473 389
f 389 473 474
f 467 282 382
f 381 284 285
f 286 284 381
f 383 286 381
f 381 468 383
f 387 383 472
f 469 472 468
f 468 472 383
f 387 473 388
f 384 292 386
f 384 386 382
f 389 386 385
f 389 385 388
f 286 383 387
f 389 474 386
f 318 391 395
f 401 318 395
f 401 395 396
f 396 395 391
f 402 324 401
f 336 392 337
f 337 392 394
f 336 393 475
f 337 394 390
f 394 391 390
f 396 397 401
f 399 397 396
f 397 403 402
f 403 398 400
f 396 391 477
f 399 403 397
f 394 476 391
f 391 476 477
f 399 396 477
f 400 398 349
f 404 350 349
f 404 419 350
f 351 419 418
f 402 400 324
f 349 398 404
f 397 402 401
f 402 403 400
f 329 354 405
f 329 405 393
f 408 405 406
f 393 405 407
f 405 408 407
f 406 415 409
f 418 414 413
f 411 406 359
f 412 410 413
f 411 360 410
f 411 410 412
f 415 406 411
f 415 411 412
f 415 412 416
f 416 412 413
f 417 416 413
f 417 413 414
f 409 415 416
f 409 416 483
f 483 416 417
f 419 485 414
f 485 486 414
f 486 417 414
f 419 414 418
f 433 420 425
f 420 431 428
f 420 422 421
f 425 420 421
f 422 428 488
f 422 420 428
f 488 487 422
f 421 422 487
f 425 423 433
f 433 423 436
f 423 424 436
f 424 437 436
f 425 492 423
f 492 424 423
f 424 427 437
f 427 442 437
f 425 491 492
f 426 424 492
f 427 424 426
f 427 502 444
f 429 488 428
f 488 429 432
f 432 429 450
f 510 432 450
f 488 432 511
f 511 432 510
f 363 435 454
f 430 433 363
f 420 430 431
f 433 430 420
f 363 434 435
f 435 439 454
f 454 439 456
f 436 434 433
f 434 363 433
f 434 436 435
f 436 437 435
f 435 437 439
f 439 440 456
f 437 442 438
f 437 438 439
f 438 441 439
f 439 441 440
f 443 440 441
f 443 445 464
f 438 442 441
f 427 444 442
f 444 525 442
f 525 441 442
f 443 441 526
f 441 525 526
f 443 526 445
f 448 366 449
f 376 377 446
f 366 376 446
f 449 366 446
f 431 447 428
f 447 448 429
f 428 447 429
f 429 448 450
f 449 450 448
f 451 449 446
f 446 466 451
f 449 452 450
f 449 451 452
f 452 451 453
f 450 452 510
f 452 453 537
f 451 466 453
f 453 466 535
f 466 467 535
f 452 537 510
f 535 537 453
f 535 467 536
f 467 382 536
f 456 373 454
f 456 455 374
f 456 457 455
f 457 456 440
f 457 440 459
f 460 455 457
f 457 459 460
f 460 458 455
f 458 461 468
f 458 460 461
f 460 459 465
f 465 462 460
f 460 462 461
f 462 463 461
f 463 468 461
f 465 463 462
f 550 463 465
f 550 541 463
f 440 443 459
f 464 459 443
f 459 464 465
f 519 465 464
f 519 550 465
f 519 551 550
f 466 446 377
f 466 282 467
f 473 472 470
f 463 469 468
f 463 471 469
f 463 541 471
f 469 471 472
f 540 471 541
f 539 474 553
f 474 470 553
f 471 470 472
f 382 474 539
f 387 472 473
f 474 473 470
f 554 336 475
f 554 392 336
f 599 476 394
f 398 403 399
f 556 399 477
f 399 556 398
f 404 398 562
f 407 558 478
f 558 407 481
f 558 481 608
f 478 557 475
f 478 558 561
f 475 393 478
f 393 407 478
f 479 408 406
f 406 409 479
f 479 409 480
f 480 409 483
f 482 408 479
f 407 408 481
f 481 408 482
f 482 479 609
f 609 479 613
f 613 479 480
f 608 482 609
f 608 481 482
f 613 480 484
f 484 480 483
f 607 483 486
f 564 607 486
f 484 483 607
f 563 485 419
f 417 486 483
f 404 563 419
f 485 564 486
f 562 563 404
f 421 487 493
f 488 511 489
f 487 488 489
f 489 496 487
f 496 493 487
f 499 496 489
f 489 500 499
f 489 511 500
f 511 515 500
f 515 490 500
f 490 565 500
f 491 421 493
f 493 494 491
f 491 494 492
f 494 495 492
f 492 495 426
f 503 426 495
f 421 491 425
f 496 494 493
f 494 496 498
f 498 497 494
f 494 497 495
f 495 504 503
f 498 496 499
f 498 505 497
f 504 497 505
f 495 497 504
f 499 568 498
f 505 498 568
f 500 571 499
f 499 571 568
f 565 490 501
f 500 565 571
f 426 503 502
f 427 426 502
f 502 503 508
f 506 576 504
f 576 503 504
f 508 503 576
f 508 507 502
f 614 576 506
f 505 506 504
f 505 570 506
f 569 570 505
f 614 506 570
f 568 569 505
f 502 507 444
f 532 444 507
f 507 508 509
f 532 507 577
f 510 512 511
f 512 537 542
f 510 537 512
f 512 513 511
f 512 514 513
f 512 542 514
f 542 546 514
f 515 514 518
f 515 513 514
f 511 513 515
f 515 518 490
f 490 518 516
f 522 516 517
f 516 522 490
f 464 527 519
f 521 519 520
f 551 519 521
f 527 520 519
f 529 520 527
f 522 517 551
f 551 521 522
f 523 522 521
f 523 521 520
f 523 520 530
f 520 529 530
f 551 517 552
f 490 522 501
f 523 524 522
f 501 522 524
f 445 526 528
f 445 528 527
f 527 464 445
f 444 532 525
f 527 528 529
f 525 533 526
f 526 586 528
f 528 586 529
f 533 525 532
f 530 529 531
f 530 524 523
f 585 530 531
f 533 534 526
f 526 534 586
f 589 532 577
f 589 533 532
f 589 591 533
f 533 591 534
f 534 591 586
f 535 542 537
f 542 535 543
f 535 536 543
f 536 382 538
f 538 382 539
f 536 538 543
f 538 539 544
f 540 541 552
f 539 553 545
f 545 540 549
f 545 470 540
f 542 548 546
f 542 543 548
f 548 543 544
f 544 549 548
f 549 552 517
f 538 544 543
f 544 545 549
f 544 539 545
f 549 540 552
f 514 546 518
f 518 546 547
f 518 547 516
f 546 548 547
f 516 547 549
f 547 548 549
f 552 550 551
f 550 552 541
f 516 549 517
f 470 545 553
f 540 470 471
f 554 475 557
f 554 555 392
f 554 557 560
f 394 392 555
f 554 600 555
f 600 554 560
f 394 555 597
f 594 555 600
f 555 594 597
f 599 665 476
f 477 476 665
f 556 477 675
f 561 602 559
f 601 600 560
f 601 560 559
f 601 559 602
f 560 557 559
f 559 557 478
f 478 561 559
f 398 556 562
f 613 484 607
f 563 564 485
f 614 570 618
f 571 565 574
f 501 566 565
f 574 565 616
f 566 616 565
f 566 501 567
f 524 583 501
f 501 583 567
f 568 571 569
f 570 569 573
f 569 571 573
f 567 572 566
f 572 567 583
f 571 575 573
f 571 574 575
f 617 616 566
f 572 617 566
f 617 572 583
f 507 509 577
f 614 579 576
f 509 581 577
f 578 576 579
f 508 576 578
f 631 580 579
f 580 578 579
f 614 631 579
f 581 637 577
f 508 581 509
f 578 634 582
f 508 578 582
f 508 582 581
f 634 578 580
f 581 582 640
f 581 640 636
f 524 530 584
f 585 584 530
f 583 524 584
f 645 585 531
f 583 584 643
f 644 584 585
f 583 643 617
f 531 529 586
f 587 586 591
f 531 586 588
f 588 586 587
f 587 593 651
f 587 651 588
f 644 585 645
f 645 531 588
f 589 577 590
f 590 591 589
f 590 592 591
f 591 592 587
f 593 587 592
f 654 592 590
f 577 657 590
f 657 654 590
f 598 595 599
f 598 594 596
f 596 595 598
f 603 594 600
f 596 594 603
f 603 667 596
f 662 595 596
f 597 599 394
f 598 597 594
f 598 599 597
f 602 605 601
f 600 601 604
f 604 601 605
f 606 602 561
f 561 558 606
f 558 608 606
f 606 608 612
f 612 608 609
f 603 600 604
f 603 604 667
f 668 604 605
f 610 611 564
f 564 611 607
f 682 613 607
f 682 607 611
f 674 676 610
f 556 675 674
f 563 610 564
f 556 674 562
f 562 674 563
f 674 610 563
f 612 609 679
f 679 609 613
f 680 612 679
f 679 613 682
f 615 631 614
f 632 615 614
f 616 622 574
f 623 622 616
f 617 623 616
f 573 618 570
f 618 632 614
f 573 619 618
f 619 632 618
f 574 621 575
f 573 575 620
f 574 622 621
f 619 573 620
f 619 633 632
f 620 626 619
f 624 626 620
f 575 621 620
f 633 619 626
f 624 620 621
f 621 622 625
f 629 624 625
f 624 621 625
f 623 627 622
f 622 627 625
f 647 627 623
f 628 626 624
f 628 624 629
f 627 629 625
f 629 627 630
f 627 647 630
f 628 629 687
f 615 632 633
f 626 628 687
f 687 629 688
f 630 649 688
f 635 580 631
f 635 634 580
f 639 631 615
f 631 639 635
f 615 685 639
f 615 633 685
f 626 686 633
f 634 638 582
f 582 638 640
f 581 636 637
f 638 634 641
f 641 634 635
f 639 689 635
f 636 642 637
f 636 640 642
f 642 660 637
f 638 691 640
f 638 741 691
f 741 638 641
f 689 641 635
f 643 584 644
f 643 623 617
f 650 645 588
f 623 643 647
f 645 648 644
f 648 645 650
f 647 643 646
f 646 643 644
f 646 644 648
f 648 650 653
f 647 646 649
f 647 649 630
f 649 646 648
f 648 653 696
f 649 648 696
f 588 651 650
f 650 651 652
f 653 650 652
f 697 653 652
f 652 651 697
f 637 657 577
f 592 654 655
f 661 654 657
f 592 655 593
f 655 654 658
f 593 655 656
f 651 593 656
f 697 651 656
f 637 660 657
f 661 658 654
f 660 661 657
f 655 658 659
f 661 703 658
f 655 659 656
f 656 659 700
f 659 658 699
f 700 659 699
f 658 703 699
f 660 704 661
f 661 704 703
f 704 705 703
f 662 666 595
f 666 599 595
f 663 666 662
f 664 666 663
f 665 666 664
f 670 671 662
f 599 666 665
f 477 665 675
f 712 711 672
f 605 669 668
f 602 669 605
f 667 604 668
f 669 712 668
f 596 667 670
f 670 662 596
f 667 668 672
f 672 668 712
f 671 663 662
f 670 667 673
f 673 671 670
f 673 718 671
f 664 675 665
f 667 672 673
f 671 718 716
f 671 716 663
f 716 715 663
f 715 664 663
f 676 683 610
f 675 677 674
f 677 678 674
f 674 678 676
f 723 678 677
f 727 612 680
f 727 606 612
f 681 680 679
f 602 606 727
f 682 681 679
f 681 682 684
f 669 602 727
f 680 681 731
f 731 681 684
f 728 727 680
f 684 682 611
f 684 611 683
f 683 611 610
f 683 732 684
f 630 688 629
f 686 685 633
f 626 687 686
f 688 649 698
f 639 685 690
f 687 688 737
f 698 745 688
f 692 641 689
f 692 741 641
f 690 689 639
f 686 690 685
f 686 735 690
f 640 691 693
f 640 693 642
f 742 741 692
f 689 738 692
f 693 694 642
f 642 694 660
f 694 709 660
f 741 740 691
f 693 691 740
f 694 695 709
f 693 740 743
f 694 693 743
f 743 695 694
f 702 653 697
f 748 696 653
f 748 653 702
f 649 696 698
f 698 696 744
f 696 748 744
f 697 656 701
f 656 700 701
f 702 697 701
f 702 701 747
f 747 748 702
f 703 705 699
f 705 706 699
f 699 706 700
f 704 708 705
f 708 710 705
f 701 700 707
f 700 706 707
f 705 710 706
f 747 701 746
f 701 707 746
f 707 706 750
f 660 709 704
f 704 709 708
f 709 751 708
f 751 710 708
f 751 709 695
f 749 706 710
f 713 711 714
f 714 711 712
f 715 717 664
f 664 717 675
f 717 722 675
f 711 673 672
f 718 673 711
f 719 716 718
f 721 717 715
f 721 722 717
f 718 713 719
f 713 718 711
f 719 720 716
f 720 715 716
f 721 715 720
f 726 677 675
f 713 724 719
f 719 724 720
f 722 726 675
f 723 677 726
f 724 725 720
f 770 734 723
f 721 720 725
f 754 721 725
f 754 722 721
f 726 768 723
f 723 768 770
f 733 676 678
f 678 734 733
f 723 734 678
f 727 761 669
f 727 728 761
f 729 712 669
f 669 761 729
f 803 761 728
f 759 712 729
f 761 765 729
f 728 680 731
f 733 767 732
f 773 732 767
f 684 732 731
f 734 767 733
f 731 730 728
f 734 766 767
f 731 732 772
f 733 683 676
f 733 732 683
f 686 687 736
f 687 737 736
f 745 737 688
f 735 686 736
f 736 737 780
f 745 780 737
f 690 739 689
f 689 739 738
f 739 690 735
f 735 736 739
f 779 739 736
f 736 780 779
f 745 786 780
f 775 741 742
f 741 775 781
f 741 781 740
f 751 695 783
f 740 781 784
f 743 782 695
f 695 782 783
f 740 784 743
f 784 782 743
f 698 744 745
f 746 707 750
f 744 748 787
f 745 744 786
f 706 749 750
f 749 825 750
f 750 825 821
f 821 746 750
f 783 789 751
f 751 789 710
f 710 788 749
f 789 788 710
f 753 713 714
f 714 712 760
f 753 714 760
f 713 753 752
f 713 752 724
f 752 755 724
f 758 755 752
f 753 790 762
f 753 762 752
f 758 752 762
f 755 725 724
f 756 754 725
f 757 722 754
f 756 725 755
f 756 757 754
f 726 722 757
f 756 755 758
f 769 756 758
f 756 769 757
f 758 791 769
f 760 712 759
f 759 729 765
f 728 730 803
f 760 759 764
f 764 759 765
f 763 790 753
f 760 764 763
f 763 753 760
f 791 758 762
f 794 763 764
f 790 763 794
f 770 766 734
f 773 772 732
f 766 774 767
f 774 773 767
f 770 774 766
f 769 771 757
f 771 726 757
f 769 791 799
f 799 771 769
f 803 730 810
f 836 765 761
f 730 731 772
f 772 773 811
f 742 777 775
f 777 742 692
f 738 776 692
f 692 776 777
f 812 814 776
f 814 777 776
f 814 778 777
f 777 778 775
f 738 812 776
f 780 786 864
f 775 778 781
f 781 778 784
f 816 789 783
f 782 785 783
f 747 746 817
f 746 821 817
f 817 748 747
f 786 744 787
f 786 787 864
f 825 749 820
f 749 788 820
f 822 788 789
f 820 788 822
f 790 792 762
f 790 794 795
f 794 764 765
f 791 762 792
f 793 791 792
f 790 795 792
f 792 795 796
f 795 794 805
f 805 794 804
f 793 792 796
f 797 793 796
f 805 798 795
f 798 796 795
f 828 796 798
f 797 796 828
f 828 806 797
f 797 806 800
f 771 768 726
f 793 799 791
f 799 800 771
f 801 768 771
f 800 801 771
f 809 768 801
f 768 809 770
f 797 799 793
f 800 799 797
f 835 801 800
f 806 835 800
f 804 802 827
f 794 765 804
f 730 772 2254
f 836 761 803
f 804 765 802
f 802 765 836
f 805 829 798
f 829 833 798
f 829 805 830
f 830 805 804
f 770 808 774
f 807 773 774
f 809 808 770
f 808 807 774
f 811 773 807
f 907 809 801
f 835 907 801
f 836 827 802
f 810 730 2254
f 739 812 738
f 739 813 812
f 739 863 813
f 813 850 812
f 863 851 813
f 814 815 857
f 850 815 812
f 812 815 814
f 850 813 851
f 778 883 784
f 859 778 814
f 780 864 866
f 780 866 868
f 779 863 739
f 779 865 863
f 779 780 865
f 864 819 894
f 782 784 785
f 784 881 785
f 783 785 816
f 784 883 881
f 881 882 785
f 816 785 882
f 864 787 819
f 819 787 748
f 748 817 818
f 819 748 894
f 818 894 748
f 822 823 820
f 820 823 825
f 821 825 897
f 817 821 897
f 817 897 818
f 789 816 822
f 816 824 822
f 824 823 822
f 824 826 823
f 824 816 898
f 824 898 826
f 897 825 896
f 825 823 896
f 896 823 826
f 898 899 826
f 830 804 827
f 830 827 839
f 830 839 842
f 833 831 798
f 798 831 828
f 829 830 833
f 831 832 828
f 832 806 828
f 806 832 834
f 834 835 806
f 830 844 833
f 833 844 905
f 833 905 831
f 832 831 905
f 904 832 905
f 803 838 836
f 839 827 837
f 837 827 836
f 837 836 838
f 839 837 840
f 840 838 841
f 840 837 838
f 842 839 840
f 840 841 843
f 842 840 843
f 847 841 838
f 803 847 838
f 842 844 830
f 910 843 841
f 810 2254 922
f 811 846 849
f 922 811 849
f 904 834 832
f 834 907 835
f 907 980 845
f 980 846 845
f 808 846 807
f 846 811 807
f 809 845 808
f 907 845 809
f 845 846 808
f 847 803 810
f 847 810 848
f 911 847 848
f 909 841 847
f 909 847 911
f 910 841 909
f 924 848 810
f 846 916 849
f 922 849 921
f 980 2255 846
f 863 869 851
f 851 869 852
f 851 852 850
f 852 869 870
f 815 856 857
f 815 850 856
f 856 850 853
f 850 852 853
f 853 931 856
f 852 854 853
f 854 926 853
f 852 870 877
f 854 852 877
f 853 926 931
f 927 926 854
f 854 877 878
f 927 854 878
f 855 859 814
f 857 855 814
f 856 930 857
f 930 856 931
f 778 858 883
f 778 859 860
f 778 860 858
f 858 889 883
f 858 861 889
f 855 929 859
f 860 861 858
f 862 889 861
f 857 929 855
f 929 860 859
f 929 861 860
f 861 935 862
f 857 930 929
f 929 935 861
f 889 862 893
f 893 862 936
f 936 937 893
f 869 863 865
f 864 894 867
f 866 864 867
f 865 780 868
f 869 865 870
f 870 865 868
f 894 873 867
f 871 868 866
f 872 866 867
f 873 872 867
f 870 868 874
f 870 874 876
f 868 871 874
f 874 871 875
f 871 866 872
f 871 872 875
f 876 874 875
f 872 873 875
f 880 879 876
f 875 880 876
f 870 876 877
f 878 877 879
f 877 876 879
f 875 873 880
f 880 873 948
f 873 961 946
f 881 884 882
f 885 816 882
f 882 884 885
f 816 885 898
f 881 883 886
f 884 881 886
f 884 887 885
f 889 888 883
f 886 883 888
f 887 884 892
f 888 890 886
f 886 890 884
f 884 890 892
f 890 888 891
f 888 889 891
f 889 893 891
f 955 893 937
f 891 893 955
f 818 895 894
f 818 897 895
f 895 873 894
f 961 873 895
f 896 826 899
f 897 896 900
f 896 899 900
f 898 901 899
f 899 901 900
f 961 895 897
f 961 897 900
f 898 885 965
f 965 885 887
f 900 901 962
f 900 962 961
f 898 965 901
f 844 842 902
f 903 842 843
f 902 842 903
f 903 843 910
f 844 902 906
f 844 906 905
f 905 906 908
f 904 905 908
f 912 909 911
f 910 909 912
f 913 903 910
f 912 913 910
f 914 902 903
f 914 915 902
f 914 903 913
f 913 912 918
f 915 968 906
f 902 915 906
f 972 914 913
f 979 2255 980
f 979 923 916
f 923 849 916
f 923 921 849
f 970 834 904
f 908 906 968
f 907 834 970
f 917 911 848
f 924 917 848
f 919 918 912
f 912 911 919
f 911 917 920
f 911 920 919
f 920 917 982
f 973 972 913
f 973 913 918
f 973 918 971
f 971 918 919
f 919 920 971
f 922 924 810
f 925 924 922
f 923 978 921
f 922 992 925
f 922 921 992
f 979 978 923
f 921 978 991
f 982 917 924
f 921 991 992
f 924 925 989
f 989 925 996
f 996 925 992
f 928 926 927
f 926 928 931
f 927 949 928
f 938 935 929
f 930 932 929
f 929 932 938
f 930 944 932
f 931 928 933
f 930 934 944
f 930 931 934
f 933 998 934
f 933 934 931
f 933 928 952
f 933 952 1004
f 936 862 935
f 938 936 935
f 938 939 936
f 937 936 939
f 932 942 938
f 938 942 939
f 940 937 941
f 941 937 939
f 939 942 943
f 932 944 942
f 944 945 942
f 942 945 943
f 943 941 939
f 944 999 945
f 999 1001 945
f 945 1001 943
f 943 1000 941
f 941 1000 960
f 878 879 927
f 879 947 927
f 879 880 947
f 880 948 947
f 873 946 948
f 947 949 927
f 949 947 948
f 948 950 949
f 948 946 950
f 946 951 950
f 928 949 952
f 949 950 952
f 952 950 953
f 950 951 954
f 950 954 953
f 1004 952 1002
f 953 1002 952
f 891 956 890
f 892 890 957
f 891 955 956
f 955 958 956
f 956 957 890
f 940 955 937
f 955 940 958
f 1012 892 957
f 958 959 956
f 956 959 957
f 941 960 940
f 960 958 940
f 1005 959 958
f 957 959 1012
f 1006 958 960
f 1005 958 1006
f 960 1007 1006
f 1012 959 1005
f 965 967 901
f 962 901 966
f 901 967 966
f 946 961 963
f 961 962 963
f 963 962 966
f 951 946 963
f 964 963 966
f 951 963 964
f 951 964 954
f 954 964 1008
f 1009 965 887
f 887 892 1009
f 967 965 1010
f 965 1009 1010
f 892 1012 1009
f 915 981 968
f 914 976 915
f 981 915 976
f 904 908 969
f 1022 904 969
f 970 904 1022
f 968 969 908
f 907 970 980
f 969 968 981
f 969 981 1022
f 971 920 983
f 983 920 982
f 971 975 973
f 972 976 914
f 976 972 974
f 974 972 973
f 974 973 975
f 976 974 977
f 977 974 975
f 975 971 984
f 984 971 983
f 981 976 1015
f 977 975 984
f 980 1021 979
f 981 1015 1022
f 1026 970 1022
f 1026 1024 970
f 1024 1023 970
f 970 1023 980
f 980 1023 1021
f 982 924 990
f 982 985 983
f 987 982 990
f 987 985 982
f 987 990 993
f 984 983 986
f 986 983 985
f 977 984 988
f 988 984 986
f 985 1032 986
f 985 987 1032
f 978 997 991
f 990 924 989
f 990 989 993
f 996 993 989
f 997 978 979
f 992 991 994
f 994 991 997
f 1034 993 996
f 1021 995 979
f 995 997 979
f 987 993 1034
f 997 995 1044
f 1021 1029 995
f 1029 1044 995
f 1034 996 1036
f 992 994 1035
f 996 992 1035
f 994 997 1043
f 1032 987 1034
f 934 999 944
f 1000 943 1001
f 999 1053 1001
f 960 1000 1007
f 1002 953 1003
f 953 954 1003
f 1003 1008 1060
f 954 1008 1003
f 1004 998 933
f 999 1052 1053
f 1054 934 998
f 1060 1002 1003
f 999 934 1052
f 1001 1051 1000
f 1000 1051 1007
f 1053 1051 1001
f 1006 1014 1005
f 1006 1007 1058
f 1014 1006 1058
f 964 1061 1008
f 1061 1060 1008
f 966 967 1011
f 1012 1013 1009
f 1070 1009 1013
f 1070 1010 1009
f 966 1011 1063
f 1005 1069 1012
f 1005 1014 1069
f 1012 1069 1013
f 1015 976 1018
f 977 988 1016
f 1016 988 1017
f 1017 988 986
f 1017 986 1032
f 977 1018 976
f 1016 1018 977
f 1016 1020 1018
f 1020 1016 1019
f 1017 1019 1016
f 1041 1028 1018
f 1020 1041 1018
f 1042 1020 1019
f 1031 1021 1023
f 1021 1031 1030
f 1024 1027 1023
f 1023 1027 1031
f 1026 1022 1025
f 1015 1025 1022
f 1027 1024 1026
f 1028 1025 1015
f 1018 1028 1015
f 1026 1025 1130
f 1025 1028 1130
f 1028 1127 1130
f 1041 1020 1042
f 1026 1136 1027
f 1136 1026 1130
f 1136 1135 1027
f 1044 1029 1045
f 1030 1029 1021
f 1045 1029 1030
f 1031 1133 1030
f 1135 1031 1027
f 1031 1135 1134
f 1031 1134 1133
f 1019 1017 1033
f 1033 1017 1032
f 1033 1042 1019
f 1034 1039 1032
f 994 1043 1035
f 1036 996 1037
f 1039 1033 1032
f 1038 1034 1036
f 1037 1038 1036
f 1040 1033 1039
f 1039 1034 1038
f 1038 1037 1150
f 1040 1042 1033
f 1126 1040 1039
f 1128 1041 1042
f 1042 1040 1126
f 1043 997 1044
f 1045 1046 1044
f 1044 1046 1043
f 1133 1045 1030
f 1043 1046 1047
f 1045 1133 1151
f 1037 996 1049
f 1150 1037 1049
f 996 1035 1049
f 1039 1038 1140
f 1035 1043 1048
f 1035 1048 1049
f 1043 1047 1048
f 934 1054 1052
f 998 1050 1054
f 998 1004 1050
f 1002 1055 1004
f 1050 1004 1055
f 1052 1164 1053
f 1056 1050 1055
f 1050 1056 1054
f 1056 1055 1168
f 1057 1058 1007
f 1057 1007 1051
f 1051 1059 1057
f 1058 1057 1059
f 1058 1073 1014
f 1059 1073 1058
f 1053 1167 1051
f 1164 1167 1053
f 1073 1059 1408
f 1061 964 1062
f 1062 964 1064
f 1068 1062 1064
f 1067 1055 1002
f 1060 1067 1002
f 1061 1065 1060
f 1062 1065 1061
f 1055 1067 1168
f 1169 1168 1067
f 964 966 1063
f 964 1063 1064
f 1064 1063 1076
f 1064 1066 1068
f 1076 1066 1064
f 1060 1065 1067
f 1065 1062 1068
f 967 1010 1077
f 1070 1077 1010
f 1070 1013 1176
f 1014 1071 1069
f 1069 1071 1072
f 1013 1069 1072
f 1013 1072 1176
f 1071 1174 1072
f 1072 1180 1176
f 1174 1180 1072
f 1073 1071 1014
f 1063 1011 1074
f 1011 967 1075
f 1074 1011 1075
f 1076 1063 1074
f 1076 1074 1179
f 1179 1074 1075
f 1076 1179 1731
f 1076 1731 1066
f 1078 967 1077
f 1070 1176 1077
f 1075 967 1078
f 1075 1078 1179
f 1077 1177 1078
f 1176 1177 1077
f 1195 1081 1086
f 1080 1085 1093
f 1085 1082 1096
f 1087 1083 1081
f 1086 1082 1085
f 1086 1081 1082
f 1081 1083 1082
f 1087 1084 1083
f 1083 1096 1082
f 1083 1084 1096
f 1084 1100 1096
f 1084 1089 1100
f 1089 1103 1100
f 1087 1081 1079
f 1080 1207 1086
f 1080 1086 1085
f 1087 1088 1084
f 1088 1089 1084
f 1088 1214 1089
f 1079 1196 1087
f 1087 1196 1088
f 1196 1214 1088
f 1214 1224 1089
f 1089 1224 1103
f 1093 1090 1091
f 1090 1097 1091
f 1097 1092 1091
f 1097 1099 1092
f 1090 1093 1085
f 1095 1093 1094
f 1094 1093 1091
f 1105 1094 1091
f 1208 1080 1095
f 1095 1080 1093
f 1085 1096 1097
f 1096 1098 1097
f 1096 1100 1098
f 1090 1085 1097
f 1097 1098 1099
f 1098 1101 1099
f 1100 1101 1098
f 1100 1103 1101
f 1099 1101 1102
f 1099 1102 1106
f 1099 1106 1092
f 1102 1233 1106
f 1103 1223 1101
f 1101 1223 1102
f 1103 1224 1223
f 1104 1105 1245
f 1245 1105 1244
f 1105 1107 1244
f 1232 1095 1094
f 1232 1094 1104
f 1094 1105 1104
f 1238 1232 1104
f 1238 1104 1245
f 1091 1092 1105
f 1107 1105 1092
f 1107 1092 1106
f 1107 1106 1263
f 1234 1263 1106
f 1233 1234 1106
f 1263 1244 1107
f 1267 1246 1118
f 1109 1108 1111
f 1118 1109 1111
f 1108 1112 1111
f 1257 1108 1246
f 1257 1259 1108
f 1109 1246 1108
f 1112 1108 1259
f 1118 1246 1109
f 1259 1113 1112
f 1267 1118 1110
f 1118 1114 1110
f 1119 1268 1110
f 1110 1114 1119
f 1118 1111 1114
f 1111 1112 1116
f 1112 1113 1116
f 1113 1117 1116
f 1113 1125 1117
f 1111 1115 1114
f 1111 1116 1115
f 1116 1121 1115
f 1116 1122 1121
f 1116 1117 1122
f 1120 1115 1121
f 1114 1115 1119
f 1125 1123 1117
f 1120 1119 1115
f 1117 1123 1122
f 1119 1120 1124
f 1124 1120 1287
f 1271 1124 1287
f 1121 1287 1120
f 1122 1288 1121
f 1125 1290 1123
f 1127 1028 1041
f 1128 1127 1041
f 1128 1042 1129
f 1042 1126 1129
f 1126 1141 1129
f 1131 1127 1128
f 1128 1144 1131
f 1129 1144 1128
f 1129 1141 1144
f 1132 1130 1127
f 1144 1141 1145
f 1132 1127 1131
f 1144 1146 1131
f 1131 1146 1132
f 1322 1132 1146
f 1151 1046 1045
f 1046 1151 1155
f 1135 1137 1134
f 1133 1134 1137
f 1135 1324 1137
f 1133 1153 1151
f 1136 1324 1135
f 1133 1137 1153
f 1130 1132 1138
f 1136 1130 1138
f 1132 1322 1138
f 1136 1138 1323
f 1136 1325 1324
f 1126 1039 1139
f 1139 1039 1140
f 1140 1038 1150
f 1140 1150 1152
f 1142 1141 1139
f 1139 1141 1126
f 1140 1143 1139
f 1143 1140 1152
f 1142 1139 1143
f 1141 1142 1145
f 1160 1143 1152
f 1148 1143 1160
f 1147 1146 1144
f 1145 1147 1144
f 1148 1142 1143
f 1142 1149 1145
f 1148 1149 1142
f 1326 1322 1146
f 1147 1326 1146
f 1149 1326 1147
f 1145 1149 1147
f 1048 1047 1154
f 1150 1049 1159
f 1155 1047 1046
f 1047 1155 1154
f 1156 1155 1151
f 1152 1150 1158
f 1159 1158 1150
f 1154 1157 1048
f 1154 1162 1157
f 1153 1156 1151
f 1160 1152 1158
f 1137 1330 1153
f 1153 1330 1156
f 1332 1137 1324
f 1330 1137 1332
f 1138 1322 1323
f 1161 1154 1155
f 1154 1161 1162
f 1161 1155 1156
f 1049 1048 1157
f 1157 1159 1049
f 1352 1160 1158
f 1159 1352 1158
f 1160 1333 1148
f 1159 1157 1350
f 1350 1157 1162
f 1056 1168 1396
f 1167 1394 1051
f 1052 1163 1164
f 1054 1163 1052
f 1165 1163 1054
f 1056 1165 1054
f 1163 1392 1164
f 1392 1167 1164
f 1165 1056 1396
f 1163 1165 1392
f 1059 1403 1408
f 1059 1051 1166
f 1166 1051 1394
f 1166 1403 1059
f 1392 1393 1167
f 1170 1169 1067
f 1065 1170 1067
f 1170 1065 1068
f 1068 1066 1413
f 1068 1413 1171
f 1068 1171 1170
f 1168 1169 1172
f 1168 1172 1396
f 1169 1397 1172
f 1170 1173 1169
f 1173 1170 1171
f 1073 1175 1071
f 1175 1174 1071
f 1175 1418 1174
f 1180 1174 1181
f 1174 1418 1181
f 1408 1175 1073
f 1408 1422 1175
f 1422 1418 1175
f 1066 1731 1413
f 1078 1177 1178
f 1178 1177 1180
f 1177 1176 1180
f 1179 1078 1178
f 1178 1180 1417
f 1178 1417 1179
f 1181 1416 1180
f 1180 1416 1417
f 1184 1452 1183
f 1183 1452 1457
f 1466 1453 1184
f 1182 1188 1187
f 1182 1189 1188
f 1182 1459 1189
f 1466 1192 1465
f 1193 1194 1465
f 1186 1185 1197
f 1200 1183 1197
f 1183 1186 1197
f 1184 1183 1200
f 1184 1200 1192
f 1200 1191 1192
f 1183 1457 1186
f 1466 1184 1192
f 1187 1185 1186
f 1185 1188 1202
f 1186 1457 1187
f 1187 1188 1185
f 1188 1190 1202
f 1190 1204 1202
f 1190 1188 1189
f 1468 1469 1190
f 1469 1204 1190
f 1189 1459 1468
f 1468 1190 1189
f 1470 1469 1468
f 1191 1200 1195
f 1192 1191 1209
f 1210 1192 1209
f 1193 1192 1210
f 1465 1192 1193
f 1200 1197 1195
f 1079 1198 1196
f 1197 1079 1195
f 1195 1079 1081
f 1197 1185 1198
f 1185 1199 1198
f 1198 1079 1197
f 1198 1199 1196
f 1201 1196 1199
f 1199 1185 1202
f 1202 1201 1199
f 1203 1216 1201
f 1204 1201 1202
f 1203 1201 1205
f 1201 1204 1205
f 1219 1203 1205
f 1205 1204 1469
f 1206 1205 1469
f 1206 1219 1205
f 1220 1219 1206
f 1469 1483 1206
f 1208 1209 1207
f 1208 1207 1080
f 1210 1209 1208
f 1210 1208 1241
f 1193 1210 1211
f 1194 1193 1211
f 1194 1211 1212
f 1211 1508 1212
f 1194 1212 1479
f 1207 1209 1191
f 1207 1191 1086
f 1086 1191 1195
f 1196 1213 1214
f 1196 1201 1213
f 1213 1215 1214
f 1224 1215 1217
f 1224 1214 1215
f 1224 1217 1226
f 1216 1213 1201
f 1215 1213 1216
f 1216 1217 1215
f 1216 1218 1217
f 1227 1226 1217
f 1217 1218 1227
f 1218 1222 1227
f 1228 1227 1222
f 1228 1222 1231
f 1504 1231 1222
f 1216 1203 1218
f 1203 1219 1218
f 1221 1219 1220
f 1221 1218 1219
f 1222 1218 1221
f 1485 1221 1220
f 1504 1222 1221
f 1241 1208 1232
f 1232 1208 1095
f 1521 1211 1210
f 1508 1211 1521
f 1233 1223 1225
f 1102 1223 1233
f 1233 1225 1235
f 1224 1226 1223
f 1225 1223 1226
f 1226 1227 1228
f 1229 1226 1228
f 1225 1226 1229
f 1225 1229 1236
f 1229 1228 1230
f 1229 1230 1236
f 1228 1231 1230
f 1231 1516 1230
f 1210 1241 1525
f 1521 1210 1525
f 1234 1233 1235
f 1235 1236 1239
f 1234 1235 1239
f 1236 1235 1225
f 1236 1230 1237
f 1236 1237 1239
f 1516 1237 1230
f 1516 1524 1237
f 1245 1243 1238
f 1241 1232 1238
f 1243 1241 1238
f 1241 1253 1525
f 1234 1264 1263
f 1234 1239 1266
f 1264 1234 1266
f 1239 1541 1266
f 1237 1541 1239
f 1257 1243 1242
f 1257 1240 1243
f 1240 1241 1243
f 1241 1240 1258
f 1253 1241 1258
f 1245 1242 1243
f 1244 1261 1242
f 1245 1244 1242
f 1263 1261 1244
f 1247 1248 1246
f 1267 1247 1246
f 1273 1247 1267
f 1240 1246 1248
f 1258 1240 1248
f 1249 1248 1247
f 1249 1273 1272
f 1247 1273 1249
f 1248 1249 1250
f 1250 1249 1251
f 1252 1251 1272
f 1251 1249 1272
f 1252 1272 1281
f 1285 1252 1281
f 1253 1258 1248
f 1253 1250 1254
f 1253 1248 1250
f 1254 1251 1255
f 1254 1250 1251
f 1255 1251 1252
f 1255 1252 1285
f 1253 1254 1256
f 1256 1254 1255
f 1255 1285 1531
f 1256 1255 1531
f 1531 1285 1545
f 1242 1259 1257
f 1246 1240 1257
f 1259 1242 1261
f 1261 1260 1259
f 1259 1260 1113
f 1263 1260 1261
f 1263 1262 1260
f 1262 1264 1265
f 1262 1263 1264
f 1265 1264 1266
f 1269 1273 1267
f 1110 1269 1267
f 1268 1269 1110
f 1124 1270 1268
f 1119 1124 1268
f 1271 1270 1124
f 1269 1275 1273
f 1274 1275 1269
f 1268 1274 1269
f 1270 1274 1268
f 1273 1275 1272
f 1275 1274 1276
f 1277 1276 1274
f 1274 1270 1277
f 1277 1270 1278
f 1270 1271 1278
f 1281 1272 1275
f 1281 1275 1282
f 1276 1282 1275
f 1283 1282 1276
f 1276 1279 1283
f 1276 1277 1279
f 1279 1277 1280
f 1280 1278 1295
f 1280 1277 1278
f 1279 1284 1283
f 1284 1279 1280
f 1280 1298 1284
f 1295 1298 1280
f 1286 1285 1281
f 1286 1281 1282
f 1286 1282 1283
f 1286 1283 1543
f 1298 1301 1284
f 1545 1285 1286
f 1545 1286 1546
f 1546 1286 1543
f 1544 1283 1284
f 1301 1544 1284
f 1123 1288 1122
f 1302 1287 1121
f 1288 1302 1121
f 1288 1123 1289
f 1123 1290 1289
f 1289 1305 1288
f 1289 1290 1291
f 1113 1260 1125
f 1262 1125 1260
f 1125 1262 1290
f 1290 1262 1292
f 1291 1290 1292
f 1262 1265 1292
f 1265 1541 1292
f 1541 1265 1266
f 1278 1271 1293
f 1293 1271 1294
f 1303 1294 1271
f 1306 1294 1303
f 1297 1294 1306
f 1295 1293 1296
f 1295 1278 1293
f 1293 1294 1296
f 1296 1294 1297
f 1299 1298 1295
f 1299 1295 1296
f 1300 1299 1296
f 1300 1297 1314
f 1300 1296 1297
f 1301 1298 1299
f 1300 1314 1566
f 1577 1566 1314
f 1565 1301 1299
f 1565 1299 1300
f 1565 1300 1566
f 1578 1566 1577
f 1287 1302 1303
f 1302 1288 1305
f 1303 1271 1287
f 1305 1304 1302
f 1303 1302 1304
f 1306 1303 1304
f 1289 1291 1307
f 1305 1289 1307
f 1309 1305 1307
f 1306 1304 1308
f 1312 1306 1308
f 1304 1305 1309
f 1308 1304 1309
f 1310 1297 1306
f 1309 1307 1311
f 1307 1319 1311
f 1310 1306 1312
f 1312 1308 1313
f 1308 1309 1313
f 1309 1311 1313
f 1310 1312 1315
f 1315 1314 1310
f 1314 1297 1310
f 1313 1316 1318
f 1311 1316 1313
f 1316 1311 1321
f 1311 1319 1321
f 1314 1315 1577
f 1577 1315 1317
f 1315 1312 1317
f 1317 1312 1318
f 1312 1313 1318
f 1316 1321 1592
f 1577 1317 1579
f 1579 1317 1580
f 1317 1318 1580
f 1580 1318 1581
f 1318 1316 1581
f 1307 1291 1319
f 1319 1291 1292
f 1319 1320 1321
f 1292 1320 1319
f 1320 1292 1541
f 1321 1320 1592
f 1325 1136 1323
f 1327 1326 1149
f 1327 1149 1334
f 1149 1148 1334
f 1325 1332 1324
f 1328 1322 1326
f 1327 1328 1326
f 1335 1328 1327
f 1334 1335 1327
f 1323 1322 1329
f 1323 1329 1325
f 1322 1328 1329
f 1329 1331 1325
f 1329 1328 1337
f 1328 1335 1337
f 1340 1329 1337
f 1329 1340 1331
f 1349 1156 1330
f 1332 1341 1330
f 1332 1325 1331
f 1148 1333 1334
f 1336 1333 1160
f 1336 1160 1352
f 1334 1333 1339
f 1334 1339 1335
f 1333 1336 1339
f 1339 1336 1342
f 1335 1339 1338
f 1335 1338 1337
f 1339 1342 1347
f 1343 1340 1337
f 1338 1343 1337
f 1347 1343 1338
f 1339 1347 1338
f 1331 1344 1332
f 1345 1344 1331
f 1344 1348 1332
f 1332 1348 1341
f 1348 1602 1341
f 1345 1331 1340
f 1340 1343 1346
f 1340 1346 1345
f 1599 1345 1346
f 1347 1346 1343
f 1346 1601 1599
f 1347 1342 1605
f 1600 1348 1344
f 1600 1344 1345
f 1347 1601 1346
f 1156 1349 1357
f 1349 1330 1341
f 1341 1602 1349
f 1159 1350 1351
f 1352 1159 1351
f 1352 1351 1355
f 1605 1342 1604
f 1342 1336 1604
f 1604 1336 1352
f 1162 1161 1366
f 1366 1354 1162
f 1162 1354 1353
f 1355 1350 1353
f 1353 1350 1162
f 1355 1353 1363
f 1353 1354 1362
f 1156 1358 1161
f 1161 1358 1366
f 1351 1350 1355
f 1156 1356 1358
f 1156 1357 1356
f 1602 1606 1349
f 1606 1357 1349
f 1606 1360 1357
f 1358 1369 1366
f 1358 1356 1359
f 1369 1358 1359
f 1356 1357 1360
f 1356 1360 1361
f 1359 1356 1361
f 1359 1361 1375
f 1372 1359 1375
f 1375 1361 1627
f 1363 1353 1362
f 1363 1364 1355
f 1352 1355 1364
f 1364 1363 1365
f 1379 1365 1363
f 1367 1379 1363
f 1352 1364 1621
f 1364 1622 1621
f 1365 1622 1364
f 1365 1379 1622
f 1352 1621 1604
f 1369 1370 1366
f 1354 1368 1362
f 1366 1368 1354
f 1366 1371 1368
f 1367 1363 1362
f 1362 1368 1367
f 1385 1367 1368
f 1359 1372 1369
f 1370 1369 1372
f 1372 1373 1370
f 1371 1366 1370
f 1373 1374 1371
f 1370 1373 1371
f 1376 1372 1375
f 1373 1376 1377
f 1373 1372 1376
f 1373 1377 1374
f 1377 1378 1374
f 1627 1628 1375
f 1376 1375 1628
f 1628 1629 1376
f 1377 1376 1629
f 1629 1630 1377
f 1378 1377 1630
f 1379 1367 1386
f 1386 1648 1379
f 1382 1386 1367
f 1385 1382 1367
f 1371 1374 1380
f 1371 1381 1368
f 1371 1380 1381
f 1368 1381 1385
f 1380 1384 1381
f 1382 1385 1391
f 1380 1374 1378
f 1380 1383 1384
f 1378 1383 1380
f 1381 1384 1385
f 1383 1387 1384
f 1630 1652 1378
f 1652 1383 1378
f 1652 1653 1383
f 1387 1383 1653
f 1384 1388 1385
f 1384 1387 1388
f 1388 1390 1385
f 1389 1386 1382
f 1382 1391 1389
f 1385 1390 1391
f 1387 1674 1388
f 1685 1389 1391
f 1388 1673 1390
f 1388 1674 1673
f 1390 1686 1391
f 1673 1686 1390
f 1393 1395 1167
f 1394 1167 1395
f 1406 1395 1393
f 1394 1395 1407
f 1172 1397 1399
f 1397 1169 1173
f 1165 1396 1398
f 1401 1392 1398
f 1392 1165 1398
f 1398 1396 1399
f 1396 1172 1399
f 1400 1399 1397
f 1173 1400 1397
f 1400 1173 1415
f 1393 1392 1401
f 1173 1171 1415
f 1393 1401 1406
f 1402 1398 1399
f 1402 1399 1715
f 1400 1715 1399
f 1401 1398 1402
f 1404 1166 1394
f 1404 1403 1166
f 1409 1408 1403
f 1409 1403 1404
f 1406 1407 1395
f 1407 1405 1394
f 1394 1405 1404
f 1406 1716 1407
f 1401 1717 1406
f 1717 1716 1406
f 1408 1412 1422
f 1409 1412 1408
f 1404 1405 1410
f 1409 1404 1410
f 1410 1411 1409
f 1407 1720 1405
f 1410 1405 1720
f 1412 1409 1411
f 1411 1727 1412
f 1727 1422 1412
f 1744 1731 1179
f 1413 1414 1171
f 1414 1413 1731
f 1415 1171 1414
f 1417 1423 1179
f 1426 1423 1417
f 1179 1423 1744
f 1418 1419 1181
f 1420 1418 1422
f 1419 1418 1421
f 1181 1419 1416
f 1420 1421 1418
f 1426 1417 1425
f 1747 1423 1426
f 1744 1423 1747
f 1747 1426 1746
f 1417 1416 1425
f 1419 1424 1416
f 1421 1424 1419
f 1424 1425 1416
f 1425 1424 1429
f 1426 1425 1745
f 1425 1429 1431
f 1745 1425 1431
f 1426 1745 1746
f 1421 1428 1424
f 1421 1420 1427
f 1428 1421 1427
f 1427 1432 1428
f 1424 1428 1429
f 1427 1420 1430
f 1430 1432 1427
f 1428 1433 1429
f 1428 1432 1433
f 1432 1769 1433
f 1432 1760 1769
f 1434 1775 1438
f 1436 1774 1434
f 1435 1438 1446
f 1437 1436 1443
f 1448 1443 1446
f 1435 1446 1436
f 1436 1446 1443
f 1434 1435 1436
f 1438 1435 1434
f 1439 1447 1438
f 1775 1439 1438
f 1439 1775 1787
f 1439 1787 1440
f 1787 1788 1440
f 1440 1788 1795
f 1452 1441 1458
f 1458 1442 1448
f 1441 1442 1458
f 1442 1443 1448
f 1437 1443 1442
f 1442 1441 1444
f 1456 1444 1441
f 1441 1453 1456
f 1437 1442 1444
f 1805 1444 1456
f 1458 1448 1445
f 1446 1445 1448
f 1446 1447 1445
f 1438 1447 1446
f 1447 1439 1449
f 1439 1440 1449
f 1440 1450 1449
f 1796 1450 1795
f 1450 1440 1795
f 1461 1450 1451
f 1450 1796 1451
f 1451 1796 1810
f 1810 1463 1451
f 1453 1452 1184
f 1453 1441 1452
f 1454 1453 1466
f 1454 1466 1455
f 1456 1454 1455
f 1456 1455 1805
f 1456 1453 1454
f 1452 1458 1457
f 1449 1459 1182
f 1458 1445 1457
f 1187 1457 1445
f 1447 1187 1445
f 1182 1187 1447
f 1182 1447 1449
f 1450 1459 1449
f 1450 1461 1459
f 1461 1460 1459
f 1470 1460 1471
f 1461 1462 1460
f 1462 1471 1460
f 1462 1474 1471
f 1463 1461 1451
f 1463 1464 1462
f 1461 1463 1462
f 1474 1462 1464
f 1811 1464 1463
f 1463 1810 1811
f 1821 1467 1480
f 1466 1465 1467
f 1466 1467 1455
f 1468 1459 1460
f 1460 1470 1468
f 1483 1469 1472
f 1472 1469 1470
f 1471 1473 1470
f 1473 1472 1470
f 1473 1471 1474
f 1475 1486 1472
f 1476 1473 1474
f 1476 1477 1473
f 1477 1472 1473
f 1477 1475 1472
f 1474 1464 1476
f 1478 1475 1477
f 1478 1492 1475
f 1812 1476 1464
f 1812 1831 1476
f 1831 1477 1476
f 1477 1831 1478
f 1465 1194 1480
f 1194 1479 1480
f 1467 1465 1480
f 1479 1481 1480
f 1482 1821 1480
f 1481 1482 1480
f 1499 1482 1481
f 1481 1497 1499
f 1482 1499 1836
f 1484 1206 1483
f 1220 1206 1484
f 1220 1484 1485
f 1486 1483 1472
f 1486 1484 1483
f 1487 1484 1486
f 1487 1485 1484
f 1487 1488 1485
f 1475 1489 1486
f 1487 1489 1490
f 1489 1487 1486
f 1490 1488 1487
f 1492 1489 1475
f 1489 1492 1490
f 1491 1488 1490
f 1491 1490 1492
f 1493 1507 1491
f 1212 1494 1479
f 1481 1479 1494
f 1494 1495 1481
f 1495 1497 1481
f 1494 1496 1495
f 1495 1496 1497
f 1498 1497 1511
f 1497 1496 1511
f 1497 1498 1500
f 1499 1497 1500
f 1503 1514 1502
f 1499 1500 1836
f 1498 1501 1843
f 1498 1512 1501
f 1231 1504 1516
f 1493 1502 1507
f 1221 1485 1505
f 1505 1504 1221
f 1488 1505 1485
f 1505 1488 1506
f 1506 1516 1504
f 1506 1504 1505
f 1516 1506 1507
f 1507 1506 1491
f 1491 1506 1488
f 1509 1212 1508
f 1212 1509 1494
f 1494 1510 1496
f 1494 1509 1510
f 1510 1511 1496
f 1498 1511 1512
f 1511 1510 1513
f 1512 1511 1513
f 1513 1518 1512
f 1519 1512 1518
f 1520 1516 1517
f 1519 1520 1515
f 1514 1503 1501
f 1517 1514 1520
f 1520 1514 1515
f 1512 1519 1515
f 1515 1514 1501
f 1501 1512 1515
f 1517 1516 1507
f 1517 1502 1514
f 1502 1517 1507
f 1510 1509 1844
f 1847 1510 1844
f 1510 1847 1513
f 1522 1521 1527
f 1508 1521 1522
f 1509 1508 1522
f 1509 1522 1523
f 1523 1522 1527
f 1509 1523 1844
f 1524 1541 1237
f 1536 1528 1526
f 1539 1528 1536
f 1525 1253 1529
f 1525 1529 1526
f 1525 1526 1521
f 1521 1526 1527
f 1527 1526 1528
f 1528 1539 1851
f 1851 1527 1528
f 1857 1527 1851
f 1527 1857 1523
f 1853 1851 1539
f 1523 1857 1844
f 1516 1542 1524
f 1253 1530 1529
f 1530 1253 1256
f 1530 1256 1531
f 1530 1533 1526
f 1529 1530 1526
f 1532 1530 1531
f 1533 1530 1532
f 1534 1532 1531
f 1534 1531 1545
f 1533 1532 1535
f 1535 1532 1534
f 1536 1526 1533
f 1537 1536 1533
f 1535 1537 1533
f 1538 1535 1534
f 1535 1538 1537
f 1539 1536 1537
f 1540 1539 1537
f 1538 1540 1537
f 1540 1873 1539
f 1516 1889 1542
f 1542 1541 1524
f 1544 1543 1283
f 1567 1544 1301
f 1534 1545 1549
f 1549 1545 1546
f 1547 1546 1543
f 1547 1543 1544
f 1547 1544 1548
f 1548 1544 1567
f 1550 1549 1546
f 1547 1550 1546
f 1547 1551 1550
f 1551 1547 1548
f 1552 1551 1548
f 1567 1552 1548
f 1570 1552 1567
f 1534 1549 1553
f 1553 1538 1534
f 1550 1553 1549
f 1553 1550 1554
f 1554 1550 1551
f 1552 1555 1551
f 1552 1556 1555
f 1556 1552 1570
f 1570 1572 1556
f 1551 1555 1554
f 1554 1555 1560
f 1555 1557 1560
f 1557 1556 1558
f 1555 1556 1557
f 1556 1572 1558
f 1538 1553 1559
f 1559 1540 1538
f 1554 1559 1553
f 1554 1560 1559
f 1557 1561 1560
f 1558 1561 1557
f 1558 1572 1575
f 1558 1575 1562
f 1562 1575 1576
f 1559 1894 1540
f 1559 1560 1891
f 1560 1892 1891
f 1561 1892 1560
f 1558 1562 1561
f 1561 1562 1892
f 1892 1562 1893
f 1562 1576 1893
f 1893 1576 1895
f 1910 1590 1896
f 1590 1564 1896
f 1541 1542 1593
f 1542 1596 1593
f 1542 1598 1596
f 1563 1598 1542
f 1598 1907 1564
f 1907 1598 1563
f 1567 1301 1565
f 1568 1567 1565
f 1565 1566 1569
f 1566 1578 1569
f 1570 1567 1568
f 1568 1565 1569
f 1571 1568 1569
f 1583 1569 1578
f 1583 1571 1569
f 1583 1578 1582
f 1570 1573 1572
f 1568 1573 1570
f 1571 1573 1568
f 1572 1573 1575
f 1573 1574 1575
f 1574 1573 1571
f 1576 1575 1574
f 1578 1577 1582
f 1582 1577 1579
f 1592 1581 1316
f 1592 1594 1581
f 1582 1579 1584
f 1579 1580 1584
f 1584 1580 1585
f 1585 1580 1581
f 1594 1585 1581
f 1584 1585 1587
f 1597 1585 1594
f 1583 1582 1586
f 1586 1582 1584
f 1597 1588 1585
f 1597 1598 1588
f 1571 1583 1586
f 1587 1585 1588
f 1586 1584 1587
f 1591 1587 1588
f 1598 1590 1588
f 1589 1574 1571
f 1586 1589 1571
f 1589 1576 1574
f 1576 1589 1909
f 1591 1909 1589
f 1591 1589 1586
f 1587 1591 1586
f 1591 1910 1909
f 1588 1590 1591
f 1593 1320 1541
f 1593 1592 1320
f 1593 1594 1592
f 1593 1596 1595
f 1595 1594 1593
f 1595 1598 1597
f 1596 1598 1595
f 1597 1594 1595
f 1564 1590 1598
f 1345 1599 1600
f 1599 1601 1609
f 1599 1609 1600
f 1348 1603 1602
f 1607 1603 1348
f 1603 1608 1602
f 1607 1348 1600
f 1605 1601 1347
f 1605 1604 1623
f 1625 1605 1623
f 1608 1606 1602
f 1614 1606 1608
f 1614 1360 1606
f 1604 1621 1623
f 1608 1603 1610
f 1610 1603 1607
f 1614 1608 1610
f 1610 1617 1614
f 1611 1617 1610
f 1600 1609 1607
f 1609 1601 1612
f 1611 1610 1607
f 1611 1607 1609
f 1625 1601 1605
f 1601 1625 1612
f 1609 1612 1613
f 1609 1613 1611
f 1611 1613 1639
f 1360 1614 1615
f 1361 1360 1615
f 1615 1616 1361
f 1627 1361 1616
f 1617 1618 1614
f 1614 1618 1615
f 1615 1618 1619
f 1615 1619 1616
f 1611 1620 1617
f 1620 1618 1617
f 1620 1619 1618
f 1620 1611 1639
f 1640 1620 1639
f 1621 1624 1623
f 1622 1624 1621
f 1649 1624 1622
f 1624 1625 1623
f 1649 1650 1624
f 1612 1625 1626
f 1625 1624 1626
f 1650 1626 1624
f 1612 1626 1641
f 1627 1616 1631
f 1628 1627 1631
f 1628 1631 1632
f 1629 1628 1632
f 1632 1633 1629
f 1633 1630 1629
f 1630 1633 1654
f 1616 1634 1631
f 1616 1619 1634
f 1631 1634 1635
f 1631 1635 1632
f 1635 1636 1632
f 1636 1633 1632
f 1654 1633 1636
f 1620 1637 1619
f 1619 1637 1634
f 1637 1635 1634
f 1635 1637 1638
f 1636 1635 1638
f 1636 1638 1654
f 1637 1620 1640
f 1639 1646 1640
f 1642 1638 1637
f 1642 1637 1640
f 1643 1638 1642
f 1643 1644 1638
f 1645 1639 1613
f 1645 1646 1639
f 1613 1612 1645
f 1642 1640 1646
f 1612 1641 1645
f 1647 1644 1643
f 1641 1657 1645
f 1645 1657 1646
f 1642 1646 1658
f 1626 1657 1641
f 1643 1642 1647
f 1650 1657 1626
f 1647 1642 1658
f 1649 1622 1379
f 1649 1379 1648
f 1651 1649 1648
f 1651 1648 1671
f 1649 1651 1650
f 1664 1630 1654
f 1652 1630 1664
f 1654 1638 1655
f 1644 1655 1638
f 1655 1656 1667
f 1655 1644 1656
f 1647 1660 1644
f 1644 1660 1656
f 1669 1656 1670
f 1646 1657 1661
f 1659 1657 1650
f 1661 1657 1659
f 1660 1647 1658
f 1656 1660 1670
f 1651 1659 1650
f 1677 1659 1651
f 1682 1670 1676
f 1646 1661 1658
f 1660 1915 1676
f 1670 1660 1676
f 1664 1662 1652
f 1662 1663 1653
f 1652 1662 1653
f 1664 1665 1662
f 1665 1663 1662
f 1665 1666 1663
f 1654 1655 1664
f 1655 1667 1664
f 1667 1665 1664
f 1667 1668 1665
f 1668 1666 1665
f 1668 1681 1666
f 1656 1669 1667
f 1669 1668 1667
f 1669 1681 1668
f 1670 1682 1669
f 1648 1675 1671
f 1671 1675 1684
f 1672 1677 1671
f 1672 1671 1684
f 1386 1675 1648
f 1679 1653 1663
f 1389 1675 1386
f 1387 1653 1679
f 1387 1679 1674
f 1673 1689 1686
f 1673 1674 1689
f 1391 1688 1685
f 1391 1686 1688
f 1674 1679 1691
f 1694 1684 1675
f 1675 1389 1694
f 1677 1651 1671
f 1677 1672 1678
f 1659 1677 1911
f 1917 1676 1915
f 1700 1678 1672
f 1913 1661 1911
f 1661 1659 1911
f 1678 1911 1677
f 1700 1912 1678
f 1678 1912 1911
f 1666 1679 1663
f 1666 1680 1679
f 1691 1679 1680
f 1681 1680 1666
f 1680 1701 1691
f 1683 1680 1681
f 1683 1701 1680
f 1682 1681 1669
f 1682 1683 1681
f 1932 1701 1683
f 1917 1683 1682
f 1682 1676 1917
f 1684 1694 1702
f 1699 1702 1694
f 1672 1684 1921
f 1921 1684 1702
f 1700 1672 1921
f 1700 1921 1922
f 1922 1912 1700
f 1389 1685 1687
f 1687 1694 1389
f 1687 1699 1694
f 1689 1674 1692
f 1674 1691 1692
f 1693 1688 1686
f 1686 1689 1693
f 1690 1687 1685
f 1685 1688 1690
f 1690 1688 1695
f 1704 1690 1695
f 1688 1693 1695
f 1692 1691 1697
f 1689 1696 1693
f 1692 1696 1689
f 1692 1698 1696
f 1692 1697 1698
f 1703 1699 1687
f 1687 1690 1703
f 1704 1703 1690
f 1691 1701 1697
f 1932 1697 1701
f 1917 1932 1683
f 1924 1923 1702
f 1921 1702 1923
f 1693 1705 1695
f 1696 1705 1693
f 1705 1706 1695
f 1704 1695 1706
f 1711 1705 1696
f 1707 1703 1704
f 1704 1706 1707
f 1705 1712 1706
f 1707 1706 1712
f 1710 1698 1697
f 1696 1698 1710
f 1711 1696 1710
f 1708 1702 1699
f 1703 1708 1699
f 1709 1934 1708
f 1709 1708 1703
f 1707 1709 1703
f 1714 1709 1707
f 1707 1712 1714
f 1932 1713 1697
f 1713 1710 1697
f 1702 1708 1924
f 1924 1708 1934
f 1705 1711 1712
f 1714 1934 1709
f 1715 1400 1730
f 1401 1402 1718
f 1718 1402 1715
f 1717 1401 1718
f 1715 1730 1719
f 1717 1718 1726
f 1718 1715 1719
f 1726 1719 1734
f 1726 1718 1719
f 1725 1717 1726
f 1722 1724 1720
f 1722 1720 1407
f 1720 1721 1410
f 1410 1721 1411
f 1722 1407 1716
f 1724 1721 1720
f 1724 1728 1721
f 1717 1723 1716
f 1716 1723 1722
f 1722 1723 1724
f 1723 1717 1725
f 1724 1738 1729
f 1723 1738 1724
f 1738 1723 1725
f 1735 1738 1725
f 1721 1727 1411
f 1728 1736 1721
f 1721 1736 1727
f 1741 1727 1736
f 1728 1724 1729
f 1736 1728 1737
f 1728 1729 1737
f 1400 1415 1730
f 1415 1732 1730
f 1732 1415 1414
f 1414 1731 1955
f 1414 1955 1732
f 1730 1732 1733
f 1730 1733 1719
f 1734 1719 1733
f 1733 1732 1954
f 1954 1941 1733
f 1954 1732 1955
f 1725 1726 1735
f 1734 1938 1726
f 1939 1938 1734
f 1733 1939 1734
f 1941 1939 1733
f 1727 1739 1422
f 1737 1742 1736
f 1741 1736 1742
f 1942 1737 1729
f 1942 1949 1737
f 1737 1949 1742
f 1942 1729 1738
f 1422 1739 1749
f 1749 1420 1422
f 1749 1430 1420
f 1741 1740 1727
f 1740 1739 1727
f 1739 1751 1749
f 1739 1740 1751
f 1742 1740 1741
f 1743 1751 1740
f 1743 1740 1742
f 1950 1743 1742
f 1949 1950 1742
f 1751 1743 1753
f 1744 1748 1731
f 1748 1744 1747
f 1955 1731 1748
f 1747 1756 1748
f 1432 1430 1760
f 1749 1761 1430
f 1760 1430 1761
f 1749 1750 1761
f 1761 1750 1762
f 1749 1751 1750
f 1751 1752 1750
f 1752 1751 1753
f 1752 1753 1754
f 1966 1743 1950
f 1966 1753 1743
f 1753 1966 1967
f 1754 1753 1967
f 1752 1765 1750
f 1765 1752 1754
f 1746 1745 1757
f 1747 1746 1755
f 1755 1746 1757
f 1755 1757 1759
f 1747 1755 1756
f 1755 1975 1756
f 1975 1755 1759
f 1429 1433 1431
f 1758 1431 1433
f 1745 1431 1757
f 1757 1431 1758
f 1758 1433 1770
f 1757 1758 1759
f 1759 1758 1770
f 1759 1770 1772
f 1760 1434 1769
f 1762 1763 1761
f 1762 1750 1764
f 1764 1763 1762
f 1765 1764 1750
f 1764 1765 1766
f 1767 1764 1766
f 1754 1766 1765
f 1995 1767 1766
f 1768 1759 1772
f 1975 1759 1768
f 1769 1770 1433
f 1769 1774 1770
f 1774 1780 1770
f 1785 1780 1774
f 1772 1770 1771
f 1771 1770 1780
f 1773 1772 1771
f 1771 1782 1773
f 1780 1782 1771
f 1772 1773 1768
f 1782 1784 1773
f 1997 1768 1773
f 1434 1760 1775
f 1760 1761 1775
f 1769 1434 1774
f 1436 1785 1774
f 1775 1761 1787
f 1787 1761 1763
f 1787 1763 1776
f 1788 1787 1776
f 1776 1789 1788
f 1763 1764 1776
f 1789 1776 1777
f 1789 1777 1791
f 1767 1776 1764
f 1776 1767 1778
f 1776 1778 1777
f 1779 1791 1777
f 1767 1995 1778
f 1779 1777 1778
f 1785 1786 1780
f 1780 1786 1782
f 1786 1781 1782
f 1781 1783 1782
f 1783 1781 1793
f 1782 1783 1784
f 1784 1997 1773
f 2012 1784 1783
f 1785 1436 1437
f 1444 1786 1437
f 1785 1437 1786
f 1793 1786 1444
f 1786 1793 1781
f 1783 1794 2012
f 1795 1788 1790
f 1797 1795 1790
f 1790 1788 1789
f 1791 1790 1789
f 1790 1791 1802
f 1802 1797 1790
f 1792 1791 1779
f 1792 1802 1791
f 1802 1792 2018
f 1792 1779 2019
f 2019 2018 1792
f 1444 1805 1793
f 1794 1793 1805
f 1783 1793 1794
f 1804 2018 2029
f 1810 1796 1799
f 1796 1795 1797
f 1796 1797 1798
f 1799 1796 1798
f 1798 1801 1799
f 1801 1800 1799
f 1797 1802 1801
f 1801 1798 1797
f 1802 1804 1801
f 1804 1803 1801
f 1801 1803 1800
f 1815 1800 1803
f 1803 2037 1815
f 2018 1804 1802
f 2037 1803 1804
f 1806 1805 1455
f 1806 1455 1467
f 1794 1805 1807
f 1806 1807 1805
f 1807 1806 1823
f 1807 1823 2038
f 1824 2038 1823
f 1794 1807 2027
f 2038 1824 2043
f 1809 1828 1817
f 1829 1828 1808
f 1808 1828 1809
f 1824 1827 2043
f 1827 2041 2043
f 1808 2041 1829
f 1799 1811 1810
f 1811 1812 1464
f 1813 1812 1811
f 1813 1814 1812
f 1833 1812 1814
f 1800 1811 1799
f 1800 1813 1811
f 1815 1813 1800
f 1813 1815 1816
f 1816 1814 1813
f 1816 1818 1814
f 1835 1833 1818
f 1818 1833 1814
f 2037 1819 1815
f 1820 1816 1819
f 1819 1816 1815
f 1820 1817 1818
f 1820 1818 1816
f 1817 1828 1835
f 1818 1817 1835
f 2037 2039 1819
f 1819 2039 1820
f 2039 1809 1820
f 1809 1817 1820
f 1821 1806 1467
f 1821 1482 1839
f 1839 1806 1821
f 1839 1822 1823
f 1822 1824 1823
f 1824 1822 1827
f 1806 1839 1823
f 1840 1492 1478
f 1834 1825 1840
f 1834 1826 1825
f 1826 1842 1825
f 1842 1826 1829
f 1842 1829 1830
f 1828 1826 1835
f 1828 1829 1826
f 1830 2041 1827
f 2041 1830 1829
f 1833 1831 1812
f 1832 1840 1478
f 1832 1478 1831
f 1832 1831 1833
f 1834 1840 1832
f 1835 1834 1833
f 1834 1832 1833
f 1826 1834 1835
f 1837 1836 1843
f 1822 1839 1837
f 1836 1839 1482
f 1837 1839 1836
f 1827 1822 1837
f 1837 1838 1827
f 1841 1492 1840
f 1841 1491 1492
f 1841 1493 1491
f 1825 1841 1840
f 1825 1842 1841
f 1502 1493 1842
f 1842 1493 1841
f 1838 1502 1830
f 1830 1827 1838
f 1830 1502 1842
f 1836 1500 1843
f 1498 1843 1500
f 1838 1503 1502
f 1843 1503 1838
f 1843 1501 1503
f 1838 1837 1843
f 1513 1850 1518
f 1850 1868 1518
f 1518 1868 1519
f 1844 1846 1845
f 1844 1845 1847
f 1845 1848 1847
f 1848 1845 1859
f 1848 1859 1860
f 1847 1848 1849
f 1513 1847 1849
f 1513 1849 1850
f 1849 1848 1860
f 1849 1860 1867
f 1849 1867 1850
f 1851 1852 1857
f 1853 1855 1851
f 1852 1851 1855
f 1852 1855 1854
f 1862 1858 1854
f 1858 1852 1854
f 1855 1876 1856
f 1862 1854 1856
f 1854 1855 1856
f 1857 1852 1846
f 1857 1846 1844
f 1846 1859 1845
f 1861 1846 1858
f 1852 1858 1846
f 1846 1861 1859
f 1859 1861 1860
f 1861 1858 1862
f 1861 1863 1860
f 1861 1862 1864
f 1862 1856 1864
f 1864 1856 1887
f 1860 1863 1867
f 1861 1864 1863
f 1864 1886 1863
f 1863 1886 1865
f 1889 1520 1872
f 1870 1872 1519
f 1866 1870 1871
f 1889 1872 1866
f 1866 1872 1870
f 1867 1869 1850
f 1850 1869 1868
f 1868 1870 1519
f 1868 1869 1870
f 1869 1865 1870
f 1870 1865 1871
f 1867 1863 1869
f 1869 1863 1865
f 1520 1889 1516
f 1872 1520 1519
f 1894 1875 1873
f 1875 1894 1902
f 1853 1539 1874
f 1874 1855 1853
f 1874 1539 1873
f 1873 1875 1874
f 1876 1855 1874
f 1875 1876 1874
f 1876 1875 1878
f 1875 1902 1878
f 1856 1877 1887
f 1876 1877 1856
f 1878 1877 1876
f 1877 1878 1879
f 1877 1888 1887
f 1879 1888 1877
f 1890 1866 1882
f 1882 1880 1890
f 1885 1880 1882
f 1881 1865 1886
f 1865 1881 1871
f 1882 1866 1871
f 1882 1871 1881
f 1883 1881 1886
f 1883 1882 1881
f 1879 1884 1888
f 1884 1885 1883
f 1883 1885 1882
f 1864 1887 1886
f 1887 1888 1886
f 1886 1888 1883
f 1884 1883 1888
f 1890 1542 1889
f 1890 1563 1542
f 1890 1880 1563
f 1866 1890 1889
f 1894 1873 1540
f 1891 1894 1559
f 1891 1892 1898
f 1892 1893 1898
f 1893 1895 1898
f 1891 1897 1894
f 1898 1897 1891
f 1898 1895 1899
f 1895 1901 1899
f 1901 1910 1896
f 1895 1576 1909
f 1895 1909 1901
f 1902 1894 1897
f 1899 1901 1900
f 1900 1901 1896
f 1564 1907 1896
f 1902 1897 1903
f 1902 1903 1905
f 1905 1903 1904
f 1905 1904 1906
f 1906 1904 1900
f 1906 1900 1908
f 1897 1898 1903
f 1903 1899 1904
f 1908 1900 1896
f 1907 1908 1896
f 1903 1898 1899
f 1900 1904 1899
f 1902 1905 1878
f 1878 1905 1879
f 1879 1906 1884
f 1884 1906 1908
f 1879 1905 1906
f 1907 1563 1880
f 1908 1907 1885
f 1907 1880 1885
f 1908 1885 1884
f 1910 1901 1909
f 1590 1910 1591
f 1661 1913 1658
f 1658 1913 1914
f 1660 1658 1914
f 1916 1911 1912
f 1916 1912 1922
f 1660 1914 1915
f 1915 1914 1920
f 1915 1918 1917
f 1918 1925 1917
f 1913 1911 1919
f 1914 1913 1919
f 1914 1919 1920
f 1911 1916 1919
f 1920 1926 1918
f 1915 1920 1918
f 1925 1918 1926
f 1929 1919 1916
f 1920 1928 1926
f 1920 1919 1928
f 1919 1929 1928
f 1924 1934 1933
f 1924 1933 1923
f 2053 1921 1923
f 2053 1923 1933
f 1930 1916 1922
f 1925 1932 1917
f 1925 1927 1932
f 1927 1713 1932
f 1713 1936 1710
f 2045 1926 1928
f 1931 1927 1925
f 1931 1926 2045
f 1925 1926 1931
f 2044 1928 1929
f 2045 1928 2044
f 1929 1916 1930
f 2053 1933 2047
f 1935 1714 1712
f 1712 1711 1935
f 2060 1714 2057
f 2057 1714 1935
f 1937 1710 1936
f 1711 1710 1937
f 1711 1937 1935
f 1934 1714 2060
f 2060 2049 1934
f 1933 1934 2047
f 2047 1934 2049
f 1927 2048 1713
f 2048 1936 1713
f 1735 1726 1938
f 1943 1735 1938
f 1738 1735 1943
f 1938 1939 1940
f 1938 1940 1943
f 1943 1940 1946
f 1940 1939 1941
f 1943 1946 1944
f 1940 1941 1948
f 1957 1941 1954
f 1944 1942 1738
f 1738 1943 1944
f 1944 1945 1942
f 1944 1946 1947
f 1945 1951 1942
f 1940 1948 1946
f 1948 1941 1957
f 1945 1944 1947
f 1946 1948 1947
f 1947 1953 1945
f 1945 1953 1951
f 1947 1956 1953
f 1942 1951 1949
f 1951 1950 1949
f 1951 1952 1950
f 1952 1968 1950
f 1953 1952 1951
f 1952 1959 1968
f 1959 1952 1953
f 1960 1953 1956
f 1955 1958 1954
f 1954 1958 1957
f 1748 1976 1955
f 1955 1976 1958
f 1947 1948 1956
f 1956 1948 1957
f 1958 1962 1957
f 1976 1978 1958
f 1958 1978 1979
f 1962 1958 1979
f 1968 1966 1950
f 1953 1960 1959
f 1960 1956 1961
f 1970 1959 1963
f 1956 1957 1961
f 1957 1962 1961
f 1961 1962 1965
f 1979 1965 1962
f 1963 1959 1960
f 1960 1961 1964
f 1960 1964 1963
f 1961 1965 1964
f 1964 1965 1973
f 1963 1964 1973
f 1973 1965 1982
f 1966 1969 1967
f 1974 1988 1967
f 1974 1967 1969
f 1968 1969 1966
f 1970 1968 1959
f 1971 1969 1968
f 1980 1974 1969
f 1971 1968 1970
f 1980 1971 1983
f 1969 1971 1980
f 1970 1972 1971
f 1970 1963 1972
f 1983 1971 1972
f 1972 1963 1973
f 1983 1972 1981
f 1973 1981 1972
f 1973 1982 1981
f 1754 1967 1988
f 1748 1756 1976
f 1977 1756 1975
f 1756 1977 1976
f 1978 1976 1977
f 1978 1977 1999
f 1978 1999 2000
f 1998 1999 1977
f 1979 1985 1965
f 1979 1978 1985
f 1978 2000 1985
f 1981 1982 1984
f 1981 1984 1983
f 1965 1985 1982
f 1982 1985 1986
f 1982 1986 1984
f 1983 1984 1994
f 1984 1986 1987
f 1984 1987 1994
f 1987 1986 2001
f 1986 1985 2001
f 1988 1766 1754
f 1989 1766 1988
f 1995 1766 1989
f 1995 1989 1991
f 1990 1989 1988
f 1989 1990 1991
f 1988 1974 1990
f 1974 1992 1990
f 1980 1992 1974
f 1990 1992 1991
f 1991 1992 2002
f 1992 1980 1983
f 1993 1992 1983
f 1992 1993 2002
f 1983 1994 1993
f 1994 1987 2005
f 1994 2005 1993
f 1996 1975 1768
f 1996 1768 1997
f 1975 1996 1977
f 1977 1996 1998
f 1998 1996 1997
f 2000 1999 2014
f 1985 2000 2001
f 1987 2001 2006
f 2001 2000 2007
f 2001 2007 2006
f 2003 2002 1993
f 2003 2004 2011
f 2002 2003 2011
f 2007 2000 2015
f 2015 2017 2007
f 2011 2004 2023
f 2000 2014 2015
f 2008 2016 2004
f 2004 2016 2026
f 2004 2026 2023
f 1987 2006 2005
f 1993 2005 2003
f 2005 2006 2004
f 2006 2007 2017
f 2006 2017 2008
f 2006 2008 2004
f 2003 2005 2004
f 1995 1991 2009
f 1995 2009 1778
f 2009 1779 1778
f 2019 1779 2009
f 2019 2009 2010
f 1991 2010 2009
f 2010 2021 2019
f 2002 2010 1991
f 2011 2021 2010
f 2010 2002 2011
f 1998 1997 1784
f 1784 2012 1998
f 2012 2013 1998
f 2012 2027 2013
f 1998 2014 1999
f 2014 1998 2013
f 2027 2012 1794
f 2013 2027 2014
f 2015 2014 2028
f 2016 2015 2025
f 2017 2016 2008
f 2017 2015 2016
f 2019 2021 2018
f 2021 2020 2018
f 2018 2020 2029
f 2020 2031 2029
f 2021 2022 2020
f 2034 2022 2024
f 2022 2034 2031
f 2020 2022 2031
f 2011 2023 2021
f 2022 2023 2026
f 2023 2022 2021
f 2024 2022 2026
f 2026 2016 2024
f 2016 2025 2024
f 2014 2027 2028
f 2036 2043 2042
f 2028 2043 2015
f 2015 2043 2036
f 2025 2015 2036
f 1804 2029 2030
f 2037 1804 2030
f 2030 2032 2037
f 2039 2037 2032
f 2029 2031 2030
f 2031 2032 2030
f 2033 2032 2034
f 2033 2039 2032
f 2033 2040 2039
f 2033 2042 2040
f 2034 2032 2031
f 2035 2034 2024
f 2034 2035 2033
f 2036 2042 2035
f 2033 2035 2042
f 2035 2024 2025
f 2025 2036 2035
f 1807 2038 2027
f 2028 2027 2038
f 2038 2043 2028
f 2040 1808 2039
f 1808 1809 2039
f 2040 2041 1808
f 2043 2041 2042
f 2042 2041 2040
f 1930 2044 1929
f 1930 1922 1921
f 2046 2045 2044
f 2051 2048 1927
f 1927 1931 2051
f 2064 2044 1930
f 2045 2054 1931
f 1931 2054 2051
f 2056 2057 1935
f 1935 1937 2056
f 1937 1936 2050
f 1937 2050 2056
f 2052 2054 2045
f 2060 2059 2049
f 1936 2048 2050
f 1930 1921 2064
f 2046 2044 2065
f 2052 2045 2046
f 2090 2046 2065
f 2052 2046 2090
f 2054 2052 2090
f 2049 2073 2047
f 1921 2053 2055
f 2055 2064 1921
f 2073 2066 2047
f 2053 2047 2066
f 2054 2082 2051
f 2090 2082 2054
f 2064 2065 2044
f 2061 2048 2051
f 2082 2061 2051
f 2067 2066 2073
f 2049 2059 2073
f 2048 2058 2050
f 2058 2056 2050
f 2061 2058 2048
f 2062 2060 2057
f 2057 2063 2062
f 2056 2063 2057
f 2056 2076 2063
f 2073 2059 2074
f 2074 2059 2060
f 2074 2060 2062
f 2074 2062 2075
f 2062 2063 2075
f 2055 2053 2071
f 2064 2055 2070
f 2070 2055 2071
f 2090 2065 2091
f 2065 2064 2089
f 2091 2065 2089
f 2067 2068 2066
f 2053 2066 2069
f 2066 2068 2069
f 2067 2078 2072
f 2067 2073 2078
f 2072 2078 2086
f 2053 2069 2071
f 2068 2067 2072
f 2071 2069 2093
f 2093 2069 2068
f 2095 2072 2094
f 2095 2068 2072
f 2070 2071 2087
f 2087 2071 2093
f 2068 2095 2093
f 2064 2070 2089
f 2058 2076 2056
f 2075 2063 2077
f 2063 2076 2077
f 2078 2073 2074
f 2076 2058 2080
f 2077 2076 2079
f 2083 2078 2074
f 2086 2078 2083
f 2058 2061 2080
f 2079 2076 2081
f 2081 2076 2080
f 2061 2082 2080
f 2099 2081 2080
f 2094 2072 2086
f 2094 2086 2096
f 2074 2075 2083
f 2083 2075 2084
f 2084 2075 2077
f 2084 2077 2085
f 2085 2077 2079
f 2081 2085 2079
f 2096 2086 2083
f 2083 2084 2101
f 2087 2093 2108
f 2070 2088 2089
f 2088 2070 2087
f 2088 2092 2089
f 2090 2091 2103
f 2090 2104 2082
f 2104 2100 2082
f 2100 2080 2082
f 2103 2104 2090
f 2091 2092 2103
f 2089 2092 2091
f 2093 2095 2109
f 2106 2087 2108
f 2109 2095 2094
f 2087 2106 2088
f 2108 2093 2109
f 2085 2081 2099
f 2101 2084 2102
f 2084 2085 2102
f 2085 2099 2098
f 2080 2097 2099
f 2102 2085 2098
f 2096 2083 2101
f 2100 2097 2080
f 2102 2111 2101
f 2088 2105 2092
f 2138 2103 2092
f 2127 2094 2096
f 2102 2098 2112
f 2111 2102 2112
f 2112 2098 2099
f 2097 2113 2099
f 2127 2096 2110
f 2101 2110 2096
f 2110 2101 2111
f 2105 2088 2107
f 2107 2088 2106
f 2106 2130 2107
f 2107 2131 2105
f 2092 2105 2138
f 2105 2131 2138
f 2100 2115 2097
f 2115 2113 2097
f 2122 2115 2100
f 2103 2140 2104
f 2122 2104 2140
f 2100 2104 2122
f 2138 2140 2103
f 2127 2110 2116
f 2130 2106 2108
f 2144 2127 2116
f 2094 2127 2109
f 2131 2107 2130
f 2114 2112 2099
f 2113 2114 2099
f 2116 2110 2111
f 2128 2116 2111
f 2115 2117 2113
f 2117 2114 2113
f 2128 2111 2121
f 2112 2121 2111
f 2112 2114 2120
f 2120 2114 2117
f 2119 2117 2115
f 2119 2120 2117
f 2118 2112 2120
f 2121 2112 2118
f 2115 2122 2119
f 2123 2120 2119
f 2123 2124 2120
f 2124 2118 2120
f 2118 2126 2121
f 2124 2126 2118
f 2128 2121 2125
f 2126 2125 2121
f 2144 2116 2129
f 2129 2116 2128
f 2130 2133 2132
f 2133 2130 2108
f 2133 2108 2150
f 2108 2109 2150
f 2132 2131 2130
f 2132 2135 2131
f 2163 2138 2131
f 2163 2131 2135
f 2134 2132 2133
f 2133 2151 2134
f 2163 2170 2138
f 2134 2135 2132
f 2134 2151 2171
f 2119 2136 2123
f 2136 2124 2123
f 2136 2137 2124
f 2137 2126 2124
f 2154 2125 2126
f 2137 2154 2126
f 2122 2139 2119
f 2139 2136 2119
f 2140 2139 2122
f 2139 2142 2136
f 2142 2137 2136
f 2141 2154 2137
f 2142 2141 2137
f 2141 2142 2161
f 2143 2139 2140
f 2143 2161 2142
f 2143 2142 2139
f 2170 2140 2138
f 2145 2147 2144
f 2147 2127 2144
f 2145 2144 2129
f 2146 2127 2147
f 2109 2127 2146
f 2147 2145 2149
f 2145 2129 2156
f 2149 2145 2156
f 2146 2150 2109
f 2146 2147 2148
f 2148 2147 2149
f 2149 2156 2159
f 2152 2148 2149
f 2152 2149 2153
f 2178 2151 2150
f 2151 2133 2150
f 2150 2172 2178
f 2150 2146 2172
f 2149 2159 2153
f 2152 2153 2175
f 2172 2146 2173
f 2152 2173 2148
f 2173 2146 2148
f 2159 2245 2153
f 2125 2155 2128
f 2155 2125 2154
f 2155 2154 2157
f 2128 2155 2129
f 2141 2157 2154
f 2129 2155 2156
f 2155 2158 2156
f 2155 2157 2158
f 2159 2156 2158
f 2161 2157 2141
f 2160 2159 2158
f 2157 2160 2158
f 2161 2162 2157
f 2162 2160 2157
f 2248 2162 2161
f 2245 2159 2160
f 2162 2245 2160
f 2135 2134 2164
f 2135 2164 2163
f 2164 2134 2171
f 2164 2165 2163
f 2165 2164 2171
f 2165 2166 2163
f 2168 2170 2163
f 2165 2190 2166
f 2166 2190 2167
f 2166 2168 2163
f 2166 2167 2168
f 2167 2169 2168
f 2170 2168 2201
f 2216 2168 2169
f 2168 2216 2201
f 2170 2250 2140
f 2140 2250 2143
f 2151 2178 2177
f 2178 2172 2179
f 2180 2179 2172
f 2174 2180 2173
f 2180 2172 2173
f 2173 2152 2174
f 2174 2152 2175
f 2175 2153 2176
f 2176 2153 2245
f 2249 2176 2245
f 2182 2171 2151
f 2182 2151 2177
f 2180 2174 2187
f 2187 2174 2188
f 2188 2174 2175
f 2175 2176 2189
f 2188 2175 2189
f 2181 2171 2182
f 2165 2171 2181
f 2183 2182 2177
f 2183 2177 2184
f 2184 2177 2178
f 2184 2178 2185
f 2185 2178 2179
f 2180 2186 2179
f 2179 2186 2185
f 2180 2187 2186
f 2176 2197 2189
f 2197 2176 2249
f 2182 2191 2190
f 2181 2182 2190
f 2190 2165 2181
f 2191 2182 2192
f 2192 2182 2183
f 2192 2183 2193
f 2193 2183 2184
f 2193 2184 2194
f 2194 2184 2185
f 2251 2208 2249
f 2194 2185 2195
f 2195 2185 2186
f 2213 2249 2208
f 2195 2186 2196
f 2186 2187 2196
f 2188 2196 2187
f 2249 2213 2197
f 2198 2196 2188
f 2198 2188 2199
f 2188 2189 2199
f 2199 2189 2200
f 2200 2189 2197
f 2190 2191 2202
f 2167 2190 2202
f 2252 2250 2220
f 2250 2170 2220
f 2202 2191 2203
f 2203 2191 2192
f 2252 2220 2224
f 2252 2224 2253
f 2203 2192 2204
f 2204 2192 2193
f 2224 2205 2253
f 2205 2251 2253
f 2204 2193 2206
f 2206 2193 2194
f 2205 2208 2251
f 2209 2206 2195
f 2195 2206 2194
f 2209 2195 2211
f 2211 2195 2196
f 2196 2214 2211
f 2197 2212 2200
f 2197 2213 2212
f 2214 2196 2198
f 2214 2198 2199
f 2200 2212 2199
f 2202 2217 2167
f 2201 2220 2170
f 2219 2220 2201
f 2217 2202 2221
f 2221 2202 2203
f 2221 2203 2204
f 2224 2228 2205
f 2207 2225 2204
f 2207 2204 2206
f 2228 2231 2208
f 2228 2208 2205
f 2207 2206 2209
f 2207 2209 2210
f 2207 2210 2229
f 2231 2213 2208
f 2210 2209 2211
f 2211 2214 2233
f 2210 2211 2233
f 2212 2235 2215
f 2231 2235 2213
f 2213 2235 2212
f 2215 2233 2214
f 2199 2215 2214
f 2215 2199 2212
f 2167 2217 2169
f 2169 2217 2218
f 2169 2218 2216
f 2216 2218 2236
f 2219 2201 2216
f 2219 2216 2236
f 2217 2221 2222
f 2218 2222 2237
f 2218 2217 2222
f 2236 2239 2219
f 2223 2219 2239
f 2223 2220 2219
f 2220 2223 2224
f 2204 2225 2221
f 2221 2225 2222
f 2222 2225 2226
f 2237 2226 2240
f 2222 2226 2237
f 2223 2227 2228
f 2224 2223 2228
f 2225 2207 2229
f 2225 2229 2226
f 2226 2229 2240
f 2230 2231 2227
f 2228 2227 2231
f 2229 2210 2232
f 2229 2232 2243
f 2232 2234 2243
f 2234 2235 2230
f 2235 2231 2230
f 2232 2210 2233
f 2234 2232 2233
f 2215 2234 2233
f 2235 2234 2215
f 2236 2218 2237
f 2238 2236 2237
f 2239 2236 2238
f 2237 2240 2238
f 2238 2240 2241
f 2238 2241 2239
f 2239 2241 2242
f 2239 2242 2227
f 2223 2239 2227
f 2229 2243 2240
f 2240 2243 2241
f 2241 2243 2244
f 2230 2242 2244
f 2244 2242 2241
f 2242 2230 2227
f 2234 2244 2243
f 2244 2234 2230
f 2246 2247 2143
f 2247 2161 2143
f 2247 2248 2161
f 2162 2248 2249
f 2249 2245 2162
f 2143 2250 2246
f 2247 2246 2253
f 2251 2247 2253
f 2248 2247 2251
f 2248 2251 2249
f 2250 2252 2246
f 2252 2253 2246
