o FMA50873_BP8463_FJ2924
v 15.3845 -124.011 1276.67
v 15.3608 -121.574 1277.71
v 14.9882 -123.007 1278.21
v 15.2811 -123.169 1277.05
v 15.0465 -124.175 1277.83
v 15.0093 -125.167 1278.42
v 15.2873 -125.17 1277.23
v 15.1522 -125.798 1278.18
v 15.4252 -126.015 1277.23
v 15.4074 -126.755 1278.03
v 14.7749 -123.008 1279.83
v 14.8759 -123.79 1278.64
v 15.0537 -121.824 1278.95
v 14.8291 -123.351 1279.02
v 14.8706 -124.391 1278.8
v 14.8022 -123.992 1279.27
v 14.8608 -124.827 1279.22
v 14.813 -124.786 1280.04
v 14.9394 -125.584 1279.67
v 15.0946 -126.021 1278.87
v 15.3367 -127.162 1279.63
v 15.4681 -127.361 1278.81
v 14.7515 -123.822 1280.63
v 14.7644 -122.99 1280.82
v 14.8684 -122.119 1280.29
v 14.887 -122.171 1281.29
v 14.8309 -124.798 1280.84
v 14.8593 -124.561 1281.45
v 14.9738 -125.385 1281.43
v 14.9504 -125.59 1280.78
v 15.1505 -126.548 1280.21
v 15.1551 -126.383 1281.05
v 15.4267 -127.38 1280.63
v 14.8419 -123.558 1281.79
v 14.9782 -122.354 1282.28
v 14.9853 -123.546 1282.63
v 15.1017 -122.492 1282.96
v 14.9412 -124.175 1282.24
v 15.0544 -124.806 1282.42
v 15.1062 -123.997 1283.03
v 15.3177 -125.41 1283.02
v 15.2039 -125.985 1282.03
v 15.4788 -126.602 1282.47
v 15.5057 -127.16 1281.79
v 15.1833 -123.212 1283.45
v 15.3261 -123.806 1283.8
v 15.4264 -122.375 1284.05
v 15.456 -123.372 1284.23
v 15.2939 -124.58 1283.43
v 15.5372 -124.192 1284.24
v 17.0141 -123.179 1273.66
v 16.0022 -123.827 1275.24
v 16.2669 -122.992 1274.84
v 16.664 -121.775 1274.61
v 16.0507 -124.77 1275.22
v 16.5714 -124.196 1274.26
v 16.4123 -125.19 1274.65
v 16.9273 -125.203 1273.85
v 16.5943 -126.179 1274.67
v 17.156 -126.214 1273.81
v 15.6802 -121.825 1276.52
v 16.4384 -120.517 1275.63
v 15.6597 -123.342 1276.02
v 15.6584 -124.6 1276.03
v 15.7125 -125.767 1276.25
v 15.7916 -126.421 1276.42
v 15.9698 -125.566 1275.6
v 16.0677 -126.189 1275.65
v 16.3771 -126.963 1275.45
v 16.14 -127.597 1276.48
v 16.5974 -127.804 1275.62
v 16.6669 -128.426 1276.04
v 15.6228 -126.806 1277.22
v 15.7104 -127.568 1277.83
v 15.9932 -128.252 1277.79
v 16.3549 -129.178 1278.22
v 16.4762 -128.81 1277.02
v 17.116 -129.967 1277.09
v 17.1741 -130.559 1278.4
v 15.7336 -128.013 1278.63
v 15.58 -127.826 1279.46
v 15.8739 -128.48 1279.27
v 16.5308 -129.77 1279.67
v 16.5779 -129.777 1278.97
v 17.0616 -130.578 1279.46
v 17.0507 -112.302 1280.8
v 16.6844 -113.57 1281.66
v 15.8906 -117.257 1280.8
v 15.7499 -117.799 1281.63
v 15.66 -127.818 1281.26
v 15.8218 -128.363 1280.61
v 16.2359 -129.191 1280.64
v 16.1581 -128.755 1281.66
v 16.5164 -129.414 1281.66
v 16.9727 -130.365 1280.82
v 16.6883 -113.762 1283.18
v 15.7472 -118.04 1282.47
v 15.9265 -127.959 1282.25
v 15.9877 -127.349 1283.23
v 16.3832 -128.802 1282.43
v 16.8893 -129.584 1282.61
v 16.8347 -129.185 1283.08
v 17.0283 -112.997 1284.48
v 16.3639 -115.561 1283.69
v 16.2465 -117.644 1284.8
v 16.02 -117.753 1283.95
v 15.7455 -122.549 1284.9
v 15.5749 -125.028 1283.99
v 15.909 -125.181 1284.66
v 15.6046 -126.021 1283.43
v 15.7913 -125.806 1284.06
v 16.0063 -126.755 1283.84
v 16.2526 -126.4 1284.62
v 16.4346 -128.202 1283.39
v 16.3923 -127.411 1284.09
v 17.1654 -128.748 1284.24
v 16.8911 -114.728 1285.38
v 16.8966 -116.289 1286.18
v 16.2801 -119.049 1285.42
v 15.7904 -123.402 1285.01
v 16.0393 -123.594 1285.46
v 16.1463 -122.748 1285.72
v 16.6005 -123.149 1286.46
v 15.8713 -124.027 1285.03
v 16.4151 -124.568 1285.82
v 16.9642 -125.147 1286.39
v 16.5823 -125.959 1285.44
v 16.9895 -127.472 1285.07
v 17.1348 -117.678 1287.02
v 17.0175 -124.197 1286.81
v 18.6625 -121.875 1272.05
v 18.5825 -123.979 1271.84
v 18.5546 -125.19 1271.98
v 18.0736 -121.58 1272.78
v 17.6502 -123.22 1272.83
v 18.207 -123.157 1272.24
v 17.2931 -124.36 1273.25
v 17.5841 -125.366 1273.03
v 17.975 -124.155 1272.45
v 17.9887 -126.396 1272.84
v 17.5788 -127.183 1273.65
v 18.0797 -127.597 1273.24
v 18.6562 -127.18 1272.43
v 18.7285 -128.191 1272.84
v 18.6958 -128.998 1273.39
v 17.1473 -127.538 1274.48
v 17.6282 -127.989 1274.04
v 17.2862 -128.774 1275.19
v 17.7993 -129.686 1275.22
v 18.1153 -129.4 1274.45
v 18.1741 -128.77 1273.86
v 18.7303 -129.776 1273.99
v 18.6491 -130.188 1274.49
v 17.4281 -129.911 1276.22
v 18.0655 -130.411 1275.66
v 18.4625 -131.38 1276.42
v 17.8337 -111.351 1278.33
v 17.7194 -130.789 1277.03
v 17.8992 -131.399 1278.02
v 18.4518 -131.756 1277.23
v 18.4071 -132.076 1278.48
v 18.7465 -132.205 1277.66
v 17.5238 -111.499 1279.27
v 17.5616 -131.223 1279.2
v 18.3834 -132.189 1279.65
v 18.3491 -107.088 1281.03
v 17.5107 -131.018 1281.24
v 17.6936 -131.39 1280.41
v 18.2594 -131.946 1281.05
v 18.5923 -132.356 1280.63
v 18.775 -132.387 1281.44
v 17.3232 -110.842 1282.21
v 17.6523 -109.635 1283.25
v 17.3321 -129.996 1283.03
v 17.2944 -130.391 1282.19
v 17.788 -130.79 1282.74
v 18.168 -131.568 1282.01
v 18.3964 -131.395 1282.95
v 17.5797 -110.513 1284.41
v 17.5419 -129.597 1283.98
v 17.9884 -129.596 1284.67
v 18.0636 -130.561 1283.65
v 18.6774 -131.041 1283.98
v 18.7686 -130.591 1284.66
v 18.1672 -108.764 1285.22
v 18.5508 -108.346 1286.22
v 17.7379 -110.943 1285.62
v 17.4996 -112.635 1286.04
v 17.194 -126.107 1286.23
v 17.7917 -127.022 1286.43
v 18.0555 -128.42 1285.78
v 18.7141 -129.762 1285.43
v 18.0803 -110.935 1286.67
v 18.6692 -110.996 1288.01
v 18.0353 -112.628 1287.42
v 17.4513 -114.785 1286.97
v 17.4987 -119.553 1287.77
v 17.2467 -122.975 1287.34
v 17.9585 -123.159 1288.12
v 17.3955 -125.326 1286.86
v 17.4703 -124.017 1287.42
v 18.1103 -124.77 1287.85
v 17.996 -125.994 1287.22
v 18.4547 -112.654 1288.25
v 18.7397 -113.981 1289.06
v 18.063 -114.751 1288.17
v 18.2291 -115.78 1288.63
v 18.2679 -117.032 1288.78
v 19.5359 -121.584 1271.38
v 18.8111 -122.83 1271.7
v 19.1894 -123.8 1271.31
v 19.8243 -123.194 1270.86
v 19.0087 -124.448 1271.48
v 20.0962 -124.776 1270.68
v 18.7773 -126.198 1271.97
v 19.3672 -125.744 1271.36
v 19.3831 -126.62 1271.57
v 20.1852 -126.024 1270.8
v 19.3623 -127.791 1272.03
v 20.2102 -127.548 1271.24
v 20.1788 -128.383 1271.64
v 19.5136 -128.801 1272.44
v 19.4224 -129.577 1273.05
v 19.7505 -130.214 1273.24
v 20.0599 -129.785 1272.62
v 18.8138 -131.011 1275.24
v 19.5278 -130.812 1274.06
v 19.9487 -132.003 1275.04
v 19.0801 -131.807 1276.02
v 20.0307 -132.757 1276.2
v 18.9951 -132.206 1276.99
v 19.6207 -133.191 1278.43
v 19.7707 -132.976 1277.2
v 19.6625 -102.983 1279.82
v 19.1688 -132.936 1279.4
v 19.3622 -133.115 1280.05
v 19.9587 -133.601 1279.64
v 19.557 -133.175 1281.05
v 19.8207 -133.217 1281.81
v 20.1915 -133.736 1280.61
v 18.8915 -104.763 1282.63
v 18.965 -132.315 1282.25
v 19.317 -132.789 1281.82
v 19.3171 -132.173 1283.24
v 19.5852 -132.805 1282.43
v 20.2031 -132.956 1283.21
v 20.1482 -100.779 1284.27
v 19.0411 -104.707 1284.2
v 19.531 -131.603 1284.4
v 20.0494 -132.567 1283.69
v 19.44 -104.158 1285.43
v 19.0401 -129.208 1286.24
v 19.5377 -130.354 1285.76
v 20.0242 -131.197 1285.39
v 19.4963 -105.323 1286.65
v 19.7089 -106.04 1287.64
v 18.9792 -108.516 1287.45
v 18.7462 -126.957 1287.45
v 18.7845 -127.985 1286.86
v 19.5752 -127.211 1288
v 19.7849 -128.949 1287.09
v 20.0986 -106.475 1288.62
v 19.5701 -109.068 1288.82
v 19.0202 -112.247 1289.04
v 19.1241 -115.328 1289.76
v 18.8762 -118.039 1289.52
v 18.9901 -123.57 1289.01
v 19.6595 -123.615 1289.52
v 19.1805 -124.616 1288.87
v 19.9954 -124.611 1289.47
v 18.9548 -125.834 1288.19
v 19.6059 -125.794 1288.73
v 20.1225 -110.353 1290.02
v 19.8516 -112.588 1290.19
v 19.6417 -114.218 1290.22
v 20.193 -114.464 1290.81
v 19.6107 -116.702 1290.32
v 19.3721 -119.31 1289.93
v 20.1695 -119.935 1290.52
v 21.0022 -121.809 1270.32
v 21.0554 -123.028 1270.07
v 20.7748 -124.191 1270.19
v 21.5831 -124.37 1269.74
v 20.9749 -126.722 1270.45
v 21.3598 -125.588 1269.99
v 21.3458 -127.587 1270.5
v 21.7802 -127.152 1270.11
v 21.1509 -128.372 1270.95
v 20.7755 -129.191 1271.65
v 20.9765 -130.019 1272.03
v 21.8096 -128.996 1270.86
v 20.8482 -112.403 1273.25
v 20.4915 -131.169 1273.42
v 20.938 -130.761 1272.65
v 21.4624 -131.609 1273.03
v 20.755 -131.941 1274.03
v 20.8178 -132.594 1274.85
v 21.6054 -133.131 1274.82
v 21.7656 -132.555 1273.86
v 20.6978 -106.082 1275.69
v 20.6094 -133.408 1276.66
v 21.021 -133.217 1275.65
v 21.2157 -98.9495 1278.43
v 21.7591 -98.5583 1277.5
v 20.5481 -133.661 1277.46
v 20.9706 -134.141 1278.23
v 21.2174 -134.09 1277.41
v 21.707 -96.2918 1279.25
v 21.2039 -97.29 1280.04
v 20.4417 -133.93 1279.21
v 20.5897 -134.059 1280.02
v 21.5346 -134.648 1279.68
v 21.7749 -134.721 1278.85
v 21.3349 -96.3111 1281.05
v 20.8319 -97.9224 1281.43
v 20.9482 -134.124 1281.44
v 21.1642 -134.376 1280.79
v 21.6265 -134.588 1281.22
v 21.8179 -134.774 1280.61
v 21.7311 -95.0957 1283.24
v 21.3667 -96.031 1282.21
v 20.8475 -97.9363 1283.21
v 20.7167 -133.74 1282.26
v 21.1947 -133.747 1283.04
v 21.5655 -134.232 1282.42
v 21.9173 -134.195 1283.02
v 21.5627 -96.5131 1284.83
v 21.0833 -97.4933 1284.05
v 20.5986 -132.38 1284.59
v 21.1262 -133.183 1283.99
v 20.7004 -99.603 1285.21
v 21.2307 -98.4655 1285.82
v 20.749 -100.52 1286.25
v 21.3646 -131.203 1286.48
v 21.5634 -132.238 1285.61
v 21.8154 -97.6322 1286.64
v 21.3807 -99.989 1287.37
v 20.562 -102.487 1287.27
v 20.4812 -128.549 1287.86
v 20.3554 -130.18 1286.61
v 20.7635 -129.418 1287.48
v 21.566 -129.407 1287.99
v 21.3926 -130.543 1287.06
v 21.4407 -101.564 1288.41
v 20.5951 -104.06 1288.27
v 21.6404 -103.462 1289.62
v 20.6876 -105.759 1289.24
v 20.4449 -107.628 1289.63
v 20.3918 -126.997 1288.7
v 20.4018 -125.621 1289.35
v 21.1843 -126.762 1289.3
v 21.6354 -128.181 1288.78
v 21.1852 -106.554 1290.21
v 21.6085 -107.808 1291.03
v 20.8455 -108.555 1290.41
v 20.971 -109.617 1290.81
v 20.6486 -111.548 1290.84
v 20.5843 -113.039 1291.01
v 20.5688 -115.483 1291.18
v 20.5702 -117.6 1291.1
v 20.9468 -120.55 1290.94
v 20.9587 -123.651 1290.32
v 20.799 -124.786 1289.92
v 21.2489 -125.592 1289.85
v 21.6011 -110.317 1291.52
v 21.741 -112.195 1291.85
v 21.8175 -113.976 1292.03
v 20.9878 -114.52 1291.47
v 21.382 -116.114 1291.76
v 21.4176 -117.234 1291.71
v 21.3558 -118.811 1291.48
v 23.3988 -124.221 1268.92
v 22.8273 -121.48 1269.49
v 22.5539 -123.592 1269.28
v 22.3872 -124.985 1269.39
v 22.5574 -126.366 1269.52
v 23.2182 -125.578 1269.1
v 21.9687 -128.002 1270.31
v 22.6077 -127.561 1269.83
v 22.9584 -128.596 1270.07
v 22.1202 -129.997 1271.26
v 22.7915 -129.949 1270.87
v 21.9584 -130.967 1272.08
v 22.9897 -130.992 1271.49
v 22.5234 -110.922 1272.4
v 22.8114 -131.766 1272.25
v 22.9668 -132.586 1273.01
v 22.7559 -133.378 1274.17
v 23.3688 -134.006 1274.67
v 23.6432 -94.7934 1276.4
v 22.6561 -98.1498 1276.25
v 21.9716 -134.177 1276.42
v 22.3625 -133.911 1275.39
v 23.1447 -134.436 1275.65
v 23.2059 -134.868 1276.62
v 23.2076 -92.8762 1278.4
v 23.4809 -93.6727 1277.26
v 22.2398 -95.5765 1278.42
v 22.2047 -134.601 1277.23
v 22.1571 -134.784 1278.03
v 23.1635 -135.175 1277.67
v 22.6944 -93.285 1279.44
v 22.4037 -135.103 1279.66
v 23.1501 -135.376 1278.81
v 22.9983 -91.5943 1281.38
v 22.4031 -93.3428 1280.65
v 23.032 -91.8983 1280.23
v 21.9582 -94.6879 1280.44
v 22.002 -94.1837 1281.67
v 22.2059 -134.923 1281.04
v 23.116 -135.405 1280.46
v 23.1574 -135.294 1281.41
v 23.0209 -91.4947 1282.43
v 22.9668 -91.78 1283.31
v 22.2503 -93.5201 1282.85
v 22.0116 -134.66 1281.82
v 22.3752 -134.595 1282.64
v 22.5795 -134.45 1283.23
v 23.3566 -135.173 1282.23
v 22.4529 -93.4687 1284.18
v 23.0298 -92.1519 1284.48
v 21.9433 -133.184 1284.76
v 22.1517 -134.017 1283.66
v 22.5897 -133.886 1284.27
v 22.9994 -134.349 1283.83
v 23.4316 -134.026 1284.67
v 23.5192 -91.9931 1285.79
v 23.5358 -92.6696 1286.46
v 22.6172 -93.8006 1285.27
v 22.7558 -94.8708 1286.61
v 22.2445 -95.3863 1285.83
v 22.3937 -132.144 1286.26
v 22.7754 -133.16 1285.39
v 23.3357 -94.2719 1287.29
v 22.468 -97.8116 1288.01
v 22.2122 -131.189 1287.02
v 22.5338 -130.548 1287.7
v 23.3756 -131.383 1287.43
v 22.9903 -98.5768 1289.2
v 22.3099 -100.932 1289.4
v 23.3778 -127.821 1289.76
v 22.3891 -129.569 1288.32
v 23.1804 -130.033 1288.36
v 23.3456 -129.185 1288.97
v 23.0807 -100.23 1290.04
v 22.4768 -102.404 1290.22
v 23.176 -102.525 1290.99
v 22.1959 -105.117 1290.87
v 21.9986 -124.244 1290.69
v 22.632 -125.439 1290.57
v 22.518 -126.785 1289.93
v 23.0323 -104.488 1291.48
v 22.9468 -106.197 1291.83
v 22.6117 -108.659 1292.05
v 22.7633 -110.043 1292.34
v 22.7628 -111.997 1292.5
v 22.79 -113.546 1292.58
v 22.4072 -114.998 1292.38
v 22.2124 -116.591 1292.22
v 23.1931 -117.222 1292.6
v 23.4132 -115.932 1292.8
v 22.5096 -118.024 1292.2
v 23.1801 -118.973 1292.33
v 21.9885 -120.285 1291.56
v 23.3467 -120.74 1292.03
v 23.6076 -123.16 1268.88
v 23.8526 -122.025 1268.96
v 25.0851 -122.102 1268.61
v 24.3823 -124.831 1268.62
v 24.8944 -123.959 1268.45
v 24.233 -126.112 1268.82
v 23.5538 -126.629 1269.17
v 23.6864 -127.797 1269.45
v 23.7795 -128.592 1269.71
v 24.5021 -127.353 1269.03
v 24.3972 -128.191 1269.34
v 23.5919 -129.397 1270.18
v 24.3846 -129.004 1269.68
v 24.3748 -129.805 1270.1
v 25.0157 -130.591 1270.36
v 24.6264 -107.69 1272.02
v 23.7531 -130.57 1270.81
v 24.1837 -131.577 1271.39
v 24.6233 -131.041 1270.8
v 23.7462 -132.093 1272.04
v 24.7544 -132.406 1271.9
v 25.1003 -99.6648 1273.56
v 23.9886 -132.804 1272.66
v 24.8047 -133.43 1272.99
v 23.9702 -133.704 1273.79
v 24.4114 -134.203 1274.27
v 23.7495 -96.7469 1275.49
v 24.1456 -134.74 1275.41
v 24.8073 -135.317 1276.21
v 23.9899 -135.387 1277.22
v 23.9967 -135.586 1278.02
v 24.9612 -135.906 1278.07
v 24.9157 -88.3971 1278.63
v 24.0904 -89.7535 1279.44
v 23.7233 -91.1071 1278.85
v 23.7703 -135.676 1280
v 24.0587 -135.73 1278.85
v 24.6777 -87.9016 1280.62
v 23.8903 -89.7306 1280.43
v 24.1593 -88.8684 1281.61
v 23.8097 -135.635 1280.85
v 24.0097 -135.568 1281.66
v 24.5887 -135.916 1280.61
v 24.5746 -88.0449 1282.63
v 25.0134 -87.3178 1283.23
v 23.5841 -134.961 1283.06
v 24.5399 -135.465 1282.62
v 24.9677 -135.772 1282.03
v 24.6176 -88.403 1284.02
v 23.8088 -90.287 1284.4
v 24.0132 -89.4891 1283.63
v 24.2524 -89.582 1284.81
v 24.3322 -134.758 1284.04
v 24.5541 -134.363 1284.8
v 25.0138 -134.727 1284.45
v 24.7048 -88.9322 1285.19
v 24.64 -89.5854 1285.82
v 23.9174 -90.6168 1285.25
v 23.9749 -133.225 1285.97
v 24.7273 -132.957 1286.55
v 24.5636 -134.045 1285.25
v 24.7818 -133.619 1285.86
v 24.9961 -134.334 1285.04
v 24.4366 -90.8267 1286.62
v 25.0795 -90.5957 1287.47
v 24.5473 -92.4952 1288
v 24.5994 -131.402 1287.88
v 23.5746 -132.414 1286.62
v 24.1959 -132.17 1287.11
v 24.6135 -94.2901 1289.08
v 23.7735 -95.4732 1288.66
v 24.7603 -95.4549 1289.78
v 24.3882 -128.993 1289.43
v 24.349 -130.356 1288.56
v 23.6979 -98.1157 1289.83
v 24.7703 -97.2527 1290.53
v 23.9976 -99.7639 1290.78
v 23.7954 -124.578 1291.25
v 24.6011 -124.589 1291.46
v 23.6094 -126.774 1290.36
v 24.1623 -125.766 1290.95
v 25.0158 -126.602 1290.81
v 25.0109 -125.754 1291.16
v 24.8387 -127.779 1290.21
v 24.3489 -101.36 1291.6
v 24.5921 -103.944 1292.47
v 23.768 -104.89 1292.15
v 23.7809 -106.194 1292.43
v 24.9579 -105.601 1292.99
v 23.9808 -107.867 1292.8
v 23.598 -110.536 1292.85
v 23.5526 -111.868 1292.9
v 23.7707 -113.851 1293.01
v 24.1552 -116.798 1292.98
v 24.1913 -117.844 1292.85
v 23.9819 -119.412 1292.52
v 24.9809 -119.204 1292.8
v 24.3704 -120.918 1292.29
v 24.7861 -109.071 1293.28
v 24.3382 -111.049 1293.2
v 24.6485 -113.99 1293.29
v 24.7891 -116.134 1293.21
v 24.8111 -116.999 1293.12
v 25.6155 -123.742 1268.29
v 25.2467 -124.584 1268.37
v 26.354 -124.998 1268.18
v 26.6028 -124.179 1268.12
v 25.552 -125.572 1268.39
v 25.7522 -126.62 1268.53
v 25.3641 -127.792 1268.93
v 26.1819 -127.612 1268.7
v 25.3934 -114.208 1270.27
v 25.2638 -128.626 1269.26
v 25.8216 -128.394 1269.03
v 25.1899 -129.761 1269.82
v 26.172 -129.529 1269.46
v 26.339 -130.213 1269.79
v 26.3463 -131.161 1270.4
v 26.2466 -107.471 1271.42
v 25.7886 -131.567 1270.82
v 25.4778 -131.983 1271.25
v 25.7545 -132.9 1272.03
v 26.3603 -132.217 1271.22
v 25.3667 -134.103 1273.64
v 25.7907 -133.61 1272.82
v 26.6088 -133.975 1273.03
v 25.182 -134.691 1274.66
v 26.0003 -135.127 1275.05
v 26.5608 -134.589 1273.92
v 25.8407 -89.1062 1276.18
v 26.0113 -135.509 1275.86
v 25.9959 -135.86 1276.83
v 26.096 -86.2636 1277.92
v 25.6483 -88.0047 1277.26
v 25.1278 -135.768 1277.26
v 25.7948 -136.112 1278.02
v 26.5834 -136.183 1277.59
v 26.5906 -136.309 1278.23
v 25.4598 -86.7499 1279.26
v 25.7642 -85.7873 1280.05
v 25.1594 -136.113 1279.66
v 25.5453 -136.182 1278.99
v 26.1615 -136.345 1279.43
v 26.1388 -136.338 1280.05
v 26.3689 -136.345 1278.82
v 26.5953 -136.426 1279.82
v 26.0759 -85.0084 1281.04
v 26.4767 -84.3672 1280.19
v 25.3035 -86.4897 1281.24
v 25.1243 -135.954 1281.39
v 25.3737 -136.143 1280.45
v 25.8156 -136.181 1281.01
v 26.3966 -84.4865 1282.02
v 25.5483 -86.0205 1281.9
v 25.9307 -85.6231 1283.22
v 25.2467 -135.656 1282.63
v 25.7698 -136.011 1281.82
v 26.3399 -135.716 1283.04
v 26.5954 -135.991 1282.38
v 26.2063 -85.7145 1284.39
v 25.2712 -87.3732 1284.43
v 26.0798 -134.973 1284.43
v 25.1865 -135.227 1283.62
v 25.9455 -86.6245 1285.1
v 25.2693 -88.3655 1285.8
v 25.8762 -87.8952 1286.42
v 25.4309 -133.207 1286.5
v 25.3749 -133.983 1285.63
v 25.9429 -134.404 1285.24
v 26.5388 -134.038 1285.82
v 26.5404 -88.1579 1287.58
v 25.5522 -89.0415 1286.95
v 25.6296 -131.775 1287.84
v 25.1645 -132.221 1287.37
v 26.1831 -132.59 1287.25
v 26.3357 -89.4172 1288.22
v 25.4099 -91.3645 1288.4
v 25.9783 -91.8301 1289.23
v 26.204 -90.7429 1288.87
v 25.2634 -92.4449 1288.84
v 25.5658 -93.4714 1289.65
v 25.1944 -129.625 1289.26
v 26.5385 -129.93 1289.28
v 25.5631 -130.778 1288.57
v 25.7934 -95.8447 1290.81
v 25.7152 -126.379 1291.03
v 26.5907 -126.968 1290.88
v 25.7588 -127.402 1290.58
v 26.4216 -128.196 1290.27
v 25.5452 -128.767 1289.83
v 26.5636 -97.7801 1291.94
v 25.5017 -98.4587 1291.52
v 25.5617 -100.676 1292.21
v 26.4117 -101.11 1292.75
v 25.5825 -103.692 1292.94
v 25.3816 -120.446 1292.6
v 26.5327 -119.229 1292.99
v 26.4224 -121.01 1292.6
v 25.589 -124.586 1291.64
v 25.9659 -125.412 1291.44
v 26.594 -124.827 1291.68
v 26.4244 -103.297 1293.22
v 25.8122 -104.81 1293.24
v 26.5829 -105.355 1293.58
v 25.5903 -107.275 1293.44
v 26.3272 -108.651 1293.74
v 25.1622 -111.221 1293.48
v 26.0179 -115.039 1293.52
v 26.1406 -116.429 1293.41
v 25.5985 -117.975 1293.11
v 27.2779 -122.308 1268.21
v 27.5673 -123.606 1268.02
v 27.1591 -124.984 1268.08
v 27.7452 -125.398 1268.07
v 27.948 -124.421 1267.99
v 26.7682 -125.797 1268.21
v 26.9629 -127.003 1268.42
v 27.6105 -126.214 1268.19
v 27.9869 -127.368 1268.42
v 27.1704 -128.714 1268.95
v 27.1802 -129.795 1269.43
v 28.0286 -130.219 1269.59
v 27.185 -130.981 1270.13
v 27.3292 -109.085 1270.82
v 26.7683 -131.778 1270.77
v 27.5673 -131.818 1270.69
v 26.7751 -133.159 1272.03
v 27.1666 -132.547 1271.36
v 28.1613 -132.773 1271.46
v 27.1163 -97.2097 1272.92
v 27.0752 -100.694 1272.38
v 27.3754 -134.263 1273.23
v 27.5762 -133.657 1272.44
v 28.1869 -134.075 1272.86
v 27.5026 -87.8205 1274.6
v 27.4234 -90.2847 1274.03
v 27.0413 -135.117 1274.66
v 27.9391 -134.765 1273.87
v 26.9458 -135.838 1276.23
v 27.1283 -135.614 1275.62
v 27.3744 -136.099 1276.83
v 27.5736 -135.852 1276.04
v 28.0067 -135.634 1275.43
v 27.393 -136.35 1277.82
v 27.4158 -82.8703 1279.23
v 26.8637 -84.1578 1278.63
v 26.7749 -136.445 1279.24
v 27.2012 -136.47 1278.81
v 27.5544 -136.543 1279.66
v 28.2105 -136.576 1279.04
v 28.1607 -81.435 1280.26
v 26.9681 -83.4109 1280.98
v 27.3666 -82.7968 1281.64
v 26.7801 -136.416 1280.43
v 26.7688 -136.3 1281.25
v 27.5597 -136.299 1281.65
v 27.933 -136.481 1280.83
v 28.1884 -136.336 1281.62
v 28.0649 -81.7967 1282.03
v 27.0655 -83.6449 1283.02
v 27.1596 -135.821 1283.02
v 27.7854 -135.747 1283.27
v 27.964 -136.086 1282.43
v 27.2787 -83.8306 1284.08
v 27.6373 -82.9278 1283.4
v 28.0753 -82.7547 1284.19
v 28.0463 -134.845 1284.84
v 26.7623 -135.408 1283.83
v 27.5765 -135.245 1284.22
v 27.9217 -83.7263 1285.22
v 26.9862 -85.1789 1285.37
v 27.5732 -84.8184 1285.93
v 26.8134 -86.0206 1286.04
v 26.9805 -133.51 1286.46
v 27.9958 -133.568 1286.42
v 26.8084 -134.696 1285
v 27.7389 -134.114 1285.81
v 26.9767 -86.6482 1286.88
v 27.5714 -85.7327 1286.81
v 27.9381 -86.2086 1287.61
v 27.2094 -87.7723 1288.02
v 26.9873 -132.023 1287.82
v 27.1969 -132.767 1287.2
v 27.9825 -132.969 1287.02
v 27.9805 -88.1562 1288.93
v 28.4024 -88.5684 1289.44
v 27.1653 -89.0835 1288.81
v 27.5817 -90.1817 1289.7
v 27.7902 -89.1774 1289.36
v 28.2179 -89.6029 1289.84
v 26.7929 -90.9953 1289.51
v 27.6036 -130.035 1289.27
v 26.7689 -131.184 1288.45
v 28.1381 -131.354 1288.35
v 27.5689 -91.2764 1290.19
v 28.1754 -90.7709 1290.33
v 26.7488 -93.026 1290.39
v 27.5743 -92.8034 1290.83
v 27.1558 -94.2938 1291.14
v 27.9922 -93.6313 1291.35
v 26.761 -125.799 1291.38
v 27.5607 -126.204 1291.25
v 27.7711 -127.243 1290.79
v 27.5641 -128.984 1289.9
v 27.7313 -95.474 1291.83
v 28.2469 -98.091 1292.73
v 27.4114 -98.3297 1292.5
v 28.1269 -120.231 1292.79
v 27.5747 -122.627 1292.25
v 27.7997 -125.124 1291.61
v 27.9458 -100.599 1293.19
v 27.3891 -102.946 1293.48
v 26.7767 -104.003 1293.47
v 27.7645 -103.808 1293.69
v 27.1757 -106.063 1293.79
v 28.2184 -106.581 1293.99
v 27.241 -108.381 1293.92
v 27.9894 -109.563 1293.99
v 26.758 -111.524 1293.81
v 27.7452 -112.516 1293.85
v 27.2055 -115.547 1293.59
v 28.2052 -114.472 1293.7
v 27.5646 -117.783 1293.28
v 28.3335 -123.583 1267.99
v 29.2105 -122.696 1268.1
v 29.7845 -123.622 1268.03
v 28.7989 -124.35 1267.98
v 29.5994 -124.808 1268.03
v 28.5704 -125.724 1268.08
v 28.5825 -126.576 1268.21
v 29.3293 -127.039 1268.33
v 29.6019 -126.18 1268.17
v 28.5918 -128.061 1268.62
v 29.7946 -128.163 1268.7
v 28.4594 -109.768 1270.51
v 28.318 -129.198 1269.06
v 29.3803 -129.729 1269.33
v 28.386 -131.556 1270.43
v 29.1552 -130.782 1269.9
v 29.5759 -131.397 1270.32
v 28.392 -103.253 1271.59
v 29.4156 -132.192 1270.92
v 29.5401 -133.025 1271.67
v 29.5516 -84.143 1273.34
v 28.913 -88.5861 1273.2
v 28.5059 -92.1327 1273.01
v 29.5938 -92.6584 1272.49
v 28.4788 -97.2161 1272.4
v 28.397 -133.553 1272.23
v 29.035 -133.97 1272.7
v 29.1267 -134.663 1273.62
v 28.9259 -83.8194 1274.26
v 29.7677 -134.947 1274.05
v 28.4051 -135.176 1274.49
v 29.3696 -135.496 1275.01
v 28.8251 -81.4742 1276.46
v 28.3694 -135.991 1276.23
v 29.1929 -135.866 1275.82
v 29.2095 -136.153 1276.61
v 29.1388 -80.1231 1278.25
v 29.1578 -80.4823 1277.09
v 28.3631 -136.479 1278.07
v 28.7384 -136.317 1277.23
v 29.356 -136.462 1277.84
v 29.5984 -136.538 1278.44
v 29.3381 -79.6148 1279.67
v 28.7638 -136.583 1280.04
v 28.9749 -136.569 1278.62
v 29.3512 -136.595 1279.22
v 29.7799 -136.555 1279.84
v 29.9209 -78.9693 1281.23
v 29.5065 -79.4201 1280.67
v 28.6301 -80.7282 1280.9
v 28.6027 -136.464 1281.04
v 29.5566 -136.425 1280.98
v 29.3205 -80.0091 1282.01
v 28.7333 -81.2317 1283.06
v 28.9324 -135.821 1283.02
v 29.1744 -136.24 1281.84
v 29.61 -135.829 1282.83
v 29.3831 -81.23 1284.4
v 29.3576 -135.121 1284.24
v 28.5628 -135.355 1284
v 29.3598 -135.487 1283.62
v 29.4027 -82.2426 1285.61
v 28.5881 -83.9974 1286.41
v 29.1114 -133.962 1285.84
v 29.3749 -134.576 1285.03
v 28.5744 -85.1971 1287.42
v 29.4225 -84.1448 1287.32
v 29.3819 -85.0136 1287.94
v 28.569 -86.2431 1288.17
v 29.1375 -131.386 1288.23
v 29.562 -131.794 1287.83
v 28.3588 -132.181 1287.69
v 28.6217 -133.197 1286.74
v 29.0019 -132.616 1287.23
v 29.7793 -85.7929 1288.7
v 28.9591 -87.1932 1289.04
v 29.56 -87.6766 1289.63
v 28.3765 -129.578 1289.54
v 28.9745 -130.313 1289
v 29.3931 -129.511 1289.45
v 29.8033 -131.128 1288.29
v 29.1511 -90.2401 1290.59
v 29.4161 -88.9791 1290.18
v 29.7384 -91.2641 1291.2
v 28.3898 -92.1276 1290.98
v 29.3507 -125.26 1291.43
v 28.5804 -126.179 1291.2
v 29.1565 -127.394 1290.63
v 28.4356 -128.728 1290.02
v 28.9871 -93.0281 1291.56
v 29.8173 -92.5914 1291.67
v 29.763 -94.3102 1292.18
v 28.5654 -95.2485 1292.09
v 29.5628 -95.6871 1292.49
v 28.9449 -119.161 1292.96
v 29.3847 -120.417 1292.65
v 29.8041 -119.125 1292.87
v 28.9255 -122.75 1292.14
v 29.3583 -98.3778 1293.05
v 29.04 -100.703 1293.43
v 28.3539 -102.004 1293.54
v 29.1852 -102.249 1293.7
v 28.5761 -104.611 1293.9
v 29.7941 -103.961 1293.92
v 29.3995 -105.572 1294.02
v 28.7523 -107.692 1294.05
v 29.3819 -106.95 1294.05
v 29.1383 -109.187 1294.03
v 28.3848 -110.444 1293.98
v 29.7622 -110.038 1293.96
v 29.1279 -111.417 1293.91
v 28.4062 -115.828 1293.55
v 29.2153 -114.492 1293.64
v 29.1628 -117.578 1293.24
v 31.029 -122.451 1268.32
v 30.5697 -124.013 1268.11
v 30.9506 -125.341 1268.22
v 31.4259 -123.984 1268.25
v 30.7885 -126.256 1268.32
v 30.2257 -127.164 1268.43
v 30.6169 -128.656 1268.96
v 31.1466 -127.606 1268.69
v 30.9791 -111.618 1270.09
v 30.7548 -129.816 1269.49
v 30.0224 -130.78 1269.95
v 31.0569 -88.5274 1272.09
v 31.0186 -93.3457 1272.08
v 30.5048 -97.206 1271.93
v 31.0832 -103.832 1271.23
v 30.9599 -131.775 1270.74
v 30.9267 -132.644 1271.45
v 31.2384 -80.8078 1272.28
v 30.7022 -83.4834 1272.31
v 30.4255 -133.539 1272.27
v 30.1465 -134.387 1273.26
v 31.0341 -134.282 1273.22
v 30.9297 -78.283 1275.06
v 30.2179 -80.1608 1274.46
v 30.5561 -135.167 1274.48
v 30.7925 -134.783 1273.89
v 30.1732 -135.595 1275.24
v 31.1545 -135.514 1275.25
v 31.5273 -77.1036 1275.37
v 30.4546 -78.4551 1276.46
v 30.5182 -135.91 1276.04
v 30.816 -136.087 1276.65
v 31.3594 -135.811 1276.02
v 30.3499 -78.1739 1278.46
v 30.8208 -77.6713 1277.14
v 29.9636 -136.263 1277.04
v 29.9817 -136.436 1277.82
v 30.3869 -136.458 1278.23
v 30.7516 -136.293 1277.44
v 31.1923 -136.303 1277.87
v 31.414 -76.8117 1280.06
v 30.1629 -136.537 1279.03
v 30.5867 -136.472 1279.63
v 30.9632 -136.421 1278.83
v 31.1461 -136.328 1280.06
v 31.4105 -136.325 1279.43
v 30.216 -78.3832 1280.18
v 30.7702 -77.828 1281.03
v 30.1595 -136.294 1281.24
v 30.3739 -136.421 1280.44
v 30.9735 -136.185 1281.03
v 30.3827 -78.723 1282.18
v 31.0053 -78.3612 1282.87
v 29.9496 -79.7623 1283.21
v 30.3627 -135.992 1282.1
v 30.7498 -135.594 1282.82
v 31.1813 -135.821 1282.01
v 31.423 -135.467 1282.64
v 31.4223 -78.579 1283.83
v 30.2272 -79.9423 1283.99
v 30.5593 -80.1346 1284.67
v 30.3694 -134.64 1284.61
v 31.1452 -135.13 1283.45
v 31.4033 -134.512 1284.25
v 29.9981 -135.364 1283.63
v 30.1283 -82.2777 1286.37
v 30.5881 -81.1719 1285.78
v 31.1663 -81.4236 1286.45
v 30.6268 -133.195 1286.22
v 31.3981 -133.234 1285.82
v 30.001 -133.954 1285.63
v 31.1342 -133.873 1285.24
v 30.4108 -82.9858 1287.17
v 31.4238 -82.7654 1287.61
v 30.5617 -131.381 1287.88
v 30.0415 -132.994 1286.64
v 30.149 -132.099 1287.42
v 30.9772 -131.987 1287.22
v 30.7193 -84.2073 1288.2
v 30.9861 -85.4089 1289.05
v 30.1801 -86.7764 1289.45
v 30.3556 -129.822 1289.05
v 30.7364 -128.981 1289.46
v 30.9444 -130.405 1288.47
v 31.3872 -86.7611 1289.87
v 30.5692 -87.4654 1289.94
v 30.35 -90.0223 1290.94
v 30.9801 -88.9574 1290.7
v 31.3727 -90.0066 1291.18
v 30.2237 -125.225 1291.28
v 31.2403 -125.121 1291.05
v 29.9599 -126.897 1290.72
v 30.9946 -126.027 1290.84
v 29.9795 -127.975 1290.2
v 30.9743 -127.189 1290.35
v 31.3354 -128.02 1289.81
v 30.7616 -91.5344 1291.56
v 30.7685 -92.8149 1291.96
v 30.5684 -94.4283 1292.36
v 31.2031 -94.9775 1292.55
v 31.382 -93.5773 1292.24
v 30.5563 -96.2185 1292.77
v 31.3344 -118.403 1292.71
v 30.738 -120.201 1292.47
v 29.9737 -121.776 1292.23
v 31.1636 -121.71 1291.98
v 30.4095 -98.5628 1293.2
v 30.704 -100.139 1293.47
v 30.3959 -102.365 1293.77
v 31.3874 -101.703 1293.64
v 31.3718 -103.231 1293.78
v 30.3969 -104.941 1293.97
v 30.7089 -105.883 1293.97
v 31.2167 -104.987 1293.9
v 31.4029 -106.022 1293.88
v 31.1671 -107.392 1293.9
v 29.9884 -108.178 1294.02
v 31.3835 -109.753 1293.74
v 30.2012 -112.644 1293.7
v 30.0247 -117.238 1293.18
v 29.9174 -115.929 1293.39
v 31.0028 -116.102 1293.15
v 32.3958 -124.668 1268.49
v 31.5829 -125.978 1268.42
v 31.583 -126.955 1268.6
v 32.4056 -126.391 1268.68
v 32.2046 -127.747 1268.97
v 31.7809 -129.601 1269.58
v 31.9701 -128.744 1269.25
v 32.822 -129.237 1269.69
v 31.5738 -130.854 1270.23
v 32.8545 -77.1711 1271.83
v 32.8752 -78.0221 1271.25
v 32.6046 -79.3611 1271.09
v 32.0345 -84.1786 1271.4
v 32.31 -87.8195 1271.67
v 31.924 -89.5536 1271.88
v 32.8344 -91.0032 1271.81
v 32.0374 -97.8934 1271.77
v 32.7485 -131.613 1271.03
v 32.009 -132.414 1271.45
v 31.9327 -133.179 1272.14
v 32.6162 -132.98 1272.12
v 32.9002 -75.8849 1273.26
v 31.4117 -79.315 1272.8
v 31.8988 -77.6065 1273.38
v 32.5786 -133.518 1272.66
v 31.9171 -133.664 1272.65
v 32.3313 -134.061 1273.22
v 33.0091 -134.166 1273.61
v 32.8421 -75.1914 1275.04
v 31.5675 -135.138 1274.64
v 32.1495 -134.557 1273.85
v 32.3807 -135.003 1274.67
v 33.0503 -74.6823 1275.93
v 31.8044 -135.872 1276.43
v 32.1439 -135.507 1275.61
v 32.7978 -135.517 1276.06
v 32.9867 -135.209 1275.4
v 32.9552 -74.6704 1277.1
v 31.7823 -76.1954 1277.65
v 31.5808 -136.122 1277.23
v 32.1797 -136.105 1278
v 32.9019 -135.748 1277.03
v 32.2476 -75.5967 1278.79
v 32.5894 -75.3926 1279.91
v 31.5049 -76.5423 1278.71
v 31.7472 -136.257 1278.63
v 32.4108 -136.071 1278.82
v 32.3693 -136.028 1279.68
v 31.5292 -77.0683 1281.43
v 32.248 -76.1828 1281.2
v 31.756 -136.108 1280.41
v 31.7533 -135.955 1281.06
v 32.3664 -135.804 1280.81
v 32.9678 -135.695 1280.22
v 33.0933 -135.401 1281.02
v 32.9335 -75.857 1281.95
v 32.1458 -76.5932 1281.87
v 32.3174 -76.9783 1282.81
v 32.8154 -76.8047 1283.2
v 32.1507 -134.802 1283.27
v 32.5806 -134.964 1282.61
v 32.0197 -135.603 1281.8
v 32.5978 -77.9943 1284.37
v 32.9631 -133.307 1284.65
v 32.3737 -133.919 1284.37
v 31.9604 -79.4349 1285.28
v 33.0222 -79.3553 1285.88
v 32.9539 -131.632 1286.41
v 32.2178 -132.781 1285.8
v 31.9634 -133.632 1285.03
v 32.2775 -80.804 1286.63
v 32.5791 -81.6135 1287.34
v 32.3964 -82.7717 1288.02
v 33.0341 -130.17 1287.61
v 31.5563 -130.613 1288.08
v 32.3508 -131.149 1287.24
v 31.6067 -132.341 1286.61
v 31.9392 -83.839 1288.5
v 32.981 -83.5845 1288.64
v 32.1987 -85.5289 1289.48
v 32.1647 -128.012 1289.5
v 32.582 -127.583 1289.54
v 32.9441 -128.198 1289
v 31.7323 -129.364 1288.86
v 32.2517 -129.947 1288.22
v 32.9746 -86.9491 1290.24
v 31.7596 -87.6273 1290.34
v 32.5329 -88.8033 1290.91
v 31.6182 -126.759 1290.34
v 32.6063 -126.78 1289.93
v 32.53 -125.621 1290.44
v 31.9567 -127.391 1289.91
v 32.1425 -91.0813 1291.62
v 32.3922 -94.2809 1292.41
v 31.7324 -96.0931 1292.79
v 32.738 -96.0884 1292.73
v 32.4775 -115.712 1292.81
v 32.1698 -117.492 1292.64
v 32.6113 -118.771 1292.25
v 31.7662 -120.153 1292.21
v 32.7638 -120.968 1291.66
v 31.9526 -99.1431 1293.27
v 32.7562 -101.612 1293.43
v 32.1823 -104.356 1293.72
v 32.8044 -103.169 1293.54
v 32.3569 -105.415 1293.71
v 32.1737 -107.186 1293.71
v 32.9587 -110.762 1293.26
v 31.8074 -112.502 1293.4
v 33.3408 -122.604 1268.87
v 33.9705 -124.559 1268.99
v 33.7687 -125.786 1269.02
v 34.6057 -77.7808 1269.4
v 34.4591 -79.8387 1269.53
v 34.4794 -122.787 1269.27
v 33.1692 -128.39 1269.46
v 33.745 -127.191 1269.3
v 34.0014 -128.191 1269.7
v 34.6268 -127.593 1269.77
v 33.9924 -130.154 1270.55
v 34.1355 -129.161 1270.13
v 33.1202 -130.564 1270.46
v 33.5886 -75.6403 1271.91
v 33.9257 -75.6926 1271.19
v 34.5128 -74.3993 1271.45
v 33.9764 -76.3405 1270.61
v 33.8676 -85.004 1270.8
v 33.4858 -88.4843 1271.5
v 34.3531 -91.8963 1271.81
v 33.2166 -93.2821 1271.89
v 34.488 -97.861 1271.89
v 33.4844 -105.489 1271.21
v 34.3301 -131.172 1271.28
v 33.733 -132.256 1271.85
v 34.3341 -73.5937 1273.44
v 33.3893 -74.872 1273.7
v 34.0305 -74.4199 1272.62
v 33.7035 -133.284 1272.82
v 34.3942 -132.98 1272.82
v 34.018 -133.683 1273.44
v 34.2813 -73.2539 1274.86
v 33.1621 -134.657 1274.43
v 33.9562 -134.623 1274.86
v 34.1329 -134.083 1274.06
v 34.5928 -134.323 1274.8
v 34.553 -134.558 1275.25
v 33.885 -73.5383 1276.6
v 34.3597 -135.056 1276.45
v 33.7996 -135.156 1275.99
v 33.7371 -135.374 1276.66
v 33.3865 -74.1801 1278.25
v 33.3432 -135.693 1277.66
v 33.7749 -135.538 1278.45
v 34.1733 -135.31 1277.41
v 34.1803 -73.3757 1278.66
v 34.4164 -73.4246 1279.64
v 33.5076 -74.373 1279.81
v 34.3217 -134.984 1280.03
v 34.5731 -135.014 1279.19
v 33.172 -135.743 1279.43
v 33.644 -135.391 1280.06
v 33.7977 -135.462 1279.27
v 34.1726 -74.1451 1280.82
v 33.1797 -75.2265 1281.18
v 33.1376 -135.129 1281.66
v 33.6205 -135.033 1281.19
v 34.1937 -134.434 1281.63
v 33.7623 -75.1642 1282.01
v 34.1864 -75.4085 1282.79
v 33.5684 -134.655 1282.06
v 34.3577 -133.713 1282.62
v 33.74 -76.3133 1283.48
v 33.5955 -77.5636 1284.65
v 34.1864 -132.816 1284.01
v 33.3377 -133.971 1283.42
v 34.0552 -78.9963 1286.01
v 34.212 -77.7644 1285.13
v 33.774 -131.311 1286.04
v 33.3988 -132.267 1285.41
v 33.3677 -80.5627 1286.9
v 34.5926 -80.21 1286.97
v 33.5398 -81.6462 1287.64
v 34.0133 -129.194 1287.64
v 34.2017 -130.067 1286.77
v 33.3541 -131.015 1286.67
v 34.4246 -82.6253 1288.33
v 33.5646 -84.924 1289.4
v 34.1685 -85.4477 1289.68
v 34.426 -84.5628 1289.29
v 33.7478 -126.559 1289.44
v 34.3725 -126.778 1288.94
v 34.396 -125.796 1289.38
v 33.3909 -127.374 1289.23
v 34.1537 -127.89 1288.43
v 33.3559 -129.008 1288.25
v 34.5633 -86.8092 1290.2
v 33.6093 -88.164 1290.74
v 33.5672 -89.2793 1291.1
v 34.5381 -90.1206 1291.29
v 34.6312 -120.952 1290.83
v 33.7328 -122.642 1290.8
v 34.3826 -122.909 1290.38
v 33.4102 -125.658 1290.02
v 33.1951 -91.5532 1291.77
v 33.7608 -92.2769 1291.91
v 33.5799 -94.7676 1292.41
v 34.2743 -98.102 1292.71
v 33.2043 -98.2081 1292.97
v 34.1724 -109.898 1292.9
v 33.7171 -112.916 1292.74
v 33.3205 -117.176 1292.3
v 34.1814 -115.818 1292.17
v 34.0182 -119.046 1291.63
v 33.9945 -117.595 1291.95
v 33.8069 -101.849 1293.19
v 34.1505 -103.032 1293.15
v 33.3381 -104.246 1293.44
v 34.186 -104.657 1293.17
v 33.3552 -106.329 1293.42
v 34.1972 -106.834 1293.11
v 33.3139 -108.079 1293.35
v 35.6651 -73.3819 1270.36
v 35.6322 -74.9037 1269.17
v 35.4329 -74.4576 1269.73
v 34.9765 -76.1734 1269.4
v 35.2843 -81.5998 1269.51
v 35.3233 -122.71 1269.67
v 35.0098 -124.37 1269.42
v 36.1392 -125.218 1270.08
v 34.7813 -125.526 1269.41
v 35.1532 -126.233 1269.69
v 35.7528 -127.071 1270.19
v 34.9053 -128.602 1270.23
v 35.5612 -128.367 1270.47
v 35.3829 -128.99 1270.62
v 36.2991 -71.7026 1271.57
v 35.3134 -73.0163 1271.67
v 35.211 -86.8011 1270.92
v 34.7888 -90.1443 1271.58
v 35.8412 -95.8931 1272.1
v 35.9689 -103.183 1271.86
v 35.6134 -109.313 1271.28
v 34.887 -129.56 1270.63
v 35.0813 -130.196 1271.04
v 35.7437 -129.409 1270.99
v 35.9577 -128.968 1270.91
v 35.9761 -130.017 1271.44
v 36.3252 -129.196 1271.23
v 34.9908 -131.808 1272.06
v 35.1929 -130.969 1271.56
v 35.9632 -131.167 1272.14
v 35.4017 -72.3718 1272.8
v 35.0432 -133.189 1273.44
v 35.3599 -132.627 1273.01
v 35.5919 -132.865 1273.44
v 35.7986 -131.972 1272.68
v 35.9542 -132.424 1273.23
v 36.1925 -132.614 1273.67
v 35.2935 -72.1958 1273.85
v 35.2216 -72.0647 1275.07
v 36.032 -71.1894 1274.78
v 35.78 -133.192 1274.04
v 36.1554 -133.405 1274.84
v 34.9487 -133.686 1274.04
v 34.984 -134.334 1275.23
v 35.4163 -133.801 1274.66
v 35.4081 -71.8117 1276.21
v 34.7878 -134.911 1276.84
v 34.9491 -134.586 1275.87
v 35.6166 -134.103 1275.63
v 35.7483 -134.295 1276.82
v 34.7436 -72.5985 1277.45
v 35.8187 -71.4699 1277.03
v 34.9641 -134.88 1278.01
v 36.1407 -134.013 1277.84
v 35.0242 -72.5431 1278.6
v 35.6181 -72.2981 1279.39
v 35.2096 -134.637 1278.82
v 35.3195 -134.359 1279.64
v 35.798 -134.079 1279.18
v 35.7601 -133.894 1279.87
v 36.2015 -133.63 1279.42
v 34.9442 -73.8931 1281.45
v 35.1932 -73.1127 1280.43
v 36.1333 -72.8391 1281.07
v 35.7372 -133.361 1281.05
v 36.3405 -133.16 1280.21
v 34.7905 -134.419 1280.65
v 35.0556 -133.784 1281.48
v 35.3918 -74.1537 1282.23
v 35.7955 -74.4498 1282.83
v 36.1682 -131.629 1282.87
v 35.3174 -132.792 1282.62
v 36.1852 -132.259 1282.02
v 34.7625 -75.5897 1283.42
v 35.5287 -75.6507 1283.87
v 35.7054 -76.6771 1284.77
v 35.9165 -130.762 1284.22
v 35.3277 -131.962 1283.66
v 35.6476 -78.3097 1285.91
v 35.9912 -79.1261 1286.46
v 35.7431 -129.78 1285.44
v 34.9151 -131.144 1285.04
v 35.7626 -80.7999 1287.41
v 36.1378 -126.783 1287.42
v 36.2056 -125.674 1287.98
v 34.9822 -127.833 1287.82
v 35.4158 -128.419 1286.97
v 35.2047 -85.2504 1289.55
v 35.9297 -83.9706 1288.94
v 35.8792 -121.809 1289.78
v 35.1527 -125.81 1288.83
v 35.3364 -126.701 1288.23
v 35.1426 -88.4194 1290.71
v 35.9975 -87.0957 1290.13
v 35.7676 -90.1868 1291.08
v 36.1604 -91.2669 1291.22
v 35.3484 -118.251 1291.13
v 36.0379 -120.143 1290.21
v 34.8037 -92.5443 1291.8
v 35.9581 -93.368 1291.64
v 34.6976 -94.5792 1292.16
v 36.1256 -97.4323 1292
v 34.827 -99.6531 1292.69
v 36.1843 -100.565 1292.18
v 34.9468 -101.624 1292.78
v 35.1682 -103.69 1292.77
v 36.1713 -103.983 1292.29
v 35.1871 -105.579 1292.75
v 35.5172 -107.658 1292.48
v 36.2204 -106.332 1292.2
v 35.1933 -110.743 1292.36
v 35.785 -114.505 1291.56
v 35.0042 -116.587 1291.65
v 38.1711 -74.9981 1266.63
v 36.5995 -71.9336 1270.39
v 36.9207 -84.1468 1269.85
v 36.4396 -123.762 1270.26
v 36.7858 -124.79 1270.44
v 36.5577 -126.616 1270.56
v 36.892 -88.1658 1271.04
v 36.8448 -90.4053 1271.54
v 37.4765 -93.7456 1272.09
v 37.8328 -108.34 1272.22
v 36.4949 -111.238 1271.44
v 37.5634 -111.687 1271.94
v 37.6392 -124.043 1271.07
v 37.1629 -125.747 1270.81
v 37.3955 -126.621 1271.13
v 36.3672 -128.347 1270.92
v 37.3537 -127.892 1271.44
v 36.787 -128.964 1271.43
v 36.7794 -129.589 1271.72
v 37.3667 -129.149 1271.94
v 36.7679 -130.396 1272.18
v 36.6327 -70.8607 1272.8
v 37.6899 -69.6028 1273.47
v 37.5732 -129.751 1272.44
v 36.7387 -131.217 1272.75
v 37.1798 -131.564 1273.48
v 37.3672 -130.777 1272.96
v 37.9605 -130.353 1273.24
v 37.7665 -130.983 1273.57
v 36.3983 -132.083 1273.25
v 37.7704 -131.402 1274.04
v 36.7438 -132.812 1274.61
v 37.1383 -132.176 1274.18
v 37.549 -132.145 1274.81
v 36.6303 -70.5733 1275.75
v 37.563 -69.8186 1276.29
v 36.5538 -133.585 1276.25
v 36.784 -133.158 1275.44
v 37.1853 -132.997 1276.22
v 37.7936 -132.385 1276.63
v 36.7278 -70.816 1277.69
v 37.1577 -70.8302 1278.64
v 36.7648 -133.366 1278.28
v 37.0498 -133.204 1277.04
v 37.5804 -132.602 1277.48
v 36.3767 -133.833 1277.02
v 37.5813 -70.9579 1279.45
v 37.886 -131.536 1279.64
v 36.9427 -132.834 1279.42
v 37.2513 -132.179 1280.04
v 37.4535 -132.385 1279
v 36.3821 -72.1218 1280.18
v 36.8532 -72.2083 1280.78
v 36.9575 -72.8397 1281.67
v 37.9321 -130.63 1281.02
v 36.7735 -132.197 1281.04
v 36.7625 -74.0402 1282.85
v 37.6454 -73.2482 1282.39
v 37.5484 -74.0453 1283.11
v 37.1468 -130.875 1282.21
v 36.4329 -75.3668 1283.93
v 36.5964 -76.2452 1284.65
v 37.7261 -76.4533 1284.9
v 37.5326 -127.639 1285.03
v 37.8651 -128.393 1283.79
v 36.9396 -130.002 1283.58
v 36.7671 -129.238 1284.64
v 37.1603 -78.0108 1285.84
v 36.8057 -127.359 1286.24
v 36.3902 -128.735 1285.61
v 37.2047 -79.7386 1286.81
v 37.8666 -122.658 1287.64
v 37.111 -125.689 1287
v 36.3883 -82.4467 1288.22
v 37.0832 -83.139 1288.43
v 36.9399 -85.1506 1289.26
v 37.7853 -86.182 1289.39
v 37.1107 -120.608 1289.24
v 37.1689 -119.377 1289.6
v 37.7961 -120.293 1288.72
v 37.5694 -121.41 1288.51
v 36.4769 -123.154 1288.8
v 36.9154 -88.2239 1290.26
v 36.8291 -90.4599 1290.83
v 37.1313 -91.4331 1290.92
v 37.6988 -92.6386 1290.85
v 37.8162 -108.606 1291.01
v 37.3488 -114.225 1290.59
v 36.3845 -116.59 1290.84
v 37.7631 -115.98 1289.94
v 36.5472 -118.689 1290.25
v 37.181 -117.753 1290.01
v 36.3796 -94.8809 1291.66
v 37.4636 -99.3583 1291.44
v 37.2377 -102.681 1291.67
v 37.0134 -104.612 1291.8
v 36.6234 -108.384 1291.82
v 36.8838 -110.694 1291.41
v 39.5295 -70.9976 1266.41
v 38.6724 -75.8207 1266.36
v 38.6274 -70.635 1268.14
v 38.1675 -71.6271 1267.89
v 38.8066 -69.5934 1269.32
v 38.4933 -69.3846 1270.67
v 39.1041 -68.4849 1271.51
v 38.9334 -87.5523 1270.65
v 38.1496 -125.975 1271.62
v 38.1962 -127.512 1272.01
v 38.7706 -95.7812 1272.49
v 38.7056 -98.7747 1272.68
v 38.85 -101.591 1272.75
v 39.2449 -108.814 1273.01
v 38.7013 -114.027 1272.63
v 38.881 -125.348 1272.21
v 39.3423 -123.801 1272.71
v 38.9634 -126.049 1272.39
v 39.1464 -127.017 1272.82
v 39.449 -125.538 1272.85
v 38.1403 -128.585 1272.36
v 38.8467 -127.996 1272.83
v 39.1709 -128.384 1273.44
v 39.4589 -127.573 1273.44
v 38.5373 -129.941 1273.65
v 38.5586 -129.02 1273.02
v 39.1598 -129.002 1273.84
v 38.2448 -69.056 1274.58
v 38.8719 -68.5916 1275.04
v 39.0769 -129.632 1274.25
v 39.4823 -129.142 1274.62
v 39.4181 -129.578 1275.05
v 38.1766 -131.221 1274.5
v 38.362 -130.607 1274.03
v 38.8375 -130.561 1275
v 38.4337 -69.2289 1276.6
v 37.9404 -131.981 1275.47
v 38.399 -131.585 1276.25
v 38.6065 -131.162 1275.64
v 39.1738 -130.332 1275.83
v 39.1367 -130.494 1276.79
v 39.3233 -68.8759 1277.21
v 37.9626 -69.8159 1277.45
v 38.2587 -70.0232 1278.41
v 39.2465 -130.039 1278.22
v 39.5117 -129.783 1277.44
v 38.294 -131.745 1277.05
v 38.27 -131.555 1278.24
v 39.0257 -130.615 1277.45
v 38.204 -70.9865 1280.02
v 38.8766 -70.0383 1279.05
v 39.0728 -129.545 1279.86
v 39.469 -129.396 1278.84
v 38.6046 -130.743 1279.06
v 39.1835 -70.916 1280.44
v 37.9684 -71.694 1280.83
v 38.5162 -71.8518 1281.26
v 39.3616 -128.075 1281.22
v 38.4791 -130.219 1280.38
v 38.7466 -129.225 1281.17
v 38.4171 -73.7534 1283.02
v 38.7193 -128.389 1282.25
v 38.1002 -129.425 1282.25
v 39.3981 -74.2263 1283.45
v 37.9497 -75.0142 1283.93
v 38.7759 -75.7734 1284.48
v 38.7694 -125.519 1284.79
v 38.9718 -126.866 1283.34
v 38.21 -127.298 1284.29
v 38.9074 -77.0711 1285.24
v 38.7789 -78.6161 1286.06
v 38.8228 -122.991 1286.23
v 38.0149 -126.008 1285.63
v 38.3404 -80.4696 1287.03
v 39.0695 -81.1715 1287.19
v 39.2623 -119.422 1287.42
v 38.4498 -120.75 1287.85
v 39.058 -121.002 1286.97
v 38.7404 -84.0778 1288.4
v 38.4189 -87.7675 1289.63
v 39.2686 -110.894 1289.47
v 38.6276 -115.894 1289.17
v 39.1862 -117.395 1288.21
v 38.1569 -118.305 1289.03
v 38.8429 -118.679 1288.2
v 38.0491 -90.3987 1290.35
v 38.9893 -92.235 1290.16
v 37.9004 -95.0128 1290.97
v 38.2603 -103.967 1290.96
v 39.0066 -104.523 1290.36
v 37.9517 -106.217 1291.11
v 38.567 -107.575 1290.54
v 39.3451 -106.442 1289.95
v 38.9796 -108.781 1290.04
v 38.0074 -110.5 1290.64
v 38.5859 -112.736 1289.82
v 40.5462 -69.4144 1266.22
v 40.1975 -77.3893 1266.15
v 40.0967 -68.981 1267.53
v 40.3552 -67.814 1269.19
v 40.2238 -67.6391 1270.24
v 40.0171 -67.5843 1271.61
v 39.9188 -90.4595 1271.44
v 39.7164 -67.785 1272.48
v 40.7726 -66.9046 1272.18
v 40.8673 -66.8665 1272.91
v 39.4333 -93.8255 1272.27
v 40.907 -95.0381 1272.75
v 40.02 -97.0034 1272.91
v 40.8826 -98.8477 1273.44
v 40.6674 -101.902 1273.55
v 40.0815 -124.494 1273.65
v 40.0397 -125.4 1273.65
v 39.6262 -126.386 1273.25
v 40.9505 -66.9725 1274.09
v 40.5212 -109.401 1274.08
v 40.0445 -114.357 1273.97
v 40.8668 -113.999 1275.07
v 40.5633 -120.454 1274.64
v 40.6228 -124.685 1274.63
v 40.6671 -125.425 1274.85
v 40.075 -126.997 1274.2
v 40.2186 -125.978 1274.07
v 40.4614 -126.586 1274.86
v 39.7143 -128.176 1274.23
v 40.1693 -127.413 1274.67
v 40.0626 -128.242 1275.21
v 39.7885 -68.1809 1276.02
v 40.4118 -68.0371 1276.6
v 41.1485 -122.507 1275.94
v 40.9418 -124.78 1275.45
v 41.2097 -124.643 1276.74
v 40.7294 -126.745 1276.11
v 40.865 -125.772 1275.63
v 40.216 -128.218 1275.84
v 40.4004 -127.578 1275.61
v 40.3748 -127.93 1276.22
v 39.737 -129.416 1276.64
v 39.795 -129.173 1275.83
v 40.056 -128.742 1276.44
v 39.7986 -68.8189 1277.65
v 40.577 -68.696 1278.04
v 40.8403 -126.592 1277.84
v 40.093 -128.621 1277.43
v 40.0645 -128.391 1278.44
v 40.4639 -127.782 1277.02
v 40.4252 -127.763 1277.85
v 39.6268 -129.363 1278.2
v 39.6967 -69.4053 1278.63
v 40.4894 -69.3565 1278.98
v 39.556 -69.8908 1279.28
v 40.3905 -70.0335 1279.81
v 41.0563 -125.149 1279.33
v 40.59 -126.832 1279.07
v 40.7548 -125.627 1280.14
v 39.8247 -128.371 1279.47
v 40.3694 -70.813 1280.67
v 39.4989 -71.8739 1281.54
v 40.4555 -71.9592 1281.73
v 39.7749 -126.934 1281.58
v 40.2356 -126.57 1280.78
v 40.3586 -125.291 1281.73
v 39.9725 -127.443 1280.43
v 39.5969 -73.1427 1282.65
v 40.7193 -72.869 1282.46
v 41.0796 -120.868 1283.24
v 39.7564 -125.607 1282.9
v 39.8915 -75.7936 1284.41
v 40.9018 -119.772 1284.46
v 40.5001 -121.568 1284.16
v 40.6397 -77.6961 1285.29
v 40.8226 -115.6 1286.47
v 40.9937 -117.143 1285.64
v 40.4518 -118.586 1285.99
v 40.1578 -120.068 1285.76
v 39.6604 -122.461 1285.21
v 40.7499 -82.2821 1287.12
v 39.9398 -84.4675 1288.12
v 41.1013 -107.676 1287.78
v 40.6836 -110.609 1287.86
v 41.1762 -111.254 1286.97
v 40.3971 -113.746 1287.61
v 39.9139 -115.443 1287.84
v 39.9877 -117.12 1287.29
v 40.3889 -117.382 1286.61
v 39.8775 -118.203 1287.06
v 39.8788 -119.237 1286.64
v 39.6458 -88.3342 1289.24
v 40.0418 -90.0535 1289.32
v 40.6476 -91.4549 1289.09
v 40.084 -95.0652 1289.59
v 40.4225 -99.3323 1289.21
v 40.8196 -102.381 1288.64
v 39.8052 -104.908 1289.61
v 40.1618 -106.017 1289.15
v 40.847 -106.832 1288.24
v 40.0458 -108.444 1289.01
v 39.8655 -111.95 1288.66
v 39.5566 -114.148 1288.57
v 42.6738 -68.8273 1263.68
v 42.2309 -70.8559 1263.41
v 41.9254 -70.1874 1263.93
v 42.2365 -66.751 1266.76
v 42.1456 -78.6716 1266.14
v 42.1254 -66.2798 1268.27
v 41.0655 -82.0588 1268.07
v 41.8417 -66.2387 1269.62
v 41.2756 -85.8636 1269.67
v 41.966 -66.0132 1271.81
v 41.1891 -66.6215 1271.02
v 42.2971 -88.9015 1270.77
v 42.2256 -91.4558 1271.74
v 42.2175 -65.961 1272.81
v 42.1492 -95.0389 1273.06
v 41.7321 -96.8037 1273.43
v 42.1459 -66.3121 1274.2
v 41.161 -67.0939 1275.07
v 42.2246 -66.6287 1275.21
v 42.6587 -98.9471 1274.4
v 41.5357 -103.507 1274.24
v 41.7363 -109.291 1275.49
v 41.4964 -114.468 1276.27
v 41.2004 -67.9712 1277.17
v 41.7893 -68.1822 1277.84
v 42.3357 -110.504 1277.09
v 42.443 -111.851 1278.16
v 42.0588 -114.404 1277.76
v 41.2277 -124.933 1278
v 42.0138 -69.0105 1278.98
v 41.1976 -70.0653 1280.03
v 42.3874 -69.9714 1280.03
v 42.5877 -112.74 1279.44
v 42.1868 -117.575 1279.77
v 41.3687 -70.6629 1280.65
v 42.3222 -71.038 1280.97
v 42.2989 -116.447 1281.41
v 41.7973 -119.87 1281.31
v 41.9633 -119.42 1280.44
v 41.7743 -72.4093 1282.06
v 42.6939 -74.2683 1283.07
v 42.7158 -111.568 1282.49
v 42.186 -115.109 1283.28
v 42.2175 -116.165 1282.45
v 41.8353 -118.363 1282.65
v 42.0294 -118.165 1281.8
v 41.4509 -120.529 1282.3
v 41.1909 -74.3131 1283.37
v 41.586 -75.8267 1284.16
v 42.3425 -77.5712 1284.79
v 42.5529 -110.482 1283.97
v 42.0687 -113.331 1284.45
v 41.9165 -115.546 1284.07
v 41.5676 -116.614 1284.59
v 41.9297 -116.433 1283.6
v 41.225 -118.185 1284.65
v 41.3743 -119.033 1283.75
v 41.6708 -117.778 1283.68
v 41.3354 -78.9373 1285.67
v 41.4747 -113.162 1285.93
v 41.4531 -115.203 1285.39
v 41.7946 -82.882 1286.9
v 41.2561 -85.4466 1287.82
v 42.1971 -86.561 1287.57
v 41.8396 -99.0537 1287.81
v 41.982 -102.285 1287.25
v 41.4822 -94.3399 1288.51
v 43.1617 -67.8428 1263.73
v 43.8375 -66.6945 1263.78
v 43.6749 -65.9886 1265.04
v 42.8442 -67.1092 1264.95
v 43.4156 -65.4897 1266.77
v 43.3739 -65.1974 1268
v 44.1054 -82.7532 1267.72
v 44.2227 -64.4437 1269.42
v 42.7522 -65.4358 1270.42
v 43.2183 -65.1567 1269.18
v 43.061 -87.089 1269.94
v 43.5091 -64.9681 1271.07
v 43.752 -64.9454 1271.87
v 43.716 -89.7196 1271.1
v 43.5337 -65.3766 1273.23
v 43.9681 -65.3498 1273.68
v 43.4861 -92.81 1272.5
v 44.0367 -65.8151 1274.8
v 43.154 -96.3195 1273.91
v 43.9192 -95.1495 1273.81
v 44.1278 -96.2172 1274.45
v 43.127 -66.7301 1276.08
v 43.7245 -67.1037 1276.87
v 43.8324 -99.1064 1275.41
v 43.6052 -101.451 1275.9
v 43.5839 -104.155 1276.85
v 44.3892 -102.946 1278.25
v 43.2398 -69.0722 1279.15
v 43.6208 -69.5573 1279.61
v 43.1465 -108.747 1278.74
v 43.1125 -109.682 1280.11
v 43.4328 -70.6972 1280.58
v 43.1564 -71.7723 1281.42
v 43.8028 -72.2073 1281.58
v 43.9392 -105.74 1280.5
v 42.7499 -112.11 1280.97
v 42.7789 -73.0096 1282.31
v 44.1524 -73.6135 1282.31
v 43.6902 -106.172 1282.11
v 43.0206 -76.2479 1283.99
v 43.6281 -77.0322 1284.14
v 44.4305 -98.4631 1284.56
v 43.3292 -105.835 1283.8
v 42.9262 -79.2654 1285.26
v 43.3647 -97.4289 1286.33
v 42.7984 -103.368 1285.83
v 42.9631 -104.524 1285.22
v 42.7204 -87.4858 1287.4
v 42.8951 -95.1398 1287.17
v 46.1352 -65.0897 1262.03
v 45.285 -67.1144 1261.53
v 45.1824 -66.3376 1262.17
v 45.1352 -72.4948 1261.55
v 45.1864 -65.184 1263.46
v 44.921 -64.7193 1264.87
v 44.8841 -64.1007 1267.35
v 45.1689 -64.1245 1266.01
v 45.7444 -63.578 1266.65
v 44.5838 -79.8135 1266.08
v 45.2151 -63.8215 1268.01
v 45.7402 -63.5264 1268.64
v 45.6031 -84.421 1268.39
v 45.7041 -63.6286 1269.51
v 44.5155 -87.3034 1269.95
v 44.3976 -64.4728 1270.99
v 44.5684 -64.6018 1272.01
v 45.2095 -64.0994 1271
v 45.7549 -64.0727 1271.65
v 44.6856 -89.9508 1271.31
v 45.8189 -90.5127 1271.92
v 45.3272 -64.7556 1273.21
v 44.5868 -64.8289 1272.82
v 45.8264 -64.8349 1273.62
v 45.092 -92.8468 1273.13
v 45.2011 -65.7884 1275.19
v 44.9934 -94.4305 1274.07
v 44.516 -66.2827 1275.83
v 45.163 -66.4893 1276.22
v 45.4153 -66.9797 1276.85
v 45.0041 -96.5636 1275.41
v 45.4254 -97.4896 1276.62
v 44.4827 -100.053 1276.63
v 44.3324 -67.384 1277.31
v 45.2931 -68.0454 1277.99
v 45.3046 -99.5687 1278.13
v 44.8408 -69.5361 1279.41
v 45.233 -70.4009 1279.99
v 45.0477 -101.327 1279.89
v 44.3339 -71.2255 1280.8
v 45.1958 -71.8296 1280.96
v 45.9847 -98.0163 1280.91
v 44.8857 -101.441 1281.45
v 44.9221 -75.3726 1282.94
v 45.4091 -76.7624 1283.32
v 45.8309 -97.7066 1281.99
v 44.5131 -100.702 1283.33
v 44.5447 -78.0473 1284.18
v 45.5588 -78.0649 1283.73
v 44.4996 -80.4952 1284.99
v 45.4197 -97.2577 1283.33
v 44.7763 -83.1089 1285.49
v 45.2657 -84.1498 1285.38
v 44.2981 -87.1901 1286.34
v 44.9058 -87.9461 1285.92
v 45.8025 -89.0038 1285.14
v 47.0525 -64.1265 1261.85
v 46.6544 -74.2121 1261.78
v 45.9903 -64.0508 1264.01
v 45.9221 -76.8377 1263.83
v 46.2595 -63.6093 1264.59
v 46.5942 -63.2 1265.24
v 47.1856 -62.7486 1266.03
v 46.3449 -80.7373 1266.28
v 46.3684 -63.1577 1267.61
v 46.4554 -63.2 1268.76
v 46.3645 -63.4857 1270.2
v 46.0059 -86.6273 1269.63
v 46.5588 -63.9927 1272.01
v 47.0251 -63.4069 1270.63
v 47.3336 -64.3943 1273.07
v 46.7194 -90.7385 1272.52
v 46.1901 -92.5937 1273.66
v 46.011 -65.7671 1275.25
v 46.4184 -65.1137 1274.25
v 46.7966 -92.5813 1274.21
v 47.3786 -92.6047 1275
v 46.1915 -94.2101 1275.01
v 46.5344 -66.4005 1276.07
v 47.4575 -66.6194 1276.15
v 47.236 -93.5237 1275.89
v 46.2523 -95.4272 1276.23
v 46.5851 -67.285 1277.03
v 46.5009 -68.2182 1277.94
v 46.7272 -68.8589 1278.41
v 47.3773 -68.0317 1277.53
v 46.8256 -95.0281 1276.99
v 46.4289 -96.6396 1278.25
v 47.0272 -95.0676 1277.73
v 46.1432 -96.744 1277.41
v 47.3676 -69.8296 1278.9
v 46.5968 -71.1649 1280.06
v 47.3623 -94.6587 1278.72
v 45.9421 -98.3701 1279.59
v 46.9855 -72.3648 1280.6
v 45.9379 -73.1022 1281.42
v 47.3496 -73.5106 1281.02
v 47.4912 -94.1695 1280.17
v 46.0214 -74.9664 1282.3
v 47.4564 -75.6212 1281.88
v 46.7596 -77.4099 1282.9
v 47.3454 -78.4035 1282.89
v 46.9209 -92.7568 1283
v 46.1845 -79.3314 1283.81
v 46.9892 -79.788 1283.48
v 46.1545 -81.5739 1284.38
v 47.0042 -83.1282 1284.09
v 46.1135 -85.0615 1284.92
v 47.4779 -87.342 1283.71
v 46.3885 -90.2399 1284.42
v 48.7995 -65.0686 1258.6
v 47.1406 -69.4927 1259.44
v 48.9112 -69.453 1258.18
v 48.2033 -71.6008 1259.48
v 49.0469 -72.6571 1259.71
v 48.3733 -74.9314 1261.7
v 47.6858 -62.7254 1263.89
v 47.886 -62.9821 1262.54
v 48.8925 -62.0885 1263.29
v 49.0582 -61.9287 1263.93
v 48.1449 -62.3452 1264.47
v 48.8289 -61.9979 1265.36
v 48.0741 -78.522 1264.52
v 47.7519 -62.4762 1266.71
v 48.4981 -81.5632 1266.69
v 47.7414 -62.7745 1268.89
v 47.9742 -62.482 1267.66
v 48.5888 -62.5679 1268.82
v 48.7741 -62.2933 1267.83
v 47.9939 -63.1002 1270.25
v 47.6164 -85.5594 1269.19
v 48.608 -86.0681 1269.84
v 47.5456 -63.8665 1272.05
v 48.6119 -63.5062 1271.38
v 48.2217 -64.0422 1272.45
v 47.8628 -90.6397 1273.39
v 47.5504 -65.5356 1274.83
v 47.7984 -64.9305 1273.95
v 48.564 -65.0646 1274.02
v 47.8443 -67.3957 1276.82
v 49.0961 -66.5937 1275.63
v 48.1167 -92.1743 1275.84
v 47.7913 -68.9936 1278.16
v 48.8742 -68.5751 1277.41
v 48.9353 -69.7744 1278.22
v 48.2215 -92.7414 1277.8
v 48.6954 -70.8741 1278.99
v 48.3788 -73.1128 1280.32
v 48.6379 -75.0382 1281
v 47.7915 -92.3469 1281.54
v 48.1318 -76.8303 1281.95
v 47.9991 -78.9122 1282.64
v 47.5881 -80.6052 1283.29
v 48.6237 -81.3243 1282.68
v 48.623 -82.6148 1282.82
v 47.792 -89.6889 1282.88
v 47.4867 -84.7479 1283.83
v 50.5277 -64.0655 1256.99
v 49.7255 -65.8762 1257.2
v 50.478 -66.7135 1256.41
v 49.8093 -63.6985 1258.24
v 49.5115 -70.1417 1258.01
v 50.2858 -73.8327 1260.16
v 49.901 -75.9124 1262.13
v 50.5221 -61.367 1262.76
v 50.6229 -61.3621 1264.15
v 50.1576 -61.6294 1265.63
v 50.376 -78.8825 1264.66
v 49.1203 -62.0158 1266.68
v 49.7752 -61.9063 1266.84
v 50.4038 -61.9219 1267.19
v 49.4105 -62.2371 1268.03
v 50.5297 -62.301 1268.41
v 50.0881 -82.2595 1267.47
v 49.2235 -62.8986 1270
v 49.3325 -62.5463 1269.04
v 49.7703 -63.1172 1270.48
v 50.4238 -62.8288 1269.74
v 49.9439 -63.8239 1271.78
v 50.6174 -63.2544 1270.57
v 49.32 -64.4063 1272.89
v 50.5488 -64.3831 1272.45
v 50.7313 -87.4464 1273.39
v 49.3776 -65.4022 1274.21
v 49.5858 -67.3919 1276.16
v 50.2563 -68.3692 1276.63
v 49.7673 -89.761 1276.15
v 49.8205 -70.4227 1278.18
v 49.9876 -69.5362 1277.56
v 50.1506 -88.8411 1278.42
v 50.2417 -72.0398 1278.8
v 49.4526 -76.5439 1281.03
v 50.6827 -77.1971 1280.36
v 50.2012 -79.4163 1281.18
v 50.479 -81.2104 1281.16
v 50.277 -84.1963 1281.14
v 49.1552 -79.1585 1281.91
v 49.5361 -83.2516 1282.03
v 52.491 -65.9597 1254.19
v 52.501 -62.1687 1255.72
v 51.759 -64.2554 1255.26
v 52.2081 -63.4014 1255.03
v 51.7516 -65.2271 1255.05
v 51.1585 -68.2018 1256.07
v 51.7972 -61.8032 1257.58
v 51.6145 -69.4398 1256.24
v 50.701 -70.9985 1257.76
v 51.9824 -70.2651 1256.49
v 51.3817 -61.4168 1259.48
v 52.03 -72.1147 1257.93
v 50.8611 -61.3177 1261.56
v 52.1932 -60.8256 1261.47
v 51.7915 -75.266 1261.17
v 51.9889 -60.9623 1263.05
v 52.138 -76.879 1262.79
v 51.3393 -61.2699 1264.63
v 51.0348 -79.6356 1265.4
v 50.8216 -61.557 1265.82
v 52.1337 -61.5842 1266.09
v 51.4236 -62.2574 1268.17
v 51.6147 -82.3597 1268.25
v 51.9289 -84.2446 1270.58
v 50.6201 -84.8565 1269.97
v 51.559 -63.6168 1270.84
v 50.7738 -64.8945 1273.06
v 50.9439 -65.407 1273.6
v 51.3766 -65.1991 1273.15
v 51.5923 -64.7631 1272.5
v 51.5669 -65.713 1273.64
v 52.0518 -65.4129 1273.03
v 50.8969 -66.2113 1274.47
v 50.8376 -67.2398 1275.44
v 51.1925 -68.6032 1276.3
v 51.7328 -86.4257 1276.37
v 51.1948 -69.9787 1277.18
v 51.0275 -71.2113 1277.95
v 52.2162 -71.8131 1277.5
v 51.3127 -72.8999 1278.54
v 51.9711 -84.8852 1278.11
v 52.0143 -78.1052 1279.5
v 51.6322 -80.0081 1280.03
v 51.8204 -81.0025 1279.82
v 52.2364 -81.5768 1279.28
v 53.5064 -64.3974 1252.9
v 52.381 -67.0425 1254.58
v 53.6488 -68.5464 1254.06
v 53.2714 -61.3885 1255.68
v 54.1211 -60.9371 1255.21
v 52.8119 -62.6316 1254.7
v 53.7275 -69.8513 1254.95
v 52.9837 -61.0114 1257.22
v 53.4854 -60.5948 1257.93
v 53.5958 -73.2706 1258.53
v 53.1391 -60.5666 1259.66
v 52.6475 -60.7332 1261.83
v 53.42 -75.2832 1261
v 53.2363 -60.7634 1262.63
v 53.8255 -76.7522 1262.78
v 52.5168 -78.0004 1264
v 52.3334 -61.1142 1264.27
v 53.3978 -61.1603 1264.4
v 52.7589 -61.906 1266.87
v 53.6045 -62.0683 1266.86
v 52.2881 -80.402 1266.51
v 52.3222 -62.5399 1268.51
v 53.4193 -62.6754 1268.23
v 52.9633 -63.2252 1269.48
v 52.7384 -82.1617 1268.86
v 53.1626 -82.5183 1269.81
v 52.413 -64.0206 1271.04
v 53.3832 -64.1738 1270.68
v 52.9819 -64.9856 1271.98
v 53.2119 -83.7648 1272.16
v 52.5846 -83.9897 1271.19
v 53.1215 -65.9903 1272.98
v 53.7061 -66.9371 1273.46
v 52.3219 -66.4045 1273.89
v 52.42 -67.7678 1274.97
v 53.1507 -84.2634 1273.89
v 53.2119 -84.1598 1274.66
v 52.9853 -69.0407 1275.51
v 52.751 -70.7536 1276.64
v 53.162 -83.7381 1276.24
v 53.2918 -83.8864 1275.35
v 52.7043 -74.2751 1278.08
v 52.9759 -72.7805 1277.38
v 53.4691 -75.837 1277.88
v 53.413 -82.065 1277.36
v 52.1133 -82.9974 1279.02
v 55.5093 -64.5152 1250.11
v 55.8561 -65.8096 1249.94
v 54.3199 -66.9985 1252.46
v 55.1603 -67.9833 1252.15
v 55.3046 -69.0154 1252.88
v 54.2834 -71.2696 1255.91
v 54.0173 -60.5937 1256.55
v 54.7702 -60.284 1256.44
v 54.4159 -60.2719 1257.85
v 55.158 -60.1334 1258.65
v 54.6987 -73.8825 1259.07
v 53.9585 -60.3777 1259.95
v 54.4776 -60.3516 1260.32
v 55.3096 -60.5524 1261.41
v 54.3977 -60.8638 1263.02
v 54.9559 -61.2618 1264.03
v 53.9193 -61.6333 1265.63
v 55.1501 -61.8582 1265.41
v 53.9085 -78.0727 1264.41
v 54.8476 -62.6811 1267.3
v 54.1792 -80.3483 1267.63
v 54.3871 -63.5072 1269.03
v 54.0032 -82.1151 1270.47
v 54.2139 -65.5777 1271.81
v 54.3768 -64.7651 1270.78
v 54.3853 -82.1556 1271.56
v 54.3202 -67.8154 1273.73
v 54.8078 -66.6092 1272.37
v 54.7969 -81.8131 1272.16
v 55.0864 -81.4615 1273.2
v 54.7844 -69.0444 1274.23
v 55.3805 -70.0155 1274.34
v 55.0243 -81.2657 1274.27
v 54.9436 -80.9698 1275
v 54.5717 -70.9035 1275.4
v 53.8782 -71.9578 1276.4
v 54.6551 -72.7944 1276.11
v 54.6002 -74.5239 1276.65
v 54.9301 -76.1636 1276.6
v 55.0679 -80.2164 1275.47
v 55.6832 -62.0586 1250.81
v 55.7193 -63.1897 1250.01
v 56.2943 -66.7099 1249.87
v 56.9946 -67.5979 1249.71
v 56.3791 -68.7558 1251.56
v 56.4053 -69.4128 1252.25
v 55.7874 -70.1823 1253.68
v 56.5302 -70.969 1254.1
v 56.9366 -70.3485 1252.94
v 56.8499 -59.8503 1255.57
v 55.8221 -60.2114 1254.53
v 56.0903 -59.9979 1255.48
v 56.249 -59.9732 1257.54
v 55.6023 -60.0252 1257.36
v 55.7289 -72.1401 1256.23
v 56.3603 -72.8585 1257.1
v 55.8403 -60.1651 1259.2
v 56.5749 -60.4378 1260.24
v 55.633 -60.8649 1262.39
v 55.7324 -75.1909 1260.96
v 56.4796 -75.8379 1262.17
v 56.7082 -61.4694 1263.28
v 56.1951 -61.9758 1264.87
v 55.7153 -77.5788 1264.57
v 57.036 -77.0117 1264.58
v 56.3466 -63.3884 1267.29
v 55.6202 -79.3194 1267.39
v 55.8281 -64.4302 1269.21
v 55.5387 -65.2583 1270.45
v 56.6781 -65.5861 1269.84
v 55.7457 -80.3393 1269.96
v 56.6925 -79.4554 1270.03
v 56.3776 -66.3985 1270.91
v 56.5292 -67.3919 1271.63
v 55.7578 -68.1866 1272.88
v 56.3119 -69.7563 1273.4
v 56.9662 -70.9917 1273.42
v 57.0385 -78.0147 1273.45
v 55.9503 -70.7953 1274.25
v 55.9635 -72.3858 1274.87
v 56.3128 -74.0297 1274.99
v 56.7958 -73.0145 1274.29
v 57.108 -74.1571 1274.19
v 56.7171 -75.0254 1274.7
v 56.0832 -76.805 1275.35
v 56.5784 -77.7888 1274.41
v 55.5738 -78.3192 1275.68
v 58.6011 -62.9325 1245.68
v 57.4459 -61.0381 1249.24
v 57.9118 -60.5032 1249.55
v 58.2192 -60.1169 1250.22
v 57.7222 -68.3538 1249.61
v 57.9011 -69.2098 1250.48
v 58.7334 -70.4041 1251.45
v 57.5523 -70.786 1253.08
v 58.5245 -59.7121 1254.33
v 57.6684 -71.7043 1254.53
v 58.2367 -72.251 1255.24
v 57.7601 -59.9401 1257
v 58.4519 -60.0842 1257.31
v 58.4515 -73.0023 1256.83
v 57.3625 -60.1161 1258.29
v 57.9645 -60.3618 1258.89
v 57.1276 -73.8092 1258.69
v 58.598 -73.8706 1258.92
v 58.6121 -60.9281 1260.11
v 57.6847 -74.5966 1260.29
v 57.3519 -60.9673 1261.4
v 58.4086 -75.3013 1262.13
v 57.5685 -62.0686 1263.84
v 58.0519 -61.6453 1262.46
v 58.6198 -62.0868 1262.82
v 57.1189 -62.6296 1265.32
v 58.5491 -62.9056 1264.4
v 57.6878 -63.8168 1266.7
v 58.1653 -77.0602 1266.04
v 57.5166 -64.5282 1267.84
v 57.5619 -65.3901 1268.81
v 57.3952 -66.3854 1269.97
v 58.4777 -67.2039 1269.63
v 57.3751 -67.3856 1270.85
v 57.2821 -68.4087 1271.69
v 58.1725 -68.3862 1270.8
v 57.7966 -69.7956 1272.03
v 58.2177 -77.2187 1271.6
v 58.7342 -76.1168 1271.54
v 57.3757 -71.8764 1273.36
v 58.2848 -71.3681 1272.23
v 58.5752 -72.6176 1272.26
v 57.6627 -73.1786 1273.43
v 58.1365 -73.9858 1272.99
v 58.7365 -74.1388 1272.2
v 58.2128 -74.8449 1272.87
v 57.613 -76.4679 1273.36
v 57.4443 -74.8543 1273.86
v 57.3163 -76.0806 1273.9
v 59.602 -61.736 1244.74
v 59.8719 -66.4642 1245.1
v 59.9466 -67.3249 1245.8
v 59.1118 -59.769 1250.27
v 59.7317 -59.5752 1251.18
v 60.0037 -59.7767 1254.13
v 59.2213 -60.3261 1257.59
v 59.996 -60.6274 1257.76
v 60.1338 -61.1948 1259.14
v 59.9682 -74.1342 1260.2
v 59.7753 -61.8387 1261.03
v 60.1871 -62.6093 1262.03
v 59.3199 -75.5578 1263.74
v 59.4879 -63.7548 1264.71
v 59.3857 -64.5764 1265.97
v 58.8973 -65.1847 1267.23
v 60.0288 -66.1907 1267.03
v 60.2179 -65.3677 1265.95
v 59.7255 -76.06 1267.25
v 58.9839 -76.5367 1266.23
v 58.9162 -66.1977 1268.27
v 59.7593 -67.0156 1268.08
v 60.2915 -68.9421 1268.77
v 58.9548 -69.206 1270.49
v 59.3675 -68.2075 1269.4
v 59.77 -69.421 1269.67
v 60.0982 -70.7783 1269.84
v 60.0894 -71.9824 1270.15
v 60.2039 -73.3281 1270
v 60.3823 -74.7048 1268.85
v 58.7909 -77.0267 1269.82
v 59.4646 -75.9572 1269.81
v 59.2175 -70.5548 1270.85
v 59.147 -71.7728 1271.36
v 59.391 -74.1534 1271.22
v 59.5344 -72.8312 1271.06
v 58.7655 -75.024 1272.02
v 59.6924 -74.5388 1270.58
v 61.511 -60.3326 1243.34
v 60.7308 -60.0497 1245.79
v 61.0414 -67.9152 1245.21
v 60.8877 -71.1005 1250.96
v 60.6295 -59.9466 1254.41
v 61.2514 -60.3351 1255.23
v 61.4165 -61.1747 1257.49
v 60.5434 -73.2994 1257.66
v 61.8588 -62.9887 1260.56
v 61.4124 -73.5995 1259.59
v 61.1521 -63.2824 1261.98
v 61.884 -63.7614 1261.74
v 61.7565 -73.8395 1261.93
v 60.7497 -74.3804 1262.08
v 60.9134 -64.3993 1263.91
v 61.3984 -65.0431 1264.1
v 61.3105 -66.2023 1265.46
v 61.0219 -74.6013 1264.19
v 61.1941 -74.4865 1265.73
v 60.5929 -67.1416 1267.19
v 61.4919 -67.4042 1266.24
v 61.4251 -68.5967 1267.09
v 61.7654 -69.724 1267.12
v 61.3871 -74.0064 1266.65
v 60.7229 -67.8088 1267.52
v 60.5583 -69.6192 1268.77
v 61.1531 -70.9347 1268.37
v 61.3431 -71.9169 1268.14
v 61.4463 -72.7609 1267.77
v 60.4573 -74.2962 1269.07
v 63.1175 -62.6487 1238.85
v 62.3151 -59.4821 1245.56
v 62.4492 -68.8378 1244.95
v 63.4635 -69.5229 1245.13
v 62.3896 -70.2874 1247.68
v 63.4873 -70.4733 1247.17
v 63.0254 -60.8006 1254.3
v 61.8463 -72.2265 1253.62
v 63.6529 -61.4975 1255.08
v 62.2998 -72.9694 1256.94
v 61.8963 -62.007 1258.69
v 63.6358 -72.7276 1257.88
v 62.9987 -63.6719 1260.01
v 62.5356 -73.2964 1260.69
v 61.9948 -64.6038 1262.74
v 62.1468 -65.7873 1263.91
v 63.3622 -66.5621 1262.88
v 63.5668 -67.4138 1263.22
v 63.4176 -72.2322 1263.01
v 62.3158 -73.4997 1262.59
v 62.8179 -73.0566 1262.68
v 62.346 -66.844 1264.63
v 62.8996 -68.0066 1264.64
v 62.1558 -68.2091 1265.85
v 62.5178 -69.1468 1265.76
v 62.5274 -70.004 1265.99
v 64.0672 -61.2467 1237.57
v 63.9325 -59.4459 1240.93
v 63.8959 -59.2842 1242.37
v 64.3953 -59.1472 1242.66
v 64.4698 -59.1838 1244.29
v 64.0367 -68.9553 1243.54
v 63.8394 -71.0663 1248.51
v 65.0599 -71.1394 1248.08
v 64.038 -62.5732 1256.66
v 65.0113 -63.5094 1256.67
v 64.2348 -65.3367 1260.24
v 65.3036 -65.746 1258.96
v 63.9858 -72.5383 1259.07
v 64.2978 -72.138 1260.24
v 64.5219 -66.7286 1261.13
v 64.5732 -68.1216 1261.94
v 65.2026 -68.6953 1260.99
v 64.3056 -71.6887 1261.41
v 63.7277 -68.7736 1263.66
v 64.0038 -69.4042 1263.33
v 63.6134 -70.4441 1264.03
v 63.872 -71.2348 1263.11
v 66.2444 -62.1135 1234.12
v 65.4589 -59.3252 1245.08
v 66.2429 -59.6126 1245.65
v 66.5626 -71.4214 1249.39
v 66.4814 -67.3234 1258.08
v 66.1518 -70.5591 1258.47
v 65.7409 -69.3546 1259.98
v 65.8227 -70.1291 1259.55
v 67.0403 -59.6637 1233.55
v 67.1597 -60.5486 1232.65
v 66.4024 -63.1498 1234.33
v 67.7876 -64.7941 1233.91
v 67.8359 -58.5649 1234.92
v 67.4173 -58.5353 1237.04
v 67.5587 -66.9721 1236.93
v 67.0021 -68.0295 1239.13
v 66.9484 -60.1203 1246.58
v 67.9613 -71.1421 1250.24
v 67.3805 -71.3366 1250.22
v 68.264 -70.8231 1251.96
v 69.7734 -60.3918 1228.04
v 69.7567 -58.7995 1229.52
v 69.0422 -60.915 1229.34
v 69.1351 -58.542 1231.71
v 68.7865 -58.3219 1234.03
v 68.6872 -58.3222 1235.78
v 69.4494 -58.2693 1235.6
v 68.7948 -58.4721 1237.6
v 68.9736 -68.7547 1238.73
v 69.6177 -58.8328 1238.82
v 69.5198 -69.2744 1239.63
v 68.8317 -70.4976 1244.86
v 69.1706 -70.5403 1245.5
v 69.7551 -70.4203 1245.81
v 68.0988 -71.0357 1251.1
v 69.704 -66.9206 1251.88
v 69.4836 -67.8679 1252.51
v 69.3246 -68.5932 1252.75
v 69.7594 -69.0383 1251.53
v 68.7724 -70.3805 1251.96
v 68.6691 -70.0811 1252.92
v 70.5696 -59.7982 1227.17
v 70.5887 -59.3959 1227.36
v 70.7894 -59.606 1227.09
v 71.1693 -59.8034 1226.8
v 71.1706 -59.3784 1227.01
v 70.3675 -60.7776 1227.23
v 70.4942 -61.3996 1227.24
v 70.5813 -60.221 1227.05
v 70.7824 -59.9851 1226.95
v 70.7896 -60.9814 1226.89
v 70.9873 -60.3797 1226.76
v 71.2426 -61.2457 1226.64
v 71.383 -60.7922 1226.54
v 70.9552 -62.3693 1227.24
v 70.9799 -61.7628 1226.93
v 71.1813 -58.3593 1228.23
v 71.1674 -58.2395 1228.7
v 69.9166 -59.6366 1228.09
v 70.3645 -59.6068 1227.45
v 70.306 -59.3871 1227.65
v 70.0894 -59.1743 1228.21
v 70.5087 -58.7971 1228.08
v 70.57 -59.0628 1227.66
v 70.8038 -59.0846 1227.43
v 70.7489 -58.4659 1228.48
v 70.9729 -58.637 1227.84
v 71.3692 -58.7723 1227.44
v 70.0199 -60.8145 1227.67
v 70.1936 -60.1876 1227.44
v 70.0932 -61.9023 1228.02
v 71.1031 -63.3891 1227.91
v 71.3684 -64.4327 1228.69
v 70.2067 -58.3565 1229.99
v 71.0997 -58.1017 1229.95
v 69.9029 -58.2654 1231.2
v 70.1115 -58.1476 1231.8
v 70.5407 -58.0806 1231.76
v 71.3778 -58.0499 1230.99
v 70.5501 -58.1094 1233.11
v 70.5439 -65.9799 1232.08
v 70.7964 -58.2785 1234.59
v 70.718 -67.375 1234.23
v 69.9556 -58.3993 1236.29
v 70.586 -58.5454 1236.41
v 71.1414 -58.9278 1237.26
v 69.8335 -59.1871 1239.94
v 70.6759 -61.3055 1244.08
v 70.6444 -70.0338 1246.28
v 71.2924 -69.6017 1246.24
v 71.1852 -67.4227 1249.04
v 71.5908 -59.5987 1226.74
v 71.7974 -59.0149 1227.11
v 71.9668 -59.3951 1226.79
v 71.9968 -59.653 1226.64
v 72.3636 -59.4057 1226.78
v 72.5918 -59.1775 1227
v 72.9846 -59.607 1226.76
v 71.5692 -60.1976 1226.53
v 71.8069 -61.2223 1226.39
v 71.9929 -60.0115 1226.49
v 72.1597 -60.7766 1226.31
v 72.5532 -60.3991 1226.34
v 72.6029 -60.8128 1226.25
v 72.5748 -59.9934 1226.48
v 72.9629 -60.5917 1226.31
v 71.5518 -62.1907 1226.72
v 71.5802 -62.9618 1227.08
v 71.8068 -61.987 1226.52
v 72.1577 -62.7849 1226.65
v 72.3833 -61.8205 1226.29
v 72.5851 -62.5917 1226.43
v 72.7553 -61.5663 1226.21
v 72.1607 -63.4078 1226.98
v 72.6298 -64.1566 1227.22
v 72.8798 -63.3888 1226.66
v 71.5922 -58.2626 1228.24
v 72.1813 -58.2516 1228.24
v 72.5855 -58.195 1228.66
v 72.7752 -58.3603 1228.23
v 72.9823 -58.2904 1228.65
v 71.5569 -58.4471 1227.84
v 71.7816 -58.5574 1227.62
v 71.975 -58.4144 1227.84
v 72.357 -58.7049 1227.44
v 72.3957 -58.4535 1227.84
v 72.1641 -64.1916 1227.56
v 72.2575 -64.8526 1228.16
v 73.0401 -64.9552 1227.64
v 73.0806 -65.3929 1228.04
v 72.9362 -65.8167 1228.73
v 71.9378 -58.0883 1229.05
v 72.3616 -58.0938 1229.35
v 72.9598 -58.2158 1229.04
v 71.7738 -58.1426 1231.97
v 72.0403 -66.8696 1231.76
v 72.3682 -58.3467 1232.45
v 72.8167 -58.7323 1233.62
v 72.3293 -68.0332 1233.97
v 71.594 -58.527 1234.88
v 72.4022 -59.2136 1236.25
v 71.6318 -59.6483 1238.76
v 72.9671 -60.0907 1237.78
v 72.9007 -60.8001 1239.51
v 71.4449 -69.3657 1238.92
v 72.1166 -61.851 1242.79
v 71.3585 -62.879 1245.54
v 71.9385 -64.5811 1246.46
v 72.1246 -67.8647 1246.98
v 71.6847 -69.0138 1246.72
v 72.0271 -68.5224 1246.63
v 73.3553 -59.2067 1227.24
v 73.574 -59.5934 1226.99
v 73.986 -59.8223 1227.04
v 73.9589 -59.4104 1227.41
v 73.1948 -61.2059 1226.22
v 73.1747 -60.3677 1226.42
v 73.3676 -60.7912 1226.32
v 73.5926 -60.6032 1226.43
v 73.5696 -60.0045 1226.7
v 73.7598 -61.1836 1226.32
v 73.993 -60.405 1226.67
v 74.1626 -61.1848 1226.45
v 74.5807 -60.9981 1226.71
v 74.5613 -60.2172 1227.14
v 73.185 -62.3913 1226.27
v 73.3889 -61.976 1226.22
v 73.9812 -62.4081 1226.3
v 74.1346 -61.9445 1226.32
v 74.587 -61.7847 1226.49
v 74.6145 -62.3968 1226.44
v 74.5601 -62.9768 1226.46
v 73.3842 -63.2012 1226.47
v 73.5793 -64.1292 1226.84
v 74.1385 -63.1662 1226.43
v 74.1748 -63.7831 1226.62
v 74.5732 -63.3974 1226.53
v 74.5799 -64.5825 1226.95
v 73.4144 -64.7997 1227.32
v 74.1748 -64.8016 1227.11
v 73.1381 -58.7897 1227.64
v 73.3745 -58.5071 1228.41
v 73.9774 -59.0962 1227.85
v 73.9898 -58.7334 1228.67
v 74.5364 -59.7771 1227.51
v 73.5983 -65.3988 1227.74
v 73.7739 -65.9974 1228.25
v 74.3605 -65.8744 1227.85
v 74.5337 -65.5514 1227.54
v 73.6339 -66.368 1228.83
v 74.1683 -66.7782 1229.01
v 74.6051 -66.531 1228.42
v 73.1318 -58.2621 1229.75
v 73.3744 -58.3554 1229.02
v 73.7909 -58.5007 1229.44
v 73.9024 -58.6314 1230.4
v 74.3676 -58.8088 1229.42
v 74.3528 -58.7878 1229.86
v 74.432 -58.9141 1230.48
v 73.2824 -66.4617 1229.38
v 73.8858 -67.0271 1229.77
v 73.1783 -67.5187 1231.79
v 74.1691 -59.2593 1232.71
v 73.5778 -59.3496 1234.43
v 73.6172 -68.6759 1234.86
v 73.803 -60.0339 1236.02
v 73.7512 -60.6624 1237.69
v 74.5483 -61.1729 1237.18
v 73.9619 -61.5999 1239.14
v 73.1403 -69.3214 1238.96
v 73.8555 -62.3955 1240.66
v 74.3676 -63.234 1240.81
v 74.7545 -64.5375 1241.33
v 73.35 -62.7899 1242.12
v 73.3954 -63.6273 1243.04
v 73.7768 -64.8307 1243.4
v 74.3795 -65.4447 1242.6
v 74.332 -67.4074 1242.65
v 74.2884 -66.7617 1242.98
v 75.0083 -60.8284 1227.07
v 74.9962 -62.2201 1226.6
v 75.327 -61.7743 1226.88
v 75.7572 -62.6014 1226.96
v 75.7645 -61.7868 1227.19
v 76.1758 -62.5773 1227.26
v 74.804 -63.9849 1226.72
v 75.1419 -63.1828 1226.65
v 75.574 -63.9983 1226.9
v 75.9783 -63.6026 1227.03
v 76.3565 -63.3723 1227.26
v 74.7664 -65.1525 1227.24
v 75.1674 -65.1541 1227.23
v 75.5596 -64.785 1227.13
v 74.7833 -59.5821 1228.03
v 74.7314 -59.2523 1228.6
v 75.1709 -59.6001 1228.65
v 74.9287 -60.2044 1227.46
v 75.5631 -60.2175 1228.24
v 75.6832 -60.0021 1228.85
v 75.7748 -61.014 1227.67
v 76.359 -61.2026 1228.26
v 76.2646 -61.8514 1227.64
v 74.9786 -66.0027 1227.81
v 75.1673 -65.594 1227.5
v 75.5973 -65.5834 1227.51
v 75.7229 -66.1543 1227.89
v 76.1611 -66.1704 1227.95
v 75.5597 -66.5716 1228.23
v 75.4042 -66.9771 1228.68
v 74.7682 -59.139 1229.04
v 74.7805 -59.0577 1229.82
v 75.382 -59.5581 1229.44
v 75.5253 -59.6504 1230.4
v 75.9993 -60.1375 1229.46
v 75.9519 -60.0118 1230.2
v 74.7223 -67.4745 1229.84
v 74.9533 -67.1383 1229.04
v 75.3954 -67.5272 1229.44
v 75.2201 -67.8403 1230.29
v 76.1712 -67.9612 1229.96
v 76.1334 -68.1642 1230.56
v 75.3025 -59.5862 1230.95
v 75.9367 -60.0855 1230.87
v 74.8413 -59.9402 1233.38
v 76.3021 -61.398 1233.54
v 75.4158 -61.1891 1235.27
v 74.9165 -68.7658 1234.86
v 75.5843 -68.7022 1234.84
v 75.1915 -61.9973 1237.38
v 75.9174 -62.9924 1237.35
v 75.6347 -63.4349 1238.51
v 76.1028 -64.3912 1238.46
v 74.868 -68.853 1237.87
v 74.9474 -62.6104 1238.86
v 75.7478 -65.1922 1239.73
v 75.6759 -66.7674 1240.07
v 76.0832 -67.5992 1238.51
v 76.0858 -67.2036 1238.91
v 75.1395 -68.3701 1239.39
v 75.3466 -65.8351 1240.8
v 74.8052 -67.8332 1241.23
v 76.3736 -64.5858 1227.36
v 76.568 -61.7844 1228.03
v 76.7584 -62.9732 1227.66
v 76.941 -61.5789 1228.88
v 76.9615 -62.5724 1228.04
v 77.1381 -62.1516 1228.61
v 77.422 -62.9718 1228.45
v 76.7444 -64.1545 1227.51
v 77.1594 -63.7848 1227.87
v 77.1734 -64.5899 1227.86
v 77.1915 -63.1901 1228.04
v 77.6173 -63.5962 1228.43
v 77.7599 -64.3734 1228.42
v 77.8122 -63.3701 1228.84
v 76.3619 -65.4023 1227.61
v 76.9632 -66.1739 1228.2
v 77.1499 -65.3786 1227.99
v 77.5762 -65.9726 1228.47
v 77.7682 -65.1861 1228.43
v 76.3875 -66.5393 1228.25
v 76.3675 -66.9894 1228.63
v 77.1633 -66.7909 1228.67
v 77.5495 -66.3982 1228.64
v 76.4151 -60.7716 1229.01
v 76.3809 -60.4458 1230.26
v 76.808 -60.9896 1229.8
v 77.2822 -61.627 1229.84
v 77.5773 -62.4199 1229.23
v 77.8022 -62.3921 1230.03
v 76.3446 -67.5659 1229.28
v 76.7735 -67.8124 1229.64
v 77.143 -67.422 1229.23
v 77.1922 -67.7837 1229.69
v 77.5719 -67.1805 1229.2
v 77.5788 -67.447 1229.46
v 77.59 -67.7782 1229.88
v 77.7778 -66.8051 1229.05
v 76.9603 -68.0321 1230.06
v 77.5598 -67.9889 1230.22
v 76.5378 -60.7903 1231.31
v 77.1536 -61.3589 1230.63
v 77.1574 -61.5328 1231.48
v 77.6216 -61.9972 1230.6
v 77.589 -61.9863 1231.05
v 77.7508 -62.5626 1232
v 76.5966 -68.3605 1231.29
v 76.9632 -68.2526 1230.66
v 77.4409 -68.183 1230.64
v 77.257 -68.332 1231.39
v 77.7891 -68.0706 1230.64
v 77.7582 -68.1839 1231.03
v 77.6492 -68.2288 1231.71
v 77.4524 -68.1737 1233.11
v 76.5424 -62.5599 1235.24
v 77.3591 -63.3901 1234.46
v 77.5772 -64.1907 1234.85
v 77.9717 -65.8214 1234.78
v 77.4112 -67.6029 1235.08
v 77.5944 -67.1801 1235.21
v 77.1821 -67.9898 1234.77
v 76.8322 -63.398 1235.8
v 76.891 -63.997 1236.33
v 77.1412 -65.4097 1236.73
v 77.223 -66.184 1236.66
v 77.5806 -64.9735 1235.46
v 77.4975 -66.7471 1235.8
v 76.1853 -68.3637 1236.36
v 76.5211 -65.9976 1238.28
v 76.8499 -64.7914 1237.08
v 76.5475 -66.7719 1238.09
v 77.9998 -63.9856 1228.84
v 78.126 -64.6212 1228.85
v 78.0606 -65.7981 1228.84
v 77.9733 -66.3807 1228.97
v 78.1133 -63.4268 1229.41
v 78.1601 -63.1741 1229.86
v 78.338 -64.3855 1229.27
v 78.5828 -64.1604 1230.03
v 78.3017 -65.4096 1229.05
v 78.4557 -66.1865 1229.42
v 78.6414 -65.1812 1229.63
v 78.6837 -64.7826 1229.85
v 78.7408 -65.9759 1229.83
v 78.8552 -65.591 1230.05
v 78.8513 -64.7684 1230.42
v 78.9273 -65.1906 1230.41
v 78.9813 -65.5984 1230.44
v 78.9766 -65.9971 1230.42
v 78.1062 -67.1936 1229.64
v 77.966 -67.5785 1229.91
v 77.9932 -67.7848 1230.24
v 78.3526 -66.823 1229.62
v 78.4626 -67.1672 1230.03
v 78.3516 -67.4017 1230.14
v 78.3677 -67.5926 1230.43
v 78.7159 -66.5918 1230.01
v 78.5675 -67.3538 1230.43
v 78.8707 -66.3984 1230.24
v 78.7654 -66.9799 1230.42
v 78.0942 -62.786 1230.65
v 78.0638 -62.804 1231.42
v 78.2662 -63.3763 1231.91
v 78.4113 -63.4267 1230.62
v 78.4775 -63.5921 1231.4
v 78.7217 -64.1973 1230.67
v 78.5507 -64.1863 1232.17
v 78.8065 -64.4215 1231.42
v 78.9003 -65.0208 1231.86
v 78.9616 -64.9731 1230.89
v 79.0321 -65.3975 1230.82
v 79.0659 -65.9707 1230.85
v 79.0486 -65.3677 1231.23
v 79.084 -65.8024 1231.45
v 78.9478 -65.9493 1232.15
v 78.1744 -67.854 1230.64
v 78.1671 -67.9704 1231.04
v 78.5327 -67.5973 1230.82
v 78.298 -67.8574 1231.75
v 78.498 -67.5928 1232
v 78.7065 -67.3596 1230.83
v 78.6137 -67.5866 1231.24
v 78.7486 -67.3765 1231.64
v 78.7013 -67.1817 1232.18
v 78.8666 -67.1786 1231.24
v 78.9256 -67.005 1231.64
v 78.8887 -66.7758 1232.08
v 78.9967 -66.5997 1230.83
v 79.0754 -66.3911 1231.42
v 79.0061 -66.7914 1231.42
v 78.9695 -66.7849 1231.77
v 79.0238 -66.3842 1231.83
v 78.3235 -66.7721 1233.65
v 78.8665 -66.3829 1232.35
v 78.2696 -65.1609 1233.78
f 157 61 2
f 1 5 4
f 63 4 61
f 63 1 4
f 4 2 61
f 1 64 7
f 73 9 66
f 163 2 13
f 3 5 12
f 4 3 2
f 4 5 3
f 2 3 13
f 7 5 1
f 15 6 17
f 15 5 6
f 7 6 5
f 7 8 6
f 6 20 17
f 6 8 20
f 64 65 7
f 7 65 9
f 7 9 8
f 9 10 8
f 8 10 20
f 65 66 9
f 9 73 10
f 10 74 22
f 74 80 22
f 14 16 11
f 11 16 23
f 3 12 14
f 13 3 14
f 14 11 13
f 13 11 25
f 16 18 23
f 5 15 12
f 12 16 14
f 12 15 16
f 15 17 16
f 16 17 18
f 17 19 18
f 19 30 18
f 19 17 20
f 19 31 30
f 19 20 31
f 10 22 20
f 20 21 31
f 31 21 33
f 22 21 20
f 22 81 21
f 80 81 22
f 21 81 33
f 81 91 33
f 89 88 25
f 89 25 26
f 89 26 97
f 11 23 24
f 23 34 24
f 23 28 34
f 26 24 34
f 25 24 26
f 11 24 25
f 26 34 35
f 27 28 23
f 18 27 23
f 18 30 27
f 27 29 28
f 27 30 29
f 29 39 28
f 28 38 34
f 28 39 38
f 31 33 32
f 31 32 30
f 30 32 29
f 32 42 29
f 32 33 44
f 33 90 44
f 35 34 36
f 26 35 97
f 34 38 36
f 37 35 36
f 38 40 36
f 37 36 45
f 36 40 45
f 38 39 40
f 40 39 49
f 39 41 49
f 29 42 39
f 32 44 42
f 42 44 43
f 39 42 41
f 44 98 43
f 42 43 41
f 43 110 41
f 43 99 110
f 37 45 47
f 45 40 46
f 46 48 45
f 45 48 47
f 47 48 107
f 48 120 107
f 49 46 40
f 41 108 49
f 41 110 108
f 46 49 50
f 46 50 48
f 49 108 50
f 54 51 53
f 51 137 56
f 54 134 51
f 137 58 56
f 58 138 60
f 62 300 54
f 300 134 54
f 52 55 64
f 53 62 54
f 53 51 56
f 52 56 55
f 56 57 55
f 57 67 55
f 53 56 52
f 57 59 67
f 56 58 57
f 57 58 59
f 67 59 68
f 59 69 68
f 59 146 69
f 59 58 60
f 60 146 59
f 60 141 146
f 146 71 69
f 148 72 71
f 141 147 146
f 71 146 148
f 62 61 157
f 64 1 63
f 53 63 62
f 53 52 63
f 63 61 62
f 64 63 52
f 55 67 64
f 64 67 65
f 67 68 65
f 73 66 70
f 68 66 65
f 68 69 66
f 69 70 66
f 69 71 70
f 71 72 70
f 72 77 70
f 148 154 72
f 77 72 154
f 76 77 78
f 70 74 73
f 74 10 73
f 70 75 74
f 74 75 80
f 77 75 70
f 75 77 76
f 84 76 79
f 13 86 163
f 25 88 13
f 80 82 81
f 82 80 76
f 80 75 76
f 82 91 81
f 82 83 92
f 82 92 91
f 82 76 84
f 84 83 82
f 85 84 79
f 83 84 85
f 88 89 87
f 13 88 86
f 86 88 87
f 33 91 90
f 90 98 44
f 91 93 90
f 93 98 90
f 91 92 93
f 92 94 93
f 83 95 92
f 95 94 92
f 95 175 94
f 172 86 87
f 87 96 172
f 87 89 96
f 96 97 104
f 89 97 96
f 43 98 99
f 98 114 99
f 98 100 114
f 114 100 102
f 93 100 98
f 94 101 100
f 93 94 100
f 94 175 101
f 101 102 100
f 101 174 102
f 96 104 103
f 103 104 117
f 104 106 117
f 104 97 106
f 106 105 117
f 106 35 37
f 97 35 106
f 106 37 105
f 105 37 47
f 48 50 120
f 50 124 120
f 108 111 109
f 108 110 111
f 109 50 108
f 50 109 124
f 109 125 124
f 111 110 112
f 99 112 110
f 111 112 113
f 115 113 112
f 111 113 109
f 109 113 127
f 115 112 99
f 99 114 115
f 116 115 114
f 114 102 116
f 115 116 128
f 113 115 128
f 116 102 180
f 117 118 196
f 105 118 117
f 118 129 196
f 105 47 119
f 105 119 118
f 118 119 129
f 119 47 107
f 107 129 119
f 129 107 122
f 122 197 129
f 107 120 122
f 124 121 120
f 120 121 122
f 121 123 122
f 197 122 123
f 109 127 125
f 125 121 124
f 127 126 125
f 125 123 121
f 125 130 123
f 113 128 127
f 127 189 126
f 127 128 189
f 130 198 123
f 130 125 126
f 131 134 292
f 132 139 136
f 132 136 210
f 210 136 131
f 211 213 132
f 132 133 139
f 133 132 213
f 51 135 137
f 135 51 134
f 139 137 135
f 136 134 131
f 135 134 136
f 139 135 136
f 137 139 138
f 138 58 137
f 139 133 138
f 60 138 140
f 141 140 142
f 141 60 140
f 140 143 142
f 133 215 140
f 133 140 138
f 140 215 143
f 141 142 147
f 142 151 147
f 143 144 142
f 142 144 151
f 144 145 151
f 219 144 143
f 145 152 151
f 147 148 146
f 147 151 148
f 148 150 149
f 148 149 154
f 148 151 150
f 150 153 149
f 151 152 150
f 149 153 155
f 150 152 153
f 226 155 153
f 78 77 154
f 155 154 149
f 154 158 78
f 154 155 158
f 158 155 156
f 156 155 226
f 78 79 76
f 79 78 158
f 159 79 158
f 158 156 160
f 159 158 160
f 160 162 159
f 159 162 161
f 163 157 2
f 164 168 85
f 83 85 95
f 85 168 95
f 79 164 85
f 164 79 159
f 164 159 161
f 165 164 161
f 168 164 165
f 170 169 168
f 170 168 165
f 161 235 165
f 315 234 166
f 234 163 166
f 163 86 166
f 95 168 167
f 95 167 175
f 168 169 167
f 169 177 167
f 170 171 169
f 169 171 177
f 173 248 241
f 166 241 315
f 241 166 172
f 173 241 172
f 86 172 166
f 172 96 173
f 175 174 101
f 180 174 182
f 175 176 174
f 176 182 174
f 177 175 167
f 176 175 177
f 176 177 178
f 178 182 176
f 178 183 182
f 177 242 178
f 242 177 171
f 173 179 248
f 185 248 179
f 185 179 187
f 96 179 173
f 96 103 179
f 116 191 128
f 174 180 102
f 180 181 116
f 181 180 182
f 184 181 182
f 184 182 183
f 187 186 185
f 185 251 248
f 251 185 186
f 103 117 188
f 187 103 188
f 103 187 179
f 188 193 187
f 186 187 193
f 117 196 188
f 189 200 126
f 203 189 190
f 189 128 190
f 258 203 190
f 191 190 128
f 116 181 191
f 190 191 259
f 259 191 252
f 181 192 191
f 181 184 192
f 193 257 186
f 194 257 193
f 194 193 195
f 195 204 194
f 195 193 188
f 264 194 204
f 195 188 196
f 206 195 196
f 204 195 206
f 206 205 204
f 196 129 206
f 129 207 206
f 123 198 197
f 198 201 199
f 200 130 126
f 130 201 198
f 200 201 130
f 201 200 202
f 202 200 203
f 202 199 201
f 202 203 271
f 200 189 203
f 271 203 258
f 190 259 258
f 263 194 264
f 205 264 204
f 205 206 207
f 207 129 208
f 197 208 129
f 266 208 197
f 207 208 265
f 265 208 266
f 197 198 266
f 198 199 266
f 199 202 267
f 209 280 212
f 212 282 214
f 209 292 385
f 131 292 209
f 132 210 211
f 210 131 209
f 209 212 210
f 212 211 210
f 214 211 212
f 209 385 280
f 133 213 216
f 216 215 133
f 214 216 213
f 213 211 214
f 216 214 218
f 217 215 216
f 143 215 217
f 143 217 219
f 218 217 216
f 220 217 218
f 217 220 219
f 221 222 219
f 221 219 220
f 219 222 144
f 222 145 144
f 289 222 221
f 145 223 152
f 152 224 227
f 152 223 224
f 222 223 145
f 223 225 224
f 222 289 225
f 225 223 222
f 294 224 225
f 290 225 289
f 290 294 225
f 224 293 227
f 294 293 224
f 300 292 134
f 227 153 152
f 227 226 153
f 228 226 227
f 227 296 228
f 62 304 300
f 231 160 156
f 229 156 226
f 228 229 226
f 231 156 229
f 228 230 229
f 231 230 233
f 230 231 229
f 302 301 230
f 230 301 233
f 162 160 231
f 232 161 162
f 162 231 233
f 162 233 232
f 233 305 232
f 303 234 309
f 234 157 163
f 234 303 157
f 235 161 232
f 235 236 165
f 170 165 236
f 232 237 235
f 235 237 236
f 237 240 236
f 310 237 232
f 310 311 237
f 311 240 237
f 306 310 232
f 315 309 234
f 238 170 236
f 170 238 171
f 171 238 243
f 238 239 243
f 236 240 238
f 239 238 316
f 323 239 316
f 316 238 240
f 316 240 317
f 322 315 241
f 241 248 322
f 242 244 178
f 171 243 242
f 243 245 242
f 242 245 244
f 245 243 239
f 239 323 245
f 245 323 246
f 246 244 245
f 323 324 246
f 322 248 247
f 331 247 251
f 248 251 247
f 183 244 249
f 183 178 244
f 183 249 184
f 184 249 254
f 244 246 250
f 249 244 250
f 246 330 250
f 251 333 331
f 338 333 255
f 333 251 255
f 186 255 251
f 191 192 252
f 192 184 253
f 252 192 253
f 252 253 340
f 184 254 253
f 254 249 329
f 256 255 257
f 255 256 338
f 345 338 256
f 256 262 345
f 255 186 257
f 257 262 256
f 263 257 194
f 260 271 258
f 259 252 261
f 258 259 260
f 259 261 260
f 261 339 260
f 260 339 349
f 252 340 261
f 341 261 340
f 345 262 347
f 262 257 263
f 348 262 263
f 263 273 348
f 273 263 264
f 274 273 264
f 274 264 205
f 205 275 274
f 265 205 207
f 265 275 205
f 199 278 266
f 267 278 199
f 267 279 278
f 279 267 268
f 271 269 202
f 269 267 202
f 269 271 272
f 269 268 267
f 268 269 270
f 270 269 272
f 270 272 350
f 268 270 362
f 270 363 362
f 363 270 350
f 271 260 272
f 272 260 349
f 350 272 349
f 357 273 274
f 358 357 274
f 358 274 275
f 276 358 275
f 368 358 276
f 265 277 275
f 275 277 276
f 277 265 266
f 277 266 278
f 277 278 360
f 361 268 362
f 280 281 212
f 212 281 282
f 280 373 281
f 281 373 374
f 214 285 218
f 214 282 285
f 282 281 283
f 285 282 283
f 283 375 285
f 284 218 285
f 286 284 287
f 287 284 285
f 378 286 287
f 288 286 378
f 378 287 379
f 373 280 385
f 220 218 284
f 284 286 220
f 288 221 220
f 288 289 221
f 286 288 220
f 291 289 288
f 289 291 381
f 381 290 289
f 383 290 381
f 290 383 294
f 295 293 294
f 293 295 296
f 299 296 295
f 383 295 294
f 300 492 292
f 296 227 293
f 228 297 230
f 228 296 297
f 297 296 299
f 302 230 297
f 297 298 302
f 299 298 297
f 300 304 391
f 301 302 392
f 301 392 307
f 399 307 392
f 303 62 157
f 303 304 62
f 233 301 305
f 301 307 305
f 306 232 305
f 305 307 306
f 307 400 306
f 399 400 307
f 400 313 306
f 308 398 303
f 308 309 408
f 303 309 308
f 317 240 311
f 310 312 311
f 306 313 310
f 313 312 310
f 313 403 312
f 319 312 403
f 321 314 315
f 314 321 409
f 409 408 314
f 408 309 314
f 309 315 314
f 315 322 321
f 317 311 312
f 312 319 317
f 317 318 316
f 317 319 318
f 416 316 318
f 410 319 411
f 318 319 410
f 416 318 410
f 415 409 320
f 321 320 409
f 322 328 320
f 321 322 320
f 324 323 325
f 326 324 325
f 316 325 323
f 324 326 423
f 416 325 316
f 417 326 325
f 417 325 416
f 328 327 320
f 322 247 328
f 328 247 331
f 327 328 331
f 331 332 327
f 329 250 330
f 250 329 249
f 330 246 324
f 330 324 423
f 329 330 422
f 422 330 423
f 424 422 423
f 332 431 327
f 431 332 336
f 336 430 431
f 331 333 332
f 336 332 333
f 253 254 340
f 329 335 254
f 254 334 340
f 254 335 334
f 340 334 343
f 335 432 334
f 329 422 335
f 336 333 337
f 435 336 337
f 344 337 338
f 435 337 344
f 333 338 337
f 338 345 344
f 261 341 339
f 341 340 343
f 343 342 341
f 342 339 341
f 342 442 352
f 436 343 334
f 432 436 334
f 343 436 437
f 343 437 342
f 440 435 344
f 344 345 346
f 440 344 346
f 446 440 346
f 346 345 347
f 348 347 262
f 350 364 363
f 350 349 351
f 350 351 364
f 351 451 364
f 349 352 351
f 349 339 352
f 339 342 352
f 446 346 448
f 353 448 346
f 346 347 353
f 353 347 348
f 353 348 355
f 448 353 354
f 354 353 355
f 355 348 273
f 355 273 356
f 355 356 354
f 356 273 357
f 365 356 357
f 366 365 357
f 357 358 366
f 366 358 368
f 366 368 367
f 277 359 276
f 277 360 359
f 360 369 359
f 359 368 276
f 360 278 279
f 279 361 371
f 361 279 268
f 362 464 361
f 464 362 449
f 449 362 363
f 363 364 449
f 354 356 365
f 368 359 369
f 368 369 367
f 369 360 370
f 369 370 459
f 360 279 371
f 360 371 370
f 462 370 371
f 371 361 464
f 371 464 462
f 466 372 374
f 467 466 373
f 374 375 283
f 283 281 374
f 373 466 374
f 375 374 372
f 377 375 372
f 287 285 376
f 376 379 287
f 285 375 376
f 472 379 376
f 375 377 376
f 377 472 376
f 378 291 288
f 378 380 291
f 379 380 378
f 382 291 380
f 473 380 379
f 477 382 380
f 474 380 473
f 474 477 380
f 482 382 477
f 373 385 481
f 577 373 481
f 382 381 291
f 381 382 384
f 482 384 382
f 384 383 381
f 383 384 386
f 384 483 485
f 485 386 384
f 483 384 482
f 386 295 383
f 387 295 386
f 299 387 388
f 299 295 387
f 490 388 387
f 386 485 387
f 488 387 485
f 387 488 490
f 298 299 388
f 302 298 393
f 298 388 393
f 393 388 389
f 394 393 389
f 390 492 391
f 304 390 391
f 492 300 391
f 302 393 392
f 394 392 393
f 392 395 399
f 392 394 395
f 397 396 599
f 397 398 396
f 304 397 390
f 397 304 398
f 304 303 398
f 400 404 313
f 404 400 401
f 400 399 401
f 399 395 401
f 500 396 402
f 407 500 402
f 402 406 407
f 402 408 406
f 396 398 402
f 408 402 308
f 398 308 402
f 403 411 319
f 404 403 313
f 404 501 403
f 403 501 411
f 502 501 404
f 407 405 504
f 405 406 409
f 407 406 405
f 406 408 409
f 410 411 412
f 416 410 412
f 419 416 412
f 506 411 501
f 405 409 413
f 415 414 413
f 409 415 413
f 415 420 414
f 416 419 417
f 418 423 326
f 326 417 418
f 511 417 419
f 418 417 511
f 425 418 511
f 507 512 419
f 421 515 414
f 515 421 523
f 413 414 516
f 515 516 414
f 429 421 420
f 414 420 421
f 415 320 420
f 327 429 420
f 420 320 327
f 422 424 433
f 424 426 433
f 418 425 423
f 424 423 425
f 426 424 425
f 421 429 427
f 421 427 523
f 429 327 431
f 429 431 430
f 428 429 430
f 428 427 429
f 433 335 422
f 432 335 433
f 533 432 433
f 426 524 433
f 433 524 533
f 434 531 428
f 430 434 428
f 536 531 434
f 430 336 435
f 435 434 430
f 342 437 442
f 437 443 442
f 437 436 438
f 432 438 436
f 437 438 443
f 443 438 539
f 432 533 438
f 439 536 435
f 440 439 435
f 445 439 440
f 540 439 445
f 540 536 439
f 351 352 451
f 442 444 352
f 443 444 442
f 352 444 441
f 443 539 444
f 446 445 440
f 447 445 446
f 448 447 446
f 447 448 452
f 550 447 452
f 364 450 449
f 364 451 450
f 449 450 543
f 451 352 441
f 450 451 545
f 451 441 545
f 453 452 448
f 453 454 553
f 448 354 453
f 354 454 453
f 454 455 555
f 454 354 365
f 454 365 455
f 455 556 555
f 366 455 365
f 366 367 456
f 456 367 457
f 456 556 455
f 366 456 455
f 557 456 457
f 367 458 457
f 557 457 558
f 558 457 458
f 367 369 458
f 369 459 458
f 459 461 458
f 459 370 462
f 459 462 460
f 460 461 459
f 461 460 559
f 559 460 560
f 460 462 463
f 560 460 463
f 462 464 463
f 463 464 465
f 465 464 449
f 563 465 543
f 543 465 449
f 466 470 372
f 466 467 468
f 466 468 470
f 569 470 468
f 469 372 470
f 377 372 469
f 469 471 377
f 469 470 570
f 471 469 573
f 570 573 469
f 377 471 472
f 471 475 472
f 574 475 471
f 577 468 467
f 373 577 467
f 473 379 472
f 475 473 472
f 475 476 473
f 474 473 476
f 478 474 476
f 478 477 474
f 575 476 475
f 578 476 575
f 479 477 478
f 482 477 479
f 578 580 478
f 580 479 478
f 480 482 479
f 484 482 480
f 479 580 480
f 478 476 578
f 480 580 582
f 577 481 584
f 484 483 482
f 486 485 483
f 483 586 486
f 483 484 586
f 488 485 486
f 587 486 586
f 492 487 292
f 385 292 487
f 481 385 487
f 490 488 489
f 486 489 488
f 587 489 486
f 489 587 590
f 489 590 589
f 589 490 489
f 701 492 700
f 389 388 490
f 491 389 490
f 493 389 491
f 592 493 491
f 494 592 593
f 491 490 589
f 589 592 491
f 397 595 390
f 390 595 700
f 700 492 390
f 493 394 389
f 395 394 493
f 495 494 600
f 495 395 494
f 494 395 493
f 494 493 592
f 596 494 593
f 395 495 401
f 397 599 595
f 496 404 401
f 404 496 502
f 401 495 496
f 495 600 496
f 600 497 496
f 497 502 496
f 497 600 601
f 601 607 497
f 504 499 407
f 604 499 504
f 500 499 498
f 499 604 498
f 500 599 396
f 499 500 407
f 502 606 501
f 501 606 508
f 506 501 508
f 606 616 508
f 607 502 497
f 502 607 606
f 505 503 504
f 503 605 604
f 604 504 503
f 505 614 503
f 503 614 605
f 413 505 405
f 405 505 504
f 412 411 506
f 507 419 412
f 507 412 506
f 508 615 506
f 615 507 506
f 622 513 615
f 509 614 505
f 413 509 505
f 619 614 509
f 619 509 510
f 413 516 509
f 511 419 512
f 513 512 507
f 615 513 507
f 513 621 512
f 621 628 512
f 628 511 512
f 509 514 510
f 510 514 626
f 521 626 514
f 630 626 521
f 514 516 517
f 516 515 517
f 523 517 515
f 516 514 509
f 521 514 517
f 518 426 425
f 425 511 518
f 519 426 518
f 520 519 518
f 628 518 511
f 520 518 628
f 519 520 528
f 627 520 628
f 520 627 634
f 634 528 520
f 517 523 522
f 522 521 517
f 529 637 522
f 630 522 637
f 521 522 630
f 427 529 523
f 529 522 523
f 427 428 529
f 524 527 525
f 524 525 533
f 527 632 525
f 526 426 519
f 526 524 426
f 528 526 519
f 524 526 527
f 633 526 528
f 527 633 632
f 633 527 526
f 530 637 529
f 641 637 530
f 531 530 529
f 531 642 530
f 645 642 531
f 529 428 531
f 435 536 434
f 535 531 536
f 539 438 532
f 534 532 438
f 534 639 532
f 533 534 438
f 534 533 525
f 534 525 639
f 525 632 639
f 645 531 535
f 535 536 537
f 645 535 646
f 444 538 441
f 549 441 538
f 538 655 549
f 538 444 539
f 539 649 647
f 647 655 538
f 539 532 649
f 537 536 540
f 537 540 541
f 541 650 537
f 650 646 537
f 541 540 542
f 657 541 542
f 650 541 657
f 542 540 445
f 542 445 447
f 542 447 550
f 543 546 544
f 543 450 546
f 664 544 548
f 450 545 546
f 546 545 547
f 548 544 546
f 548 546 547
f 545 441 549
f 547 545 549
f 550 657 542
f 658 657 550
f 552 550 452
f 453 552 452
f 658 550 551
f 550 552 551
f 660 658 551
f 551 554 660
f 552 453 553
f 552 553 551
f 554 551 553
f 554 553 555
f 555 553 454
f 564 555 556
f 456 557 556
f 557 565 556
f 558 565 557
f 558 458 461
f 568 559 560
f 560 463 561
f 560 561 562
f 675 560 562
f 561 465 563
f 463 465 561
f 561 563 562
f 661 562 563
f 563 544 661
f 543 544 563
f 544 664 661
f 554 555 670
f 670 555 564
f 564 556 565
f 565 672 564
f 565 558 672
f 461 566 558
f 566 461 567
f 567 461 559
f 559 568 567
f 568 560 675
f 676 468 800
f 468 676 569
f 470 569 570
f 572 571 570
f 571 573 570
f 681 573 571
f 569 572 570
f 676 572 569
f 571 678 681
f 574 471 573
f 573 681 574
f 681 682 574
f 682 576 574
f 575 475 574
f 574 576 575
f 576 579 575
f 577 800 468
f 575 579 578
f 581 580 578
f 581 582 580
f 579 581 578
f 579 685 581
f 688 582 686
f 581 686 582
f 480 582 583
f 583 585 480
f 582 688 583
f 806 584 696
f 696 584 481
f 584 689 577
f 484 480 585
f 484 585 586
f 586 585 588
f 690 588 585
f 585 583 690
f 586 588 587
f 587 588 692
f 696 487 695
f 696 481 487
f 692 590 587
f 591 590 692
f 589 590 591
f 594 589 591
f 697 594 591
f 701 487 492
f 592 594 593
f 592 589 594
f 597 600 494
f 597 494 596
f 593 705 596
f 705 704 596
f 704 597 596
f 598 599 498
f 598 498 604
f 926 599 598
f 498 599 500
f 601 600 597
f 601 602 603
f 603 610 601
f 597 602 601
f 613 711 605
f 604 605 711
f 604 711 598
f 610 607 601
f 609 616 606
f 608 607 610
f 608 606 607
f 608 609 606
f 611 608 712
f 611 609 608
f 610 712 608
f 712 714 611
f 714 719 611
f 719 609 611
f 614 619 612
f 612 613 605
f 618 612 619
f 710 613 717
f 613 612 717
f 612 618 717
f 717 618 718
f 612 605 614
f 616 615 508
f 617 622 615
f 617 615 616
f 609 617 616
f 720 622 617
f 609 719 617
f 719 720 617
f 622 720 624
f 619 620 618
f 725 618 620
f 620 619 510
f 510 626 620
f 622 621 513
f 623 628 621
f 733 628 623
f 623 621 624
f 624 621 622
f 726 733 623
f 624 726 623
f 725 620 625
f 729 625 736
f 629 625 626
f 626 625 620
f 741 627 733
f 733 627 628
f 629 738 736
f 625 629 736
f 626 630 629
f 631 629 630
f 637 631 630
f 738 629 631
f 743 738 631
f 636 743 631
f 634 633 528
f 633 635 632
f 635 739 632
f 634 635 633
f 741 634 627
f 634 741 635
f 637 636 631
f 636 637 641
f 746 743 636
f 642 641 530
f 639 638 532
f 649 638 758
f 632 739 640
f 632 640 639
f 640 638 639
f 748 640 739
f 640 748 747
f 640 747 638
f 638 747 758
f 642 645 643
f 644 642 643
f 641 642 644
f 643 756 644
f 644 752 641
f 752 644 756
f 643 645 646
f 643 646 762
f 756 643 762
f 538 539 647
f 647 648 655
f 655 648 654
f 649 648 647
f 649 758 648
f 758 757 648
f 532 638 649
f 537 646 535
f 762 646 650
f 764 650 656
f 656 650 657
f 548 547 651
f 665 548 651
f 665 766 666
f 666 766 775
f 766 665 651
f 549 655 653
f 547 653 651
f 547 549 653
f 653 652 651
f 652 653 654
f 654 653 655
f 769 654 648
f 656 657 658
f 772 656 659
f 658 659 656
f 659 658 660
f 562 661 662
f 661 663 662
f 664 663 661
f 663 664 666
f 666 664 665
f 664 548 665
f 660 554 668
f 659 660 667
f 667 660 668
f 778 667 668
f 777 667 778
f 668 669 778
f 778 669 779
f 668 554 670
f 669 668 670
f 670 780 669
f 671 670 564
f 670 671 780
f 780 671 782
f 564 672 671
f 672 784 671
f 782 671 784
f 784 672 566
f 784 566 673
f 672 558 566
f 785 673 786
f 566 567 673
f 674 567 568
f 673 567 674
f 673 674 786
f 786 674 788
f 674 568 675
f 675 562 662
f 674 675 788
f 788 675 662
f 677 572 676
f 572 678 571
f 572 680 678
f 679 681 678
f 677 680 572
f 680 679 678
f 789 680 677
f 789 792 680
f 680 794 679
f 792 794 680
f 682 681 683
f 681 679 683
f 683 684 682
f 683 795 684
f 679 794 683
f 682 685 576
f 576 685 579
f 682 684 685
f 685 684 798
f 689 800 577
f 676 800 911
f 685 686 581
f 685 801 686
f 687 688 686
f 686 801 687
f 688 690 583
f 688 691 690
f 690 691 693
f 803 691 688
f 803 688 687
f 691 803 694
f 696 813 806
f 806 689 584
f 689 806 800
f 588 693 692
f 698 591 692
f 588 690 693
f 694 692 693
f 692 694 698
f 694 693 691
f 814 698 694
f 701 811 487
f 811 695 487
f 696 695 813
f 699 698 814
f 594 697 703
f 697 591 698
f 699 703 697
f 699 697 698
f 816 703 699
f 599 817 595
f 809 700 817
f 817 700 595
f 593 594 702
f 593 702 705
f 702 594 703
f 819 703 816
f 702 703 819
f 708 705 702
f 708 702 819
f 708 707 705
f 707 704 705
f 707 706 704
f 822 828 706
f 707 822 706
f 707 708 822
f 823 822 708
f 824 828 822
f 821 711 826
f 821 926 598
f 711 821 598
f 706 597 704
f 602 597 706
f 709 602 706
f 603 602 709
f 709 713 603
f 709 706 828
f 827 713 709
f 828 827 709
f 826 710 825
f 711 710 826
f 825 710 716
f 613 710 711
f 603 713 610
f 713 712 610
f 714 712 713
f 827 715 713
f 715 714 713
f 715 832 714
f 715 827 833
f 833 834 715
f 834 832 715
f 718 724 716
f 838 716 724
f 717 716 710
f 716 717 718
f 722 720 719
f 714 722 719
f 721 624 720
f 720 722 721
f 722 714 832
f 721 722 723
f 839 723 722
f 842 724 730
f 618 725 718
f 729 730 725
f 725 724 718
f 725 730 724
f 728 624 721
f 728 726 624
f 727 726 728
f 723 728 721
f 843 727 728
f 844 728 723
f 731 842 730
f 730 729 731
f 735 846 731
f 846 842 731
f 725 625 729
f 731 729 735
f 741 734 732
f 727 733 726
f 734 741 733
f 733 727 734
f 727 848 734
f 848 732 734
f 850 846 735
f 738 737 736
f 735 729 736
f 736 737 735
f 851 850 735
f 735 737 851
f 737 744 851
f 744 737 738
f 743 744 738
f 742 635 741
f 742 739 635
f 740 739 742
f 732 742 741
f 854 744 745
f 745 743 746
f 745 744 743
f 857 745 746
f 854 745 857
f 746 636 641
f 759 758 747
f 860 759 747
f 747 748 860
f 748 749 860
f 739 749 748
f 739 740 749
f 749 861 862
f 759 860 858
f 746 641 752
f 857 746 750
f 750 746 752
f 750 752 754
f 751 750 754
f 754 752 753
f 760 761 753
f 754 753 755
f 755 753 761
f 755 751 754
f 751 755 871
f 753 752 756
f 760 753 756
f 769 648 757
f 866 769 757
f 757 867 866
f 866 877 769
f 757 758 759
f 760 756 762
f 873 761 760
f 873 870 761
f 760 762 763
f 873 760 763
f 873 763 765
f 764 765 763
f 873 765 878
f 762 650 764
f 764 656 770
f 762 764 763
f 764 770 765
f 766 767 775
f 767 766 652
f 766 651 652
f 768 652 654
f 767 652 768
f 767 768 875
f 775 767 875
f 874 775 875
f 877 768 769
f 768 654 769
f 765 770 881
f 772 881 770
f 770 656 772
f 772 659 776
f 772 776 771
f 662 663 773
f 662 773 788
f 883 788 773
f 773 886 884
f 773 663 774
f 886 773 774
f 663 666 774
f 886 774 775
f 774 666 775
f 886 775 874
f 771 776 887
f 776 659 667
f 776 667 777
f 776 777 889
f 889 777 779
f 888 776 889
f 779 777 778
f 780 779 669
f 779 780 891
f 891 780 781
f 781 780 782
f 783 894 782
f 783 782 784
f 784 785 897
f 897 785 899
f 783 784 897
f 673 785 784
f 899 785 787
f 785 786 787
f 787 786 900
f 786 788 900
f 902 900 788
f 883 902 788
f 911 790 676
f 676 789 677
f 790 789 676
f 790 792 789
f 790 791 792
f 792 793 794
f 793 797 794
f 791 793 792
f 794 795 683
f 797 795 794
f 797 796 795
f 796 684 795
f 797 908 796
f 685 798 801
f 796 798 684
f 799 798 796
f 801 798 802
f 908 799 796
f 798 799 802
f 799 909 802
f 909 912 802
f 802 687 801
f 804 687 802
f 687 804 803
f 913 804 802
f 804 805 803
f 803 805 807
f 805 804 913
f 813 916 806
f 806 916 917
f 806 917 800
f 911 800 917
f 694 808 814
f 803 807 694
f 815 814 808
f 815 808 922
f 808 694 807
f 817 920 809
f 809 921 700
f 700 921 810
f 810 701 700
f 810 914 811
f 701 810 811
f 811 812 695
f 812 813 695
f 915 813 812
f 916 813 915
f 815 699 814
f 816 699 815
f 816 815 923
f 816 923 818
f 815 922 923
f 599 1047 817
f 1047 920 817
f 818 819 816
f 818 820 819
f 927 820 818
f 820 708 819
f 820 823 708
f 925 926 821
f 925 821 826
f 932 925 826
f 824 822 823
f 938 828 824
f 929 823 820
f 829 833 827
f 830 833 829
f 828 829 827
f 834 833 830
f 938 829 828
f 939 830 829
f 944 834 830
f 831 949 936
f 838 831 716
f 831 825 716
f 831 936 825
f 832 840 839
f 835 832 834
f 835 840 832
f 834 944 835
f 952 840 835
f 836 949 837
f 831 838 837
f 838 841 837
f 839 722 832
f 844 723 839
f 840 844 839
f 844 840 951
f 952 951 840
f 957 844 951
f 956 841 842
f 841 956 954
f 837 841 836
f 841 954 836
f 724 841 838
f 842 841 724
f 844 843 728
f 727 843 848
f 843 849 848
f 845 843 844
f 845 849 843
f 958 967 845
f 956 846 962
f 842 846 956
f 853 732 847
f 849 967 847
f 853 847 964
f 847 732 848
f 847 848 849
f 967 849 845
f 850 963 846
f 968 850 851
f 968 851 855
f 851 744 854
f 861 740 852
f 978 861 852
f 973 978 852
f 732 852 742
f 740 742 852
f 852 853 973
f 732 853 852
f 855 851 854
f 855 854 856
f 863 856 857
f 855 856 981
f 856 854 857
f 859 869 858
f 859 979 977
f 977 869 859
f 740 861 749
f 862 860 749
f 859 858 860
f 978 862 861
f 859 860 862
f 979 862 978
f 859 862 979
f 978 980 979
f 863 857 864
f 983 863 864
f 750 864 857
f 864 750 751
f 983 864 865
f 865 864 751
f 865 751 871
f 868 877 866
f 868 866 867
f 984 868 867
f 984 985 868
f 985 996 868
f 759 867 757
f 759 858 867
f 869 867 858
f 869 984 867
f 865 871 988
f 755 761 870
f 870 871 755
f 870 873 872
f 989 870 872
f 878 872 873
f 879 872 878
f 876 875 768
f 994 874 875
f 876 994 875
f 768 877 876
f 868 996 877
f 994 876 996
f 996 876 877
f 879 878 880
f 1000 879 880
f 878 765 881
f 880 878 881
f 880 881 882
f 880 882 1001
f 881 772 771
f 771 882 881
f 882 771 887
f 1004 882 887
f 1001 882 1004
f 883 773 884
f 885 883 884
f 884 1006 885
f 1006 884 1007
f 886 1007 884
f 874 1007 886
f 888 887 776
f 888 889 890
f 889 779 890
f 891 890 779
f 891 892 890
f 1011 890 892
f 892 1014 1013
f 891 781 893
f 892 891 893
f 1014 892 893
f 781 782 894
f 893 781 895
f 895 781 894
f 1019 895 894
f 893 895 1015
f 895 1019 1015
f 894 783 896
f 894 896 1019
f 896 783 897
f 896 897 898
f 898 897 899
f 1021 898 899
f 1020 1019 898
f 1019 896 898
f 1021 899 901
f 899 787 901
f 900 901 787
f 1021 901 1023
f 1023 900 902
f 901 900 1023
f 1022 902 885
f 1022 1023 902
f 885 902 883
f 911 903 790
f 903 791 790
f 791 904 793
f 903 904 791
f 906 904 903
f 904 905 793
f 906 905 904
f 1025 1026 905
f 905 797 793
f 907 908 797
f 905 907 797
f 905 1026 907
f 1026 1027 907
f 910 799 908
f 910 909 799
f 907 910 908
f 910 1031 909
f 907 1027 910
f 1029 1031 910
f 913 802 912
f 1030 912 909
f 1031 1030 909
f 912 1033 913
f 1030 1033 912
f 805 913 918
f 1033 918 913
f 1039 915 812
f 1040 915 1039
f 1041 917 916
f 911 917 1156
f 918 807 805
f 919 922 808
f 919 807 918
f 919 808 807
f 1043 1044 919
f 919 1044 922
f 1047 926 1048
f 1036 921 809
f 809 920 1036
f 811 914 812
f 1039 812 914
f 1050 924 922
f 924 923 922
f 923 924 928
f 928 924 1055
f 924 1051 1055
f 925 1048 926
f 1047 599 926
f 928 818 923
f 927 818 928
f 927 928 1054
f 1055 1054 928
f 927 929 820
f 927 930 929
f 927 1054 930
f 931 932 937
f 825 932 826
f 937 932 825
f 932 931 925
f 933 824 823
f 933 938 824
f 933 823 929
f 930 933 929
f 934 938 933
f 935 933 930
f 934 941 938
f 1064 941 934
f 1059 935 930
f 934 933 935
f 935 1058 934
f 934 1058 1064
f 1063 937 936
f 936 937 825
f 939 829 938
f 940 830 939
f 940 944 830
f 941 939 938
f 940 939 941
f 942 940 941
f 946 944 940
f 942 946 940
f 942 941 1064
f 1065 1070 942
f 1069 949 943
f 950 943 949
f 936 949 1069
f 945 835 944
f 945 952 835
f 946 945 944
f 947 952 945
f 948 945 946
f 948 947 945
f 947 953 952
f 1075 953 947
f 1070 946 942
f 948 946 1070
f 1075 947 948
f 950 1073 943
f 831 837 949
f 954 950 836
f 836 950 949
f 1073 950 954
f 953 951 952
f 951 953 957
f 953 959 957
f 1075 1076 953
f 959 953 1076
f 955 1073 954
f 954 956 955
f 960 1084 965
f 844 957 845
f 959 958 957
f 958 845 957
f 965 958 960
f 960 958 959
f 1086 960 959
f 961 1082 955
f 846 963 962
f 955 956 962
f 955 962 961
f 961 962 963
f 967 964 847
f 965 964 967
f 958 965 967
f 965 966 964
f 1084 966 965
f 1090 963 969
f 969 850 968
f 969 963 850
f 970 969 968
f 971 978 973
f 972 971 974
f 1093 1101 972
f 1101 971 972
f 973 853 964
f 964 974 973
f 974 971 973
f 966 974 964
f 970 968 975
f 970 975 976
f 968 855 975
f 976 975 981
f 976 981 1102
f 975 855 981
f 979 980 977
f 1099 977 980
f 980 1100 1099
f 978 971 980
f 1101 980 971
f 863 981 856
f 982 863 983
f 1102 981 982
f 982 981 863
f 1102 982 1104
f 1104 982 987
f 983 988 987
f 987 982 983
f 985 1108 998
f 1108 1105 998
f 984 1108 985
f 1108 984 986
f 1099 1108 986
f 869 977 986
f 986 984 869
f 977 1099 986
f 987 988 1111
f 990 988 871
f 983 865 988
f 1111 988 990
f 987 1111 1110
f 871 870 989
f 871 989 990
f 989 999 991
f 989 991 990
f 1117 991 999
f 989 872 999
f 874 992 1007
f 994 992 874
f 1008 1007 992
f 993 1008 992
f 994 995 992
f 994 997 995
f 995 993 992
f 995 1115 993
f 997 1113 995
f 995 1113 1115
f 994 996 997
f 996 985 998
f 998 997 996
f 1116 998 1105
f 1116 997 998
f 872 879 999
f 879 1000 999
f 999 1000 1117
f 1000 1003 1117
f 880 1001 1000
f 1003 1000 1001
f 1003 1001 1002
f 1002 1001 1004
f 1119 1002 1004
f 1004 887 1009
f 1122 1024 1005
f 1022 885 1005
f 1024 1022 1005
f 885 1006 1005
f 1124 1005 1006
f 1008 1006 1007
f 993 1125 1008
f 1009 887 888
f 1009 888 1010
f 1009 1010 1126
f 1126 1010 1012
f 888 890 1010
f 1010 890 1011
f 1010 1011 1012
f 1012 1011 1013
f 1011 892 1013
f 1013 1014 1016
f 1128 1013 1016
f 1014 893 1015
f 1016 1014 1015
f 1016 1015 1017
f 1017 1015 1018
f 1015 1019 1018
f 1019 1020 1018
f 1132 1020 1133
f 1021 1020 898
f 1133 1021 1024
f 1020 1021 1133
f 1021 1023 1024
f 1024 1023 1022
f 1134 906 903
f 1134 1025 906
f 906 1025 905
f 1028 1025 1136
f 1134 1135 1025
f 1135 1136 1025
f 1025 1028 1026
f 1028 1027 1026
f 1028 1029 1027
f 1028 1141 1029
f 1136 1141 1028
f 1027 1029 910
f 1141 1140 1029
f 1156 903 911
f 1156 1134 903
f 1029 1140 1031
f 1032 1030 1031
f 1031 1140 1032
f 1032 1146 1030
f 1146 1033 1030
f 1033 1042 918
f 1146 1042 1033
f 1034 1035 1047
f 1035 920 1047
f 920 1035 1036
f 1036 1137 921
f 810 921 1037
f 1151 1037 1250
f 1151 1038 1037
f 1037 914 810
f 1038 914 1037
f 1038 1039 914
f 1152 1039 1038
f 1152 1040 1039
f 1154 915 1040
f 1154 1041 915
f 1041 916 915
f 1041 1156 917
f 1043 918 1042
f 1158 1043 1042
f 919 918 1043
f 1045 1044 1043
f 1158 1045 1043
f 1046 1048 925
f 1048 1147 1034
f 1046 1147 1048
f 1048 1034 1047
f 922 1044 1050
f 1044 1045 1049
f 1049 1045 1162
f 924 1050 1051
f 1044 1049 1050
f 1049 1051 1050
f 1055 1051 1052
f 1052 1166 1055
f 1049 1162 1052
f 1051 1049 1052
f 1053 937 1057
f 937 1053 931
f 931 1046 925
f 1055 1056 1054
f 1054 1056 1059
f 1166 1056 1055
f 1056 1166 1061
f 930 1054 1059
f 1059 1056 1061
f 937 1063 1057
f 1062 1057 1063
f 1057 1165 1053
f 1059 1058 935
f 1064 1058 1066
f 1058 1059 1060
f 1058 1060 1066
f 1061 1060 1059
f 1060 1061 1173
f 1060 1173 1174
f 1066 1060 1174
f 1063 1069 1067
f 1067 1062 1063
f 1063 936 1069
f 1065 942 1064
f 1066 1065 1064
f 1071 1065 1176
f 1066 1176 1065
f 943 1068 1067
f 1067 1068 1175
f 1181 1068 1188
f 1181 1175 1068
f 1069 943 1067
f 948 1072 1075
f 1065 1071 1070
f 1071 948 1070
f 1071 1072 948
f 1071 1184 1072
f 1184 1078 1072
f 1184 1185 1078
f 1188 1068 1074
f 1188 1074 1080
f 1073 955 1081
f 943 1073 1074
f 1068 943 1074
f 1073 1081 1074
f 1076 1086 959
f 1077 1086 1076
f 1072 1077 1075
f 1077 1076 1075
f 1079 1077 1078
f 1072 1078 1077
f 1079 1086 1077
f 1079 1189 1086
f 1082 1081 955
f 1080 1081 1082
f 1080 1074 1081
f 1083 1080 1082
f 1086 1085 960
f 1085 1084 960
f 1085 1199 1084
f 1199 1089 1084
f 1189 1085 1086
f 1083 1082 961
f 1090 961 963
f 961 1087 1083
f 961 1090 1087
f 1197 1196 1087
f 1087 1090 1197
f 1094 1089 1088
f 966 1094 974
f 1089 966 1084
f 1089 1094 966
f 1199 1088 1089
f 1090 969 970
f 1095 1090 970
f 1091 1090 1095
f 1204 1091 1095
f 1094 972 974
f 1094 1093 972
f 1088 1093 1094
f 1101 1093 1092
f 1203 1093 1088
f 1203 1092 1093
f 1204 1095 1096
f 1206 1204 1096
f 1095 970 976
f 1096 1095 976
f 1206 1096 1097
f 1097 976 1102
f 1096 976 1097
f 1099 1109 1108
f 1101 1092 1100
f 1109 1099 1100
f 1098 1109 1100
f 1092 1209 1100
f 1100 1209 1098
f 1101 1100 980
f 1097 1102 1103
f 1102 1104 1103
f 1211 1103 1104
f 1104 987 1110
f 1104 1110 1211
f 1107 1105 1108
f 1107 1106 1105
f 1116 1105 1106
f 1106 1114 1116
f 1218 1217 1107
f 1107 1217 1106
f 1109 1107 1108
f 1109 1219 1107
f 1098 1219 1109
f 1111 990 1112
f 1111 1112 1110
f 1221 1110 1112
f 1112 990 991
f 991 1117 1112
f 1115 1125 993
f 1115 1227 1225
f 1115 1225 1125
f 997 1116 1113
f 1116 1114 1113
f 1114 1115 1113
f 1222 1112 1117
f 1222 1117 1228
f 1117 1003 1118
f 1002 1118 1003
f 1228 1117 1118
f 1118 1229 1228
f 1119 1118 1002
f 1230 1229 1118
f 1004 1009 1119
f 1118 1119 1120
f 1119 1009 1126
f 1119 1126 1120
f 1232 1120 1126
f 1233 1132 1234
f 1132 1133 1234
f 1234 1133 1121
f 1024 1121 1133
f 1122 1121 1024
f 1235 1121 1122
f 1121 1235 1236
f 1123 1005 1124
f 1122 1005 1123
f 1124 1006 1008
f 1123 1124 1125
f 1125 1124 1008
f 1127 1126 1012
f 1126 1127 1232
f 1127 1012 1013
f 1129 1013 1128
f 1127 1013 1129
f 1130 1128 1016
f 1128 1130 1241
f 1241 1130 1243
f 1130 1016 1017
f 1017 1018 1131
f 1130 1017 1131
f 1130 1131 1243
f 1243 1131 1245
f 1245 1131 1020
f 1131 1018 1020
f 1020 1132 1245
f 1135 1134 1139
f 1036 1035 1249
f 1137 1036 1249
f 1138 1037 921
f 1250 1037 1138
f 1156 1266 1134
f 1266 1139 1134
f 1139 1252 1135
f 1252 1254 1135
f 1136 1135 1254
f 1255 1141 1136
f 1254 1255 1136
f 1256 1143 1255
f 1142 1145 1140
f 1140 1141 1142
f 1143 1142 1141
f 1143 1141 1255
f 1143 1257 1142
f 1145 1032 1140
f 1032 1144 1146
f 1145 1144 1032
f 1142 1257 1145
f 1145 1267 1144
f 1257 1267 1145
f 1261 1161 1159
f 1261 1149 1161
f 1161 1147 1046
f 1149 1148 1147
f 1149 1147 1161
f 1148 1034 1147
f 1035 1150 1249
f 1150 1035 1034
f 1034 1148 1150
f 1151 1262 1038
f 1262 1152 1038
f 1262 1365 1152
f 1365 1263 1152
f 1152 1263 1040
f 1263 1153 1040
f 1040 1153 1154
f 1264 1154 1153
f 1041 1154 1155
f 1041 1155 1156
f 1155 1265 1156
f 1156 1265 1266
f 1267 1268 1144
f 1042 1157 1158
f 1157 1042 1146
f 1273 1158 1157
f 1157 1146 1144
f 1144 1268 1157
f 1274 1273 1157
f 1160 1159 1161
f 1053 1159 1160
f 1165 1159 1053
f 1159 1276 1261
f 1283 1276 1159
f 1160 931 1053
f 1160 1161 1046
f 931 1160 1046
f 1158 1162 1045
f 1158 1163 1162
f 1163 1158 1273
f 1277 1164 1163
f 1162 1164 1052
f 1052 1164 1168
f 1162 1163 1164
f 1283 1159 1165
f 1166 1167 1061
f 1052 1168 1166
f 1166 1168 1167
f 1169 1167 1168
f 1167 1169 1170
f 1057 1171 1165
f 1062 1171 1057
f 1167 1170 1173
f 1172 1174 1173
f 1174 1172 1178
f 1176 1174 1178
f 1173 1170 1293
f 1172 1173 1293
f 1293 1292 1172
f 1172 1292 1178
f 1289 1293 1170
f 1061 1167 1173
f 1174 1176 1066
f 1300 1297 1296
f 1175 1062 1067
f 1171 1062 1175
f 1175 1296 1171
f 1179 1296 1175
f 1179 1300 1296
f 1302 1183 1298
f 1176 1177 1071
f 1177 1176 1178
f 1298 1177 1178
f 1177 1298 1183
f 1179 1175 1181
f 1187 1180 1181
f 1180 1300 1179
f 1179 1181 1180
f 1308 1180 1187
f 1183 1182 1186
f 1303 1182 1183
f 1303 1312 1182
f 1185 1184 1186
f 1071 1177 1184
f 1177 1186 1184
f 1183 1186 1177
f 1186 1182 1185
f 1192 1187 1188
f 1188 1080 1192
f 1181 1188 1187
f 1187 1192 1307
f 1307 1192 1193
f 1189 1079 1190
f 1194 1189 1190
f 1191 1194 1190
f 1182 1312 1190
f 1182 1190 1185
f 1191 1190 1312
f 1191 1313 1195
f 1079 1078 1185
f 1185 1190 1079
f 1192 1080 1083
f 1192 1083 1193
f 1314 1307 1193
f 1314 1193 1319
f 1083 1196 1193
f 1193 1196 1319
f 1195 1198 1199
f 1194 1085 1189
f 1194 1199 1085
f 1195 1199 1194
f 1191 1195 1194
f 1196 1083 1087
f 1197 1319 1196
f 1197 1201 1320
f 1320 1201 1321
f 1091 1197 1090
f 1197 1091 1201
f 1198 1203 1088
f 1198 1327 1203
f 1323 1327 1198
f 1198 1088 1199
f 1201 1091 1200
f 1200 1091 1204
f 1205 1200 1204
f 1200 1321 1201
f 1200 1324 1321
f 1324 1200 1205
f 1203 1202 1092
f 1202 1209 1092
f 1202 1203 1327
f 1208 1202 1327
f 1103 1206 1097
f 1205 1204 1206
f 1210 1205 1206
f 1206 1103 1210
f 1207 1218 1219
f 1331 1218 1207
f 1218 1331 1337
f 1209 1208 1098
f 1098 1207 1219
f 1208 1207 1098
f 1202 1208 1209
f 1103 1211 1210
f 1213 1210 1211
f 1210 1213 1334
f 1213 1211 1212
f 1213 1212 1333
f 1212 1110 1220
f 1213 1333 1334
f 1212 1220 1333
f 1211 1110 1212
f 1115 1114 1227
f 1114 1214 1227
f 1217 1114 1106
f 1214 1216 1227
f 1214 1114 1217
f 1215 1214 1217
f 1215 1216 1214
f 1215 1336 1216
f 1107 1219 1218
f 1215 1217 1218
f 1218 1337 1215
f 1220 1110 1221
f 1220 1221 1338
f 1339 1220 1338
f 1222 1221 1112
f 1338 1221 1222
f 1222 1223 1338
f 1125 1224 1237
f 1224 1342 1237
f 1225 1224 1125
f 1226 1224 1225
f 1227 1216 1226
f 1225 1227 1226
f 1335 1226 1216
f 1222 1228 1223
f 1223 1228 1229
f 1229 1344 1223
f 1340 1223 1344
f 1229 1230 1344
f 1230 1118 1120
f 1230 1120 1232
f 1346 1230 1232
f 1231 1239 1348
f 1240 1242 1351
f 1353 1242 1244
f 1354 1244 1233
f 1233 1234 1356
f 1234 1121 1236
f 1236 1235 1238
f 1342 1238 1237
f 1342 1358 1238
f 1122 1123 1235
f 1123 1125 1237
f 1238 1123 1237
f 1238 1235 1123
f 1231 1232 1127
f 1239 1231 1127
f 1129 1239 1127
f 1348 1239 1350
f 1239 1129 1240
f 1350 1239 1240
f 1241 1129 1128
f 1242 1241 1243
f 1240 1129 1241
f 1241 1242 1240
f 1243 1244 1242
f 1243 1245 1244
f 1244 1245 1233
f 1245 1132 1233
f 1658 1249 1247
f 1658 1359 1137
f 1359 1138 921
f 921 1137 1359
f 1138 1458 1250
f 1246 1148 1149
f 1148 1246 1248
f 1247 1249 1150
f 1150 1248 1247
f 1148 1248 1150
f 1249 1658 1137
f 1361 1151 1250
f 1369 1139 1266
f 1369 1251 1139
f 1139 1251 1252
f 1253 1254 1252
f 1253 1252 1362
f 1362 1363 1253
f 1251 1362 1252
f 1363 1372 1253
f 1372 1364 1253
f 1253 1255 1254
f 1364 1255 1253
f 1255 1364 1256
f 1258 1257 1143
f 1256 1258 1143
f 1259 1267 1257
f 1258 1259 1257
f 1261 1360 1246
f 1261 1246 1149
f 1360 1261 1260
f 1366 1263 1365
f 1263 1366 1153
f 1366 1367 1153
f 1155 1154 1264
f 1264 1265 1155
f 1270 1259 1258
f 1258 1256 1374
f 1374 1270 1258
f 1269 1267 1259
f 1267 1269 1268
f 1259 1270 1269
f 1269 1271 1268
f 1271 1274 1268
f 1270 1272 1269
f 1272 1271 1269
f 1272 1377 1271
f 1374 1272 1270
f 1268 1274 1157
f 1274 1275 1273
f 1273 1275 1280
f 1271 1275 1274
f 1380 1283 1285
f 1276 1260 1261
f 1276 1380 1260
f 1283 1380 1276
f 1380 1462 1260
f 1388 1280 1383
f 1275 1383 1280
f 1384 1388 1383
f 1163 1273 1278
f 1278 1277 1163
f 1277 1278 1279
f 1277 1279 1286
f 1280 1278 1273
f 1280 1281 1278
f 1281 1279 1278
f 1280 1388 1281
f 1282 1281 1388
f 1281 1282 1279
f 1279 1282 1286
f 1291 1393 1285
f 1284 1283 1165
f 1171 1284 1165
f 1285 1283 1284
f 1284 1291 1285
f 1286 1290 1288
f 1286 1287 1290
f 1286 1282 1390
f 1286 1390 1287
f 1396 1287 1390
f 1287 1396 1294
f 1164 1277 1288
f 1288 1168 1164
f 1168 1288 1169
f 1169 1289 1170
f 1277 1286 1288
f 1288 1290 1169
f 1290 1289 1169
f 1289 1290 1294
f 1291 1171 1296
f 1291 1296 1297
f 1171 1291 1284
f 1294 1293 1289
f 1293 1294 1295
f 1293 1295 1292
f 1290 1287 1294
f 1295 1294 1395
f 1299 1295 1404
f 1297 1300 1399
f 1292 1298 1178
f 1298 1292 1295
f 1299 1302 1298
f 1299 1298 1295
f 1299 1304 1302
f 1299 1401 1304
f 1300 1180 1301
f 1399 1300 1301
f 1301 1308 1410
f 1399 1301 1400
f 1400 1301 1410
f 1180 1308 1301
f 1302 1303 1183
f 1302 1304 1303
f 1305 1312 1303
f 1304 1305 1303
f 1305 1310 1312
f 1401 1306 1304
f 1306 1311 1305
f 1306 1305 1304
f 1311 1310 1305
f 1309 1410 1308
f 1309 1411 1410
f 1308 1187 1307
f 1308 1307 1309
f 1314 1309 1307
f 1311 1414 1310
f 1414 1311 1408
f 1310 1414 1318
f 1312 1313 1191
f 1313 1312 1310
f 1412 1314 1315
f 1412 1315 1415
f 1309 1314 1412
f 1314 1319 1315
f 1319 1320 1315
f 1195 1317 1198
f 1313 1310 1317
f 1318 1317 1310
f 1316 1318 1418
f 1316 1317 1318
f 1317 1195 1313
f 1319 1197 1320
f 1315 1320 1415
f 1419 1415 1320
f 1321 1419 1320
f 1419 1321 1420
f 1425 1326 1322
f 1323 1322 1327
f 1316 1322 1323
f 1317 1323 1198
f 1316 1323 1317
f 1324 1421 1420
f 1324 1420 1321
f 1324 1325 1426
f 1332 1428 1427
f 1327 1326 1208
f 1326 1332 1208
f 1326 1327 1322
f 1428 1332 1326
f 1425 1428 1326
f 1205 1325 1324
f 1205 1210 1328
f 1325 1205 1328
f 1429 1325 1328
f 1432 1328 1210
f 1337 1330 1336
f 1329 1330 1337
f 1332 1329 1331
f 1207 1332 1331
f 1329 1337 1331
f 1332 1427 1329
f 1208 1332 1207
f 1334 1432 1210
f 1333 1434 1334
f 1335 1436 1343
f 1335 1336 1440
f 1440 1336 1330
f 1337 1336 1215
f 1336 1335 1216
f 1333 1220 1339
f 1441 1338 1340
f 1338 1223 1340
f 1442 1340 1341
f 1443 1442 1341
f 1443 1341 1345
f 1358 1447 1357
f 1342 1447 1358
f 1449 1447 1342
f 1450 1447 1449
f 1449 1342 1343
f 1224 1226 1335
f 1224 1335 1343
f 1343 1342 1224
f 1340 1344 1341
f 1344 1230 1346
f 1345 1344 1346
f 1345 1341 1344
f 1231 1345 1346
f 1451 1345 1231
f 1346 1232 1231
f 1231 1347 1451
f 1231 1348 1347
f 1347 1348 1349
f 1349 1348 1350
f 1350 1240 1351
f 1351 1349 1350
f 1349 1351 1352
f 1351 1242 1353
f 1353 1244 1354
f 1351 1353 1352
f 1354 1355 1353
f 1352 1353 1355
f 1352 1355 1454
f 1233 1356 1354
f 1455 1354 1356
f 1356 1456 1455
f 1234 1236 1356
f 1456 1356 1357
f 1357 1356 1236
f 1357 1236 1358
f 1358 1236 1238
f 1359 1458 1138
f 1360 1459 1246
f 1459 1360 1461
f 1361 1250 1662
f 1361 1262 1151
f 1262 1464 1365
f 1361 1464 1262
f 1371 1363 1362
f 1462 1380 1463
f 1462 1461 1260
f 1360 1260 1461
f 1367 1264 1153
f 1367 1467 1264
f 1265 1469 1266
f 1266 1469 1368
f 1368 1369 1266
f 1369 1368 1370
f 1369 1370 1251
f 1251 1370 1362
f 1371 1362 1471
f 1371 1372 1363
f 1372 1373 1364
f 1375 1364 1373
f 1465 1373 1372
f 1371 1465 1372
f 1364 1374 1256
f 1375 1374 1364
f 1466 1477 1375
f 1466 1375 1373
f 1376 1272 1374
f 1376 1377 1272
f 1376 1378 1377
f 1375 1378 1376
f 1375 1376 1374
f 1382 1377 1378
f 1379 1377 1382
f 1375 1477 1378
f 1382 1378 1477
f 1377 1379 1271
f 1379 1275 1271
f 1285 1381 1380
f 1381 1463 1380
f 1382 1385 1379
f 1382 1386 1385
f 1379 1383 1275
f 1385 1384 1383
f 1383 1379 1385
f 1385 1387 1384
f 1387 1389 1384
f 1389 1391 1384
f 1387 1385 1386
f 1384 1391 1388
f 1388 1391 1282
f 1391 1390 1282
f 1484 1381 1393
f 1285 1393 1381
f 1490 1389 1387
f 1489 1389 1490
f 1391 1392 1390
f 1396 1390 1392
f 1392 1391 1389
f 1396 1392 1493
f 1394 1484 1393
f 1291 1297 1393
f 1297 1399 1394
f 1393 1297 1394
f 1394 1399 1499
f 1394 1499 1492
f 1395 1294 1396
f 1397 1395 1396
f 1397 1402 1395
f 1395 1402 1404
f 1397 1396 1493
f 1493 1398 1397
f 1397 1398 1402
f 1402 1398 1403
f 1403 1398 1503
f 1295 1395 1404
f 1400 1499 1399
f 1400 1500 1499
f 1402 1403 1401
f 1403 1409 1401
f 1409 1403 1504
f 1504 1403 1503
f 1404 1402 1299
f 1402 1401 1299
f 1400 1410 1405
f 1400 1405 1500
f 1507 1500 1405
f 1410 1411 1405
f 1408 1406 1413
f 1406 1409 1504
f 1401 1407 1306
f 1407 1311 1306
f 1407 1408 1311
f 1401 1409 1407
f 1409 1408 1407
f 1409 1406 1408
f 1512 1411 1412
f 1412 1513 1512
f 1506 1411 1512
f 1506 1405 1411
f 1411 1309 1412
f 1418 1414 1413
f 1418 1318 1414
f 1413 1414 1408
f 1412 1415 1416
f 1415 1417 1416
f 1513 1412 1416
f 1513 1416 1614
f 1517 1416 1417
f 1519 1418 1413
f 1418 1424 1316
f 1418 1519 1424
f 1417 1415 1419
f 1419 1521 1417
f 1521 1419 1420
f 1521 1420 1421
f 1422 1423 1525
f 1422 1525 1529
f 1322 1316 1424
f 1425 1322 1424
f 1423 1422 1425
f 1423 1424 1519
f 1423 1425 1424
f 1421 1324 1426
f 1325 1429 1426
f 1431 1427 1529
f 1528 1431 1529
f 1428 1422 1427
f 1427 1422 1529
f 1422 1428 1425
f 1429 1328 1432
f 1429 1432 1530
f 1533 1439 1430
f 1430 1440 1330
f 1430 1330 1431
f 1330 1329 1431
f 1329 1427 1431
f 1432 1334 1433
f 1433 1434 1535
f 1434 1433 1334
f 1434 1333 1339
f 1434 1339 1435
f 1536 1435 1441
f 1540 1448 1450
f 1437 1450 1449
f 1343 1436 1437
f 1449 1343 1437
f 1437 1436 1438
f 1436 1439 1438
f 1540 1437 1438
f 1440 1436 1335
f 1436 1440 1439
f 1440 1430 1439
f 1438 1439 1533
f 1339 1338 1441
f 1339 1441 1435
f 1340 1442 1441
f 1442 1536 1441
f 1542 1442 1443
f 1444 1542 1443
f 1444 1443 1345
f 1345 1451 1444
f 1444 1451 1544
f 1543 1444 1544
f 1451 1347 1544
f 1544 1452 1647
f 1445 1455 1456
f 1456 1551 1445
f 1446 1551 1456
f 1552 1551 1446
f 1357 1446 1456
f 1446 1447 1448
f 1447 1446 1357
f 1448 1552 1446
f 1447 1450 1448
f 1349 1544 1347
f 1349 1452 1544
f 1453 1452 1349
f 1453 1352 1454
f 1453 1349 1352
f 1453 1454 1545
f 1545 1454 1547
f 1454 1355 1547
f 1547 1355 1455
f 1547 1455 1445
f 1354 1455 1355
f 1553 1457 1460
f 1460 1457 1248
f 1247 1248 1457
f 1554 1250 1458
f 1459 1460 1246
f 1246 1460 1248
f 1553 1460 1459
f 1555 1459 1461
f 1459 1555 1553
f 1250 1554 1662
f 1361 1662 1664
f 1664 1464 1361
f 1560 1558 1463
f 1365 1464 1559
f 1366 1365 1559
f 1559 1563 1366
f 1366 1563 1367
f 1559 1564 1563
f 1370 1471 1362
f 1473 1472 1371
f 1465 1371 1472
f 1371 1471 1473
f 1465 1466 1373
f 1474 1465 1472
f 1466 1465 1474
f 1478 1477 1466
f 1381 1560 1463
f 1563 1467 1367
f 1467 1565 1468
f 1468 1264 1467
f 1264 1468 1265
f 1468 1469 1265
f 1565 1566 1468
f 1468 1566 1469
f 1368 1469 1567
f 1368 1470 1370
f 1471 1370 1470
f 1473 1476 1472
f 1476 1474 1472
f 1474 1475 1466
f 1475 1478 1466
f 1476 1570 1474
f 1476 1569 1570
f 1474 1570 1475
f 1480 1475 1570
f 1478 1482 1477
f 1480 1479 1478
f 1475 1480 1478
f 1581 1479 1480
f 1483 1479 1581
f 1482 1386 1382
f 1482 1382 1477
f 1386 1482 1481
f 1481 1490 1386
f 1481 1482 1483
f 1479 1483 1482
f 1479 1482 1478
f 1381 1484 1560
f 1394 1485 1484
f 1562 1484 1485
f 1560 1484 1562
f 1486 1490 1481
f 1486 1481 1483
f 1488 1491 1486
f 1483 1487 1486
f 1487 1488 1486
f 1488 1595 1496
f 1386 1490 1387
f 1389 1489 1392
f 1493 1392 1489
f 1493 1489 1495
f 1491 1490 1486
f 1490 1491 1489
f 1489 1491 1495
f 1496 1491 1488
f 1492 1485 1394
f 1497 1496 1594
f 1493 1494 1398
f 1494 1503 1398
f 1494 1493 1495
f 1494 1495 1497
f 1505 1503 1497
f 1496 1495 1491
f 1497 1503 1494
f 1495 1496 1497
f 1499 1498 1492
f 1498 1499 1500
f 1498 1500 1597
f 1501 1505 1502
f 1502 1505 1497
f 1501 1502 1604
f 1502 1497 1594
f 1509 1501 1604
f 1503 1505 1504
f 1505 1501 1504
f 1501 1510 1504
f 1507 1405 1506
f 1506 1607 1507
f 1506 1511 1607
f 1608 1607 1511
f 1605 1507 1607
f 1605 1500 1507
f 1612 1514 1508
f 1508 1515 1510
f 1510 1501 1509
f 1508 1510 1509
f 1516 1508 1514
f 1510 1406 1504
f 1608 1511 1613
f 1512 1511 1506
f 1512 1513 1511
f 1513 1614 1511
f 1518 1514 1524
f 1616 1514 1619
f 1616 1524 1514
f 1516 1519 1413
f 1518 1516 1514
f 1508 1516 1515
f 1516 1413 1515
f 1515 1413 1406
f 1510 1515 1406
f 1517 1614 1416
f 1517 1417 1521
f 1614 1517 1620
f 1517 1521 1520
f 1620 1517 1520
f 1616 1623 1524
f 1423 1519 1518
f 1524 1423 1518
f 1519 1516 1518
f 1521 1421 1522
f 1521 1522 1520
f 1520 1522 1624
f 1421 1526 1522
f 1526 1624 1522
f 1525 1523 1529
f 1523 1524 1623
f 1523 1525 1524
f 1525 1423 1524
f 1526 1421 1426
f 1426 1429 1526
f 1526 1429 1527
f 1429 1530 1527
f 1627 1526 1527
f 1527 1530 1627
f 1430 1528 1534
f 1528 1430 1431
f 1632 1523 1623
f 1528 1523 1632
f 1529 1523 1528
f 1530 1432 1433
f 1531 1433 1535
f 1530 1433 1531
f 1530 1531 1627
f 1642 1541 1532
f 1539 1541 1642
f 1532 1643 1642
f 1640 1539 1642
f 1533 1532 1541
f 1533 1534 1532
f 1534 1643 1532
f 1534 1533 1430
f 1438 1533 1541
f 1435 1535 1434
f 1634 1535 1435
f 1634 1435 1536
f 1644 1536 1542
f 1550 1653 1549
f 1537 1653 1550
f 1552 1654 1537
f 1552 1538 1655
f 1654 1552 1655
f 1538 1552 1448
f 1448 1540 1538
f 1540 1539 1538
f 1450 1437 1540
f 1539 1540 1541
f 1438 1541 1540
f 1542 1536 1442
f 1645 1542 1543
f 1444 1543 1542
f 1646 1543 1647
f 1544 1647 1543
f 1647 1453 1545
f 1452 1453 1647
f 1545 1546 1648
f 1648 1546 1650
f 1547 1546 1545
f 1650 1546 1549
f 1445 1548 1547
f 1548 1549 1547
f 1549 1546 1547
f 1445 1551 1550
f 1548 1445 1550
f 1549 1548 1550
f 1552 1537 1551
f 1551 1537 1550
f 1555 1726 1553
f 1660 1662 1554
f 1461 1659 1555
f 1726 1555 1659
f 1461 1556 1659
f 1661 1557 1663
f 1661 1556 1557
f 1462 1556 1461
f 1556 1462 1557
f 1557 1462 1463
f 1558 1557 1463
f 1557 1558 1666
f 1663 1557 1666
f 1561 1665 1666
f 1665 1561 1562
f 1667 1464 1664
f 1464 1667 1559
f 1668 1559 1667
f 1668 1564 1559
f 1560 1561 1558
f 1666 1558 1561
f 1560 1562 1561
f 1563 1564 1467
f 1467 1564 1565
f 1564 1671 1565
f 1566 1565 1671
f 1671 1675 1566
f 1566 1675 1567
f 1566 1567 1469
f 1368 1567 1470
f 1470 1567 1676
f 1572 1470 1676
f 1471 1470 1573
f 1471 1573 1473
f 1473 1568 1476
f 1569 1476 1568
f 1569 1579 1570
f 1562 1485 1571
f 1572 1676 1747
f 1677 1572 1747
f 1470 1572 1573
f 1573 1572 1574
f 1574 1575 1573
f 1573 1575 1473
f 1586 1575 1678
f 1576 1575 1586
f 1473 1575 1568
f 1568 1576 1569
f 1575 1576 1568
f 1577 1587 1590
f 1587 1577 1576
f 1570 1578 1480
f 1570 1579 1578
f 1579 1580 1578
f 1569 1576 1579
f 1579 1577 1580
f 1582 1578 1580
f 1576 1577 1579
f 1577 1590 1580
f 1487 1483 1581
f 1581 1480 1578
f 1582 1581 1578
f 1581 1583 1487
f 1583 1581 1582
f 1583 1582 1592
f 1583 1592 1591
f 1592 1582 1580
f 1488 1487 1583
f 1583 1595 1488
f 1584 1571 1485
f 1571 1584 1673
f 1673 1584 1585
f 1492 1584 1485
f 1498 1584 1492
f 1585 1584 1498
f 1674 1585 1679
f 1574 1678 1575
f 1576 1586 1587
f 1588 1590 1587
f 1592 1580 1589
f 1580 1590 1589
f 1590 1588 1589
f 1583 1591 1595
f 1591 1593 1596
f 1596 1593 1602
f 1591 1592 1593
f 1589 1593 1592
f 1593 1589 1602
f 1589 1599 1602
f 1595 1594 1496
f 1596 1600 1594
f 1595 1596 1594
f 1595 1591 1596
f 1597 1500 1605
f 1498 1597 1585
f 1597 1605 1598
f 1585 1597 1679
f 1597 1598 1679
f 1598 1605 1606
f 1606 1680 1598
f 1684 1693 1609
f 1599 1610 1603
f 1603 1610 1601
f 1599 1589 1684
f 1684 1609 1599
f 1609 1610 1599
f 1600 1596 1602
f 1603 1601 1600
f 1602 1603 1600
f 1603 1602 1599
f 1502 1594 1600
f 1604 1502 1600
f 1601 1604 1600
f 1604 1601 1509
f 1685 1680 1606
f 1605 1607 1606
f 1606 1607 1608
f 1606 1608 1685
f 1608 1686 1685
f 1613 1686 1608
f 1693 1702 1609
f 1610 1619 1612
f 1619 1610 1617
f 1611 1617 1610
f 1610 1609 1611
f 1702 1611 1609
f 1612 1508 1509
f 1601 1612 1509
f 1514 1612 1619
f 1612 1601 1610
f 1686 1613 1690
f 1613 1511 1614
f 1615 1613 1614
f 1615 1690 1613
f 1690 1615 1691
f 1618 1616 1617
f 1611 1702 1618
f 1611 1618 1617
f 1617 1616 1619
f 1615 1614 1620
f 1621 1615 1620
f 1615 1621 1695
f 1621 1620 1520
f 1703 1520 1624
f 1618 1622 1626
f 1623 1618 1626
f 1623 1616 1618
f 1624 1704 1703
f 1526 1627 1624
f 1627 1704 1624
f 1704 1627 1705
f 1629 1630 1711
f 1631 1632 1626
f 1631 1626 1625
f 1625 1630 1631
f 1630 1625 1711
f 1626 1632 1623
f 1626 1622 1625
f 1627 1531 1714
f 1633 1714 1531
f 1531 1535 1633
f 1716 1715 1628
f 1629 1716 1628
f 1628 1640 1641
f 1628 1641 1629
f 1643 1630 1642
f 1642 1630 1641
f 1641 1630 1629
f 1630 1643 1631
f 1534 1528 1632
f 1631 1534 1632
f 1634 1633 1535
f 1718 1634 1536
f 1717 1634 1718
f 1651 1652 1721
f 1653 1636 1635
f 1637 1636 1638
f 1639 1628 1638
f 1637 1638 1715
f 1715 1638 1628
f 1538 1539 1639
f 1655 1538 1639
f 1638 1655 1639
f 1640 1628 1639
f 1639 1539 1640
f 1640 1642 1641
f 1631 1643 1534
f 1718 1536 1644
f 1718 1644 1719
f 1644 1542 1645
f 1647 1826 1646
f 1722 1826 1647
f 1545 1648 1647
f 1647 1648 1722
f 1722 1648 1771
f 1771 1648 1720
f 1648 1649 1720
f 1650 1649 1648
f 1650 1549 1651
f 1651 1649 1650
f 1651 1721 1649
f 1549 1653 1651
f 1652 1651 1653
f 1653 1635 1652
f 1654 1653 1537
f 1653 1654 1636
f 1638 1636 1654
f 1654 1655 1638
f 1646 1645 1543
f 1457 1656 1658
f 1658 1657 1359
f 1554 1458 1775
f 1659 1725 1726
f 1553 1723 1457
f 1457 1723 1656
f 1553 1726 1723
f 1457 1658 1247
f 1728 1661 1663
f 1728 1727 1661
f 1556 1661 1659
f 1659 1661 1727
f 1665 1731 1666
f 1663 1666 1731
f 1732 1663 1731
f 1728 1663 1732
f 1667 1664 1733
f 1733 1786 1667
f 1731 1665 1734
f 1736 1668 1667
f 1668 1670 1564
f 1562 1669 1665
f 1669 1571 1672
f 1737 1669 1672
f 1735 1669 1737
f 1669 1562 1571
f 1668 1739 1670
f 1670 1671 1564
f 1741 1671 1670
f 1673 1672 1571
f 1737 1672 1674
f 1673 1674 1672
f 1741 1675 1671
f 1675 1676 1567
f 1675 1747 1676
f 1572 1677 1574
f 1673 1585 1674
f 1674 1679 1744
f 1679 1680 1744
f 1748 1681 1677
f 1681 1574 1677
f 1681 1678 1574
f 1586 1588 1587
f 1679 1598 1680
f 1681 1752 1682
f 1683 1682 1688
f 1678 1681 1682
f 1682 1683 1678
f 1678 1683 1586
f 1683 1688 1586
f 1586 1688 1588
f 1689 1684 1588
f 1589 1588 1684
f 1687 1685 1686
f 1686 1690 1687
f 1687 1690 1691
f 1758 1689 1688
f 1689 1758 1692
f 1688 1689 1588
f 1689 1694 1684
f 1684 1694 1693
f 1691 1754 1687
f 1695 1691 1615
f 1691 1695 1755
f 1758 1697 1692
f 1692 1694 1689
f 1692 1701 1694
f 1701 1693 1694
f 1695 1621 1703
f 1520 1703 1621
f 1703 1759 1695
f 1703 1696 1759
f 1706 1707 1698
f 1698 1707 1708
f 1692 1697 1699
f 1697 1698 1699
f 1706 1698 1697
f 1710 1713 1700
f 1699 1700 1701
f 1700 1699 1710
f 1692 1699 1701
f 1713 1712 1700
f 1712 1702 1700
f 1701 1700 1693
f 1693 1700 1702
f 1702 1622 1618
f 1704 1696 1703
f 1705 1762 1704
f 1765 1769 1715
f 1765 1715 1706
f 1706 1715 1707
f 1716 1708 1707
f 1709 1708 1716
f 1708 1710 1698
f 1709 1713 1710
f 1710 1708 1709
f 1710 1699 1698
f 1711 1625 1712
f 1709 1629 1711
f 1622 1702 1712
f 1713 1709 1711
f 1711 1712 1713
f 1625 1622 1712
f 1627 1714 1705
f 1633 1766 1714
f 1766 1705 1714
f 1768 1721 1635
f 1769 1768 1637
f 1769 1637 1715
f 1707 1715 1716
f 1709 1716 1629
f 1633 1717 1766
f 1633 1634 1717
f 1821 1717 1718
f 1644 1645 1719
f 1770 1719 1645
f 1646 1770 1645
f 1767 1720 1721
f 1720 1649 1721
f 1652 1635 1721
f 1768 1635 1637
f 1637 1635 1636
f 1930 1657 1658
f 1657 1930 1359
f 1359 1883 1458
f 1883 1775 1458
f 1723 1773 1656
f 1723 1774 1773
f 1723 1724 1774
f 1773 1658 1656
f 1829 1554 1775
f 1831 1660 1554
f 1724 1726 1725
f 1724 1723 1726
f 1725 1659 1727
f 1660 1781 1662
f 1781 1660 1831
f 1835 1729 1781
f 1781 1729 1662
f 1779 1727 1728
f 1728 1732 1778
f 1779 1728 1778
f 1729 1664 1662
f 1784 1664 1729
f 1730 1778 1732
f 1778 1730 1782
f 1730 1732 1731
f 1784 1733 1664
f 1784 1786 1733
f 1839 1786 1784
f 1734 1787 1730
f 1734 1735 1787
f 1735 1788 1787
f 1734 1730 1731
f 1734 1665 1669
f 1786 1736 1667
f 1786 1791 1736
f 1791 1668 1736
f 1669 1735 1734
f 1735 1737 1788
f 1788 1737 1794
f 1794 1737 1738
f 1791 1739 1668
f 1739 1796 1670
f 1796 1742 1670
f 1742 1741 1670
f 1737 1674 1738
f 1738 1674 1740
f 1674 1744 1740
f 1799 1740 1744
f 1796 1798 1742
f 1743 1741 1742
f 1741 1743 1746
f 1675 1741 1746
f 1746 1747 1675
f 1680 1745 1744
f 1744 1745 1799
f 1799 1745 1800
f 1802 1746 1743
f 1748 1747 1804
f 1804 1807 1748
f 1677 1747 1748
f 1745 1680 1685
f 1805 1800 1745
f 1685 1805 1745
f 1685 1750 1805
f 1750 1806 1805
f 1681 1748 1749
f 1749 1810 1681
f 1752 1688 1682
f 1687 1750 1685
f 1751 1750 1687
f 1750 1751 1806
f 1806 1751 1808
f 1751 1754 1808
f 1752 1757 1753
f 1810 1752 1681
f 1810 1757 1752
f 1753 1757 1697
f 1688 1752 1753
f 1755 1754 1691
f 1754 1751 1687
f 1754 1755 1811
f 1755 1695 1759
f 1759 1756 1755
f 1756 1759 1760
f 1755 1756 1811
f 1757 1814 1761
f 1757 1761 1697
f 1753 1697 1758
f 1753 1758 1688
f 1760 1759 1696
f 1760 1696 1762
f 1696 1704 1762
f 1762 1763 1815
f 1763 1816 1815
f 1814 1765 1761
f 1706 1761 1765
f 1697 1761 1706
f 1763 1762 1705
f 1763 1705 1766
f 1819 1816 1763
f 1766 1819 1763
f 1721 1768 1764
f 1764 1768 1818
f 1768 1769 1818
f 1818 1769 1765
f 1814 1818 1765
f 1766 1717 1821
f 1766 1821 1819
f 1718 1823 1821
f 1719 1823 1718
f 1823 1719 1824
f 1824 1719 1770
f 1825 1770 1646
f 1827 1826 1722
f 1771 1827 1722
f 1771 1767 1881
f 1721 1764 1767
f 1771 1720 1767
f 1774 1932 1773
f 1932 1774 1772
f 1658 1773 1930
f 1828 1776 1830
f 1776 1724 1725
f 1724 1772 1774
f 1724 1776 1772
f 1776 1828 1772
f 1829 1831 1554
f 1830 1777 1779
f 1833 1779 1780
f 1830 1779 1832
f 1725 1727 1777
f 1777 1727 1779
f 1725 1777 1776
f 1777 1830 1776
f 1894 1781 1831
f 1779 1778 1780
f 1784 1729 1835
f 1782 1780 1778
f 1836 1780 1782
f 1836 1782 1783
f 1782 1730 1783
f 1787 1785 1730
f 1838 1785 1789
f 1785 1783 1730
f 1787 1788 1789
f 1789 1785 1787
f 1788 1790 1789
f 1838 1789 1790
f 1791 1786 1839
f 1791 1792 1739
f 1788 1794 1790
f 1740 1793 1738
f 1794 1738 1793
f 1790 1794 1793
f 1792 1796 1739
f 1796 1844 1798
f 1793 1740 1795
f 1845 1797 1800
f 1795 1797 1846
f 1740 1797 1795
f 1846 1797 1845
f 1800 1850 1845
f 1743 1742 1798
f 1844 1849 1798
f 1849 1802 1798
f 1849 1853 1802
f 1798 1802 1743
f 1740 1799 1797
f 1799 1800 1797
f 1805 1801 1800
f 1800 1801 1850
f 1802 1803 1746
f 1853 1803 1802
f 1746 1804 1747
f 1803 1804 1746
f 1807 1804 1803
f 1801 1805 1806
f 1806 1854 1801
f 1854 1806 1855
f 1861 1803 1853
f 1858 1861 1853
f 1807 1803 1861
f 1748 1807 1749
f 1808 1855 1806
f 1856 1855 1808
f 1754 1809 1808
f 1809 1856 1808
f 1749 1807 1865
f 1810 1749 1865
f 1810 1814 1757
f 1809 1754 1811
f 1811 1812 1809
f 1863 1809 1812
f 1756 1812 1811
f 1812 1756 1760
f 1760 1867 1812
f 1863 1812 1866
f 1867 1866 1812
f 1867 1760 1815
f 1813 1817 1814
f 1865 1813 1814
f 1810 1865 1814
f 1815 1760 1762
f 1870 1815 1816
f 1764 1822 1921
f 1817 1822 1818
f 1817 1818 1814
f 1820 1872 1816
f 1821 1820 1819
f 1819 1820 1816
f 1821 1875 1820
f 1877 1821 1823
f 1824 1877 1823
f 1764 1818 1822
f 1770 1825 1824
f 1825 1879 1824
f 1825 1826 1879
f 1826 1825 1646
f 1826 1928 1879
f 1882 1773 1932
f 1882 1930 1773
f 1359 1930 1883
f 1775 1885 1829
f 1775 1883 1884
f 1886 1829 1885
f 1885 1775 1884
f 1828 1976 1772
f 1887 1831 1829
f 1889 1832 1888
f 1828 1830 1889
f 1889 1830 1832
f 1889 1976 1828
f 1833 1780 1834
f 1888 1832 1833
f 1834 1892 1833
f 1888 1833 1892
f 1779 1833 1832
f 1894 1835 1781
f 1894 1896 1835
f 1834 1780 1836
f 1836 1895 1834
f 1893 1834 1895
f 1784 1835 1896
f 1837 1895 1836
f 1838 1897 1837
f 1837 1898 1895
f 1897 1898 1837
f 1836 1783 1837
f 1837 1783 1785
f 1785 1838 1837
f 1897 1838 1841
f 1901 1897 1841
f 1896 1902 1839
f 1839 1784 1896
f 1902 1792 1839
f 1790 1841 1838
f 1841 1790 1840
f 1901 1841 1840
f 1792 1791 1839
f 1840 1790 1793
f 1793 1795 1840
f 1840 1795 1904
f 1795 1842 1904
f 1795 1846 1842
f 1796 1792 1843
f 1907 1844 1843
f 1843 1844 1796
f 1845 1850 1908
f 1908 1846 1845
f 1907 1847 1844
f 1907 1848 1847
f 1847 1848 1849
f 1848 1852 1849
f 1849 1844 1847
f 1854 1850 1801
f 1851 1850 1854
f 1851 1908 1850
f 1854 1911 1851
f 1854 1857 1911
f 1852 1848 1913
f 1852 1858 1853
f 1849 1852 1853
f 1858 1852 1860
f 1854 1855 1857
f 1855 1856 1857
f 1914 1856 1862
f 1856 1914 1857
f 1916 1914 1862
f 1917 1864 1860
f 1860 1861 1858
f 1859 1861 1860
f 1861 1859 1807
f 1862 1856 1809
f 1863 1862 1809
f 1918 1862 1863
f 1863 1866 1918
f 1917 1869 1864
f 1859 1860 1864
f 1859 1864 1865
f 1859 1865 1807
f 1867 1815 1870
f 1867 1868 1866
f 1867 1870 1868
f 1921 1817 1869
f 1813 1865 1864
f 1864 1869 1813
f 1869 1817 1813
f 1870 1816 1871
f 1872 1871 1816
f 1875 1872 1820
f 1922 1871 1872
f 1873 1875 1876
f 1873 1872 1875
f 1873 1922 1872
f 1927 1874 2060
f 1874 1764 1921
f 1921 1822 1817
f 1877 1876 1875
f 1924 1923 1876
f 1877 1924 1876
f 1877 1875 1821
f 1878 1924 1877
f 1824 1878 1877
f 1878 1824 1879
f 1928 1878 1879
f 1880 1928 1827
f 1771 1881 1827
f 1880 1827 1881
f 1767 1927 1881
f 1764 1874 1927
f 1764 1927 1767
f 1826 1827 1928
f 1978 1885 1933
f 1978 1886 1885
f 1772 1976 1932
f 1933 1885 1884
f 1980 1889 1888
f 1980 1976 1889
f 1886 1887 1829
f 1831 1887 1935
f 1887 1934 1935
f 1890 1888 1892
f 1890 1892 1891
f 1888 1890 1980
f 1831 1935 1894
f 1892 1834 1893
f 1891 1892 1893
f 1939 1896 1894
f 1898 1940 1895
f 1895 1940 1893
f 1900 1940 1898
f 1941 1940 1900
f 1893 1940 1938
f 1898 1897 1900
f 1900 1897 1899
f 1941 1900 1943
f 1943 1900 1899
f 1945 1902 1896
f 1899 1897 1901
f 1901 1905 1946
f 1947 1899 1901
f 1948 1946 1905
f 1903 1792 1902
f 1901 1840 1904
f 1905 1901 1904
f 1948 1905 1950
f 1903 1994 1843
f 1842 1906 1904
f 1909 1906 1842
f 1846 1909 1842
f 1905 1904 1906
f 1909 1952 1906
f 1909 1910 1952
f 1952 1910 1955
f 1994 1907 1843
f 1903 1843 1792
f 1908 1909 1846
f 1909 1908 1910
f 1955 1851 1912
f 1910 1908 1955
f 1958 1913 1954
f 1907 1913 1848
f 1955 1908 1851
f 1912 1851 1911
f 1912 1911 1956
f 1915 1956 1911
f 1913 1860 1852
f 1860 1913 1917
f 1958 1917 1913
f 1915 1911 1857
f 1914 1915 1857
f 1915 1914 1916
f 1916 1918 1959
f 1959 1918 1962
f 1862 1918 1916
f 1866 1919 1918
f 1918 1919 1962
f 1917 1961 1869
f 1919 1866 1868
f 1920 1919 1868
f 1868 1870 1871
f 1920 1868 1871
f 1922 1963 1920
f 2060 1921 2010
f 1961 2010 1921
f 1961 1921 1869
f 1920 1871 1922
f 1923 1963 1922
f 1923 1922 1873
f 1923 1873 1876
f 1963 1923 1968
f 1968 1923 1924
f 1925 1968 1924
f 1878 1925 1924
f 1878 1926 1925
f 1925 1926 1966
f 1926 1969 1966
f 1969 1928 1880
f 1881 1967 1880
f 1927 2060 1967
f 1881 1927 1967
f 1874 1921 2060
f 1926 1878 1928
f 1928 1969 1926
f 1971 1932 1976
f 1929 1930 1882
f 1882 1932 1929
f 1973 1929 1932
f 1931 1883 1930
f 1883 1931 1884
f 1884 1931 1975
f 1884 1975 1933
f 1933 1975 1977
f 1978 1933 1977
f 1981 1886 1978
f 1934 1887 1886
f 1886 1981 1934
f 1982 1891 1936
f 1934 1984 1935
f 1937 1893 1938
f 1891 1893 1936
f 1982 1890 1891
f 1894 1935 1939
f 1988 1896 1939
f 1941 1938 1940
f 1938 1941 1989
f 1942 1989 1941
f 1988 1945 1896
f 1943 1899 1947
f 1942 1943 1944
f 1944 1943 1947
f 1942 1941 1943
f 1903 1902 1945
f 1903 1945 1992
f 1946 1947 1901
f 1947 1946 1944
f 1949 1946 1948
f 1949 1944 1946
f 1948 1951 1949
f 1994 1903 1992
f 1906 1950 1905
f 1950 1951 1948
f 1995 1950 1953
f 1995 1951 1950
f 1993 1907 1994
f 1952 1950 1906
f 1952 1953 1950
f 1955 1953 1952
f 1953 1955 1996
f 1955 1997 1996
f 1954 1913 1993
f 1913 1907 1993
f 1955 1912 2002
f 1997 1955 2002
f 2003 2002 1956
f 1954 2044 1958
f 2050 1958 2044
f 1912 1956 2002
f 2003 1956 1957
f 2004 2003 1957
f 1958 2050 2005
f 1957 1956 1915
f 1960 1915 1916
f 1915 1960 1957
f 2004 1957 1960
f 1959 1960 1916
f 1960 1959 2006
f 2007 1959 1962
f 1917 1958 2005
f 1961 1917 2005
f 1920 1962 1919
f 1964 1963 1968
f 1965 1964 1968
f 2013 1966 1969
f 2013 1969 1967
f 1965 1968 1925
f 1966 1965 1925
f 1969 1880 1967
f 1970 2016 1931
f 1972 1929 1973
f 1930 1929 1972
f 1930 1974 1931
f 1972 1974 1930
f 1974 1970 1931
f 1931 2016 1975
f 2021 1979 1977
f 2020 1932 1971
f 1976 2018 1971
f 2020 1973 1932
f 1979 1978 1977
f 1981 1978 1979
f 2022 1976 1980
f 2024 1934 1981
f 1980 1890 1982
f 1934 2024 1984
f 2027 1984 2024
f 1982 1936 1983
f 2026 1983 1985
f 1986 1935 1984
f 1936 1893 1937
f 1983 1936 1937
f 1985 1983 1937
f 1939 1935 1986
f 2030 1939 1986
f 1938 1987 1937
f 1987 1938 1989
f 1985 1937 1987
f 1987 1989 2031
f 1985 1987 2031
f 1939 2030 1988
f 2035 1945 1988
f 1990 2031 1989
f 1990 1989 1942
f 1992 1945 2035
f 1992 2035 2039
f 1990 1942 1944
f 1991 1990 1944
f 1991 1944 1949
f 2036 1991 1949
f 2033 1990 1991
f 2033 1991 2036
f 2034 2033 2036
f 1951 2036 1949
f 1995 2038 2036
f 1995 2036 1951
f 2039 1994 1992
f 2039 1993 1994
f 1953 1999 1995
f 1995 1999 2041
f 1999 2043 2041
f 2045 2044 1954
f 2045 1954 1993
f 1998 1999 1996
f 1999 1953 1996
f 1996 1997 1998
f 1998 2000 2001
f 2000 1998 1997
f 2000 1997 2002
f 2001 1999 1998
f 2043 1999 2001
f 2000 2048 2001
f 2000 2002 2048
f 2048 2002 2003
f 2003 2049 2048
f 2050 2051 2005
f 2004 2049 2003
f 2004 1960 2006
f 2004 2052 2049
f 2054 2010 1961
f 2005 2054 1961
f 2007 2006 1959
f 2053 2006 2007
f 2008 2053 2007
f 2009 2007 1962
f 2007 2009 2008
f 2056 2009 1963
f 1964 2056 1963
f 2009 1962 1920
f 1920 1963 2009
f 2012 2011 1965
f 2013 2012 1966
f 1967 2014 2013
f 1967 2060 2014
f 2060 2010 2059
f 1965 2011 1964
f 1966 2012 1965
f 1973 2015 1972
f 1970 2062 2063
f 2101 1973 2020
f 1974 2015 1970
f 1974 1972 2015
f 2016 2017 1975
f 2016 2063 2017
f 2063 2016 1970
f 2018 2022 2019
f 2019 2149 2018
f 1971 2101 2020
f 2018 2149 1971
f 2101 1971 2149
f 2021 1981 1979
f 1977 1975 2017
f 2021 1977 2017
f 2066 1981 2021
f 2018 1976 2022
f 2067 2019 2022
f 2023 2067 2022
f 2067 2023 2068
f 2069 2068 2023
f 2115 2024 1981
f 1981 2066 2115
f 2023 1980 1982
f 2022 1980 2023
f 2023 1982 2025
f 1983 2025 1982
f 2072 2025 1983
f 1983 2073 2072
f 2073 1983 2026
f 2073 2026 2028
f 2074 2073 2028
f 1986 1984 2027
f 2029 1986 2027
f 2026 1985 2028
f 2031 2028 1985
f 2029 2030 1986
f 2029 2079 2030
f 1990 2032 2031
f 2031 2032 2028
f 2077 2032 1990
f 2075 2028 2032
f 2076 2032 2077
f 1988 2030 2079
f 2079 2035 1988
f 2033 2077 1990
f 2034 2077 2033
f 2039 2035 2079
f 2036 2037 2034
f 2037 2036 2038
f 2037 2080 2034
f 2038 2082 2037
f 2041 2038 1995
f 2042 2038 2041
f 2042 2082 2038
f 2040 2039 2081
f 2081 2083 2040
f 2039 2040 1993
f 1993 2040 2045
f 2043 2042 2041
f 2083 2045 2040
f 2044 2045 2083
f 2083 2086 2044
f 2046 2001 2048
f 2047 2046 2048
f 2046 2043 2001
f 2084 2043 2046
f 2084 2046 2088
f 2088 2046 2047
f 2049 2047 2048
f 2087 2047 2049
f 2087 2049 2052
f 2052 2091 2087
f 2055 2051 2090
f 2050 2090 2051
f 2052 2004 2006
f 2006 2053 2052
f 2053 2096 2095
f 2095 2052 2053
f 2100 2059 2010
f 2054 2094 2010
f 2055 2005 2051
f 2054 2005 2055
f 2008 2096 2053
f 2057 2096 2008
f 2009 2057 2008
f 2057 2009 2056
f 1964 2058 2056
f 2011 2058 1964
f 2011 2099 2058
f 2147 2059 2100
f 2099 2011 2012
f 2147 2060 2059
f 2060 2147 2014
f 2014 2147 2013
f 2015 1973 2102
f 2062 2103 2063
f 2102 2061 2015
f 2061 1970 2015
f 2062 1970 2061
f 2063 2064 2017
f 2064 2063 2103
f 2064 2065 2017
f 2064 2105 2065
f 2065 2021 2017
f 2066 2021 2107
f 2107 2021 2065
f 2019 2067 2111
f 2112 2111 2068
f 2067 2068 2111
f 2112 2068 2069
f 2024 2115 2116
f 2025 2069 2023
f 2069 2025 2072
f 2070 2069 2072
f 2070 2072 2073
f 2112 2069 2114
f 2114 2069 2070
f 2071 2027 2024
f 2071 2024 2116
f 2120 2027 2071
f 2070 2073 2117
f 2073 2074 2117
f 2075 2074 2028
f 2119 2074 2075
f 2027 2120 2029
f 2121 2029 2120
f 2119 2075 2076
f 2076 2078 2122
f 2119 2076 2122
f 2079 2029 2121
f 2124 2079 2121
f 2076 2075 2032
f 2078 2076 2077
f 2078 2077 2034
f 2122 2078 2123
f 2124 2081 2079
f 2080 2078 2034
f 2123 2078 2080
f 2127 2081 2124
f 2039 2079 2081
f 2080 2037 2082
f 2127 2083 2081
f 2042 2085 2082
f 2128 2082 2085
f 2085 2129 2128
f 2085 2042 2043
f 2084 2085 2043
f 2085 2084 2129
f 2129 2084 2088
f 2129 2088 2133
f 2086 2083 2131
f 2089 2086 2131
f 2044 2086 2089
f 2088 2047 2087
f 2135 2088 2087
f 2088 2134 2133
f 2091 2135 2087
f 2136 2135 2091
f 2089 2050 2044
f 2089 2090 2050
f 2092 2091 2095
f 2095 2091 2052
f 2092 2136 2091
f 2095 2139 2092
f 2055 2090 2093
f 2054 2055 2093
f 2094 2054 2093
f 2095 2096 2097
f 2095 2097 2140
f 2056 2097 2057
f 2097 2096 2057
f 2056 2098 2097
f 2097 2098 2140
f 2012 2013 2099
f 2145 2099 2013
f 2010 2094 2100
f 2098 2056 2058
f 2099 2098 2058
f 1973 2101 2102
f 2101 2197 2102
f 2104 2064 2103
f 2104 2152 2105
f 2151 2019 2111
f 2104 2105 2064
f 2105 2106 2065
f 2106 2107 2065
f 2153 2106 2105
f 2106 2109 2107
f 2112 2201 2200
f 2111 2112 2200
f 2107 2108 2066
f 2109 2108 2107
f 2109 2155 2108
f 2108 2155 2157
f 2201 2112 2110
f 2066 2108 2115
f 2157 2115 2108
f 2113 2110 2114
f 2110 2112 2114
f 2071 2116 2164
f 2113 2114 2070
f 2117 2113 2070
f 2162 2117 2118
f 2164 2120 2071
f 2074 2118 2117
f 2168 2163 2118
f 2119 2168 2118
f 2074 2119 2118
f 2168 2119 2122
f 2120 2167 2121
f 2170 2122 2123
f 2124 2121 2125
f 2173 2170 2123
f 2125 2127 2124
f 2080 2173 2123
f 2080 2126 2173
f 2082 2126 2080
f 2126 2175 2173
f 2082 2128 2126
f 2177 2126 2128
f 2177 2175 2126
f 2083 2127 2131
f 2129 2133 2130
f 2128 2129 2130
f 2179 2130 2133
f 2178 2128 2130
f 2179 2181 2180
f 2134 2181 2133
f 2181 2179 2133
f 2134 2182 2181
f 2131 2132 2089
f 2135 2134 2088
f 2182 2134 2135
f 2182 2135 2136
f 2184 2182 2136
f 2137 2184 2136
f 2187 2142 2190
f 2138 2094 2185
f 2094 2138 2100
f 2094 2093 2185
f 2136 2092 2139
f 2137 2136 2139
f 2139 2140 2137
f 2139 2095 2140
f 2137 2140 2187
f 2142 2187 2140
f 2141 2142 2140
f 2142 2141 2143
f 2099 2144 2141
f 2145 2144 2099
f 2141 2144 2143
f 2144 2145 2195
f 2144 2195 2143
f 2147 2196 2145
f 2145 2013 2147
f 2196 2195 2145
f 2138 2194 2146
f 2194 2196 2146
f 2147 2100 2146
f 2147 2146 2196
f 2146 2100 2138
f 2141 2140 2098
f 2141 2098 2099
f 2148 2061 2102
f 2102 2197 2148
f 2236 2150 2151
f 2199 2152 2104
f 2199 2237 2152
f 2111 2200 2151
f 2150 2149 2019
f 2150 2019 2151
f 2152 2153 2105
f 2237 2153 2152
f 2109 2106 2153
f 2109 2154 2155
f 2109 2153 2154
f 2155 2154 2157
f 2157 2154 2158
f 2201 2110 2156
f 2156 2110 2113
f 2159 2156 2113
f 2158 2115 2157
f 2116 2115 2158
f 2161 2116 2158
f 2162 2159 2117
f 2159 2113 2117
f 2159 2162 2160
f 2116 2161 2164
f 2163 2162 2118
f 2160 2162 2163
f 2166 2163 2168
f 2203 2160 2163
f 2164 2165 2167
f 2161 2165 2164
f 2171 2166 2168
f 2164 2167 2120
f 2169 2121 2167
f 2165 2169 2167
f 2168 2122 2171
f 2169 2125 2121
f 2169 2209 2125
f 2170 2171 2122
f 2170 2174 2172
f 2172 2171 2170
f 2125 2209 2176
f 2174 2170 2173
f 2173 2175 2174
f 2127 2125 2176
f 2176 2216 2132
f 2132 2216 2215
f 2177 2128 2178
f 2212 2175 2177
f 2177 2178 2212
f 2212 2178 2217
f 2215 2090 2132
f 2127 2176 2131
f 2131 2176 2132
f 2130 2179 2178
f 2217 2178 2179
f 2217 2179 2180
f 2181 2183 2180
f 2180 2183 2221
f 2183 2220 2221
f 2089 2132 2090
f 2182 2183 2181
f 2182 2184 2183
f 2220 2183 2184
f 2184 2137 2188
f 2184 2188 2229
f 2229 2188 2230
f 2230 2188 2189
f 2194 2186 2233
f 2227 2093 2090
f 2185 2093 2227
f 2137 2187 2188
f 2187 2190 2189
f 2188 2187 2189
f 2142 2143 2190
f 2143 2191 2190
f 2193 2192 2191
f 2190 2191 2189
f 2189 2191 2192
f 2195 2191 2143
f 2193 2191 2195
f 2196 2193 2195
f 2193 2196 2194
f 2193 2233 2192
f 2194 2233 2193
f 2194 2138 2186
f 2138 2185 2186
f 2062 2323 2103
f 2323 2198 2103
f 2236 2235 2149
f 2103 2198 2104
f 2104 2198 2199
f 2199 2324 2237
f 2198 2324 2199
f 2236 2149 2150
f 2153 2237 2267
f 2266 2236 2200
f 2201 2266 2200
f 2200 2236 2151
f 2153 2267 2154
f 2238 2154 2269
f 2238 2158 2154
f 2202 2156 2159
f 2202 2159 2160
f 2239 2202 2160
f 2203 2239 2160
f 2272 2161 2158
f 2240 2203 2204
f 2242 2161 2272
f 2203 2163 2166
f 2166 2204 2203
f 2204 2166 2205
f 2242 2165 2161
f 2206 2165 2242
f 2206 2242 2244
f 2171 2205 2166
f 2171 2207 2205
f 2275 2205 2207
f 2206 2248 2169
f 2206 2169 2165
f 2207 2171 2172
f 2172 2208 2207
f 2208 2172 2174
f 2210 2245 2208
f 2248 2209 2169
f 2209 2248 2252
f 2208 2174 2210
f 2210 2174 2175
f 2210 2175 2211
f 2249 2211 2214
f 2210 2211 2249
f 2216 2176 2209
f 2216 2209 2252
f 2211 2175 2212
f 2212 2213 2214
f 2211 2212 2214
f 2251 2214 2213
f 2213 2218 2254
f 2252 2215 2216
f 2213 2212 2217
f 2217 2180 2218
f 2213 2217 2218
f 2218 2259 2254
f 2259 2221 2219
f 2256 2219 2260
f 2090 2215 2227
f 2227 2215 2253
f 2258 2227 2253
f 2180 2221 2218
f 2218 2221 2259
f 2221 2220 2222
f 2221 2222 2219
f 2219 2222 2260
f 2220 2229 2222
f 2229 2223 2222
f 2223 2260 2222
f 2263 2225 2234
f 2225 2224 2232
f 2263 2234 2264
f 2262 2224 2225
f 2262 2225 2263
f 2186 2185 2228
f 2186 2228 2226
f 2186 2264 2234
f 2264 2186 2226
f 2228 2227 2258
f 2185 2227 2228
f 2220 2184 2229
f 2229 2230 2223
f 2232 2230 2189
f 2223 2230 2224
f 2224 2230 2232
f 2192 2232 2189
f 2192 2233 2231
f 2231 2232 2192
f 2225 2231 2234
f 2231 2225 2232
f 2234 2233 2186
f 2234 2231 2233
f 2148 2265 2061
f 2149 2197 2101
f 2062 2061 2265
f 2324 2198 2323
f 2324 2327 2237
f 2327 2267 2237
f 2295 2266 2201
f 2295 2201 2156
f 2314 2295 2156
f 2202 2314 2156
f 2239 2314 2202
f 2239 2315 2314
f 2272 2158 2238
f 2239 2203 2240
f 2239 2240 2315
f 2204 2241 2240
f 2272 2274 2242
f 2205 2241 2204
f 2205 2275 2241
f 2242 2274 2244
f 2275 2207 2208
f 2243 2208 2245
f 2244 2248 2206
f 2243 2245 2246
f 2246 2245 2279
f 2245 2210 2249
f 2245 2249 2279
f 2249 2250 2279
f 2279 2250 2280
f 2247 2252 2248
f 2250 2249 2214
f 2250 2214 2251
f 2280 2251 2286
f 2251 2255 2286
f 2253 2252 2285
f 2253 2285 2258
f 2251 2213 2254
f 2255 2251 2254
f 2255 2254 2259
f 2255 2259 2256
f 2255 2256 2288
f 2288 2256 2257
f 2257 2261 2290
f 2261 2262 2290
f 2263 2311 2262
f 2252 2253 2215
f 2259 2219 2256
f 2256 2260 2257
f 2257 2260 2261
f 2264 2226 2312
f 2312 2263 2264
f 2312 2311 2263
f 2258 2226 2228
f 2260 2223 2261
f 2223 2224 2261
f 2262 2261 2224
f 2197 2291 2148
f 2149 2235 2197
f 2292 2336 2235
f 2236 2292 2235
f 2292 2236 2293
f 2294 2293 2266
f 2293 2236 2266
f 2294 2266 2295
f 2267 2268 2154
f 2154 2268 2269
f 2268 2270 2269
f 2238 2269 2270
f 2240 2329 2315
f 2240 2241 2271
f 2240 2271 2329
f 2271 2241 2273
f 2331 2276 2274
f 2241 2275 2273
f 2275 2208 2243
f 2273 2275 2299
f 2299 2275 2243
f 2299 2243 2277
f 2276 2244 2274
f 2276 2303 2278
f 2278 2248 2244
f 2278 2244 2276
f 2246 2279 2277
f 2277 2243 2246
f 2301 2279 2280
f 2301 2277 2279
f 2301 2281 2305
f 2301 2280 2281
f 2304 2283 2285
f 2284 2252 2247
f 2248 2278 2247
f 2247 2278 2284
f 2285 2284 2278
f 2303 2285 2278
f 2304 2285 2303
f 2250 2251 2280
f 2280 2286 2281
f 2281 2286 2282
f 2305 2281 2282
f 2258 2283 2312
f 2284 2285 2252
f 2283 2258 2285
f 2288 2286 2255
f 2286 2288 2287
f 2282 2286 2287
f 2289 2287 2288
f 2287 2289 2309
f 2309 2289 2290
f 2309 2290 2310
f 2310 2290 2311
f 2311 2290 2262
f 2312 2226 2258
f 2288 2257 2289
f 2257 2290 2289
f 2291 2321 2322
f 2197 2321 2291
f 2235 2321 2197
f 2265 2148 2291
f 2291 2322 2265
f 2062 2265 2323
f 2267 2296 2268
f 2343 2298 2297
f 2238 2270 2297
f 2272 2238 2297
f 2272 2297 2298
f 2274 2272 2298
f 2454 2329 2273
f 2329 2271 2273
f 2400 2273 2299
f 2400 2299 2300
f 2299 2277 2300
f 2277 2301 2300
f 2303 2332 2304
f 2301 2305 2302
f 2319 2307 2310
f 2320 2311 2312
f 2319 2310 2311
f 2319 2311 2320
f 2304 2308 2283
f 2305 2282 2306
f 2287 2309 2282
f 2306 2309 2307
f 2307 2309 2310
f 2309 2306 2282
f 2312 2283 2308
f 2313 2323 2265
f 2336 2321 2235
f 2325 2292 2293
f 2327 2328 2267
f 2296 2267 2328
f 2296 2328 2268
f 2268 2341 2270
f 2343 2270 2341
f 2297 2270 2343
f 2316 2274 2298
f 2331 2274 2316
f 2454 2273 2400
f 2318 2308 2353
f 2351 2318 2353
f 2320 2351 2350
f 2308 2304 2353
f 2460 2302 2305
f 2460 2305 2317
f 2306 2317 2305
f 2306 2307 2317
f 2319 2349 2307
f 2350 2349 2319
f 2312 2308 2318
f 2318 2320 2312
f 2350 2319 2320
f 2351 2320 2318
f 2321 2371 2322
f 2322 2313 2265
f 2323 2313 2335
f 2325 2336 2292
f 2327 2324 2393
f 2337 2325 2326
f 2326 2338 2337
f 2326 2325 2293
f 2294 2326 2293
f 2326 2294 2338
f 2340 2338 2295
f 2340 2295 2314
f 2328 2327 2395
f 2338 2294 2295
f 2328 2341 2268
f 2399 2315 2329
f 2344 2316 2298
f 2345 2316 2344
f 2345 2331 2316
f 2345 2346 2331
f 2331 2346 2330
f 2331 2330 2276
f 2330 2347 2276
f 2347 2303 2276
f 2347 2332 2303
f 2301 2459 2300
f 2459 2301 2460
f 2332 2352 2304
f 2352 2353 2304
f 2302 2460 2301
f 2317 2307 2348
f 2348 2307 2349
f 2322 2333 2335
f 2333 2381 2335
f 2381 2383 2335
f 2383 2323 2335
f 2321 2334 2374
f 2321 2374 2371
f 2334 2321 2336
f 2334 2336 2386
f 2386 2336 2388
f 2322 2335 2313
f 2389 2388 2337
f 2338 2389 2337
f 2392 2338 2339
f 2325 2388 2336
f 2393 2324 2385
f 2388 2325 2337
f 2393 2395 2327
f 2339 2340 2396
f 2339 2338 2340
f 2396 2340 2342
f 2342 2340 2314
f 2315 2342 2314
f 2399 2342 2315
f 2341 2451 2343
f 2298 2343 2457
f 2457 2344 2298
f 2399 2329 2454
f 2401 2332 2347
f 2400 2300 2459
f 2401 2330 2346
f 2401 2347 2330
f 2352 2332 2402
f 2462 2352 2402
f 2460 2317 2348
f 2352 2462 2353
f 2372 2373 2355
f 2354 2372 2355
f 2382 2372 2354
f 2356 2362 2354
f 2358 2356 2355
f 2356 2354 2355
f 2358 2355 2377
f 2362 2356 2357
f 2357 2356 2358
f 2358 2377 2380
f 2357 2358 2404
f 2358 2405 2404
f 2405 2358 2380
f 2411 2357 2404
f 2405 2406 2404
f 2361 2363 2359
f 2382 2361 2359
f 2381 2382 2359
f 2359 2360 2381
f 2382 2354 2361
f 2363 2368 2360
f 2363 2360 2359
f 2354 2362 2361
f 2362 2364 2361
f 2361 2364 2363
f 2357 2364 2362
f 2368 2363 2365
f 2364 2366 2363
f 2366 2365 2363
f 2411 2364 2357
f 2411 2366 2364
f 2366 2412 2365
f 2368 2367 2360
f 2367 2368 2419
f 2419 2420 2367
f 2365 2421 2419
f 2419 2368 2365
f 2384 2367 2420
f 2444 2429 2370
f 2429 2369 2370
f 2369 2429 2434
f 2322 2371 2333
f 2371 2373 2372
f 2382 2371 2372
f 2333 2371 2382
f 2373 2371 2374
f 2376 2374 2375
f 2375 2374 2334
f 2355 2373 2376
f 2355 2376 2377
f 2376 2373 2374
f 2375 2334 2378
f 2334 2386 2378
f 2379 2377 2376
f 2379 2376 2375
f 2378 2379 2375
f 2380 2377 2379
f 2369 2379 2378
f 2370 2369 2378
f 2378 2386 2370
f 2379 2434 2380
f 2434 2379 2369
f 2381 2360 2383
f 2382 2381 2333
f 2323 2384 2324
f 2367 2383 2360
f 2383 2367 2384
f 2384 2323 2383
f 2384 2385 2324
f 2439 2385 2384
f 2387 2386 2388
f 2386 2387 2370
f 2385 2440 2393
f 2387 2388 2389
f 2390 2387 2389
f 2390 2389 2338
f 2391 2387 2390
f 2390 2338 2392
f 2391 2390 2392
f 2447 2391 2392
f 2392 2394 2447
f 2449 2447 2394
f 2393 2448 2395
f 2392 2339 2394
f 2452 2449 2394
f 2452 2394 2397
f 2341 2328 2451
f 2394 2339 2396
f 2396 2342 2397
f 2397 2342 2398
f 2397 2394 2396
f 2397 2398 2452
f 2451 2517 2343
f 2454 2398 2399
f 2342 2399 2398
f 2343 2517 2457
f 2522 2345 2344
f 2522 2346 2345
f 2585 2401 2346
f 2458 2400 2459
f 2402 2332 2401
f 2403 2348 2349
f 2403 2349 2350
f 2351 2353 2462
f 2404 2406 2407
f 2404 2407 2413
f 2404 2413 2411
f 2405 2380 2435
f 2406 2405 2408
f 2408 2407 2406
f 2405 2435 2437
f 2405 2409 2408
f 2405 2437 2409
f 2413 2407 2417
f 2408 2409 2410
f 2410 2417 2408
f 2408 2417 2407
f 2437 2493 2409
f 2409 2493 2464
f 2409 2464 2410
f 2465 2410 2464
f 2366 2414 2412
f 2366 2411 2414
f 2425 2412 2414
f 2414 2411 2413
f 2417 2415 2413
f 2413 2415 2414
f 2415 2416 2414
f 2425 2414 2416
f 2416 2468 2425
f 2415 2418 2416
f 2418 2468 2416
f 2468 2479 2425
f 2417 2418 2415
f 2417 2410 2469
f 2418 2417 2469
f 2469 2470 2418
f 2412 2421 2365
f 2426 2384 2420
f 2425 2423 2412
f 2423 2421 2412
f 2422 2419 2421
f 2420 2419 2422
f 2424 2421 2423
f 2424 2422 2421
f 2422 2426 2420
f 2425 2478 2423
f 2428 2422 2424
f 2428 2426 2422
f 2478 2424 2423
f 2479 2478 2425
f 2424 2485 2428
f 2424 2478 2485
f 2439 2384 2426
f 2427 2439 2426
f 2427 2426 2428
f 2485 2486 2428
f 2428 2486 2427
f 2430 2429 2444
f 2444 2370 2387
f 2434 2429 2436
f 2436 2429 2430
f 2431 2430 2444
f 2431 2444 2445
f 2446 2431 2445
f 2431 2432 2430
f 2433 2432 2431
f 2446 2433 2431
f 2506 2433 2446
f 2434 2435 2380
f 2436 2435 2434
f 2438 2436 2430
f 2437 2435 2436
f 2432 2438 2430
f 2436 2438 2437
f 2493 2437 2438
f 2438 2432 2493
f 2433 2494 2432
f 2385 2439 2440
f 2439 2441 2440
f 2427 2441 2439
f 2491 2441 2427
f 2441 2442 2440
f 2440 2443 2393
f 2440 2442 2443
f 2393 2443 2512
f 2444 2387 2391
f 2445 2444 2391
f 2445 2391 2447
f 2505 2446 2445
f 2505 2445 2447
f 2505 2447 2449
f 2393 2512 2448
f 2450 2449 2452
f 2449 2450 2508
f 2448 2514 2395
f 2328 2395 2451
f 2395 2514 2451
f 2451 2514 2571
f 2451 2571 2517
f 2450 2452 2453
f 2450 2453 2516
f 2518 2516 2453
f 2453 2455 2518
f 2452 2398 2453
f 2454 2453 2398
f 2454 2455 2453
f 2454 2456 2455
f 2456 2454 2400
f 2456 2400 2458
f 2458 2521 2456
f 2522 2344 2457
f 2526 2459 2527
f 2585 2346 2522
f 2526 2458 2459
f 2350 2351 2461
f 2403 2350 2461
f 2351 2462 2463
f 2461 2351 2463
f 2465 2472 2410
f 2495 2467 2464
f 2472 2465 2466
f 2465 2464 2467
f 2465 2467 2466
f 2497 2466 2467
f 2497 2477 2466
f 2469 2471 2470
f 2418 2470 2468
f 2410 2472 2469
f 2469 2472 2471
f 2471 2473 2470
f 2470 2473 2468
f 2472 2474 2471
f 2473 2481 2468
f 2473 2471 2475
f 2471 2474 2475
f 2473 2475 2481
f 2472 2466 2474
f 2474 2476 2475
f 2481 2475 2482
f 2474 2477 2476
f 2466 2477 2474
f 2476 2482 2475
f 2476 2534 2482
f 2477 2549 2532
f 2468 2481 2479
f 2479 2480 2478
f 2481 2480 2479
f 2481 2483 2480
f 2480 2487 2478
f 2480 2483 2484
f 2480 2484 2487
f 2481 2482 2483
f 2482 2533 2483
f 2483 2539 2484
f 2533 2539 2483
f 2485 2488 2486
f 2478 2487 2485
f 2487 2488 2485
f 2491 2427 2486
f 2486 2488 2490
f 2490 2492 2486
f 2492 2491 2486
f 2489 2488 2487
f 2484 2489 2487
f 2484 2539 2489
f 2489 2538 2488
f 2488 2538 2490
f 2501 2491 2492
f 2543 2501 2492
f 2490 2543 2492
f 2494 2493 2432
f 2506 2494 2433
f 2495 2464 2493
f 2494 2495 2493
f 2494 2506 2496
f 2495 2494 2496
f 2467 2495 2497
f 2547 2546 2495
f 2496 2547 2495
f 2497 2549 2477
f 2546 2497 2495
f 2547 2496 2562
f 2498 2441 2491
f 2498 2442 2441
f 2443 2442 2499
f 2502 2443 2499
f 2442 2498 2499
f 2503 2512 2502
f 2512 2443 2502
f 2501 2498 2491
f 2500 2498 2501
f 2500 2499 2498
f 2503 2502 2499
f 2504 2499 2500
f 2499 2504 2503
f 2569 2503 2504
f 2561 2569 2504
f 2505 2506 2446
f 2507 2506 2505
f 2449 2508 2505
f 2496 2506 2507
f 2507 2505 2508
f 2509 2496 2507
f 2509 2507 2510
f 2510 2507 2508
f 2511 2510 2508
f 2509 2562 2496
f 2562 2509 2563
f 2510 2563 2509
f 2510 2511 2563
f 2503 2513 2512
f 2568 2514 2513
f 2503 2568 2513
f 2568 2571 2514
f 2569 2568 2503
f 2512 2513 2448
f 2448 2513 2514
f 2508 2450 2515
f 2515 2450 2516
f 2508 2515 2511
f 2517 2639 2579
f 2576 2516 2518
f 2518 2578 2576
f 2457 2517 2579
f 2580 2522 2579
f 2518 2455 2519
f 2518 2519 2520
f 2521 2520 2519
f 2579 2522 2457
f 2456 2519 2455
f 2456 2521 2519
f 2521 2523 2586
f 2660 2401 2585
f 2660 2402 2401
f 2521 2458 2523
f 2458 2526 2523
f 2526 2524 2523
f 2523 2524 2586
f 2524 2526 2527
f 2402 2591 2462
f 2459 2460 2527
f 2460 2348 2528
f 2525 2527 2528
f 2528 2527 2460
f 2528 2348 2529
f 2529 2525 2528
f 2592 2529 2531
f 2593 2462 2591
f 2403 2531 2348
f 2531 2529 2348
f 2463 2593 2530
f 2403 2461 2530
f 2461 2463 2530
f 2530 2531 2403
f 2593 2463 2462
f 2476 2477 2532
f 2476 2532 2534
f 2552 2532 2549
f 2552 2536 2532
f 2482 2534 2533
f 2539 2533 2535
f 2534 2535 2533
f 2536 2535 2534
f 2532 2536 2534
f 2535 2536 2537
f 2536 2554 2537
f 2535 2537 2542
f 2596 2542 2537
f 2539 2538 2489
f 2490 2538 2545
f 2544 2490 2545
f 2538 2540 2545
f 2540 2538 2539
f 2541 2540 2539
f 2535 2541 2539
f 2541 2594 2540
f 2601 2594 2541
f 2541 2535 2542
f 2601 2541 2542
f 2501 2543 2556
f 2543 2490 2544
f 2543 2544 2556
f 2544 2545 2557
f 2594 2545 2540
f 2594 2608 2545
f 2545 2608 2557
f 2546 2547 2548
f 2546 2550 2549
f 2546 2549 2497
f 2548 2550 2546
f 2562 2548 2547
f 2551 2550 2548
f 2564 2566 2551
f 2550 2552 2549
f 2552 2554 2536
f 2550 2553 2552
f 2550 2551 2617
f 2553 2550 2617
f 2597 2553 2617
f 2554 2596 2537
f 2501 2555 2500
f 2555 2504 2500
f 2504 2555 2560
f 2555 2501 2556
f 2560 2555 2558
f 2557 2556 2544
f 2556 2558 2555
f 2556 2557 2558
f 2559 2557 2608
f 2559 2558 2557
f 2608 2609 2559
f 2504 2560 2561
f 2569 2561 2570
f 2623 2570 2561
f 2558 2559 2560
f 2614 2561 2560
f 2559 2613 2560
f 2613 2614 2560
f 2623 2561 2614
f 2559 2609 2613
f 2613 2615 2614
f 2548 2562 2564
f 2511 2565 2563
f 2511 2574 2565
f 2515 2574 2511
f 2564 2551 2548
f 2562 2563 2564
f 2565 2564 2563
f 2567 2566 2564
f 2565 2567 2564
f 2618 2566 2567
f 2551 2566 2617
f 2619 2566 2618
f 2567 2575 2618
f 2568 2569 2570
f 2570 2571 2568
f 2571 2570 2572
f 2573 2517 2571
f 2623 2572 2570
f 2573 2571 2572
f 2639 2517 2573
f 2573 2572 2631
f 2631 2640 2573
f 2574 2575 2565
f 2575 2576 2633
f 2565 2575 2567
f 2576 2515 2516
f 2515 2576 2574
f 2574 2576 2575
f 2645 2580 2642
f 2585 2580 2645
f 2577 2576 2578
f 2578 2647 2577
f 2581 2647 2578
f 2580 2579 2642
f 2578 2518 2520
f 2581 2578 2520
f 2582 2647 2581
f 2647 2582 2654
f 2585 2522 2580
f 2521 2581 2520
f 2581 2521 2586
f 2581 2586 2582
f 2582 2583 2655
f 2583 2584 2655
f 2584 2525 2587
f 2589 2591 2651
f 2651 2652 2589
f 2663 2590 2652
f 2590 2589 2652
f 2660 2653 2591
f 2586 2583 2582
f 2583 2586 2524
f 2524 2527 2525
f 2583 2524 2525
f 2583 2525 2584
f 2592 2661 2587
f 2661 2592 2588
f 2589 2593 2591
f 2661 2588 2663
f 2590 2663 2588
f 2660 2591 2402
f 2587 2525 2529
f 2587 2529 2592
f 2589 2590 2593
f 2588 2530 2590
f 2588 2531 2530
f 2590 2530 2593
f 2588 2592 2531
f 2554 2552 2595
f 2552 2553 2595
f 2599 2595 2553
f 2554 2595 2598
f 2554 2598 2596
f 2595 2599 2598
f 2553 2597 2599
f 2596 2598 2604
f 2598 2599 2600
f 2604 2598 2600
f 2600 2599 2621
f 2600 2621 2607
f 2602 2601 2542
f 2601 2603 2594
f 2602 2542 2596
f 2603 2601 2602
f 2596 2604 2602
f 2602 2604 2605
f 2602 2606 2603
f 2604 2600 2605
f 2605 2606 2602
f 2605 2600 2607
f 2605 2607 2664
f 2606 2605 2664
f 2603 2610 2594
f 2610 2608 2594
f 2610 2609 2608
f 2610 2603 2612
f 2606 2612 2603
f 2611 2610 2612
f 2611 2609 2610
f 2611 2616 2609
f 2611 2612 2666
f 2666 2667 2611
f 2667 2616 2611
f 2613 2609 2615
f 2615 2625 2614
f 2614 2625 2623
f 2615 2609 2616
f 2616 2630 2615
f 2630 2616 2667
f 2566 2619 2617
f 2617 2619 2597
f 2618 2634 2619
f 2597 2619 2620
f 2619 2634 2620
f 2634 2636 2620
f 2637 2636 2634
f 2597 2621 2599
f 2622 2621 2620
f 2621 2597 2620
f 2621 2622 2669
f 2636 2622 2620
f 2607 2621 2668
f 2669 2668 2621
f 2622 2636 2693
f 2622 2693 2669
f 2636 2637 2693
f 2623 2625 2624
f 2572 2623 2624
f 2624 2631 2572
f 2626 2624 2625
f 2624 2626 2631
f 2615 2627 2625
f 2626 2629 2632
f 2625 2627 2628
f 2628 2626 2625
f 2629 2626 2628
f 2630 2627 2615
f 2630 2682 2627
f 2627 2682 2628
f 2683 2629 2628
f 2683 2628 2682
f 2629 2684 2632
f 2683 2684 2629
f 2640 2639 2573
f 2631 2626 2632
f 2632 2641 2631
f 2631 2641 2640
f 2643 2641 2632
f 2632 2684 2643
f 2633 2618 2575
f 2618 2633 2634
f 2633 2635 2634
f 2577 2635 2633
f 2635 2637 2634
f 2635 2638 2637
f 2694 2637 2638
f 2641 2642 2640
f 2642 2639 2640
f 2642 2579 2639
f 2641 2644 2642
f 2641 2643 2644
f 2644 2645 2642
f 2576 2577 2633
f 2577 2638 2635
f 2695 2638 2648
f 2711 2712 2653
f 2646 2660 2585
f 2645 2646 2585
f 2653 2660 2646
f 2646 2711 2653
f 2647 2638 2577
f 2647 2648 2638
f 2654 2648 2647
f 2648 2654 2649
f 2648 2649 2699
f 2649 2658 2727
f 2591 2653 2651
f 2651 2653 2712
f 2659 2652 2725
f 2725 2650 2659
f 2582 2655 2654
f 2662 2655 2584
f 2654 2655 2649
f 2649 2655 2658
f 2655 2662 2658
f 2650 2656 2657
f 2650 2658 2656
f 2658 2662 2656
f 2650 2657 2659
f 2584 2587 2662
f 2587 2661 2656
f 2662 2587 2656
f 2657 2656 2661
f 2661 2663 2657
f 2663 2652 2659
f 2657 2663 2659
f 2606 2664 2665
f 2606 2665 2612
f 2670 2665 2664
f 2674 2665 2670
f 2666 2612 2672
f 2665 2672 2612
f 2666 2673 2667
f 2672 2665 2674
f 2672 2673 2666
f 2669 2693 2696
f 2664 2607 2668
f 2668 2669 2671
f 2664 2668 2670
f 2670 2668 2671
f 2669 2696 2671
f 2698 2671 2696
f 2670 2675 2674
f 2670 2671 2675
f 2675 2671 2678
f 2679 2675 2678
f 2673 2685 2667
f 2676 2673 2672
f 2689 2685 2673
f 2674 2675 2679
f 2674 2679 2677
f 2674 2677 2676
f 2674 2676 2672
f 2673 2676 2689
f 2691 2689 2676
f 2677 2681 2676
f 2677 2679 2680
f 2691 2676 2681
f 2679 2678 2702
f 2681 2677 2680
f 2680 2679 2703
f 2680 2703 2704
f 2680 2704 2681
f 2685 2630 2667
f 2682 2687 2683
f 2687 2684 2683
f 2708 2643 2684
f 2685 2682 2630
f 2686 2687 2682
f 2708 2684 2688
f 2682 2685 2686
f 2686 2685 2689
f 2692 2686 2689
f 2690 2687 2686
f 2688 2687 2690
f 2687 2688 2684
f 2692 2689 2691
f 2686 2692 2690
f 2691 2720 2692
f 2637 2694 2693
f 2638 2695 2694
f 2694 2697 2693
f 2694 2695 2697
f 2697 2696 2693
f 2697 2695 2699
f 2699 2695 2648
f 2698 2696 2697
f 2697 2700 2698
f 2699 2700 2697
f 2671 2698 2678
f 2700 2699 2701
f 2702 2678 2698
f 2698 2700 2702
f 2700 2701 2705
f 2727 2707 2701
f 2707 2726 2724
f 2703 2679 2702
f 2703 2702 2705
f 2703 2705 2704
f 2704 2706 2721
f 2700 2705 2702
f 2705 2706 2704
f 2705 2701 2706
f 2706 2724 2721
f 2706 2701 2707
f 2706 2707 2724
f 2709 2643 2708
f 2644 2643 2709
f 2708 2710 2709
f 2710 2688 2690
f 2688 2710 2708
f 2709 2711 2645
f 2712 2711 2714
f 2713 2690 2692
f 2690 2713 2710
f 2710 2713 2714
f 2710 2714 2709
f 2709 2714 2711
f 2715 2714 2717
f 2712 2715 2716
f 2712 2714 2715
f 2681 2720 2691
f 2692 2720 2713
f 2720 2717 2713
f 2720 2722 2717
f 2713 2717 2714
f 2722 2718 2717
f 2717 2718 2715
f 2723 2718 2722
f 2723 2716 2718
f 2718 2716 2715
f 2723 2719 2716
f 2726 2719 2724
f 2720 2681 2704
f 2704 2721 2720
f 2720 2721 2722
f 2721 2724 2723
f 2723 2722 2721
f 2724 2719 2723
f 2644 2709 2645
f 2645 2711 2646
f 2650 2725 2726
f 2701 2699 2727
f 2707 2650 2726
f 2707 2727 2650
f 2652 2651 2716
f 2651 2712 2716
f 2725 2652 2716
f 2725 2716 2719
f 2726 2725 2719
f 2699 2649 2727
f 2727 2658 2650
