o FMA7239_BP8544_FJ2433
v -2.63991 -113.86 1210.92
v -3.23306 -113.928 1210.64
v -2.7125 -113.717 1211.9
v -2.3668 -113.777 1212.09
v -2.01982 -113.889 1212.92
v -2.60101 -113.743 1212.6
v -3.07779 -113.751 1211.99
v -3.51247 -113.965 1211.69
v -2.59288 -113.918 1213.24
v -2.21373 -113.945 1213.29
v -2.46801 -114.169 1213.67
v -3.15979 -113.884 1212.74
v -2.92793 -114.136 1213.48
v -4.13984 -114.449 1212.38
v -3.61552 -114.713 1213.76
v -2.90364 -114.521 1213.94
v -3.64811 -114.405 1213.28
v -5.49141 -115.724 1213.04
v -3.36367 -114.668 1208.41
v -4.11014 -114.856 1207.96
v -4.75925 -115.19 1207.5
v -5.59844 -115.848 1206.72
v -2.29969 -114.351 1210.13
v -2.94727 -114.288 1209.38
v -2.54841 -114.219 1209.84
v -2.67294 -114.447 1209.28
v -2.44488 -114.38 1209.72
v -2.6174 -114.541 1209.25
v -2.42558 -114.503 1209.7
v -3.51786 -114.376 1209.06
v -4.75886 -114.933 1208.75
v -4.38464 -114.812 1208.26
v -5.21206 -115.351 1207.77
v -2.46598 -113.973 1210.64
v -2.33156 -113.941 1211.01
v -2.16943 -114.087 1211.02
v -2.3525 -114.175 1210.25
v -2.28917 -114.477 1210.19
v -2.85891 -114.034 1210.11
v -1.78836 -114.082 1212.27
v -1.57469 -114.221 1212.35
v -2.09556 -113.954 1211.82
v -2.05139 -114.105 1211.53
v -2.08117 -114.208 1211.26
v -1.95535 -114.189 1211.77
v -1.98509 -114.304 1211.65
v -1.81487 -114.277 1212.01
v -2.1164 -114.473 1211.3
v -1.89356 -114.39 1211.86
v -1.97914 -114.518 1211.74
v -1.79783 -114.514 1211.99
v -2.39482 -114.835 1211.11
v -1.2814 -114.268 1213.17
v -1.71358 -114.036 1213.18
v -1.64147 -114.042 1212.8
v -1.31325 -114.254 1212.71
v -1.58588 -114.26 1213.59
v -1.81683 -114.416 1213.88
v -1.31481 -114.491 1213.64
v -1.91241 -114.201 1213.67
v -7.57036 -116.833 1209.26
v -1.67323 -114.73 1214.06
v -2.15386 -114.629 1214.1
v -2.37832 -114.903 1214.25
v -8.01954 -117.237 1210.39
v -3.66912 -115.218 1214.18
v -3.18431 -115.111 1214.27
v -3.5874 -115.827 1214.52
v -4.41307 -115.721 1214.17
v -4.71906 -115.57 1213.78
v -6.59113 -116.439 1212.48
v -7.71339 -117.253 1211.78
v -6.45583 -116.743 1213.37
v -5.94271 -116.949 1214.13
v -6.84621 -117.376 1213.69
v -7.53652 -117.781 1213.16
v -4.22458 -115.674 1206.64
v -4.03216 -115.774 1206.61
v -3.01605 -114.845 1208.38
v -2.98007 -115.043 1208.37
v -3.13503 -114.768 1208.36
v -3.40336 -115.084 1207.74
v -3.63348 -115.064 1207.64
v -3.53871 -115.524 1207.28
v -4.50693 -115.422 1206.98
v -5.43095 -115.908 1206.42
v -5.17536 -116.035 1206.12
v -6.29694 -116.62 1205.71
v -5.82468 -116.493 1205.63
v -6.93512 -117.021 1205.81
v -2.52928 -114.844 1209.7
v -1.50381 -114.487 1212.21
v -1.08181 -114.612 1212.39
v -1.48797 -114.806 1212.21
v -1.14807 -114.843 1212.27
v -2.22781 -114.834 1211.69
v -0.858823 -114.618 1212.83
v -0.930756 -114.604 1213.19
v -1.3105 -115.071 1212.26
v -2.08217 -114.999 1212.02
v -1.71327 -115.148 1212.26
v -9.58388 -118.752 1207.15
v -1.10387 -114.948 1213.82
v -0.720434 -115.087 1213.44
v -2.29279 -115.711 1212.44
v -3.05393 -115.885 1212.31
v -2.58306 -116.016 1212.74
v -4.41765 -116.605 1211.59
v -9.68753 -118.649 1208.33
v -1.76535 -115.102 1214.24
v -1.48115 -115.096 1214.14
v -1.58332 -115.579 1214.24
v -2.0439 -115.392 1214.35
v -1.97554 -115.808 1214.31
v -2.72464 -116.209 1213.78
v -2.98581 -116.109 1212.92
v -3.43513 -116.274 1212.75
v -4.35871 -116.791 1212.3
v -2.33371 -116.007 1214.25
v -2.8015 -115.51 1214.43
v -3.36787 -115.907 1214.54
v -3.12903 -116.003 1214.49
v -2.70521 -115.878 1214.38
v -3.02115 -116.156 1214.38
v -2.66936 -116.058 1214.26
v -2.66305 -116.175 1214.07
v -2.7848 -116.203 1214.08
v -2.98354 -116.291 1213.84
v -2.98604 -116.311 1214.12
v -3.10253 -116.452 1214.12
v -3.56578 -116.201 1214.64
v -3.38949 -116.156 1214.59
v -3.24266 -116.398 1214.51
v -3.41978 -116.533 1214.67
v -4.44573 -116.497 1214.66
v -9.1233 -118.568 1211.24
v -10.7116 -119.899 1209.74
v -5.77195 -117.405 1214.58
v -5.48786 -117.788 1214.93
v -7.33285 -118.673 1214.3
v -4.18634 -116.083 1206.28
v -3.99366 -116.134 1206.55
v -4.77002 -116.38 1205.75
v -4.94395 -116.806 1205.37
v -4.64574 -116.692 1205.67
v -4.84589 -117.087 1205.53
v -5.53556 -116.565 1205.48
v -5.88976 -117.04 1205
v -5.44647 -116.99 1205.06
v -6.90565 -117.924 1204.31
v -3.87116 -116.139 1207
v -6.50793 -117.134 1205.05
v -7.06748 -117.383 1205.05
v -9.01237 -118.987 1204.54
v -8.86444 -118.967 1204.19
v -4.97253 -117.187 1207.87
v -0.646387 -114.946 1212.34
v -0.847713 -115.089 1212.16
v -1.09532 -115.32 1212.21
v -1.51266 -116.013 1212.47
v -0.824233 -115.259 1213.69
v -1.05896 -115.476 1213.95
v -2.0991 -115.859 1212.56
v -2.14068 -116.138 1212.81
v -1.97775 -116.291 1212.96
v -1.82129 -116.194 1212.71
v -1.27868 -116.122 1214.06
v -1.68312 -116.337 1214.05
v -1.71044 -116.513 1213.82
v -2.41009 -116.23 1213.88
v -2.29545 -116.227 1213.17
v -1.821 -116.498 1213.41
v -3.56007 -116.785 1213.26
v -4.2327 -117.154 1212.83
v -11.2026 -120.201 1207.46
v -2.40389 -116.156 1214.1
v -3.2308 -116.512 1213.76
v -3.29658 -116.907 1213.95
v -5.38844 -117.605 1212.21
v -11.164 -120.168 1208.56
v -3.30055 -116.689 1214.59
v -3.24343 -116.87 1214.38
v -3.39758 -117.105 1214.79
v -3.34145 -117.303 1214.73
v -5.56918 -118.008 1212.79
v -5.33928 -118.043 1213.03
v -5.23642 -118.268 1213.24
v -6.09731 -118.45 1212.66
v -5.89771 -118.474 1213.03
v -3.58701 -117.343 1214.97
v -4.30265 -117.693 1215.17
v -4.95885 -117.821 1215.12
v -10.8504 -120.655 1211.2
v -6.50033 -119.052 1215.09
v -5.93234 -117.71 1204.43
v -5.73258 -117.827 1204.48
v -6.35703 -118.029 1204.15
v -6.20564 -118.285 1204.05
v -7.05196 -118.656 1203.7
v -6.73849 -118.528 1203.79
v -7.80145 -118.863 1203.67
v -8.10149 -118.636 1204.02
v -9.34098 -119.741 1203.45
v -9.50635 -119.573 1203.77
v -10.2628 -120.048 1204
v -11.2229 -120.908 1203.77
v -10.7436 -120.667 1203.41
v 0.0507342 -115.77 1212.41
v -0.168416 -115.64 1211.72
v -0.053409 -115.606 1211.91
v -0.249894 -115.858 1211.57
v -0.458765 -116.137 1211.62
v -10.5222 -120.126 1204.98
v -0.00629022 -115.971 1212.87
v 0.166106 -116.509 1212.84
v -1.10222 -116.72 1212.26
v -0.33068 -115.908 1213.34
v -0.725582 -116.533 1213.7
v -0.312469 -116.637 1213.38
v -1.64641 -116.507 1212.92
v -1.49626 -116.461 1212.64
v -1.31963 -116.763 1212.7
v -7.91507 -119.425 1208.84
v -8.82892 -120.317 1207.57
v -1.27623 -116.9 1213.4
v -0.969229 -117.034 1213.57
v -12.799 -122.047 1205.88
v -4.09414 -117.934 1213.35
v -9.51675 -120.821 1208.79
v -4.11483 -118.172 1215.28
v -3.53 -118.315 1215.09
v -3.34726 -118.267 1214.64
v -5.56151 -119.145 1213.59
v -5.93682 -118.88 1213.33
v -7.01035 -119.514 1212.81
v -3.79312 -118.665 1215.29
v -6.75983 -119.678 1213.34
v -6.70626 -120.076 1213.61
v -7.81365 -120.561 1212.91
v -5.75396 -119.136 1215.41
v -6.01292 -119.925 1215.57
v -6.11807 -118.504 1204.22
v -6.25493 -118.779 1204.51
v -6.95222 -118.862 1203.61
v -6.56384 -118.788 1203.81
v -6.58343 -119.042 1203.99
v -7.20992 -119.411 1203.5
v -8.00545 -119.551 1203.25
v -8.06317 -119.828 1203.15
v -7.08277 -119.534 1203.81
v -7.42497 -119.914 1203.95
v -7.94353 -120.107 1203.26
v -9.20761 -119.999 1203.2
v -9.15226 -120.572 1202.93
v -8.6453 -120.451 1202.99
v -7.85541 -120.263 1204.67
v -10.5914 -120.824 1203.16
v -10.2173 -121.02 1202.93
v -10.3972 -121.441 1202.83
v 0.193193 -116.263 1211.18
v 0.478337 -116.361 1211.2
v 0.660573 -116.52 1211.32
v -7.34199 -119.687 1205.54
v -11.5825 -121.915 1203.01
v 0.705163 -116.644 1211.69
v -11.9821 -121.831 1203.35
v 0.283536 -117.17 1212.73
v -0.554778 -117.239 1211.62
v -0.788127 -117.341 1212.08
v -0.933856 -117.294 1212.98
v -0.834006 -117.355 1213.23
v -0.570393 -117.281 1213.39
v -9.93229 -121.236 1208.01
v -3.45545 -118.364 1213.9
v -3.84695 -118.591 1213.62
v -3.52823 -118.925 1213.73
v -3.71121 -119.13 1213.67
v -3.19703 -118.995 1214.02
v -3.36722 -119.246 1213.64
v -9.65203 -121.198 1209.99
v -14.2999 -123.696 1206.6
v -3.12149 -119.027 1214.81
v -3.2693 -119.309 1215.1
v -4.21192 -119.57 1213.73
v -4.72581 -119.232 1213.72
v -5.77222 -120.484 1214.08
v -5.83256 -120.676 1214.28
v -6.38157 -120.782 1214
v -14.6149 -124.204 1208.13
v -5.38353 -119.739 1215.61
v -4.98528 -119.821 1215.61
v -4.51498 -120.155 1215.51
v -4.96935 -120.303 1215.58
v -5.24466 -120.502 1215.44
v -5.57003 -120.297 1215.57
v -5.56123 -120.476 1215.43
v -5.82026 -120.679 1215.18
v -7.72853 -121.042 1213.47
v -7.42192 -121.228 1213.75
v -5.66927 -120.127 1215.63
v -6.25139 -120.516 1215.6
v -5.78374 -120.393 1215.55
v -6.04759 -120.627 1215.52
v -5.83274 -120.604 1215.38
v -6.02181 -120.816 1215.31
v -6.59629 -120.665 1215.56
v -6.47414 -120.931 1215.6
v -6.27437 -120.972 1215.5
v -6.88596 -121.304 1215.66
v -8.03469 -121.726 1215.43
v -10.3983 -122.13 1213.71
v -12.3322 -123.132 1212
v -9.47138 -122.278 1214.83
v -8.87156 -120.83 1203.02
v -8.62193 -120.855 1203.37
v 1.21294 -117.36 1210.1
v -9.87591 -121.401 1202.83
v 1.02881 -116.987 1210.65
v -10.4123 -122.333 1203.13
v -10.9137 -122.472 1202.88
v -11.6183 -122.677 1202.85
v -12.8108 -123.224 1203.03
v -0.277996 -118.136 1211.44
v -13.6208 -123.744 1203.2
v -0.547639 -117.705 1213.05
v 0.0692227 -117.836 1212.8
v -0.290015 -117.992 1212.85
v -0.351501 -118.071 1212.63
v -0.00904387 -118.131 1212.7
v -14.1241 -123.917 1203.73
v -2.66067 -119.791 1213.72
v -3.56167 -119.545 1213.55
v -3.71125 -119.996 1213.48
v -12.301 -123.722 1207.38
v -2.8017 -119.642 1214.74
v -2.92949 -119.887 1214.87
v -4.87894 -120.113 1213.91
v -4.49876 -120.499 1213.82
v -13.0749 -124.609 1208.07
v -3.5485 -119.629 1215.23
v -5.15898 -120.694 1214.23
v -5.18871 -120.768 1214.53
v -4.61516 -120.825 1213.94
v -5.70259 -120.617 1214.23
v -12.413 -123.91 1208.82
v -15.5088 -125.246 1207.05
v -5.3673 -120.636 1215.08
v -5.68794 -120.676 1214.48
v -6.12647 -120.882 1214.27
v -5.94786 -120.812 1214.54
v -6.1432 -121.067 1214.97
v -6.29706 -121.219 1214.54
v -6.53504 -121.327 1214.24
v -6.99436 -121.52 1214.04
v -10.8089 -123.101 1211.23
v -6.51139 -121.241 1215.6
v -6.31384 -121.239 1215.36
v -6.49765 -121.65 1215.32
v -6.51732 -121.699 1214.79
v -6.74232 -121.845 1214.4
v -8.05579 -122.581 1214.1
v -8.96363 -122.286 1213.23
v -8.51867 -122.201 1213.68
v -9.00145 -122.862 1213.64
v -11.3043 -123.928 1211.52
v -15.2624 -125.31 1209.13
v -15.7483 -125.741 1208.39
v -7.02207 -121.769 1215.79
v -6.77072 -121.717 1215.75
v -6.66114 -121.751 1215.66
v -6.8131 -122.005 1215.83
v -6.71514 -122.061 1215.74
v -6.63738 -122.137 1215.29
v -14.4886 -124.957 1210.47
v -7.80748 -122.414 1215.81
v -7.19041 -122.416 1216
v -8.68602 -122.613 1215.51
v -10.0894 -123.086 1214.74
v -11.4051 -123.859 1213.79
v -13.0113 -124.351 1212.19
v -9.77253 -123.43 1215.12
v -10.9414 -124.057 1214.33
v 0.841555 -117.623 1210.08
v 1.00271 -118.454 1211.73
v -11.2401 -123.228 1203.68
v -0.0207818 -118.446 1212.32
v 0.117295 -118.474 1212.34
v -0.185089 -118.351 1212.13
v -11.355 -123.233 1204.77
v -14.4432 -124.903 1203.18
v -12.0509 -123.651 1205.91
v -15.036 -125.12 1203.42
v -2.69812 -120.12 1213.08
v -2.34677 -120.29 1213.08
v -2.98745 -120.125 1213.1
v -15.8548 -125.97 1203.77
v -2.23457 -120.21 1213.69
v -2.21994 -120.235 1213.98
v -3.29545 -120.378 1213.16
v -2.35306 -120.342 1214.32
v -2.47625 -120.572 1214.42
v -3.85874 -121.083 1213.41
v -4.18077 -121.305 1213.77
v -16.0762 -126.024 1206.03
v -3.69752 -120.673 1215.17
v -3.29089 -120.975 1214.9
v -3.5759 -121.098 1215
v -3.92379 -121.081 1215.09
v -4.14989 -121.211 1214.89
v -4.15701 -121.303 1214.58
v -4.68187 -121.011 1214.2
v -12.7602 -124.652 1209.77
v -13.4004 -125.146 1209.05
v -6.88023 -122.372 1214.51
v -6.76426 -122.371 1214.73
v -6.85502 -122.628 1214.57
v -6.71201 -122.698 1214.82
v -6.74658 -122.923 1214.62
v -7.15755 -122.541 1214.35
v -6.90477 -122.973 1214.49
v -10.8151 -123.985 1212.25
v -13.1823 -125.56 1210.21
v -13.6853 -125.694 1209.43
v -16.4595 -126.803 1207.97
v -6.59542 -122.638 1215.73
v -6.38009 -122.936 1215.86
v -8.05902 -123.107 1214.22
v -8.59319 -122.997 1214
v -9.06622 -123.397 1213.76
v -8.47399 -123.535 1214.09
v -9.92866 -124.426 1213.21
v -10.9509 -124.664 1212.45
v -15.673 -126.324 1209.91
v -16.0677 -126.434 1209.03
v -6.84194 -122.599 1216.07
v -6.68207 -122.616 1216
v -6.69403 -123.131 1216.19
v -7.53531 -122.972 1216.05
v -6.99942 -123.03 1216.18
v -7.2 -123.434 1216.15
v -8.23739 -123.194 1215.87
v -15.5334 -126.736 1210.46
v -16.2126 -127.177 1209.69
v -7.79801 -123.553 1216.04
v -8.10504 -123.806 1215.95
v -9.36113 -123.77 1215.41
v -11.2883 -125.003 1214.2
v -12.2427 -124.958 1213.37
v -13.71 -126.29 1212.2
v 1.97822 -118.054 1209.99
v 2.01723 -118.312 1210.33
v 0.915205 -118.821 1211.69
v 0.471712 -119.098 1210.71
v 0.749791 -119.34 1210.95
v 0.741504 -118.953 1211.69
v -14.1671 -125.289 1203.11
v -14.0184 -125.798 1203.36
v -2.11238 -120.742 1212.39
v -1.85052 -120.764 1212.41
v -13.6781 -125.646 1204.15
v -1.63605 -120.751 1213.04
v -2.32633 -120.831 1212.39
v -2.49766 -121.206 1212.33
v -16.4932 -127.022 1203.54
v -1.74037 -120.755 1213.53
v -1.86502 -120.995 1213.77
v -3.0826 -121.582 1212.76
v -3.26192 -121.855 1213.07
v -2.84113 -121.174 1214.56
v -2.35834 -121.33 1214.15
v -3.78959 -121.432 1213.41
v -3.82038 -121.58 1213.72
v -17.3578 -127.92 1204.12
v -3.42213 -121.41 1214.77
v -3.064 -121.418 1214.62
v -3.0123 -121.727 1214.36
v -3.58537 -121.487 1214.69
v -3.49334 -121.641 1214.39
v -14.7651 -126.928 1207.79
v -6.5181 -122.95 1214.93
v -6.52515 -123.147 1214.64
v -6.34234 -123.281 1214.6
v -5.93452 -123.28 1214.77
v -6.02841 -123.425 1214.45
v -6.38699 -123.5 1214.44
v -6.09023 -123.605 1214.3
v -6.75832 -123.257 1214.49
v -7.05448 -123.376 1214.43
v -6.70531 -123.648 1214.46
v -14.1171 -126.154 1208.98
v -14.2721 -126.757 1209.49
v -5.82044 -123.227 1215.34
v -5.84791 -123.275 1215.78
v -7.39377 -123.807 1214.62
v -7.26333 -123.78 1214.57
v -7.43958 -123.879 1214.79
v -7.19334 -123.908 1215.01
v -7.38426 -123.904 1215.05
v -7.23885 -123.879 1214.76
v -6.95924 -123.822 1214.56
v -6.9115 -123.953 1214.76
v -7.60231 -123.461 1214.37
v -7.99878 -123.65 1214.28
v -7.56656 -123.686 1214.46
v -7.76028 -123.879 1214.44
v -8.10507 -124.014 1214.2
v -7.52839 -123.843 1214.63
v -7.54902 -123.922 1214.73
v -7.75462 -124.078 1214.43
v -7.50176 -124.134 1214.8
v -7.74754 -124.326 1214.31
v -9.36522 -124.604 1213.5
v -9.79811 -125.074 1213.29
v -10.6797 -125.512 1212.78
v -16.7481 -127.666 1208.69
v -6.40405 -123.056 1216.09
v -6.28994 -123.366 1216.12
v -6.02594 -123.35 1215.99
v -6.40784 -123.638 1216.11
v -6.83665 -123.409 1216.2
v -7.26937 -123.751 1215.98
v -6.84229 -123.633 1216.15
v -7.05316 -123.858 1215.82
v -6.59102 -123.856 1215.97
v -6.74511 -123.925 1215.77
v -7.56027 -123.77 1216.01
v -7.28269 -123.847 1215.83
v -7.39567 -123.888 1215.88
v -7.57435 -123.989 1215.96
v -7.24663 -123.888 1215.59
v -7.45807 -124.04 1215.9
v -7.35537 -124.069 1215.68
v -7.29748 -124.221 1215.9
v -7.07347 -124.305 1215.61
v -16.1834 -127.613 1210.06
v -16.9906 -128.526 1208.95
v -7.78283 -123.888 1216.02
v -7.69492 -124.074 1216
v -7.92081 -124.197 1216
v -7.52787 -124.103 1215.97
v -7.32398 -124.303 1215.98
v -7.58341 -124.352 1216.03
v -8.82182 -124.488 1215.66
v -8.23964 -124.669 1215.84
v -9.30804 -125.085 1215.35
v -8.92493 -125.105 1215.44
v -9.25979 -125.289 1215.28
v -10.0004 -125.251 1215.02
v -11.136 -125.953 1214.21
v -12.3378 -125.795 1213.38
v -13.1163 -126.802 1212.64
v -15.6793 -127.696 1210.69
v -16.2304 -128.193 1210.2
v 1.97346 -118.672 1210.51
v 1.18439 -119.435 1209.28
v 1.4604 -119.786 1210.55
v 1.58814 -119.722 1210.57
v 1.04184 -119.623 1209.62
v 0.996287 -119.495 1210.93
v -1.37545 -121.24 1211.6
v -1.01249 -121.229 1212.62
v -1.24311 -121.18 1211.75
v -1.53783 -121.365 1211.54
v -16.0635 -127.186 1203.32
v -15.8557 -127.445 1203.32
v -1.80569 -121.761 1213.53
v -2.16151 -122.009 1213.67
v -2.91665 -122.077 1213.1
v -3.09951 -121.826 1212.8
v -17.3858 -128.236 1203.73
v -17.1287 -128.167 1203.58
v -16.842 -128.295 1203.48
v -2.4741 -121.686 1214.1
v -2.34647 -122.119 1213.63
v -2.6309 -122.099 1213.63
v -15.5482 -127.954 1204.91
v -17.357 -127.992 1203.89
v -17.8199 -128.668 1204.7
v -17.961 -128.936 1204.12
v -4.87393 -123.502 1215.07
v -4.93616 -123.554 1215.33
v -4.54252 -123.741 1215.12
v -5.43133 -123.501 1214.22
v -6.26552 -123.791 1214.32
v -5.82992 -124.26 1214.31
v -6.35389 -124.066 1214.51
v -14.9113 -127.498 1208.79
v -5.22787 -123.72 1215.61
v -5.57026 -124.034 1215.65
v -6.1584 -124.176 1214.76
v -6.82258 -124.632 1214.53
v -7.24843 -124.654 1214.36
v -7.54323 -124.826 1214.23
v -6.85962 -124.796 1214.29
v -7.2922 -124.969 1214.26
v -7.49768 -125.078 1214.25
v -7.66231 -125.227 1214.26
v -8.01697 -125.033 1214.05
v -8.81247 -125.261 1213.74
v -9.13154 -125.4 1213.63
v -14.4559 -127.541 1209.73
v -14.3835 -127.99 1209.97
v -6.86473 -124.432 1215.76
v -6.97767 -124.473 1215.96
v -6.83514 -124.646 1215.95
v -6.55403 -124.634 1215.71
v -6.43321 -124.779 1215.73
v -6.62911 -124.873 1215.85
v -8.6041 -125.526 1214.74
v -7.9484 -125.414 1214.56
v -8.46128 -125.419 1214.04
v -8.85175 -125.521 1213.89
v -8.79323 -125.572 1214.04
v -8.95968 -125.659 1213.91
v -8.60159 -125.556 1214.36
v -8.85754 -125.661 1214.09
v -8.80207 -125.726 1214.32
v -8.77982 -125.699 1214.65
v -8.9388 -125.81 1214.03
v -9.45912 -125.79 1213.44
v -16.8129 -128.691 1209.45
v -17.0743 -129.393 1209.03
v -17.4609 -129.6 1208.3
v -7.09824 -124.538 1216.02
v -7.569 -124.672 1216.01
v -7.08112 -124.864 1215.98
v -7.4149 -125.005 1215.92
v -7.03563 -125.081 1215.88
v -7.25553 -125.158 1215.81
v -7.38341 -125.233 1215.68
v -8.28883 -125.008 1215.7
v -7.96707 -125.103 1215.7
v -7.91774 -125.282 1215.35
v -8.6912 -125.195 1215.41
v -8.89115 -125.278 1215.3
v -9.06224 -125.481 1215.15
v -8.61173 -125.414 1215.05
v -8.85505 -125.61 1214.92
v -9.25695 -125.799 1215.07
v -8.89799 -125.786 1214.85
v -8.83563 -125.854 1214.72
v -10.4093 -126.341 1214.53
v -9.74413 -126.089 1214.94
v -12.863 -127.644 1212.54
v -15.7365 -128.314 1210.67
v -15.1466 -128.44 1211.05
v -16.5418 -128.762 1209.86
v 2.7566 -119.461 1207.55
v 3.16295 -119.481 1208.09
v 2.87445 -119.222 1208.95
v 2.93689 -119.532 1209
v 2.52213 -119.483 1209.65
v 2.23096 -119.813 1209.91
v -0.474103 -121.682 1210.74
v -0.565078 -121.83 1210.52
v -0.442854 -121.751 1212.07
v -0.578432 -121.943 1212.24
v -1.95094 -122.118 1211.6
v -1.94492 -122.395 1211.66
v -1.84179 -122.536 1211.71
v -0.943965 -122.277 1212.5
v -16.2308 -128.219 1203.51
v -16.0825 -128.282 1203.69
v -16.1965 -128.607 1203.99
v -16.7746 -128.796 1203.6
v -16.5914 -128.898 1203.74
v -17.2254 -129.506 1203.71
v -17.6293 -129.826 1203.77
v -3.94049 -124.085 1212.9
v -17.9176 -129.493 1203.86
v -4.88509 -123.797 1213.65
v -5.47844 -124.253 1213.89
v -5.08646 -124.17 1213.6
v -5.00911 -124.48 1213.62
v -4.84698 -124.624 1213.82
v -18.5134 -130.054 1204.64
v -18.5595 -130.367 1204.27
v -4.29194 -124.068 1214.96
v -4.70351 -124.408 1214.99
v -4.39358 -124.361 1214.91
v -15.5999 -128.62 1207.83
v -4.98774 -124.071 1215.39
v -5.40513 -124.306 1215.2
v -7.27404 -125.101 1214.26
v -7.35465 -125.304 1214.37
v -6.88516 -125.127 1214.14
v -6.94369 -125.36 1214.18
v -6.95373 -125.447 1214.26
v -6.9992 -125.488 1214.58
v -15.0371 -128.681 1209.36
v -15.2985 -128.633 1208.88
v -15.4657 -129.178 1208.69
v -15.1349 -129.311 1209.07
v -6.07355 -125.121 1215.53
v -6.2488 -125.298 1215.55
v -6.94856 -125.282 1215.68
v -6.91055 -125.459 1215.25
v -7.39753 -125.39 1214.68
v -7.76822 -125.36 1214.4
v -8.84278 -125.906 1214.3
v -8.81018 -125.906 1214.47
v -8.89813 -126.018 1214.08
v -8.7796 -126.041 1214.42
v -9.07948 -125.956 1213.78
v -8.87318 -126.413 1213.79
v -9.26415 -126.685 1213.34
v -9.73517 -126.497 1213.12
v -10.0364 -126.802 1212.86
v -9.68787 -126.863 1213.14
v -9.85111 -126.945 1213.04
v -10.0017 -127.021 1212.89
v -9.75563 -127.074 1213.19
v -9.85208 -127.102 1213.13
v -9.85586 -127.186 1213.22
v -10.3324 -126.525 1212.75
v -11.3627 -127.061 1211.97
v -11.8702 -127.898 1211.37
v -12.9936 -128.482 1210.65
v -14.4804 -128.657 1209.83
v -8.7737 -126.058 1214.68
v -8.90355 -126.152 1214.92
v -9.14017 -126.301 1214.98
v -8.58688 -126.448 1214.82
v -9.51033 -126.766 1214.74
v -9.66641 -127.073 1214.48
v -10.7786 -126.945 1214.02
v -10.3797 -127.064 1214.09
v -10.3755 -127.375 1213.59
v -10.1872 -127.231 1213.86
v -10.0217 -127.19 1214.06
v -10.1259 -127.344 1213.5
v -9.8989 -127.284 1213.72
v -10.8782 -127.374 1213.61
v -14.3364 -129.119 1211.22
v -15.7177 -129.088 1210.48
v -16.0104 -129.837 1209.89
v -16.4163 -129.252 1209.88
v -16.8001 -129.784 1209.26
v 3.21646 -119.626 1207.55
v 3.24364 -119.942 1206.99
v 3.09579 -120.16 1206.81
v 2.87401 -120.24 1206.92
v 2.18954 -120.602 1207.71
v 2.24205 -120.787 1208.74
v 2.18786 -120.857 1208.05
v -0.700993 -122.645 1210.15
v -0.0785431 -121.822 1211.5
v -0.12021 -121.736 1211.1
v -0.251695 -122.36 1211.76
v -0.363334 -122.625 1211.74
v -1.38008 -122.762 1211.65
v -0.924665 -122.631 1212.19
v -1.14626 -122.713 1212.16
v -2.71667 -124.16 1213.14
v -3.0312 -124.128 1212.62
v -3.28886 -124.041 1213.99
v -3.29282 -124.218 1214.11
v -4.06932 -124.317 1212.84
v -3.98087 -124.944 1213.04
v -17.1208 -130.226 1204.46
v -17.7807 -130.643 1203.97
v -17.4876 -130.478 1204.02
v -18.3064 -130.466 1204.05
v -18.1171 -130.822 1204.02
v -3.47672 -124.469 1214.23
v -3.62693 -124.744 1214.17
v -3.79207 -124.85 1214.09
v -5.12244 -125.59 1213.49
v -18.8323 -131.023 1204.61
v -18.6382 -131.033 1204.29
v -6.2357 -125.875 1213.87
v -5.93455 -125.911 1213.46
v -16.0914 -129.682 1207.3
v -18.74 -130.894 1205.17
v -18.8072 -131.377 1205.42
v -18.8968 -131.511 1204.62
v -18.9446 -131.556 1204.83
v -5.4765 -125.232 1214.83
v -5.36942 -125.358 1214.92
v -5.5566 -125.525 1215.11
v -5.32453 -125.52 1214.94
v -5.62126 -125.811 1214.96
v -11.0802 -127.907 1211.63
v -11.1121 -128.267 1211.39
v -11.5919 -128.263 1211.21
v -12.7717 -129.155 1210.21
v -14.5086 -129.671 1209.22
v -15.9007 -130.007 1207.78
v -5.98951 -125.752 1215.09
v -6.11062 -125.836 1214.85
v -8.14885 -126.921 1213.99
v -8.2571 -127.134 1213.48
v -8.59246 -126.924 1213.61
v -8.89037 -127.158 1213.29
v -9.01793 -127.343 1213.23
v -8.33622 -127.307 1213.25
v -9.47793 -126.994 1213.25
v -9.77075 -127.159 1213.26
v -9.65878 -127.18 1213.31
v -10.0255 -127.305 1213.08
v -9.80302 -127.227 1213.35
v -9.89791 -127.25 1213.3
v -10.0877 -127.378 1213.26
v -9.73579 -127.279 1213.48
v -9.27556 -127.141 1213.27
v -9.48293 -127.378 1213.45
v -10.4352 -127.353 1212.32
v -10.2898 -127.462 1212.54
v -10.7823 -127.942 1211.89
v -10.5163 -127.836 1212.51
v -10.6956 -127.977 1212.63
v -10.7762 -128.177 1212.05
v -10.8489 -128.269 1212.18
v -11.1682 -128.519 1212.26
v -10.897 -128.302 1211.65
v -10.8538 -128.405 1211.86
v -10.9305 -128.487 1212.03
v -14.1188 -129.273 1209.72
v -8.21632 -126.733 1214.44
v -7.96138 -127.004 1214.55
v -8.51755 -126.718 1214.88
v -8.78276 -126.902 1214.85
v -9.59836 -127.403 1213.94
v -8.91259 -127.429 1214.47
v -9.96962 -127.296 1213.46
v -11.2959 -128.19 1212.69
v -11.9971 -128.314 1212.54
v -11.5854 -128.587 1212.38
v -13.6932 -129.437 1211.31
v -15.0666 -130.132 1210.27
v -15.6092 -130.569 1209.62
v 4.03453 -120.75 1206.35
v 3.97721 -120.606 1206.84
v 3.90659 -120.655 1207.27
v 3.78072 -120.789 1207.54
v 2.61357 -121.002 1208.56
v 0.631737 -122.311 1209.26
v 0.379447 -122.434 1209.17
v 0.157945 -122.617 1209.21
v 1.00968 -122.702 1210.13
v 0.633058 -122.899 1210.52
v -0.801083 -122.91 1210.3
v -0.764575 -123.043 1210.59
v -2.15815 -124.544 1211.4
v -1.91656 -124.602 1212.64
v -2.18701 -124.41 1212.85
v -2.25701 -124.499 1213.03
v -2.45779 -124.764 1213.24
v -2.46905 -125.002 1213.14
v -1.94077 -124.738 1212.71
v -3.16524 -125.179 1213.22
v -3.89428 -124.903 1212.7
v -5.53886 -125.782 1213.27
v -5.19051 -125.706 1213.25
v -4.40295 -126.02 1212.9
v -4.56923 -126.045 1212.76
v -4.84005 -126.155 1212.7
v -5.14977 -126.294 1212.78
v -17.5036 -131.383 1204.63
v -18.4871 -131.454 1204.25
v -17.8563 -131.653 1204.29
v -18.6673 -131.922 1204.43
v -5.36225 -126.552 1213.19
v -17.1478 -131.456 1205.54
v -18.9578 -131.856 1205.06
v -18.9405 -131.792 1204.74
v -18.8581 -131.718 1204.56
v -18.8549 -132.073 1204.66
v -18.9217 -132.126 1204.85
v -18.8436 -132.327 1204.82
v -18.6388 -132.332 1204.57
v -8.57857 -127.58 1213.05
v -10.3396 -128.801 1211.5
v -10.2166 -128.811 1211.21
v -11.0714 -128.458 1211.25
v -10.759 -128.665 1211.12
v -10.6694 -128.659 1211.51
v -11.5867 -128.804 1210.73
v -13.8624 -129.711 1209.43
v -14.2455 -130.272 1208.68
v -15.7814 -130.635 1207.54
v -18.4076 -132.113 1206.21
v -18.6273 -131.793 1205.98
v -18.8714 -132.055 1205.4
v -18.8916 -132.276 1205.16
v -18.7645 -132.27 1205.56
v -18.8011 -132.481 1205.25
v -8.98798 -127.641 1213.22
v -9.12145 -127.804 1213.53
v -8.60296 -127.882 1212.94
v -8.64738 -128.033 1212.98
v -8.69232 -128.154 1213.24
v -10.563 -128.859 1211.81
v -10.8323 -128.514 1211.61
v -10.852 -128.546 1211.83
v -10.8874 -128.577 1211.91
v -10.9549 -128.624 1212
v -11.2463 -128.809 1212.14
v -10.8153 -128.638 1211.8
v -10.8607 -128.671 1211.89
v -10.7511 -128.713 1211.79
v -10.8012 -128.755 1211.88
v -10.9405 -128.854 1211.99
v -11.0346 -129.12 1212.03
v -10.5651 -129.143 1211.96
v -17.9917 -131.897 1206.8
v -7.90664 -127.315 1214.56
v -8.18168 -127.521 1214.51
v -8.16149 -127.922 1214.18
v -9.0453 -127.816 1213.95
v -8.9094 -127.776 1214.14
v -11.4473 -129.232 1212.02
v -12.041 -129.082 1212.04
v -11.669 -129.494 1211.81
v -13.136 -129.884 1211.18
v -13.9853 -130.329 1210.56
v -14.6255 -130.921 1209.74
v 3.32251 -122.057 1206.75
v 3.17854 -122.008 1206.05
v 2.99024 -121.789 1206.76
v 3.537 -121.668 1207.44
v 1.50032 -122.628 1208.72
v 1.54462 -122.836 1207.85
v 1.47259 -122.607 1209.16
v 1.44027 -122.676 1209.47
v 0.376776 -123.241 1208.7
v 0.51246 -123.201 1210.4
v 0.467321 -123.373 1210.19
v 0.188849 -123.376 1210.21
v -1.017 -124.834 1210.86
v -1.97156 -124.915 1210.81
v -1.14755 -124.772 1211.37
v -1.01837 -124.886 1211.46
v -1.81993 -125.182 1212.46
v -2.56325 -125.288 1211.23
v -2.5403 -125.525 1211.3
v -2.56118 -125.31 1212.92
v -4.05924 -126.115 1213.07
v -5.15877 -126.563 1212.75
v -17.5048 -132.159 1204.82
v -17.0792 -132.285 1205.15
v -18.2982 -132.157 1204.39
v -17.7845 -132.359 1204.55
v -17.6094 -132.568 1204.63
v -4.24282 -126.372 1213.84
v -4.44044 -126.538 1213.86
v -4.87327 -126.57 1213.97
v -7.58802 -128.451 1212
v -10.0946 -129.04 1210.67
v -11.7931 -130.226 1209.29
v -12.5756 -130.477 1208.98
v -17.1004 -131.777 1205.55
v -17.8028 -132.742 1204.57
v -18.1497 -132.908 1204.66
v -18.7898 -132.539 1205.01
v -18.6295 -132.713 1204.88
v -7.05424 -127.758 1213.59
v -8.21383 -128.583 1212.74
v -7.91616 -128.39 1212.22
v -8.01661 -128.664 1212.28
v -9.13361 -129.015 1211.66
v -9.11751 -129.273 1211.95
v -9.92275 -128.899 1211.55
v -9.83698 -129.042 1211.79
v -9.40639 -128.938 1211.33
v -13.5544 -130.708 1208.41
v -17.4762 -132.64 1206.48
v -18.5986 -132.626 1205.56
v -18.6486 -132.744 1205.21
v -18.2971 -132.65 1205.91
v -18.3376 -133.019 1205.4
v -7.12281 -128.044 1213.83
v -7.02462 -127.902 1213.76
v -7.48258 -128.053 1214.01
v -7.64212 -128.296 1213.81
v -7.21291 -128.504 1213.5
v -8.05902 -128.443 1213.61
v -8.06807 -128.658 1213.15
v -10.3674 -129.365 1211.95
v -9.70697 -129.412 1211.94
v -10.7817 -129.322 1211.96
v -10.44 -129.68 1211.79
v -13.14 -130.626 1210.53
v 4.13899 -122.283 1204.5
v 4.53241 -121.481 1205.95
v 3.57044 -122.11 1206.86
v 2.65436 -123.32 1207.16
v 1.80659 -123.284 1207
v 1.74429 -123.615 1206.79
v 1.46506 -123.908 1207.11
v 1.9966 -123.76 1208.35
v 0.754549 -123.697 1208.35
v 1.11233 -123.887 1208.4
v 1.60666 -123.995 1208.32
v -0.725396 -125.073 1209.81
v -0.62954 -125.241 1209.38
v -0.92109 -125.406 1209.46
v -1.60675 -125.768 1210.05
v -0.962905 -125.045 1211.5
v -1.0125 -125.202 1211.58
v -1.69262 -125.99 1211.07
v -1.39536 -125.755 1211.68
v -3.23681 -127.007 1211.03
v -4.09498 -126.662 1211.86
v -3.26897 -126.729 1211.48
v -3.95629 -127.285 1211.28
v -3.37298 -126.502 1212.84
v -3.44307 -126.561 1213.06
v -3.42254 -126.757 1213.04
v -3.21932 -127.034 1212.7
v -2.97454 -126.935 1212.53
v -4.50593 -127.05 1211.98
v -4.4934 -127.268 1212.04
v -4.47372 -127.324 1212.27
v -3.70521 -126.892 1213.16
v -3.94026 -127.117 1213.06
v -4.44035 -127.068 1213.21
v -16.2295 -132.493 1205.28
v -17.1348 -132.804 1204.56
v -17.4581 -133.003 1204.49
v -6.63459 -128.281 1212.25
v -6.9199 -128.381 1211.95
v -7.70945 -128.671 1211.9
v -7.67028 -128.83 1211.73
v -7.82427 -128.923 1211.86
v -8.1986 -129.167 1211.46
v -7.91597 -129.116 1211.74
v -7.81646 -129.148 1211.42
v -7.32632 -128.996 1211.34
v -8.402 -129.565 1210.66
v -8.65949 -129.781 1210.41
v -9.09405 -129.892 1210.1
v -11.4481 -130.654 1209.07
v -12.0775 -130.613 1209.02
v -12.3346 -130.737 1208.91
v -12.4983 -130.831 1208.79
v -12.0663 -130.853 1208.99
v -12.2876 -130.936 1208.93
v -12.447 -131.006 1208.84
v -13.0677 -131.007 1208.3
v -12.8178 -131.038 1208.44
v -12.6864 -131.129 1208.58
v -13.2301 -131.377 1207.82
v -13.4772 -131.631 1207.34
v -13.2472 -131.594 1207.55
v -13.0241 -131.522 1207.98
v -13.1339 -131.655 1207.62
v -14.307 -131.668 1206.95
v -17.1931 -133.529 1205.42
v -18.1962 -133.103 1204.79
v -17.977 -133.105 1204.66
v -17.946 -133.434 1204.9
v -17.7763 -133.531 1205.09
v -17.4475 -133.606 1204.48
v -6.56342 -128.224 1213.08
v -6.547 -128.419 1213.15
v -6.31141 -128.511 1212.85
v -6.64336 -128.131 1212.92
v -7.83836 -128.977 1212.57
v -7.72638 -129.158 1212.44
v -7.65384 -129.093 1212.7
v -7.49627 -129.281 1212.57
v -7.86221 -128.802 1212.02
v -7.89345 -128.873 1212.12
v -7.87746 -129.05 1212.03
v -7.87536 -128.967 1212.32
v -8.06091 -129.207 1211.98
v -7.82446 -129.195 1212.23
v -8.02498 -129.351 1212.17
v -7.86155 -129.429 1212.24
v -8.0354 -129.478 1212.2
v -7.6578 -129.445 1212.33
v -7.84069 -129.535 1212.23
v -9.19249 -130.185 1211.52
v -11.8722 -131.129 1209.21
v -12.1869 -131.094 1209.08
v -12.4446 -131.151 1208.93
v -12.6028 -131.257 1208.8
v -12.4153 -131.245 1209.14
v -12.5986 -131.338 1209.44
v -12.2363 -131.21 1209.24
v -12.0314 -131.214 1209.44
v -12.6871 -131.399 1208.93
v -12.9407 -131.635 1208.52
v -13.3681 -131.925 1208.73
v -18.1877 -133.237 1205.13
v -18.0133 -133.217 1205.48
v -7.51296 -128.899 1213.12
v -9.35026 -129.667 1211.94
v -11.5079 -130.734 1210.68
v -12.4718 -131.084 1210.08
v -11.7134 -131.086 1210.11
v -13.2151 -131.475 1209.4
v -14.1763 -131.93 1208.67
v 4.82321 -122.153 1205.62
v 3.88944 -122.652 1204.68
v 3.12351 -123.815 1205.56
v 3.05376 -123.592 1206.87
v 1.95223 -124.091 1206.33
v 1.90208 -124.022 1208.14
v 1.49119 -124.101 1207.3
v 0.100747 -125.31 1209.68
v -0.521181 -126.199 1208.56
v 0.189026 -125.404 1209.8
v -0.854526 -126.483 1209.49
v -1.01263 -126.284 1209.27
v -0.457285 -125.757 1210.76
v -0.291105 -126.34 1210.18
v -0.748054 -126.324 1210.47
v -2.39493 -127.431 1211.72
v -2.8548 -127.906 1211.64
v -3.80379 -127.812 1210.87
v -3.83031 -127.929 1211.06
v -3.41716 -128.01 1211.65
v -5.43953 -129.167 1210.71
v -15.1761 -133.179 1204.52
v -5.83078 -128.773 1211.81
v -7.59243 -129.44 1210.84
v -8.02535 -129.851 1210.5
v -7.51069 -129.797 1210.41
v -7.6669 -130.1 1210.39
v -8.51593 -130.058 1210.19
v -8.16548 -130.298 1210.09
v -8.40888 -130.465 1209.45
v -10.2891 -130.54 1209.14
v -12.9921 -132.061 1207.09
v -12.8598 -132.241 1207.21
v -13.1679 -132.057 1206.88
v -12.8032 -132.348 1206.62
v -14.1395 -132.638 1205.63
v -14.0591 -132.856 1205.42
v -6.21936 -129.038 1212.49
v -5.76604 -128.861 1212.07
v -5.81666 -128.966 1212.18
v -8.10707 -129.679 1210.59
v -8.05816 -129.975 1210.5
v -8.13461 -130.282 1211.14
v -8.00087 -130.188 1210.68
v -8.09106 -130.34 1210.69
v -8.00814 -130.249 1210.88
v -8.12289 -130.323 1210.91
v -8.28966 -130.418 1211.05
v -7.68139 -130.271 1210.65
v -8.3454 -129.765 1210.51
v -8.28376 -129.86 1210.49
v -8.33738 -129.983 1210.43
v -8.21899 -130.053 1210.51
v -8.2251 -130.166 1210.45
v -8.31925 -130.641 1210.87
v -10.4646 -130.932 1209.02
v -10.3113 -131.213 1209.23
v -11.3448 -131.045 1209.16
v -13.1713 -131.783 1207.35
v -13.0431 -131.801 1208.13
v -13.0758 -131.852 1207.46
v -13.0478 -131.848 1207.75
v -13.0135 -132.033 1207.57
v -13.0597 -132.099 1207.74
v -13.1974 -132.386 1207.81
v -13.004 -132.435 1207.51
v -14.4958 -133.061 1206.86
v -16.5095 -134.062 1204.68
v -17.2734 -133.834 1204.54
v -16.926 -134.006 1204.57
v -6.97581 -129.418 1212.44
v -7.32773 -129.61 1212.27
v -8.25392 -129.809 1212.03
v -7.87011 -129.865 1211.99
v -7.65033 -130.212 1211.47
v -8.48202 -130.146 1211.58
v -8.53568 -130.503 1211.1
v -10.3539 -131.064 1210.43
v -10.5199 -131.264 1209.96
v -11.3217 -131.175 1209.34
v -13.3845 -132.242 1208.22
v -13.3582 -132.569 1207.8
v -13.6019 -132.514 1207.96
v 4.65349 -122.702 1203.82
v 4.33786 -123.416 1203.89
v 4.55934 -123.445 1203.53
v 4.96859 -122.86 1205.28
v 4.34806 -123.534 1204.08
v 4.74952 -123.257 1205.22
v 4.49282 -123.374 1205.05
v 3.02313 -123.984 1205.26
v 2.89675 -124.077 1205.26
v 3.30288 -123.901 1206.64
v 3.35792 -124.201 1206.52
v 2.83865 -124.609 1206.71
v 3.21309 -124.661 1206.39
v 2.42998 -124.64 1205.68
v 2.71162 -124.911 1205.54
v 2.80475 -124.924 1205.83
v 2.36642 -124.558 1206.79
v 0.843877 -125.694 1208.09
v 0.912611 -125.854 1207.33
v 0.791575 -125.648 1208.71
v 0.558649 -125.749 1209.39
v 0.433545 -126.203 1209.48
v -1.98167 -127.471 1209.82
v -2.12875 -127.624 1209.68
v -1.93276 -127.372 1210.11
v -2.59265 -128.46 1209.21
v -2.05008 -127.311 1211.31
v -1.82258 -127.332 1210.78
v -1.54223 -127.701 1210.7
v -1.59166 -127.917 1210.63
v -1.84538 -128.309 1210.53
v -14.967 -133.755 1203.51
v -6.81381 -129.877 1210.14
v -6.85924 -130.28 1209.87
v -6.83104 -130.442 1209.88
v -8.88176 -131.41 1208.39
v -12.6999 -132.732 1206.01
v -12.8719 -132.924 1205.77
v -13.532 -132.765 1205.7
v -13.6204 -132.973 1205.54
v -13.0765 -133.047 1205.68
v -13.2067 -133.236 1205.67
v -14.3782 -132.992 1205.14
v -14 -133.051 1205.36
v -14.3624 -133.204 1205.04
v -14.7569 -133.418 1204.57
v -14.6618 -133.62 1204.7
v -14.7272 -133.754 1204.47
v -14.9337 -133.621 1203.83
v -14.834 -133.563 1204.34
v -14.8624 -133.635 1204.05
v -14.5429 -133.863 1203.82
v -14.6945 -133.812 1204.24
v -7.48652 -130.96 1210.19
v -8.87998 -130.927 1208.78
v -9.11026 -131.102 1208.62
v -9.51737 -131.274 1208.79
v -9.42385 -131.451 1208.93
v -9.20119 -131.444 1208.63
v -12.4874 -132.543 1206.69
v -12.5042 -132.623 1206.9
v -12.4091 -132.909 1206.92
v -13.6889 -133.321 1205.66
v -13.787 -133.368 1205.84
v -13.4335 -133.299 1205.68
v -13.5135 -133.4 1206.09
v -13.4285 -133.366 1205.78
v -14.082 -133.297 1205.36
v -14.2792 -133.436 1205.7
v -13.7227 -133.162 1205.51
v -14.1667 -133.421 1205.49
v -14.6543 -133.615 1205.41
v -14.3801 -133.478 1205.13
v -14.4997 -133.605 1205.15
v -14.7058 -133.764 1204.84
v -14.7882 -133.9 1204.65
v -14.8882 -133.899 1204.84
v -15.3138 -133.845 1205.14
v -15.1773 -134.081 1204.73
v -14.8958 -134.008 1204.66
v -6.21746 -129.991 1211.47
v -6.9613 -130.258 1211.36
v -7.515 -130.342 1211.05
v -8.17034 -130.512 1210.82
v -8.05296 -130.588 1210.68
v -7.94835 -130.46 1210.36
v -8.50569 -130.733 1210.83
v -8.13917 -131.212 1210.22
v -9.40205 -131.471 1209.69
v -12.7335 -132.758 1207.18
v -12.5454 -133.095 1207.01
v -13.277 -132.723 1207.6
v -13.3716 -132.814 1207.55
v -13.6605 -133.014 1207.27
v -13.0347 -132.914 1207.34
v -13.047 -133.177 1207.17
v -13.3162 -133.366 1206.81
v -14.8327 -133.455 1205.87
v -14.2189 -133.298 1206.31
v 5.50823 -123.485 1202.83
v 5.72656 -123.495 1203.03
v 5.95315 -123.671 1203.26
v 5.79729 -123.644 1203.92
v 3.15107 -124.68 1204.6
v 3.2649 -125.079 1204.32
v 3.3432 -125.357 1204.26
v 4.08514 -124.37 1205.48
v 4.14777 -124.64 1205.41
v 2.94421 -125.091 1205
v 3.32021 -125.107 1205.72
v 1.89517 -126.314 1206.13
v 1.72057 -126.143 1206.85
v 1.03321 -126.635 1206.3
v 0.314451 -127.068 1208.42
v 0.687608 -127.094 1208.41
v -1.22825 -128.257 1208.3
v -0.914858 -128.081 1208.24
v -0.555635 -128.01 1208.41
v -0.798237 -127.933 1209.71
v -2.98438 -128.579 1209.47
v -2.94386 -128.869 1209.39
v -2.7758 -129.12 1209.23
v -2.88131 -128.867 1210.05
v -4.3637 -129.826 1210.3
v -5.1365 -129.851 1209.43
v -5.90721 -130.452 1209.24
v -14.4848 -134.404 1202.79
v -4.57577 -129.906 1210.53
v -4.68426 -130.35 1210.23
v -8.73978 -131.71 1208.29
v -8.17694 -131.415 1208.14
v -8.14924 -131.876 1207.77
v -11.8634 -133.015 1206.04
v -12.6413 -133.277 1205.62
v -12.6932 -133.42 1205.64
v -11.8816 -133.236 1205.58
v -12.3421 -133.563 1205.51
v -12.4894 -133.646 1205.65
v -12.9789 -133.245 1205.68
v -14.7107 -133.965 1204.41
v -14.4423 -134.056 1204.09
v -14.5282 -134.263 1204.22
v -15.0305 -134.446 1204.19
v -15.0177 -134.593 1203.08
v -15.475 -134.582 1203.81
v -15.2678 -134.66 1203.37
v -15.2616 -134.698 1203.51
v -7.31861 -130.904 1209.99
v -6.84459 -131.124 1209.42
v -7.49047 -131.304 1210.02
v -8.72793 -131.819 1208.41
v -11.9369 -132.999 1206.48
v -12.1021 -133.539 1206.72
v -12.9742 -133.6 1206.31
v -12.5501 -133.665 1206.69
v -12.3454 -133.62 1206.74
v -13.2063 -133.371 1205.76
v -13.018 -133.375 1205.73
v -13.1344 -133.459 1205.89
v -12.8349 -133.51 1205.77
v -12.7892 -133.63 1205.92
v -14.8502 -134.106 1204.51
v -14.9083 -134.309 1204.37
v 5.56839 -124.447 1202
v 5.88642 -124.583 1203.47
v 4.16371 -125.246 1203.23
v 4.79834 -124.788 1204.32
v 5.02776 -125.146 1204.22
v 4.12172 -125.592 1203.14
v 3.97861 -125.81 1203.3
v 4.63788 -125.35 1204.6
v 2.6525 -126.779 1205.13
v 1.98356 -126.5 1205.56
v 1.54408 -126.475 1205.87
v 2.13426 -126.374 1206.63
v 2.0874 -126.411 1206.93
v 0.942669 -127.516 1206.35
v 0.986318 -127.585 1206.62
v -3.59267 -130.176 1209.07
v -4.77921 -130.849 1208.25
v -4.82236 -131.011 1208.25
v -4.69465 -130.861 1209.68
v -5.70635 -130.758 1209.02
v -5.46427 -130.979 1209.02
v -6.74216 -131.416 1208.02
v -7.58877 -131.866 1207.51
v -14.828 -134.804 1203.03
v -14.7549 -134.918 1203.11
v -14.6493 -134.965 1203.22
v -5.08917 -130.917 1209.8
v -5.62461 -130.971 1209.62
v -5.53515 -130.942 1209.85
v -6.54941 -131.703 1209.24
v -7.77826 -132.439 1208.04
v -10.6687 -133.777 1205.69
v -10.7017 -133.871 1205.87
v -11.925 -133.586 1205.34
v -11.8636 -133.975 1205.34
v -11.8293 -134.196 1205.62
v -14.7087 -134.805 1203.61
v -14.0549 -134.759 1203.72
v -14.203 -134.847 1203.63
v -7.10538 -131.792 1209.35
v -11.6361 -133.498 1206.49
v -11.5842 -134.045 1206.23
v -11.9397 -134.114 1206.07
v 6.53241 -124.612 1202.69
v 5.65671 -125.141 1201.84
v 5.78975 -125.141 1201.53
v 5.77008 -125.446 1201.69
v 5.67867 -125.542 1201.87
v 6.24625 -124.662 1203.13
v 6.29189 -124.994 1202.91
v 6.02751 -125.01 1203
v 6.59947 -125.017 1202.62
v 6.38422 -125.214 1202.72
v 5.36525 -124.757 1202.72
v 5.81608 -124.945 1203.04
v 5.73919 -125.131 1202.53
v 5.42234 -125.258 1202.92
v 5.75216 -125.272 1202.17
v 5.84596 -125.284 1202.45
v 5.99848 -125.225 1202.72
v 5.75584 -125.388 1202.09
v 6.14531 -125.276 1202.74
v 5.98799 -125.349 1202.64
v 5.85617 -125.398 1202.5
v 5.76972 -125.437 1202.45
v 5.86377 -125.468 1202.71
v 5.87023 -125.484 1202.89
v 6.22187 -125.357 1202.7
v 6.11372 -125.402 1202.68
v 5.94466 -125.499 1202.74
v 5.69967 -125.503 1202.03
v 5.43524 -125.485 1202.11
v 5.22195 -125.594 1202.07
v 4.80559 -126.101 1203.94
v 4.43595 -126.032 1204.07
v 2.38925 -126.929 1204.65
v 2.2537 -127.243 1204.5
v 2.62646 -127.16 1206.18
v 2.08222 -127.667 1206.6
v 2.05827 -127.926 1206.33
v 1.8644 -128.005 1206.13
v 0.476289 -128.445 1207.84
v 0.61916 -128.61 1207.78
v -1.81552 -129.787 1207.23
v -1.92748 -130.126 1207.36
v -3.15673 -130.504 1208.01
v -3.02141 -130.562 1208.5
v -4.35993 -131.105 1207.79
v -4.54972 -131.194 1208.05
v -4.38347 -131.309 1208.05
v -4.24474 -131.387 1208.45
v -5.99401 -131.594 1207.89
v -6.67113 -132.322 1206.68
v -7.04687 -132.394 1206.79
v -5.75465 -131.943 1208.52
v -5.80885 -132.19 1208.45
v -7.45468 -132.48 1207.13
v -7.61571 -132.493 1207.44
v -10.8208 -133.89 1204.83
v -10.3467 -133.957 1204.91
v -10.3628 -134.406 1205.57
v -11.0302 -134.065 1204.75
v -11.1018 -134.206 1204.77
v -10.9497 -134.482 1204.72
v -10.9396 -134.644 1204.93
v -6.41774 -132.048 1208.86
v -7.45246 -132.556 1208.12
v -6.87365 -132.527 1208.24
v 6.18285 -125.552 1200.92
v 6.61383 -125.478 1200.62
v 6.69839 -125.629 1202.36
v 5.70852 -125.591 1201.69
v 5.62518 -125.676 1201.68
v 5.91275 -125.636 1201.26
v 5.80701 -125.716 1201.41
v 5.61543 -126.143 1201.34
v 5.95559 -126.136 1200.99
v 6.48124 -125.511 1202.56
v 6.23977 -125.453 1202.67
v 5.94396 -125.561 1202.93
v 6.18359 -125.593 1202.71
v 6.30836 -125.762 1202.66
v 6.05784 -125.889 1202.91
v 6.61278 -126.105 1202.3
v 3.54115 -127.5 1203.45
v 3.37582 -127.67 1203.21
v 3.7163 -127.425 1204.5
v 3.91983 -127.748 1204.39
v 3.01702 -127.882 1203.37
v 2.29467 -128.019 1204.17
v 1.98054 -128.223 1204.76
v 1.17799 -128.856 1205.45
v 0.666766 -129.432 1205.35
v 1.70358 -128.969 1206.34
v 0.906683 -128.963 1207.39
v -1.77369 -130.232 1206.9
v -1.5306 -130.599 1206.71
v -2.09431 -131.192 1206.8
v -2.37366 -131.196 1206.45
v -2.59263 -130.812 1207.76
v -2.4058 -131.004 1207.7
v -2.5358 -131.06 1207.91
v -3.04118 -131.778 1207.46
v -3.529 -131.593 1207.05
v -3.32608 -131.387 1206.72
v -3.42761 -131.503 1206.81
v -5.43028 -133.054 1205.22
v -3.01784 -131.094 1208.32
v -3.56347 -131.64 1207.44
v -4.62514 -132.447 1207.17
v -4.44977 -132.431 1206.53
v -4.43883 -132.7 1206.99
v -6.34975 -133.061 1205.98
v -6.38237 -133.151 1206.13
v -12.1324 -135.189 1202.01
v -12.0218 -135.395 1202.35
v -4.90065 -132.692 1207.41
v -5.30977 -132.737 1207.57
v -12.4753 -135.261 1202.75
v -12.4317 -135.452 1202.72
v -12.6912 -135.558 1202.7
v -13.2473 -135.643 1202.01
v -13.1002 -135.739 1202.18
v -10.5821 -134.682 1205.37
v -10.7248 -134.789 1204.99
v 5.69241 -127.229 1200.96
v 5.87718 -127.224 1202.19
v 5.33195 -127.002 1201.47
v 3.05195 -128.879 1203.18
v 3.62708 -128.441 1204.56
v 1.71264 -129.198 1204.47
v 2.23684 -129.333 1203.96
v 1.69402 -129.427 1204.24
v 2.3184 -129.548 1203.59
v 2.0551 -129.129 1204.7
v 1.4108 -129.813 1204.31
v 1.95148 -129.004 1205.71
v 2.17082 -129.214 1205.72
v 2.07866 -129.523 1205.78
v 1.78067 -130.004 1205.62
v 0.857333 -130.017 1204.95
v 1.78237 -129.15 1206.3
v 1.34978 -129.534 1206.5
v 1.1933 -130.216 1205.92
v 0.438297 -129.815 1205.47
v 0.564143 -130.154 1205.23
v 0.55314 -130.297 1205.26
v 0.733651 -130.307 1205.2
v 0.750613 -130.357 1206.18
v 0.631229 -130.485 1205.39
v 0.678613 -130.585 1205.56
v 0.839788 -130.521 1205.8
v 0.0713201 -130.042 1205.64
v -0.04671 -130.292 1205.48
v 0.225143 -130.349 1205.32
v 0.0864233 -130.518 1205.25
v -0.18104 -130.652 1205.19
v 0.408091 -130.479 1205.33
v 0.22014 -130.573 1205.27
v 0.0536272 -130.658 1205.17
v 0.501158 -130.634 1205.46
v -0.217496 -130.871 1205
v 0.306487 -130.702 1206.26
v -0.636193 -130.742 1205.38
v -1.50971 -131.662 1206.26
v -2.17977 -132.193 1206.46
v -2.76363 -131.783 1205.99
v -2.43084 -132.145 1205.75
v -4.51397 -132.607 1205.66
v -4.21506 -132.603 1205.75
v -5.51844 -133.27 1205.09
v -5.50257 -133.496 1205.04
v -11.4865 -135.618 1201.05
v -11.2948 -135.824 1200.77
v -10.9924 -135.908 1201.61
v -9.09332 -134.619 1204.09
v -8.62056 -135.135 1204.25
v -9.15425 -134.715 1203.65
v -9.22623 -134.971 1203.34
v -11.5865 -135.793 1202.12
v -11.5216 -136.042 1201.97
v -11.4728 -136.195 1201.79
v -5.7764 -133.351 1206.73
v -6.1503 -133.338 1206.45
v -9.0459 -134.744 1204.52
v -8.94302 -135.239 1204.38
v -9.67187 -135.268 1203.85
v -9.19921 -135.472 1204.01
v 8.01789 -126.523 1200.29
v 7.63794 -126.112 1201.1
v 7.58301 -126.548 1201.14
v 6.59552 -127.332 1201.8
v 5.68393 -127.357 1201.21
v 3.65542 -128.876 1204.23
v 3.59917 -129.082 1203.87
v 3.27063 -129.082 1203.29
v 3.17711 -129.667 1203.17
v 3.17546 -129.786 1202.83
v 3.12964 -129.533 1204.09
v 3.22294 -129.627 1204.29
v 3.31458 -129.869 1204.26
v 2.17745 -129.765 1203.55
v 2.28707 -130.228 1203.28
v 2.12368 -130.434 1203.53
v 1.88715 -130.539 1204.02
v 1.59461 -130.339 1205.38
v 1.11378 -130.315 1204.84
v 1.41782 -130.443 1205.29
v 1.37027 -130.461 1204.82
v 0.902752 -130.447 1205.31
v 0.94678 -130.49 1205.48
v 1.10992 -130.4 1205.74
v 0.529344 -130.729 1205.68
v 0.159461 -130.822 1205.16
v 0.292423 -130.762 1205.32
v 0.093186 -130.952 1205
v 0.37489 -130.908 1205.62
v 0.260974 -131.011 1205.3
v 0.209302 -131.121 1205.07
v 0.241785 -131.209 1205.46
v 0.239256 -131.342 1205.17
v 0.275488 -131.422 1204.89
v -0.195918 -131.22 1204.59
v 0.109007 -131.287 1204.55
v 0.217678 -131.291 1204.79
v 0.120376 -131.672 1205.22
v -0.675893 -131.426 1204.77
v -0.650841 -131.763 1204.7
v 0.29943 -131.017 1205.8
v -0.169204 -131.118 1206.21
v 0.0960606 -131.456 1205.53
v -2.01747 -131.928 1205.16
v -1.35603 -132.283 1204.37
v -1.6649 -132.365 1204.52
v -1.38741 -131.865 1206.19
v -1.4586 -132.265 1206.01
v -2.07614 -132.39 1205.77
v -4.92575 -133.689 1204.28
v -4.86059 -133.923 1204.29
v -4.72718 -134.063 1204.56
v -7.56282 -135.315 1202.57
v -10.5127 -135.982 1200.95
v -11.2024 -136.172 1200.57
v -4.50306 -133.708 1205.77
v -5.3828 -133.64 1204.97
v -7.43644 -135.388 1203.04
v -8.19759 -135.217 1202.73
v -8.97743 -135.371 1203.03
v -8.28138 -135.36 1202.57
v -10.7507 -136.158 1201.56
v -10.4215 -136.225 1201.31
v -11.3954 -136.429 1201.31
v -11.2693 -136.397 1200.64
v -11.3064 -136.533 1200.84
v -7.74742 -135.372 1203.5
v -9.13093 -135.433 1203.25
v 8.35174 -127.135 1199.08
v 7.75946 -126.726 1199.21
v 7.9195 -126.748 1199.25
v 8.13209 -127.029 1200.28
v 7.15684 -127.541 1201.19
v 6.85459 -127.818 1201.21
v 5.42036 -128.88 1202.54
v 4.36339 -129.67 1202.65
v 4.82507 -129.562 1202.88
v 2.58134 -130.38 1204.49
v 2.24975 -130.686 1204.04
v 2.29315 -130.62 1204.3
v 0.364401 -131.546 1204.42
v 0.658978 -131.912 1204.07
v 0.625595 -131.985 1204.23
v -0.0992235 -131.891 1203.8
v -0.281907 -132.115 1203.76
v -0.169419 -132.422 1203.52
v -0.143873 -132.49 1203.81
v -0.408289 -132.621 1203.7
v 0.411588 -131.644 1204.52
v 0.27608 -131.745 1204.89
v 0.420856 -131.835 1204.58
v 0.219981 -132.068 1204.72
v 0.163891 -132.255 1204.54
v 0.482283 -132.211 1204.38
v -0.159706 -132.354 1204.19
v -0.555934 -132.497 1203.99
v -0.38465 -132.484 1204.38
v -0.320478 -132.618 1203.78
v -0.262624 -131.61 1205.56
v -0.856391 -132.952 1204.81
v -2.57853 -133.565 1203.94
v -2.96554 -133.702 1203.26
v -4.46579 -134.04 1203.67
v -7.27657 -135.641 1201.81
v -7.03502 -135.747 1202.87
v -7.86697 -135.711 1202.11
v -9.45094 -136.588 1200.64
v -9.4683 -136.695 1200.72
v -9.46857 -136.879 1200.69
v -4.43664 -134.105 1204.96
v -7.52327 -135.762 1203.22
v -7.67912 -135.888 1203.13
v -8.22822 -135.872 1202.83
v -7.78559 -136.01 1202.85
v 8.51208 -127.893 1198.04
v 8.12035 -127.781 1198.21
v 7.82774 -127.907 1198.37
v 8.00974 -128.665 1199.62
v 6.07454 -128.979 1201.41
v 6.19905 -129.139 1201.46
v 6.32649 -129.543 1201.31
v 4.86209 -129.893 1200.93
v 4.65175 -129.966 1201.37
v 4.7353 -130.032 1201.54
v 5.25224 -129.588 1202.5
v 4.84316 -129.784 1202.61
v 3.54283 -131.166 1202.35
v 3.73928 -130.567 1203.44
v 3.46906 -130.936 1203.18
v 3.38466 -131.055 1202.94
v 0.834423 -132.296 1203.22
v 1.03697 -132.354 1203.38
v 1.24435 -132.639 1203.42
v 0.350634 -132.795 1202.65
v 0.502238 -132.639 1204.08
v 0.480763 -132.754 1203.99
v -0.19408 -132.64 1203.6
v -0.311094 -132.663 1203.6
v -0.193549 -132.625 1203.78
v 0.00163839 -132.55 1203.17
v -0.105994 -132.661 1203.28
v -0.18157 -132.672 1203.43
v -0.263848 -132.719 1203.42
v 0.451622 -132.891 1203.93
v -0.212158 -132.75 1203.31
v -0.475058 -132.752 1203.39
v -0.089749 -132.76 1203.13
v -0.264829 -132.88 1203.11
v 0.0256822 -132.779 1202.95
v -0.14117 -132.927 1202.95
v -0.248511 -133.128 1202.84
v -2.62456 -134.469 1201.86
v 0.283259 -132.435 1204.3
v 0.0278227 -132.465 1204.2
v -0.0414853 -132.568 1203.94
v -0.076444 -132.655 1204
v -0.191623 -132.704 1204.56
v 0.041118 -132.65 1204.02
v 0.266666 -132.652 1204.06
v 0.101163 -132.738 1204.06
v -0.0773906 -132.681 1204.31
v 0.20677 -132.796 1204.05
v 0.111684 -132.854 1204.15
v 0.277196 -132.988 1204.03
v 0.0854412 -133.142 1204.14
v -2.14744 -133.928 1202.75
v -3.09094 -134.644 1202
v -2.27432 -133.862 1204.12
v -2.24691 -133.99 1204.11
v -2.41411 -134.197 1204.09
v -2.7349 -134.813 1203.17
v -3.60626 -134.302 1202.65
v -3.52747 -134.563 1202.6
v -7.28611 -136.061 1201.68
v 9.06555 -128.367 1197.73
v 8.73648 -128.49 1197.46
v 9.03059 -128.654 1197.31
v 9.13352 -128.298 1198.11
v 8.5722 -128.665 1197.43
v 8.76381 -128.774 1198.84
v 7.43012 -128.513 1198.56
v 7.89122 -129.051 1199.17
v 6.81101 -129.988 1198.86
v 6.49278 -129.367 1200.11
v 5.74622 -130.673 1199.85
v 5.82874 -130.56 1201.07
v 5.85216 -130.731 1200.76
v 5.86484 -130.816 1200.81
v 5.40112 -130.483 1200.78
v 5.58708 -130.541 1200.06
v 5.48796 -130.557 1200.34
v 5.55314 -130.623 1200.49
v 5.60542 -130.623 1200.69
v 5.60671 -130.697 1200.36
v 5.60452 -130.755 1200.58
v 5.53919 -130.814 1200.53
v 5.56134 -130.787 1200.67
v 5.66893 -130.71 1200.05
v 5.59726 -130.821 1200.44
v 5.75316 -130.784 1200.76
v 5.9641 -130.479 1201.21
v 5.72536 -130.804 1201.03
v 5.20324 -130.705 1200.78
v 5.0758 -130.78 1200.63
v 5.57418 -130.743 1200.97
v 4.99097 -130.476 1202.21
v 5.37042 -130.956 1201.88
v 5.15306 -131.071 1202.01
v 4.00267 -131.247 1201.59
v 1.56191 -133.103 1201.93
v 1.39315 -132.965 1203.28
v 1.33906 -133.279 1203.19
v 0.367418 -133.444 1202.07
v 0.173637 -133.684 1202.3
v 0.857037 -133.089 1203.64
v -1.53257 -134.163 1202.38
v -2.62166 -134.756 1201.53
v -5.11107 -136.321 1199.93
v -2.57067 -135.088 1202.43
v -5.65909 -136.258 1200.28
v -5.70494 -136.423 1200.25
v -5.12006 -136.534 1199.75
v -8.35064 -137.371 1198.82
v -7.29835 -137.286 1198.72
v -7.66176 -137.242 1198.61
v -7.74627 -137.334 1198.54
v -5.58972 -136.179 1201.51
v -5.97152 -136.521 1200.68
v -5.64453 -136.494 1201.39
v -5.66379 -136.618 1201.16
v -5.65186 -136.673 1200.89
v -6.17309 -136.214 1200.68
v -6.1854 -136.346 1200.7
v -7.8985 -137.346 1199.79
v -7.42952 -137.435 1199.44
v -7.9727 -137.052 1199.38
v -7.88047 -137.598 1199.64
v -8.1549 -137.764 1199.11
v -5.64399 -136.325 1201.53
v -8.73984 -137.327 1200.09
v 9.285 -129.075 1198.05
v 9.41374 -128.952 1197.87
v 8.43289 -129.547 1197.24
v 8.93418 -129.488 1198.23
v 8.39116 -129.72 1198.08
v 8.62755 -129.676 1198.24
v 7.9337 -129.397 1197.97
v 8.24153 -129.698 1197.97
v 6.96188 -129.808 1199.13
v 6.82186 -129.862 1199.01
v 6.45378 -130.16 1199.08
v 6.16325 -130.73 1199.25
v 5.78599 -130.765 1199.81
v 5.79719 -130.967 1199.75
v 6.14114 -130.688 1200.87
v 6.38932 -130.576 1200.82
v 6.07981 -130.843 1200.78
v 6.2624 -130.927 1200.69
v 6.05555 -130.965 1200.84
v 6.22333 -131.09 1200.75
v 6.75392 -130.914 1200.35
v 5.69927 -130.814 1200.02
v 5.56894 -130.923 1200.18
v 5.26648 -131.107 1200.17
v 6.05133 -131.074 1200.97
v 5.96989 -131.563 1200.95
v 4.77353 -131.313 1200.63
v 4.88096 -131.734 1200.73
v 5.3755 -131.571 1201.42
v 5.20921 -131.786 1201.24
v 1.90078 -133.158 1202.27
v 2.36936 -133.673 1201.77
v 2.21496 -133.812 1202
v 1.85642 -133.169 1201.99
v 0.868281 -134.214 1201.24
v 1.35157 -134.034 1202.53
v 0.529353 -134.042 1202.09
v 0.733669 -134.13 1202.55
v -0.274203 -134.92 1201.76
v -0.211211 -134.895 1201.14
v -1.69019 -135.196 1200.58
v -1.6543 -135.44 1200.45
v -0.416028 -135.034 1202.01
v -0.289156 -135.249 1201.74
v -1.67526 -135.527 1201.5
v -3.73392 -136.73 1199.52
v -4.73651 -136.304 1200.09
v -1.03318 -134.973 1202.47
v -7.99729 -137.745 1198.7
v -7.26409 -137.65 1199.38
v 9.66404 -129.754 1196.34
v 9.48796 -129.871 1196.3
v 9.72508 -129.727 1197.31
v 10.0296 -129.825 1196.84
v 9.63598 -129.226 1197.02
v 9.25587 -129.986 1196.4
v 8.93044 -130.371 1196.68
v 9.61883 -130.169 1197.27
v 8.02072 -130.531 1197.97
v 8.03895 -130.759 1197.53
v 7.98547 -130.992 1197.37
v 7.76631 -130.553 1199.27
v 6.15273 -131.478 1199.09
v 6.55205 -131.357 1200.41
v 6.14089 -132.341 1199.86
v 5.76917 -132.206 1199.89
v 5.4951 -132.081 1200.45
v 2.2187 -134.199 1200.09
v 1.97547 -134.499 1199.84
v 1.19682 -134.335 1200.64
v -0.13324 -134.985 1200.61
v 0.55926 -135.379 1200.56
v -0.830719 -135.531 1199.76
v -0.896112 -135.973 1199.64
v -3.33903 -136.991 1198.51
v -1.66497 -135.574 1200.83
v -3.8959 -136.942 1198.74
v -3.9424 -137.042 1198.71
v -3.69641 -137.282 1198.54
v -4.15644 -136.999 1200.07
v -3.7807 -136.769 1199.79
v -3.41843 -137.034 1199.55
v -4.47681 -136.949 1199.19
v -4.33023 -137.136 1199.68
v -4.21516 -137.139 1199.13
v -4.12715 -137.164 1199.77
v -5.65258 -137.998 1198.26
v -5.59696 -138.143 1198.31
v 9.36714 -130.407 1197.26
v 9.26482 -130.468 1197.21
v 8.61595 -131.025 1197.2
v 8.5629 -130.85 1197.89
v 8.57356 -131.231 1198.07
v 8.03637 -131.429 1197.19
v 7.0026 -132.332 1198.12
v 6.90303 -132.662 1199.12
v 6.51145 -132.32 1199.82
v 3.14358 -134.435 1199.72
v 3.02459 -134.547 1199.45
v 2.39127 -135.15 1198.96
v 3.17858 -134.35 1200.18
v 1.72905 -134.789 1199.79
v 1.76248 -135.037 1200.67
v 2.278 -135.329 1200.28
v 1.60089 -134.839 1200.01
v 0.483446 -135.566 1199.4
v -0.468443 -136.005 1199.12
v -0.636698 -136.018 1199.26
v -0.40626 -136.233 1199.02
v -2.33507 -137.57 1197.58
v -2.93492 -137.095 1198.4
v -3.08993 -137.389 1198.06
v -3.03664 -137.602 1198.11
v -5.38196 -138.126 1197.09
v -5.40514 -138.494 1197.02
v -0.313078 -136.153 1200.31
v -3.03131 -137.436 1199.14
v -3.03216 -137.616 1198.9
v -4.75176 -138.575 1197.75
v -4.66502 -138.308 1197.68
v -4.52521 -138.416 1197.66
v -5.6065 -138.203 1197.15
v 10.6447 -130.859 1195.41
v 10.766 -130.822 1195.6
v 10.9365 -131.041 1195.65
v 10.7221 -130.998 1196.01
v 9.75176 -131.046 1195.76
v 10.1281 -131.527 1195.42
v 9.94837 -131.43 1195.87
v 9.36049 -131.66 1196.33
v 10.0923 -131.386 1196.18
v 9.43252 -131.542 1196.68
v 6.94686 -132.772 1198.55
v 7.0375 -132.72 1198.25
v 6.96975 -132.754 1198.87
v 3.6385 -134.825 1199.62
v 3.76484 -135.09 1199.45
v 3.6015 -135.388 1199.46
v 1.89886 -136.24 1198.18
v 1.49171 -136.155 1198.31
v 0.461925 -136.28 1198.4
v 1.24978 -135.909 1199.9
v 1.14023 -136.054 1199.94
v 0.793311 -136.201 1199.96
v -0.0183932 -136.377 1198.61
v -0.0827575 -136.488 1198.85
v -0.0971555 -136.498 1199.28
v -2.32442 -137.955 1197.73
v -2.52072 -137.763 1197.66
v -3.8013 -138.553 1196.34
v -2.64279 -137.837 1198.37
v -3.63693 -138.661 1197.17
v -5.07111 -138.808 1197
v 11.202 -131.566 1195.47
v 10.6654 -131.272 1196.01
v 10.5042 -131.565 1195.94
v 11.0951 -131.718 1195.53
v 9.92866 -131.955 1196.4
v 9.45955 -131.93 1195.98
v 9.64482 -132.387 1195.63
v 9.68343 -132.093 1196.75
v 8.73531 -133.037 1196.35
v 8.53242 -132.551 1197.88
v 8.42732 -133.203 1197.59
v 8.27028 -133.331 1197.34
v 3.69413 -135.439 1198.04
v 4.41788 -135.644 1198.32
v 3.13337 -136.111 1197.76
v 3.07164 -136.167 1197.96
v 3.30272 -135.911 1199.14
v 3.15778 -136.266 1198.32
v 1.9898 -136.245 1198.28
v 2.39383 -136.528 1198.49
v 0.932026 -136.797 1197.73
v 0.992694 -137.052 1197.68
v 2.27805 -136.643 1198.71
v -2.7538 -138.84 1196.14
v -3.04399 -139.061 1195.72
v -3.02938 -139.206 1195.69
v -2.82174 -138.869 1196.61
v -3.86319 -139.2 1196.72
v 11.5631 -131.752 1194.63
v 11.7982 -131.907 1194.74
v 11.5489 -132.271 1194.18
v 11.8582 -132.16 1194.85
v 10.9868 -131.674 1194.71
v 10.7867 -131.769 1194.78
v 11.135 -132.336 1194.43
v 10.7001 -132.438 1195.45
v 10.6769 -132.484 1195.67
v 10.3689 -132.549 1196.04
v 8.68743 -133.313 1196.46
v 8.7327 -133.501 1196.57
v 4.43907 -135.595 1198.12
v 4.47084 -135.884 1197.33
v 4.71568 -135.953 1197.37
v 4.7069 -135.899 1197.75
v 4.7748 -136.198 1197.68
v 3.44631 -136.355 1198.46
v 3.21506 -137.069 1197.68
v 1.38769 -137.337 1197.7
v 0.213765 -138.582 1195.98
v -0.168642 -138.483 1195.99
v -1.89907 -139.406 1196.33
v -2.7117 -139.544 1195.63
v -2.9063 -139.576 1195.88
v -2.27231 -139.126 1196.46
v 11.8722 -132.262 1194.1
v 11.4567 -132.784 1194.23
v 11.5463 -133.099 1194.12
v 11.6763 -132.476 1194.91
v 12.0161 -132.891 1194.65
v 11.3354 -132.668 1194.57
v 11.1896 -132.816 1194.69
v 11.3482 -132.783 1194.63
v 11.5175 -132.716 1194.78
v 11.3924 -132.837 1194.79
v 11.012 -133.012 1194.51
v 11.4353 -132.93 1194.3
v 11.33 -132.977 1194.39
v 11.4636 -132.928 1194.96
v 11.644 -133 1194.84
v 11.7389 -133.117 1194.82
v 11.5458 -133.142 1194.99
v 11.406 -133.235 1194.17
v 10.9207 -133.371 1194.45
v 10.0597 -133.958 1195.99
v 10.1803 -134.152 1195.73
v 9.98587 -133.549 1196.25
v 4.78097 -136.443 1196.5
v 4.69319 -137.098 1197.13
v 2.80674 -137.684 1196.1
v 2.72451 -137.93 1196.07
v 2.66457 -137.964 1196.2
v 2.44036 -137.862 1197.13
v 2.47783 -137.627 1197.57
v 0.0171111 -138.688 1195.7
v 0.42132 -139.068 1195.28
v 0.558899 -139.203 1195.19
v -0.914766 -139.714 1194.7
v -0.17556 -138.946 1195.96
v -0.918523 -139.523 1195.17
v -1.05623 -139.508 1194.99
v -1.25961 -139.78 1194.82
v -1.32856 -139.437 1195.85
v -1.12004 -139.758 1195.87
v -1.89752 -139.968 1195.59
v 13.3015 -133.227 1193.52
v 12.1698 -133.26 1193.58
v 11.9809 -133.589 1193.69
v 11.0959 -133.879 1195.35
v 10.5221 -134.018 1194.81
v 10.6074 -134.275 1194.85
v 10.5639 -134.387 1195.09
v 10.8329 -134.135 1195.47
v 10.4066 -134.174 1195.65
v 5.47076 -136.783 1196.34
v 4.84839 -136.914 1195.94
v 4.4888 -137.329 1195.84
v 5.50762 -136.958 1196.4
v 4.70978 -137.607 1196.46
v 4.82962 -137.812 1196.19
v 5.24424 -137.75 1196.22
v 4.46723 -137.489 1195.92
v 4.05639 -137.554 1196
v 4.55375 -137.589 1195.63
v 4.49478 -137.591 1195.75
v 4.46421 -137.689 1195.66
v 4.38628 -137.68 1195.78
v 4.26997 -137.68 1195.76
v 3.92123 -137.642 1195.82
v 4.31771 -137.674 1195.87
v 4.51198 -137.531 1196.3
v 4.38568 -137.746 1195.6
v 4.59656 -137.678 1196.12
v 4.45596 -137.738 1196.03
v 4.56504 -137.812 1196.17
v 4.39757 -137.751 1196.3
v 4.66966 -137.76 1196.17
v 4.76195 -137.943 1196.15
v 4.58535 -137.966 1196.28
v 3.27069 -138.324 1196.06
v 1.42525 -139.166 1194.76
v 1.23318 -139.166 1194.77
v 1.32203 -139.143 1195.51
v 1.66912 -139.417 1195.33
v 0.969092 -139.215 1194.86
v 1.05596 -139.353 1194.77
v 0.989997 -139.498 1195.51
v -0.327773 -139.87 1195.35
v -0.835816 -140.179 1195.43
v -1.1296 -139.992 1194.78
v -0.96728 -140.272 1194.93
v 13.477 -133.414 1193.19
v 13.7445 -133.749 1192.81
v 13.5697 -133.675 1193.55
v 12.1137 -134.17 1194.63
v 12.0542 -134.595 1194.64
v 12.0566 -134.809 1194.54
v 12.0566 -135.02 1194.33
v 11.4263 -134.456 1195
v 11.0554 -134.601 1194.92
v 11.242 -134.576 1194.98
v 5.77755 -137.455 1195.07
v 6.02984 -137.561 1194.97
v 4.93237 -138.079 1194.89
v 4.46553 -138.18 1195.03
v 4.58363 -138.624 1194.61
v 5.50137 -137.668 1196.12
v 5.24546 -138.082 1195.95
v 4.81964 -138.21 1196.07
v 4.04643 -138.648 1195.06
v 1.97022 -139.783 1195.05
v 0.832005 -140.212 1194.43
v 0.000340075 -140.263 1194.12
v -0.206541 -140.421 1194.37
v 13.777 -134.234 1192.49
v 12.0414 -135.066 1194.12
v 6.45829 -138.13 1194.96
v 5.42096 -138.845 1195.36
v 5.12337 -139.102 1195.2
v 3.31999 -140.05 1193.98
v 3.12 -140.068 1193.29
v 3.01934 -140.151 1193.3
v 2.75169 -140.244 1193.54
v 1.37954 -140.362 1193.69
v 1.91914 -140.874 1193.91
v 1.68261 -140.551 1193.24
v 1.5974 -140.686 1193.18
v 0.9713 -140.949 1194.01
v 1.3864 -141.042 1193.54
v 13.4808 -135.232 1192.67
v 13.321 -135.664 1193.39
v 13.1833 -135.535 1193.2
v 7.28628 -138.945 1193.21
v 7.03743 -138.896 1193.18
v 6.8215 -138.335 1194.17
v 7.2751 -138.896 1193.76
v 6.27707 -138.568 1193.71
v 5.65156 -139.525 1193.72
v 3.82499 -140.687 1192.74
v 3.70295 -140.731 1192.97
v 5.22666 -139.308 1194.73
v 3.77106 -140.365 1193.79
v 3.69426 -140.444 1193.85
v 3.55593 -140.557 1193.85
v 3.29727 -140.597 1193.7
v 2.27309 -141.206 1193.62
v 1.80996 -140.983 1193.08
v 14.1704 -135.085 1192.1
v 14.1633 -135.938 1193.17
v 14.706 -135.698 1193.01
v 14.5661 -135.885 1193.06
v 6.9396 -139.367 1192.8
v 7.52148 -139.668 1192.36
v 6.48381 -139.795 1192.85
v 4.7687 -140.715 1192.25
v 4.586 -140.875 1192.23
v 6.76231 -139.437 1194.21
v 6.32131 -139.915 1193.93
v 6.59363 -139.836 1194.04
v 4.68276 -140.886 1193.21
v 4.88909 -140.835 1193
v 4.46024 -141.144 1192.88
v 3.45586 -141.156 1192.34
v 3.38646 -141.465 1192.14
v 3.43268 -141.62 1192.18
v 4.38832 -141.048 1193.2
v 3.33145 -141.727 1192.9
v 2.63626 -141.577 1193
v 16.1883 -135.61 1191.67
v 15.748 -135.228 1191.48
v 15.8023 -135.463 1191.2
v 15.5504 -135.494 1191.2
v 16.0647 -135.531 1191.23
v 16.1308 -135.523 1191.35
v 16.0987 -135.817 1191
v 15.9188 -135.893 1190.92
v 15.5423 -135.985 1191.04
v 15.7371 -135.168 1191.95
v 15.7875 -135.393 1192.07
v 8.26367 -140.024 1192.3
v 8.11705 -139.932 1192.81
v 7.53616 -140.72 1193.05
v 5.62565 -141.15 1192.52
v 5.57201 -141.231 1192.69
v 5.66507 -141.432 1192.65
v 5.20709 -140.84 1192.22
v 5.3305 -141.35 1191.81
v 5.36838 -141.455 1191.98
v 4.20886 -141.529 1191.73
v 5.39022 -141.563 1192.49
v 3.99363 -141.717 1192.68
v 4.40908 -141.692 1192.4
v 3.93172 -141.985 1192.11
v 16.3699 -135.858 1191.43
v 16.4701 -136.346 1191.37
v 16.3206 -135.922 1191.11
v 15.7805 -136.187 1190.88
v 16.4393 -136.106 1191.23
v 16.2863 -136.158 1190.92
v 16.1341 -136.207 1190.82
v 16.0302 -136.255 1190.8
v 15.8585 -136.374 1190.84
v 16.2176 -136.395 1190.83
v 16.1199 -136.442 1190.8
v 16.4139 -136.315 1191.04
v 15.9764 -136.537 1190.84
v 16.324 -136.463 1190.9
v 16.2433 -136.507 1190.85
v 16.1522 -136.64 1190.88
v 16.4108 -136.547 1191.04
v 16.3334 -136.638 1190.98
v 16.1275 -136.811 1191.04
v 16.0008 -136.758 1190.98
v 15.6484 -136.365 1190.97
v 15.702 -136.585 1191.03
v 16.2689 -135.928 1191.73
v 15.8828 -136.133 1192.18
v 16.4018 -136.288 1191.61
v 16.2049 -136.44 1191.9
v 15.5151 -136.769 1191.87
v 16.0949 -136.665 1191.91
v 15.924 -136.858 1191.75
v 16.4251 -136.6 1191.51
v 15.8623 -136.857 1191.23
v 16.3 -136.726 1191.63
v 15.8711 -136.907 1191.47
v 15.2645 -136.26 1191.3
v 15.3236 -136.646 1191.61
v 15.7798 -136.34 1192.27
v 15.6855 -136.651 1192.13
v 15.3223 -136.618 1192.2
v 8.32169 -140.204 1191.9
v 7.7821 -140.787 1191.63
v 8.38001 -140.753 1192.68
v 7.6798 -140.598 1193.13
v 7.80999 -141.033 1192.58
v 7.59503 -140.85 1192.05
v 6.8361 -141.788 1192.1
v 5.52761 -141.844 1191.21
v 5.18257 -142.05 1191.2
v 5.61557 -142.395 1191.13
v 6.18327 -141.433 1192.31
v 6.25799 -141.642 1192.37
v 6.05598 -141.709 1192.42
v 5.23866 -142.556 1191.74
v 4.91515 -142.396 1192.04
v 16.425 -136.68 1191.25
v 16.3073 -136.791 1191.13
v 16.3616 -136.779 1191.4
v 16.2281 -136.878 1191.28
v 16.0175 -136.91 1191.27
v 16.1316 -136.904 1191.46
v 8.93941 -141.284 1190.73
v 8.24386 -141 1191.21
v 7.58906 -141.768 1190.7
v 8.69043 -141.41 1192.3
v 8.161 -141.143 1191.32
v 7.65541 -142.013 1191.61
v 7.30397 -141.978 1191.9
v 6.0012 -142.21 1191.56
v 5.9918 -142.36 1191.73
v 5.65427 -142.528 1191.87
v 9.33906 -141.406 1190.61
v 9.84818 -141.65 1190.71
v 9.51957 -141.793 1191.69
v 9.93291 -141.701 1191.07
v 7.69601 -141.925 1190.53
v 8.09703 -141.953 1190.69
v 7.80653 -142.244 1190.42
v 7.57898 -142.427 1190.4
v 7.88593 -142.289 1190.33
v 7.88302 -142.34 1190.3
v 7.8285 -142.428 1190.24
v 7.83235 -142.346 1190.4
v 7.77091 -142.432 1190.33
v 8.42586 -142.206 1190.15
v 8.06668 -142.317 1190.18
v 7.91811 -142.453 1190.14
v 7.68218 -142.456 1190.17
v 7.79542 -142.493 1190.53
v 7.45822 -142.782 1190.12
v 9.46703 -142.112 1191.58
v 9.25492 -142.111 1191.52
v 8.49787 -142.562 1191.43
v 8.3832 -142.663 1191.48
v 8.33606 -142.772 1191.42
v 7.79611 -142.388 1190.6
v 7.85189 -142.487 1190.7
v 7.84422 -142.546 1190.68
v 7.672 -142.534 1191.35
v 7.73801 -142.625 1190.73
v 7.95537 -142.61 1190.95
v 7.96089 -142.672 1190.8
v 7.95622 -142.22 1191.62
v 7.77278 -142.373 1191.76
v 7.60649 -142.485 1191.69
v 6.58534 -142.995 1191.41
v 10.0907 -142.339 1189.8
v 9.62138 -142.124 1190.08
v 9.53806 -142.337 1190.29
v 9.593 -142.46 1190.4
v 9.43873 -142.011 1190.23
v 9.34871 -142.104 1190.4
v 9.56458 -142.196 1190.13
v 9.51393 -142.222 1190.21
v 9.57959 -142.298 1190.1
v 9.54653 -142.315 1190.19
v 9.5314 -142.386 1190.15
v 9.25677 -142.455 1190.03
v 9.23681 -142.463 1190.24
v 9.71301 -142.308 1189.93
v 9.53929 -142.448 1190
v 9.46546 -142.504 1189.95
v 9.52277 -142.45 1190.2
v 9.48588 -142.456 1190.1
v 9.42114 -142.479 1190.07
v 9.42994 -142.498 1190.18
v 9.67061 -142.493 1189.82
v 9.33327 -142.511 1189.88
v 9.57567 -142.562 1190.39
v 9.59332 -142.572 1189.78
v 10.4503 -142.399 1190.93
v 9.49207 -142.328 1190.58
v 9.46664 -142.336 1191.07
v 9.7473 -142.712 1190.6
v 9.87708 -142.609 1191.11
v 9.6667 -142.766 1190.58
v 9.42188 -142.811 1190.85
v 9.37566 -142.629 1190.5
v 8.3508 -142.647 1189.83
v 7.84343 -142.731 1189.94
v 8.21789 -142.798 1191.12
v 8.31621 -142.837 1191.27
v 8.28666 -142.87 1191
v 8.51191 -142.992 1191.06
v 8.5021 -143.102 1190.98
v 8.9499 -143.004 1191.22
v 8.79177 -143.082 1191.14
v 8.75775 -143.403 1190.91
v 7.9944 -142.904 1190.96
v 7.86619 -143.117 1191.12
v 7.62704 -143.254 1191.15
v 8.23988 -143.125 1191
v 7.80147 -143.461 1190.95
v 7.57757 -143.417 1190.91
v 8.1382 -143.628 1190.52
v 8.48224 -143.466 1190.93
v 7.83609 -143.155 1190.12
v 10.3314 -142.9 1189.36
v 9.58609 -142.729 1189.61
v 9.07139 -143.158 1189.45
v 9.09729 -143.445 1189.42
v 10.2921 -142.675 1191.08
v 10.7825 -143.115 1190.78
v 9.88108 -142.765 1190.8
v 9.7318 -142.922 1190.75
v 9.85998 -142.906 1190.75
v 10.0689 -142.852 1190.97
v 9.61919 -143.036 1190.94
v 9.97846 -142.981 1190.82
v 9.86821 -143.044 1190.82
v 10.3977 -143.008 1190.94
v 10.2254 -143.091 1190.9
v 10.0464 -143.195 1190.87
v 9.79868 -143.358 1190.92
v 10.3338 -143.272 1190.85
v 9.6879 -143.576 1190.86
v 9.02115 -143.329 1190.96
v 8.63291 -143.759 1190.76
v 8.71019 -143.885 1190.6
v 11.2472 -143.318 1189.13
v 11.513 -143.411 1189.92
v 10.3192 -143.685 1190.76
v 10.861 -143.66 1190.65
v 11.2114 -143.536 1188.89
v 11.4491 -143.454 1189.16
v 11.5121 -143.608 1188.93
v 11.5076 -143.719 1188.8
v 11.6708 -143.682 1189.14
v 11.6335 -143.779 1188.87
v 11.6059 -143.885 1188.76
v 11.3746 -143.935 1188.7
v 11.7165 -143.962 1188.85
v 11.62 -144.138 1188.72
v 11.3643 -144.318 1188.64
v 11.9532 -144 1189.51
v 11.9958 -144.12 1189.73
v 11.8851 -144.024 1189.18
v 10.8996 -144.122 1188.75
v 10.843 -144.368 1188.79
v 11.6634 -143.744 1190.11
v 11.7309 -144.063 1190.12
v 10.7883 -144.581 1190.31
v 11.8027 -144.255 1188.91
v 11.6959 -144.411 1188.79
v 11.5374 -144.476 1188.69
v 12.0352 -144.221 1189.47
v 11.9678 -144.299 1189.89
v 12.0662 -144.347 1189.68
v 12.0341 -144.645 1189.77
v 11.9541 -144.438 1189.18
v 11.6573 -144.662 1188.82
v 11.7969 -144.606 1188.97
v 12.0588 -144.661 1189.53
v 11.7513 -144.917 1189.05
v 11.9313 -144.842 1189.28
v 12.0259 -144.821 1189.68
v 11.9783 -144.978 1189.49
v 11.8659 -145.111 1189.38
v 11.7737 -145.146 1189.3
v 11.9055 -145.132 1189.51
v 11.8372 -145.189 1189.46
v 11.753 -145.215 1189.42
v 11.6474 -145.204 1189.35
v 11.3276 -144.57 1188.68
v 11.0835 -144.63 1188.79
v 10.9805 -144.76 1189.02
v 11.4696 -144.739 1188.75
v 11.5978 -144.883 1188.88
v 11.4673 -144.95 1188.92
v 11.3822 -145.073 1189.17
v 11.7244 -144.432 1190.08
v 11.9664 -144.64 1189.86
v 10.9536 -144.879 1190.13
v 11.5251 -144.831 1190.06
v 11.9782 -144.841 1189.79
v 11.8113 -144.926 1189.9
v 11.1794 -145.086 1189.92
v 11.5884 -145.066 1189.93
v 11.1711 -145.114 1189.71
v 11.4399 -145.199 1189.48
v 11.7536 -145.171 1189.77
v 11.5611 -145.177 1189.84
v 11.5219 -145.227 1189.75
v 11.9225 -145.079 1189.66
v 11.8649 -145.178 1189.59
v 11.7446 -145.242 1189.63
v 11.6456 -145.256 1189.58
v 11.1119 -145.035 1189.45
v -3.53871 -115.524 1207.28
v -3.02115 -116.156 1214.38
v -3.24266 -116.398 1214.51
v -3.24266 -116.398 1214.51
v -7.20992 -119.411 1203.5
v -3.36722 -119.246 1213.64
v 1.21294 -117.36 1210.1
v -5.70259 -120.617 1214.23
v -6.51139 -121.241 1215.6
v -6.77072 -121.717 1215.75
v -15.036 -125.12 1203.42
v -7.38426 -123.904 1215.05
v -7.38426 -123.904 1215.05
v -7.56656 -123.686 1214.46
v -7.54902 -123.922 1214.73
v -7.50176 -124.134 1214.8
v -7.50176 -124.134 1214.8
v -7.74754 -124.326 1214.31
v -7.39567 -123.888 1215.88
v -7.39567 -123.888 1215.88
v -7.24663 -123.888 1215.59
v -7.24663 -123.888 1215.59
v -7.45807 -124.04 1215.9
v -7.45807 -124.04 1215.9
v -7.35537 -124.069 1215.68
v -7.35537 -124.069 1215.68
v -6.82258 -124.632 1214.53
v -7.24843 -124.654 1214.36
v -9.65878 -127.18 1213.31
v -9.73579 -127.279 1213.48
v -9.48293 -127.378 1213.45
v -7.96138 -127.004 1214.55
v -0.801083 -122.91 1210.3
v -3.89428 -124.903 1212.7
v -17.8563 -131.653 1204.29
v -11.0714 -128.458 1211.25
v -10.8323 -128.514 1211.61
v -2.5403 -125.525 1211.3
v -17.6094 -132.568 1204.63
v -17.6094 -132.568 1204.63
v -17.8028 -132.742 1204.57
v 0.754549 -123.697 1208.35
v -17.4581 -133.003 1204.49
v -12.4983 -130.831 1208.79
v -17.4475 -133.606 1204.48
v -7.87746 -129.05 1212.03
v -8.06091 -129.207 1211.98
v -8.06091 -129.207 1211.98
v -7.82446 -129.195 1212.23
v -7.82446 -129.195 1212.23
v -8.02498 -129.351 1212.17
v -8.02498 -129.351 1212.17
v -12.1869 -131.094 1209.08
v -1.01263 -126.284 1209.27
v -7.6669 -130.1 1210.39
v -8.05816 -129.975 1210.5
v -8.05816 -129.975 1210.5
v -8.00087 -130.188 1210.68
v -8.00087 -130.188 1210.68
v -8.00087 -130.188 1210.68
v -8.09106 -130.34 1210.69
v -8.09106 -130.34 1210.69
v -8.09106 -130.34 1210.69
v -8.09106 -130.34 1210.69
v -8.00814 -130.249 1210.88
v -8.12289 -130.323 1210.91
v -8.28376 -129.86 1210.49
v -8.21899 -130.053 1210.51
v -8.21899 -130.053 1210.51
v -8.2251 -130.166 1210.45
v -10.4646 -130.932 1209.02
v -10.4646 -130.932 1209.02
v -6.83104 -130.442 1209.88
v -8.88176 -131.41 1208.39
v -14.7272 -133.754 1204.47
v -9.51737 -131.274 1208.79
v -14.7882 -133.9 1204.65
v -8.17034 -130.512 1210.82
v -8.05296 -130.588 1210.68
v -7.94835 -130.46 1210.36
v -0.798237 -127.933 1209.71
v -14.4848 -134.404 1202.79
v -8.73978 -131.71 1208.29
v -8.14924 -131.876 1207.77
v -14.7107 -133.965 1204.41
v -14.5282 -134.263 1204.22
v -14.8502 -134.106 1204.51
v 0.942669 -127.516 1206.35
v 5.75584 -125.388 1202.09
v 5.98799 -125.349 1202.64
v 5.98799 -125.349 1202.64
v 5.85617 -125.398 1202.5
v 5.85617 -125.398 1202.5
v 5.85617 -125.398 1202.5
v 5.86377 -125.468 1202.71
v 6.11372 -125.402 1202.68
v 5.94466 -125.499 1202.74
v 5.94466 -125.499 1202.74
v 5.69967 -125.503 1202.03
v -3.02141 -130.562 1208.5
v -7.04687 -132.394 1206.79
v 6.18359 -125.593 1202.71
v 1.98054 -128.223 1204.76
v 3.05195 -128.879 1203.18
v 2.17082 -129.214 1205.72
v 0.564143 -130.154 1205.23
v 0.631229 -130.485 1205.39
v 0.225143 -130.349 1205.32
v 0.225143 -130.349 1205.32
v 0.408091 -130.479 1205.33
v -2.17977 -132.193 1206.46
v -2.76363 -131.783 1205.99
v -2.43084 -132.145 1205.75
v -5.51844 -133.27 1205.09
v -5.50257 -133.496 1205.04
v 3.22294 -129.627 1204.29
v 0.292423 -130.762 1205.32
v 0.093186 -130.952 1205
v -0.650841 -131.763 1204.7
v -1.6649 -132.365 1204.52
v -1.6649 -132.365 1204.52
v -0.281907 -132.115 1203.76
v -0.169419 -132.422 1203.52
v -0.169419 -132.422 1203.52
v -0.143873 -132.49 1203.81
v -0.143873 -132.49 1203.81
v -0.143873 -132.49 1203.81
v -0.143873 -132.49 1203.81
v -4.46579 -134.04 1203.67
v -9.4683 -136.695 1200.72
v -0.19408 -132.64 1203.6
v -0.193549 -132.625 1203.78
v -0.193549 -132.625 1203.78
v -0.193549 -132.625 1203.78
v -0.18157 -132.672 1203.43
v -0.18157 -132.672 1203.43
v -0.248511 -133.128 1202.84
v -0.0414853 -132.568 1203.94
v -0.0414853 -132.568 1203.94
v -0.0414853 -132.568 1203.94
v -0.076444 -132.655 1204
v -0.076444 -132.655 1204
v -0.191623 -132.704 1204.56
v 0.041118 -132.65 1204.02
v 0.041118 -132.65 1204.02
v 0.101163 -132.738 1204.06
v 0.101163 -132.738 1204.06
v -3.09094 -134.644 1202
v -2.27432 -133.862 1204.12
v -2.24691 -133.99 1204.11
v 5.85216 -130.731 1200.76
v 5.85216 -130.731 1200.76
v 5.86484 -130.816 1200.81
v 5.55314 -130.623 1200.49
v 5.60542 -130.623 1200.69
v 5.60452 -130.755 1200.58
v 5.60452 -130.755 1200.58
v 5.60452 -130.755 1200.58
v 5.60452 -130.755 1200.58
v 5.56134 -130.787 1200.67
v 5.59726 -130.821 1200.44
v 5.75316 -130.784 1200.76
v 5.75316 -130.784 1200.76
v 5.75316 -130.784 1200.76
v 5.57418 -130.743 1200.97
v 4.99097 -130.476 1202.21
v -7.8985 -137.346 1199.79
v 5.79719 -130.967 1199.75
v 6.14114 -130.688 1200.87
v 6.07981 -130.843 1200.78
v 6.07981 -130.843 1200.78
v -1.6543 -135.44 1200.45
v -0.416028 -135.034 1202.01
v -7.26409 -137.65 1199.38
v 10.0296 -129.825 1196.84
v 8.93044 -130.371 1196.68
v -3.69641 -137.282 1198.54
v -3.41843 -137.034 1199.55
v -4.47681 -136.949 1199.19
v -3.03131 -137.436 1199.14
v -4.75176 -138.575 1197.75
v -4.52521 -138.416 1197.66
v 9.75176 -131.046 1195.76
v 1.24978 -135.909 1199.9
v -2.52072 -137.763 1197.66
v -3.63693 -138.661 1197.17
v 9.92866 -131.955 1196.4
v 3.13337 -136.111 1197.76
v 2.27805 -136.643 1198.71
v 2.27805 -136.643 1198.71
v 10.6769 -132.484 1195.67
v 3.21506 -137.069 1197.68
v 3.21506 -137.069 1197.68
v -1.89907 -139.406 1196.33
v 12.0161 -132.891 1194.65
v 11.3354 -132.668 1194.57
v 11.3354 -132.668 1194.57
v 11.1896 -132.816 1194.69
v 11.3482 -132.783 1194.63
v 11.3482 -132.783 1194.63
v 11.3482 -132.783 1194.63
v 11.5175 -132.716 1194.78
v 11.5175 -132.716 1194.78
v 11.5175 -132.716 1194.78
v 11.3924 -132.837 1194.79
v 11.3924 -132.837 1194.79
v 11.3924 -132.837 1194.79
v 11.3924 -132.837 1194.79
v 11.4353 -132.93 1194.3
v 11.4636 -132.928 1194.96
v 11.644 -133 1194.84
v 2.72451 -137.93 1196.07
v 13.3015 -133.227 1193.52
v 5.47076 -136.783 1196.34
v 4.70978 -137.607 1196.46
v 4.49478 -137.591 1195.75
v 4.49478 -137.591 1195.75
v 4.49478 -137.591 1195.75
v 4.49478 -137.591 1195.75
v 4.38628 -137.68 1195.78
v 4.59656 -137.678 1196.12
v 4.59656 -137.678 1196.12
v 4.45596 -137.738 1196.03
v 4.45596 -137.738 1196.03
v 4.56504 -137.812 1196.17
v 4.56504 -137.812 1196.17
v 4.56504 -137.812 1196.17
v 4.56504 -137.812 1196.17
v 4.66966 -137.76 1196.17
v 4.66966 -137.76 1196.17
v 4.76195 -137.943 1196.15
v 4.58535 -137.966 1196.28
v 4.04643 -138.648 1195.06
v 1.97022 -139.783 1195.05
v 6.45829 -138.13 1194.96
v 5.42096 -138.845 1195.36
v 3.12 -140.068 1193.29
v 1.91914 -140.874 1193.91
v 7.2751 -138.896 1193.76
v 3.82499 -140.687 1192.74
v 3.55593 -140.557 1193.85
v 4.7687 -140.715 1192.25
v 4.38832 -141.048 1193.2
v 2.63626 -141.577 1193
v 15.7371 -135.168 1191.95
v 8.11705 -139.932 1192.81
v 5.3305 -141.35 1191.81
v 4.20886 -141.529 1191.73
v 3.99363 -141.717 1192.68
v 7.80653 -142.244 1190.42
v 7.8285 -142.428 1190.24
v 7.83235 -142.346 1190.4
v 7.77091 -142.432 1190.33
v 7.77091 -142.432 1190.33
v 7.79542 -142.493 1190.53
v 7.79542 -142.493 1190.53
v 7.79611 -142.388 1190.6
v 7.85189 -142.487 1190.7
v 7.85189 -142.487 1190.7
v 7.84422 -142.546 1190.68
v 7.96089 -142.672 1190.8
v 7.96089 -142.672 1190.8
v 7.60649 -142.485 1191.69
v 9.53806 -142.337 1190.29
v 9.593 -142.46 1190.4
v 9.52277 -142.45 1190.2
v 9.48588 -142.456 1190.1
v 9.57567 -142.562 1190.39
v 9.57567 -142.562 1190.39
v 9.7473 -142.712 1190.6
v 9.87708 -142.609 1191.11
v 8.28666 -142.87 1191
v 8.28666 -142.87 1191
v 8.28666 -142.87 1191
v 7.9944 -142.904 1190.96
v 10.2921 -142.675 1191.08
v 9.88108 -142.765 1190.8
v 9.85998 -142.906 1190.75
v 10.0689 -142.852 1190.97
v 9.97846 -142.981 1190.82
f 1 34 39
f 1 39 2
f 2 3 1
f 4 35 1
f 4 1 3
f 42 35 4
f 42 4 55
f 2 8 7
f 2 31 8
f 6 10 5
f 5 55 4
f 4 6 5
f 10 54 5
f 3 2 7
f 9 6 12
f 4 3 6
f 3 7 6
f 7 12 6
f 8 14 12
f 7 8 12
f 8 61 14
f 61 8 31
f 9 10 6
f 9 13 11
f 10 60 54
f 11 10 9
f 11 13 16
f 13 12 17
f 12 14 17
f 12 13 9
f 17 15 13
f 15 16 13
f 15 17 70
f 14 18 17
f 70 17 18
f 71 18 14
f 70 18 73
f 83 20 19
f 81 83 19
f 81 19 24
f 20 85 21
f 85 20 83
f 85 86 21
f 21 86 22
f 22 33 21
f 87 86 85
f 39 25 24
f 25 39 34
f 24 25 26
f 37 25 34
f 26 25 27
f 25 37 27
f 27 37 23
f 26 27 28
f 28 27 29
f 23 29 27
f 23 38 29
f 28 29 80
f 29 38 91
f 39 30 2
f 30 32 2
f 32 31 2
f 19 30 24
f 30 39 24
f 81 24 26
f 26 28 79
f 79 81 26
f 20 32 30
f 20 30 19
f 21 32 20
f 32 21 33
f 32 33 31
f 34 1 35
f 36 35 42
f 35 36 37
f 37 34 35
f 37 36 23
f 23 36 44
f 44 38 23
f 44 48 38
f 55 56 40
f 42 55 40
f 40 56 41
f 41 47 40
f 41 92 47
f 41 56 93
f 93 92 41
f 42 43 36
f 42 45 43
f 42 40 45
f 36 43 44
f 45 46 43
f 43 46 44
f 45 40 47
f 45 47 49
f 45 49 46
f 44 46 48
f 47 92 51
f 47 51 49
f 49 50 46
f 46 50 48
f 49 51 50
f 48 50 52
f 31 33 61
f 33 90 61
f 55 53 56
f 55 5 54
f 55 54 53
f 61 109 65
f 60 57 54
f 60 58 57
f 59 53 57
f 59 57 58
f 98 53 59
f 59 58 62
f 60 10 11
f 53 54 57
f 11 58 60
f 58 11 63
f 61 65 14
f 62 58 63
f 110 62 63
f 11 16 63
f 63 16 64
f 64 16 67
f 110 63 64
f 68 64 67
f 113 110 64
f 64 120 113
f 14 65 71
f 67 16 66
f 66 135 67
f 135 68 67
f 120 64 68
f 15 66 16
f 69 66 15
f 135 66 69
f 69 15 70
f 69 70 74
f 18 71 73
f 72 76 71
f 71 65 72
f 72 65 136
f 65 180 137
f 137 136 65
f 135 69 138
f 138 69 74
f 70 73 74
f 71 76 73
f 73 76 75
f 136 193 76
f 76 72 136
f 75 74 73
f 87 77 143
f 143 77 78
f 78 141 143
f 147 89 87
f 89 147 148
f 152 89 148
f 81 79 82
f 83 81 82
f 82 79 84
f 82 84 78
f 84 79 80
f 80 91 151
f 83 77 85
f 83 82 78
f 83 78 77
f 84 141 78
f 80 151 2450
f 141 84 142
f 2450 151 142
f 87 85 77
f 86 88 22
f 89 86 87
f 86 89 88
f 88 90 22
f 90 33 22
f 89 152 88
f 88 152 153
f 88 153 90
f 29 91 80
f 91 38 48
f 91 52 151
f 79 28 80
f 48 52 91
f 151 52 156
f 56 97 157
f 92 94 51
f 158 95 93
f 95 92 93
f 93 157 158
f 157 93 56
f 95 94 92
f 95 99 94
f 95 158 99
f 99 158 159
f 96 50 51
f 52 50 96
f 100 96 51
f 96 108 52
f 108 96 100
f 61 90 102
f 97 56 53
f 98 97 53
f 97 98 208
f 98 59 104
f 208 98 104
f 163 99 159
f 94 101 51
f 101 100 51
f 100 101 106
f 101 105 106
f 99 101 94
f 99 163 101
f 100 106 108
f 102 109 61
f 62 111 103
f 59 62 103
f 104 59 103
f 161 104 103
f 161 103 162
f 103 111 162
f 106 117 108
f 107 106 105
f 107 116 106
f 175 180 109
f 111 62 110
f 112 111 110
f 112 110 113
f 162 111 112
f 120 114 113
f 120 123 114
f 112 113 114
f 115 116 170
f 115 128 116
f 115 126 128
f 106 116 117
f 116 128 117
f 128 177 117
f 117 118 108
f 118 179 108
f 109 180 65
f 119 114 123
f 121 120 68
f 121 68 131
f 122 120 121
f 122 121 132
f 121 131 132
f 120 122 123
f 122 125 123
f 125 122 124
f 125 119 123
f 125 127 126
f 128 127 129
f 127 125 129
f 125 2451 129
f 122 133 124
f 2451 2452 129
f 125 126 176
f 125 176 119
f 128 126 127
f 129 130 128
f 177 128 130
f 2452 130 129
f 177 130 178
f 182 130 2453
f 130 182 178
f 131 134 132
f 133 122 132
f 133 132 134
f 181 133 134
f 183 181 134
f 131 68 191
f 191 68 135
f 192 135 139
f 191 135 192
f 131 191 190
f 138 139 135
f 138 74 140
f 75 140 74
f 76 140 75
f 141 144 143
f 141 145 144
f 145 141 142
f 146 145 142
f 146 142 151
f 143 149 147
f 147 87 143
f 143 144 149
f 149 148 147
f 195 149 144
f 195 148 149
f 144 196 195
f 197 148 195
f 197 150 148
f 152 202 153
f 202 152 150
f 150 152 148
f 153 155 90
f 155 154 90
f 153 202 155
f 154 213 90
f 90 213 102
f 154 205 213
f 157 97 210
f 208 210 97
f 158 212 159
f 209 157 210
f 209 158 157
f 211 158 209
f 211 212 158
f 108 156 52
f 214 104 217
f 214 208 104
f 163 105 101
f 159 160 163
f 104 161 217
f 217 161 162
f 218 162 167
f 219 217 162
f 164 163 166
f 105 163 107
f 163 164 107
f 107 164 171
f 163 160 166
f 166 165 164
f 164 165 171
f 165 166 220
f 172 165 220
f 165 172 171
f 221 220 166
f 109 102 175
f 167 162 112
f 114 167 112
f 119 168 114
f 168 167 114
f 167 168 272
f 218 167 272
f 116 107 171
f 170 116 171
f 176 126 170
f 170 126 115
f 176 169 168
f 169 176 170
f 172 170 171
f 118 117 174
f 117 177 173
f 117 173 174
f 175 281 180
f 175 227 281
f 102 227 175
f 176 168 119
f 173 177 178
f 178 274 173
f 173 228 174
f 228 187 174
f 118 185 179
f 188 280 179
f 179 280 108
f 281 289 180
f 289 137 180
f 182 2453 181
f 184 182 181
f 184 181 183
f 190 134 131
f 183 134 190
f 231 184 183
f 274 178 182
f 184 231 232
f 118 186 185
f 186 189 185
f 186 118 174
f 187 186 174
f 234 189 186
f 234 186 187
f 179 185 188
f 189 188 185
f 235 188 189
f 230 190 191
f 183 190 231
f 236 231 190
f 236 190 230
f 237 235 189
f 189 234 237
f 137 193 136
f 137 366 193
f 194 138 140
f 138 194 139
f 312 76 193
f 139 240 192
f 310 194 140
f 145 196 144
f 146 196 145
f 196 198 195
f 196 242 198
f 242 196 146
f 150 197 199
f 200 199 197
f 195 198 197
f 200 197 198
f 201 202 150
f 201 150 199
f 248 201 199
f 244 200 198
f 244 199 200
f 244 248 199
f 146 151 243
f 243 151 156
f 253 201 248
f 201 203 202
f 203 201 253
f 155 205 154
f 204 155 202
f 155 204 205
f 204 207 205
f 203 204 202
f 253 257 203
f 203 207 204
f 207 203 257
f 253 258 257
f 260 211 209
f 261 209 210
f 260 383 211
f 261 210 262
f 263 156 224
f 205 206 213
f 205 207 206
f 262 210 208
f 262 208 265
f 217 215 214
f 217 219 215
f 216 160 159
f 221 166 160
f 221 160 216
f 222 221 216
f 269 216 268
f 269 222 216
f 216 159 268
f 156 108 223
f 224 156 223
f 213 206 227
f 218 219 162
f 222 270 220
f 225 270 271
f 220 270 225
f 222 220 221
f 229 224 223
f 227 102 213
f 172 169 170
f 168 169 226
f 225 226 169
f 225 169 172
f 172 220 225
f 271 226 225
f 226 272 168
f 223 108 229
f 275 228 173
f 229 108 280
f 184 232 182
f 232 274 182
f 173 274 275
f 285 228 275
f 188 235 280
f 283 231 236
f 282 232 231
f 282 231 283
f 187 233 234
f 233 187 228
f 228 285 233
f 234 233 237
f 289 366 137
f 191 290 230
f 230 290 291
f 291 236 230
f 237 239 235
f 237 298 239
f 238 298 237
f 233 238 237
f 239 280 235
f 191 192 240
f 240 139 194
f 191 240 290
f 240 241 290
f 240 194 241
f 310 306 194
f 374 312 193
f 194 306 241
f 309 306 310
f 311 140 76
f 242 245 198
f 242 146 243
f 242 246 245
f 246 242 243
f 245 246 247
f 245 244 198
f 2454 244 245
f 246 243 250
f 247 246 250
f 244 249 248
f 2454 249 244
f 252 249 2454
f 252 247 250
f 250 243 251
f 243 256 251
f 315 250 251
f 252 250 315
f 254 253 248
f 254 248 249
f 252 255 249
f 255 252 314
f 314 252 315
f 254 258 253
f 255 254 249
f 156 263 243
f 243 263 256
f 259 264 258
f 259 258 254
f 211 383 212
f 261 260 209
f 318 261 262
f 316 260 261
f 2456 383 260
f 206 207 266
f 266 207 257
f 264 266 257
f 264 257 258
f 324 266 264
f 264 322 324
f 214 265 208
f 159 212 268
f 263 224 256
f 266 330 206
f 266 324 330
f 267 215 219
f 270 222 269
f 256 224 389
f 272 219 218
f 219 326 267
f 219 272 326
f 271 325 226
f 272 226 327
f 325 327 226
f 326 272 329
f 271 328 325
f 327 329 272
f 391 389 224
f 224 229 273
f 391 224 273
f 330 281 227
f 227 206 330
f 278 274 232
f 232 282 278
f 274 276 275
f 276 277 275
f 277 285 275
f 276 274 278
f 278 279 276
f 2455 277 276
f 285 277 284
f 273 229 334
f 335 282 283
f 337 285 284
f 337 233 285
f 340 283 236
f 337 286 233
f 286 288 233
f 286 349 288
f 344 287 286
f 286 287 349
f 233 288 238
f 238 299 298
f 280 239 355
f 281 346 289
f 340 236 292
f 241 300 290
f 290 300 291
f 291 300 293
f 292 236 291
f 291 293 292
f 295 293 300
f 295 296 294
f 295 300 302
f 302 296 295
f 296 304 297
f 297 350 348
f 350 297 351
f 305 351 297
f 299 238 288
f 354 299 288
f 349 353 288
f 355 239 362
f 366 374 193
f 301 300 241
f 303 302 300
f 301 303 300
f 303 304 302
f 304 296 302
f 301 307 303
f 297 304 305
f 303 305 304
f 307 308 303
f 351 305 357
f 305 303 308
f 301 241 306
f 301 306 307
f 307 306 309
f 307 356 308
f 356 307 309
f 308 357 305
f 308 2458 357
f 363 362 239
f 356 309 368
f 368 309 310
f 310 140 313
f 311 313 140
f 311 76 312
f 311 312 380
f 377 310 313
f 378 313 311
f 317 255 314
f 318 316 261
f 251 256 315
f 314 315 319
f 255 317 254
f 314 320 317
f 320 321 317
f 319 320 314
f 259 254 317
f 317 321 259
f 383 268 212
f 389 315 256
f 321 264 259
f 322 264 321
f 322 321 390
f 323 269 268
f 389 385 315
f 326 384 267
f 388 328 270
f 323 270 269
f 323 388 270
f 390 324 322
f 327 325 328
f 384 326 452
f 270 328 271
f 452 326 329
f 387 329 327
f 328 386 327
f 278 393 279
f 278 331 393
f 393 395 2455
f 332 2455 395
f 331 278 398
f 332 395 399
f 394 393 331
f 332 277 2455
f 284 277 332
f 333 284 332
f 399 333 332
f 273 334 391
f 398 278 282
f 336 335 283
f 335 398 282
f 400 398 335
f 336 400 335
f 406 336 405
f 338 337 284
f 333 338 284
f 343 338 402
f 280 345 229
f 334 229 339
f 229 345 339
f 336 283 340
f 405 340 292
f 292 408 405
f 336 340 405
f 341 344 337
f 341 342 2457
f 342 341 411
f 338 343 337
f 343 341 337
f 341 343 411
f 410 342 411
f 410 409 342
f 286 337 344
f 2457 348 287
f 349 287 350
f 280 412 345
f 293 295 294
f 409 294 347
f 408 292 293
f 348 2457 342
f 347 297 348
f 347 294 296
f 297 347 296
f 342 347 348
f 342 409 347
f 287 348 350
f 349 350 352
f 349 352 353
f 352 350 351
f 351 357 358
f 352 351 359
f 354 288 353
f 360 353 352
f 354 353 360
f 359 360 352
f 354 361 299
f 355 412 280
f 355 365 412
f 346 367 289
f 346 404 367
f 404 424 367
f 2458 370 357
f 370 2458 369
f 351 358 359
f 358 357 370
f 359 358 373
f 414 360 359
f 414 359 415
f 359 373 415
f 419 354 360
f 354 419 361
f 363 239 298
f 298 299 363
f 363 299 361
f 361 428 363
f 362 363 364
f 421 362 364
f 364 363 428
f 355 362 365
f 364 432 421
f 362 421 365
f 374 366 433
f 367 366 289
f 366 367 434
f 2459 356 368
f 370 369 371
f 371 2459 368
f 370 372 358
f 372 370 371
f 372 373 358
f 436 372 371
f 368 310 376
f 428 429 364
f 380 312 374
f 366 434 433
f 435 371 368
f 435 368 376
f 376 310 375
f 375 310 377
f 375 377 441
f 377 313 381
f 313 378 381
f 311 379 378
f 380 379 311
f 381 378 382
f 378 379 382
f 379 380 448
f 448 380 442
f 377 381 446
f 446 381 447
f 381 382 447
f 382 379 448
f 740 316 318
f 450 318 262
f 450 262 265
f 265 451 450
f 451 265 214
f 215 451 214
f 554 451 215
f 267 554 215
f 554 267 384
f 388 323 453
f 319 315 385
f 320 456 321
f 386 387 327
f 455 329 387
f 452 329 455
f 386 328 388
f 388 454 386
f 454 559 386
f 320 457 456
f 319 457 320
f 319 460 457
f 389 391 460
f 460 385 389
f 324 392 330
f 321 456 390
f 564 390 456
f 324 390 2460
f 330 396 281
f 330 392 396
f 392 464 396
f 2460 390 464
f 564 464 390
f 462 395 393
f 399 395 462
f 462 463 399
f 398 397 331
f 394 331 397
f 394 397 461
f 398 461 397
f 461 398 465
f 465 398 400
f 338 333 399
f 467 402 399
f 471 402 467
f 460 391 334
f 281 396 404
f 469 336 406
f 336 401 400
f 469 401 336
f 402 338 399
f 402 471 343
f 403 343 471
f 334 339 460
f 346 281 404
f 408 407 405
f 406 405 407
f 407 475 406
f 407 474 475
f 408 474 407
f 294 409 408
f 409 477 408
f 403 411 343
f 472 411 403
f 472 410 411
f 293 294 408
f 339 345 413
f 345 412 413
f 412 365 422
f 423 412 422
f 412 423 413
f 490 413 423
f 339 413 490
f 419 360 414
f 373 425 415
f 416 419 414
f 414 415 416
f 415 417 416
f 417 415 425
f 416 417 418
f 416 420 419
f 416 418 420
f 417 480 418
f 420 488 419
f 427 428 361
f 427 361 419
f 422 365 421
f 491 423 422
f 601 422 421
f 422 601 491
f 490 423 491
f 424 434 367
f 515 434 424
f 372 436 425
f 426 425 436
f 436 516 426
f 372 425 373
f 425 480 417
f 426 480 425
f 427 430 428
f 503 430 427
f 419 502 427
f 503 506 430
f 502 503 427
f 430 429 428
f 429 432 364
f 430 512 429
f 429 431 432
f 601 421 432
f 443 433 434
f 434 515 443
f 436 371 435
f 516 436 435
f 439 437 435
f 435 437 516
f 520 437 439
f 376 375 438
f 435 376 439
f 376 438 439
f 439 438 440
f 439 440 520
f 444 440 438
f 375 441 438
f 438 441 444
f 449 448 442
f 374 442 380
f 433 442 374
f 443 442 433
f 442 443 535
f 444 441 445
f 537 444 445
f 446 441 377
f 441 446 445
f 543 445 446
f 543 446 548
f 548 446 447
f 382 448 447
f 448 550 447
f 449 550 448
f 384 653 554
f 452 653 384
f 452 455 557
f 653 452 557
f 559 556 455
f 556 557 455
f 558 453 323
f 454 388 453
f 386 559 387
f 559 455 387
f 319 385 460
f 393 459 458
f 462 458 560
f 560 458 459
f 394 461 459
f 460 664 457
f 561 461 465
f 393 394 459
f 462 393 458
f 466 465 400
f 466 400 401
f 401 470 466
f 467 399 463
f 471 467 569
f 569 468 471
f 468 472 471
f 577 396 464
f 464 564 571
f 469 470 401
f 475 469 406
f 573 469 475
f 470 469 573
f 476 573 475
f 468 568 472
f 478 472 568
f 471 472 403
f 404 473 578
f 396 577 473
f 396 473 404
f 477 474 408
f 475 474 476
f 474 477 476
f 410 478 409
f 478 477 409
f 472 478 410
f 477 478 476
f 339 479 576
f 460 339 576
f 424 404 578
f 479 339 490
f 479 490 587
f 481 487 418
f 481 418 480
f 480 426 483
f 482 487 481
f 481 480 483
f 482 481 483
f 482 483 484
f 484 485 482
f 482 485 487
f 485 484 486
f 483 583 484
f 486 584 485
f 418 487 420
f 420 487 488
f 489 488 487
f 485 489 487
f 500 502 488
f 489 500 488
f 584 489 485
f 500 489 584
f 490 491 587
f 493 426 516
f 518 493 516
f 492 426 493
f 492 483 426
f 525 530 497
f 502 419 488
f 500 495 502
f 502 495 504
f 2463 495 494
f 507 494 496
f 496 508 507
f 495 499 494
f 499 496 494
f 499 497 496
f 497 530 498
f 497 498 496
f 496 498 508
f 509 2464 2461
f 2461 510 509
f 500 501 499
f 495 500 499
f 501 497 499
f 2462 532 2465
f 505 502 504
f 505 503 502
f 505 504 507
f 505 509 503
f 509 506 503
f 2463 494 507
f 2464 509 505
f 507 508 505
f 511 506 509
f 510 511 509
f 511 512 506
f 506 512 430
f 429 512 431
f 512 513 431
f 431 514 432
f 513 514 431
f 513 620 514
f 707 514 620
f 517 516 437
f 519 517 437
f 519 437 520
f 518 516 517
f 519 588 517
f 526 440 444
f 526 521 440
f 521 526 528
f 519 520 522
f 440 522 520
f 521 528 527
f 521 527 523
f 440 521 522
f 523 530 525
f 523 527 530
f 524 519 522
f 524 522 521
f 525 521 523
f 683 524 525
f 521 525 524
f 537 526 444
f 2468 526 529
f 2470 2469 531
f 527 528 530
f 529 2472 2468
f 2471 532 2462
f 2474 2470 531
f 534 2475 2473
f 534 2473 533
f 533 2472 540
f 533 540 541
f 604 533 541
f 442 535 552
f 552 535 553
f 443 515 536
f 535 443 536
f 535 536 621
f 539 537 445
f 529 526 537
f 538 529 537
f 538 537 539
f 542 538 539
f 539 445 543
f 2472 529 540
f 540 538 542
f 540 529 538
f 539 543 544
f 541 540 542
f 625 542 539
f 543 545 544
f 631 545 546
f 546 545 547
f 547 545 643
f 631 546 634
f 635 546 547
f 545 543 548
f 643 545 548
f 548 447 549
f 548 549 642
f 447 550 549
f 550 551 549
f 644 549 551
f 550 449 551
f 552 449 442
f 551 449 645
f 552 553 645
f 552 645 449
f 553 535 621
f 645 553 647
f 553 621 647
f 649 450 650
f 649 318 450
f 451 650 450
f 554 651 451
f 651 554 652
f 555 268 383
f 268 555 323
f 558 323 555
f 652 554 653
f 454 744 559
f 744 836 559
f 559 836 556
f 556 921 557
f 836 921 556
f 459 562 560
f 748 459 461
f 563 462 560
f 563 463 462
f 655 463 563
f 656 561 465
f 656 465 466
f 658 467 463
f 658 569 467
f 569 658 659
f 468 569 659
f 460 576 664
f 457 664 663
f 565 564 456
f 456 457 565
f 564 565 572
f 466 470 566
f 573 566 470
f 566 573 567
f 567 574 752
f 572 571 564
f 662 457 663
f 662 565 457
f 662 665 565
f 464 571 570
f 570 577 464
f 570 571 670
f 571 572 670
f 573 476 567
f 567 476 574
f 476 575 574
f 575 476 478
f 575 478 568
f 577 579 473
f 473 579 578
f 570 579 577
f 576 479 681
f 515 424 578
f 676 578 579
f 486 671 673
f 584 673 672
f 584 672 586
f 493 581 580
f 756 580 581
f 581 493 518
f 581 582 756
f 588 582 581
f 580 755 492
f 755 483 492
f 580 492 493
f 671 486 484
f 583 671 484
f 673 584 486
f 586 590 501
f 586 500 584
f 585 590 586
f 587 681 479
f 588 581 518
f 678 588 682
f 588 518 517
f 589 588 519
f 524 589 519
f 588 589 682
f 589 679 682
f 524 683 589
f 589 683 679
f 501 590 497
f 497 590 525
f 500 586 501
f 2475 591 2466
f 591 594 592
f 511 593 512
f 2466 591 2467
f 2477 593 511
f 511 2476 2477
f 593 598 512
f 2477 595 593
f 595 596 593
f 596 598 593
f 596 597 598
f 686 2477 594
f 2477 686 595
f 596 595 684
f 513 598 599
f 598 513 512
f 598 597 599
f 699 611 597
f 615 611 699
f 599 600 513
f 597 611 599
f 600 620 513
f 587 491 601
f 601 690 691
f 601 602 690
f 681 587 691
f 691 587 601
f 533 603 534
f 604 606 603
f 603 533 604
f 778 534 603
f 605 606 604
f 624 605 604
f 606 778 603
f 605 607 606
f 608 607 605
f 626 605 624
f 938 534 778
f 778 606 779
f 607 779 606
f 626 608 605
f 626 628 608
f 608 694 607
f 604 541 624
f 591 2475 534
f 938 591 534
f 609 638 618
f 609 618 615
f 609 610 633
f 699 610 615
f 615 610 609
f 633 610 698
f 611 612 599
f 612 600 599
f 611 613 612
f 612 613 614
f 600 612 614
f 614 620 600
f 614 613 616
f 617 613 615
f 617 616 613
f 614 704 620
f 615 613 611
f 619 616 617
f 619 614 616
f 618 617 615
f 618 701 617
f 618 641 701
f 619 704 614
f 617 700 619
f 617 701 700
f 706 707 620
f 707 715 514
f 715 716 514
f 432 514 602
f 602 601 432
f 621 536 622
f 622 536 623
f 624 541 542
f 539 544 625
f 625 624 542
f 625 544 627
f 625 626 624
f 627 626 625
f 627 628 626
f 628 627 629
f 629 627 632
f 632 630 629
f 627 544 631
f 544 545 631
f 632 634 637
f 632 627 631
f 632 637 633
f 634 632 631
f 630 632 633
f 634 546 635
f 547 636 635
f 636 547 639
f 635 637 634
f 636 637 635
f 609 637 638
f 609 633 637
f 638 637 636
f 638 636 640
f 618 638 640
f 547 643 639
f 639 640 636
f 639 643 722
f 618 640 641
f 721 640 639
f 720 641 640
f 720 640 721
f 720 701 641
f 721 639 722
f 724 722 643
f 643 548 642
f 642 549 644
f 642 644 726
f 726 644 827
f 551 646 644
f 551 645 646
f 645 647 737
f 645 737 735
f 647 622 737
f 647 621 622
f 622 738 737
f 316 740 648
f 739 740 318
f 649 739 318
f 2456 648 383
f 648 742 383
f 742 743 383
f 651 650 451
f 743 558 555
f 555 383 743
f 558 745 453
f 743 745 558
f 653 557 921
f 745 454 453
f 745 744 454
f 654 655 560
f 560 562 654
f 562 459 748
f 654 562 748
f 747 748 461
f 560 655 563
f 461 561 747
f 656 747 561
f 656 466 657
f 566 657 466
f 661 657 566
f 661 749 657
f 655 746 463
f 658 463 746
f 660 468 659
f 842 659 658
f 568 660 751
f 660 659 2482
f 751 753 575
f 568 468 660
f 751 575 568
f 661 566 567
f 574 575 753
f 663 666 662
f 665 662 666
f 666 663 664
f 565 665 572
f 664 576 760
f 667 572 665
f 666 664 762
f 665 666 762
f 762 667 665
f 570 670 579
f 572 668 670
f 667 668 572
f 761 668 667
f 669 758 671
f 669 671 583
f 483 755 583
f 583 755 669
f 758 673 671
f 576 681 760
f 578 676 515
f 677 579 670
f 579 677 676
f 585 586 672
f 674 672 673
f 674 585 672
f 674 675 585
f 675 590 585
f 852 675 674
f 2483 674 673
f 675 851 590
f 681 773 760
f 676 774 515
f 676 677 769
f 774 676 769
f 678 582 588
f 765 678 680
f 765 680 766
f 590 683 525
f 590 851 683
f 680 679 766
f 767 766 679
f 594 591 854
f 594 853 686
f 772 686 853
f 772 687 686
f 774 536 515
f 680 678 682
f 682 679 680
f 683 767 679
f 694 779 607
f 768 591 938
f 689 697 698
f 790 697 689
f 595 686 684
f 687 684 686
f 684 687 685
f 684 685 596
f 596 685 597
f 597 685 699
f 685 688 698
f 687 688 685
f 689 698 688
f 772 688 687
f 715 783 716
f 691 690 692
f 691 773 681
f 773 691 692
f 692 693 788
f 608 628 695
f 695 694 608
f 780 694 695
f 697 633 698
f 697 630 633
f 697 790 696
f 630 697 696
f 696 695 628
f 789 696 790
f 696 789 695
f 699 685 698
f 699 698 610
f 619 702 704
f 700 703 702
f 700 702 619
f 701 703 700
f 704 702 705
f 705 702 703
f 703 720 819
f 705 703 819
f 705 620 704
f 620 705 706
f 797 709 706
f 793 706 705
f 706 805 797
f 707 708 715
f 706 709 707
f 708 707 709
f 709 710 708
f 710 711 708
f 797 712 709
f 710 709 712
f 797 799 712
f 712 713 710
f 710 713 711
f 799 798 712
f 714 712 798
f 714 713 712
f 708 807 715
f 708 711 807
f 807 711 808
f 711 713 800
f 711 800 808
f 715 807 783
f 716 719 514
f 514 719 602
f 716 718 719
f 719 690 602
f 690 693 692
f 719 693 690
f 629 696 628
f 630 696 629
f 720 703 701
f 723 720 721
f 822 722 724
f 819 720 723
f 721 821 723
f 722 821 721
f 724 824 822
f 724 643 642
f 642 725 724
f 727 725 726
f 726 725 642
f 729 730 727
f 730 725 727
f 730 729 731
f 728 731 729
f 731 825 732
f 731 732 730
f 727 726 733
f 729 727 728
f 733 728 727
f 733 726 827
f 734 644 646
f 827 644 734
f 827 734 829
f 646 735 734
f 646 645 735
f 734 735 736
f 830 734 736
f 736 735 737
f 736 737 738
f 740 1178 741
f 649 650 834
f 741 742 648
f 740 741 648
f 740 739 832
f 739 649 832
f 651 834 650
f 652 835 651
f 835 834 651
f 653 835 652
f 654 837 655
f 838 839 655
f 922 654 748
f 922 748 924
f 924 748 747
f 839 746 655
f 926 842 746
f 925 747 656
f 842 658 746
f 843 660 2482
f 843 751 660
f 840 656 657
f 661 750 749
f 661 567 752
f 657 749 840
f 750 661 752
f 752 928 927
f 750 752 927
f 929 753 751
f 929 751 993
f 574 753 752
f 752 753 928
f 755 844 669
f 758 935 2483
f 762 664 760
f 580 754 755
f 754 580 756
f 847 756 757
f 847 757 848
f 757 765 848
f 2483 673 758
f 762 761 667
f 861 761 762
f 763 670 668
f 677 670 763
f 764 763 668
f 770 677 763
f 668 761 764
f 757 756 582
f 757 582 678
f 678 765 757
f 767 937 766
f 767 851 937
f 683 851 767
f 759 851 675
f 759 675 852
f 591 768 854
f 860 770 763
f 769 677 770
f 764 860 763
f 769 770 776
f 853 594 854
f 771 790 689
f 773 788 864
f 864 859 773
f 788 952 864
f 777 774 769
f 774 777 775
f 775 536 774
f 776 777 769
f 865 775 777
f 776 866 777
f 866 776 867
f 1007 938 778
f 781 779 694
f 694 780 781
f 1007 778 779
f 782 780 695
f 782 946 780
f 789 782 695
f 789 947 782
f 789 790 947
f 771 689 688
f 771 688 772
f 716 783 717
f 717 783 785
f 784 785 783
f 784 875 785
f 784 783 815
f 875 784 815
f 815 816 894
f 785 718 717
f 785 786 718
f 785 878 786
f 875 878 785
f 718 786 818
f 787 880 881
f 693 818 787
f 786 879 818
f 879 787 818
f 881 788 693
f 773 692 788
f 788 881 952
f 775 623 536
f 623 883 622
f 623 775 883
f 957 820 973
f 957 819 820
f 705 791 793
f 793 791 792
f 792 796 793
f 819 791 705
f 706 794 805
f 793 794 706
f 805 794 795
f 793 796 794
f 794 872 795
f 872 794 796
f 872 888 795
f 805 795 888
f 801 798 799
f 798 801 714
f 713 714 800
f 799 804 801
f 802 714 801
f 714 802 800
f 800 802 803
f 801 804 825
f 801 825 802
f 802 825 803
f 732 2479 806
f 804 732 825
f 2478 806 2479
f 797 805 2478
f 2478 805 806
f 888 2480 805
f 889 823 2480
f 889 2480 888
f 808 809 807
f 731 811 803
f 810 808 800
f 800 811 810
f 811 800 803
f 783 807 809
f 809 808 812
f 812 808 810
f 813 812 810
f 811 813 810
f 811 814 813
f 809 812 816
f 813 814 817
f 812 817 816
f 813 817 812
f 815 783 809
f 809 816 815
f 816 817 895
f 717 718 716
f 719 718 818
f 818 693 719
f 881 693 787
f 738 622 906
f 736 738 906
f 2481 723 821
f 907 2481 821
f 820 819 723
f 907 973 2481
f 822 821 722
f 821 822 907
f 908 907 822
f 822 824 908
f 908 824 909
f 824 724 725
f 725 730 823
f 911 824 725
f 910 725 823
f 889 910 823
f 911 909 824
f 725 910 911
f 731 803 825
f 806 823 732
f 823 730 732
f 811 731 728
f 728 733 826
f 728 826 811
f 827 826 733
f 811 826 814
f 827 828 826
f 826 828 814
f 913 828 827
f 814 828 898
f 898 828 912
f 913 827 829
f 734 830 829
f 736 831 830
f 831 736 967
f 834 985 833
f 1178 740 1277
f 741 1178 742
f 649 834 833
f 832 649 833
f 1095 834 835
f 1096 919 743
f 745 920 918
f 919 745 743
f 919 920 745
f 653 1181 835
f 653 921 1181
f 918 744 745
f 837 923 838
f 922 923 837
f 838 988 839
f 654 922 837
f 655 837 838
f 839 926 746
f 992 842 926
f 925 656 840
f 840 749 841
f 991 840 841
f 841 927 991
f 753 929 928
f 841 749 750
f 841 750 927
f 993 751 843
f 2491 843 2482
f 2491 993 843
f 669 931 758
f 850 845 847
f 933 846 845
f 933 845 999
f 999 845 850
f 936 2483 935
f 756 846 754
f 846 756 847
f 845 846 847
f 850 847 848
f 934 848 849
f 765 849 848
f 849 765 766
f 934 850 848
f 766 937 849
f 851 1109 937
f 851 1001 1109
f 760 2484 762
f 779 1008 1007
f 858 772 853
f 939 772 858
f 768 856 854
f 856 768 855
f 768 938 855
f 854 857 853
f 857 854 856
f 857 858 853
f 772 939 771
f 939 863 771
f 773 859 760
f 859 2484 760
f 859 943 2484
f 867 776 770
f 761 942 764
f 764 942 860
f 942 862 860
f 770 860 862
f 862 867 770
f 761 861 942
f 943 942 861
f 779 781 1008
f 782 947 946
f 945 781 780
f 863 790 771
f 1014 790 863
f 949 878 876
f 874 949 876
f 865 777 866
f 869 885 865
f 884 865 885
f 885 955 887
f 868 866 867
f 865 866 869
f 869 866 868
f 862 868 867
f 871 868 862
f 871 870 868
f 870 869 868
f 870 885 869
f 942 871 862
f 942 954 871
f 871 956 870
f 955 885 870
f 956 955 870
f 792 791 1021
f 1021 791 819
f 796 792 1022
f 1058 1021 819
f 957 1058 819
f 872 796 948
f 873 877 893
f 963 873 893
f 963 965 874
f 874 873 963
f 875 815 894
f 876 2485 2486
f 875 876 878
f 876 2486 877
f 874 876 877
f 873 874 877
f 1125 950 878
f 786 878 950
f 786 951 879
f 880 879 951
f 787 879 880
f 941 881 880
f 941 952 881
f 883 882 622
f 622 882 906
f 906 882 970
f 775 884 883
f 775 865 884
f 883 886 882
f 884 886 883
f 884 885 886
f 885 887 886
f 887 968 886
f 969 968 887
f 886 968 882
f 882 968 970
f 972 907 974
f 872 890 888
f 888 891 889
f 891 888 890
f 889 892 978
f 891 892 889
f 960 892 891
f 901 893 877
f 894 816 895
f 896 895 817
f 896 817 897
f 897 817 814
f 898 897 814
f 894 895 899
f 899 895 900
f 900 895 896
f 897 900 896
f 904 898 912
f 901 894 899
f 901 899 902
f 902 899 900
f 900 903 902
f 897 903 900
f 903 897 898
f 898 904 903
f 877 894 901
f 901 902 893
f 893 902 903
f 905 903 904
f 981 905 904
f 912 981 904
f 905 893 903
f 981 912 982
f 914 982 912
f 907 972 973
f 908 974 907
f 909 974 908
f 978 910 889
f 912 828 913
f 914 912 913
f 915 914 913
f 983 914 915
f 915 913 829
f 829 830 916
f 915 829 916
f 915 916 983
f 916 830 917
f 916 917 983
f 830 831 917
f 831 967 917
f 833 985 832
f 1178 984 742
f 743 742 1096
f 1095 835 1181
f 744 986 836
f 836 986 921
f 923 922 987
f 923 988 838
f 839 989 926
f 747 925 924
f 925 840 1187
f 988 989 839
f 929 993 994
f 994 928 929
f 755 930 1195
f 931 997 935
f 755 995 844
f 998 935 997
f 846 932 754
f 933 932 846
f 932 930 754
f 930 755 754
f 669 844 931
f 758 931 935
f 1000 999 850
f 1000 850 934
f 1000 934 1107
f 934 849 1002
f 849 937 1002
f 2487 759 852
f 759 1001 851
f 856 1005 1003
f 855 1005 856
f 1004 858 857
f 856 1004 857
f 945 1008 781
f 1015 945 946
f 946 947 1016
f 1012 939 858
f 1016 947 1017
f 858 1004 1012
f 1013 939 1012
f 863 939 1013
f 1013 1014 863
f 864 940 859
f 864 952 940
f 859 940 943
f 940 941 944
f 941 1019 2488
f 944 943 940
f 943 953 942
f 944 953 943
f 946 945 780
f 790 1017 947
f 792 1021 1022
f 948 796 1022
f 948 959 872
f 949 965 1026
f 949 1125 878
f 949 1032 1125
f 1035 1036 951
f 966 1044 880
f 1018 880 1048
f 1018 941 880
f 1019 941 1018
f 952 941 940
f 956 969 955
f 969 887 955
f 1050 956 871
f 956 1050 1052
f 956 1086 969
f 953 954 942
f 956 1052 1086
f 954 1050 871
f 1055 957 973
f 973 972 1056
f 973 1056 1055
f 1058 957 1055
f 891 959 960
f 891 890 959
f 959 890 872
f 958 1059 978
f 1061 978 1059
f 959 1023 1063
f 1063 960 959
f 1066 958 960
f 1066 1059 958
f 1064 960 1063
f 1064 1066 960
f 961 964 962
f 962 964 980
f 961 1026 965
f 893 964 963
f 964 961 963
f 965 963 961
f 949 874 965
f 786 950 951
f 951 966 880
f 906 967 736
f 967 906 970
f 970 1087 967
f 971 968 969
f 1086 971 969
f 971 970 968
f 971 1087 970
f 975 974 909
f 974 975 976
f 972 974 976
f 976 975 1088
f 909 911 977
f 977 911 910
f 960 958 892
f 975 909 977
f 958 978 892
f 1088 975 977
f 910 978 977
f 977 978 1061
f 905 964 893
f 905 981 979
f 1089 905 979
f 982 1089 979
f 979 981 982
f 980 964 905
f 980 905 1089
f 1074 982 1090
f 1090 982 914
f 914 983 1090
f 1094 983 917
f 983 1094 1093
f 967 1094 917
f 1095 985 834
f 1279 832 985
f 918 986 744
f 986 1183 921
f 1184 1183 986
f 1184 986 918
f 1397 1097 987
f 923 1185 988
f 1097 923 987
f 923 1097 1185
f 988 1186 989
f 988 1185 1186
f 924 987 922
f 1098 924 925
f 1098 987 924
f 989 990 926
f 990 992 926
f 1101 992 990
f 928 1100 927
f 1100 991 927
f 994 1100 928
f 993 2491 1101
f 995 1196 996
f 996 1196 1351
f 1351 997 996
f 755 1195 995
f 995 996 844
f 996 931 844
f 996 997 931
f 933 1104 932
f 999 1104 933
f 1198 999 1000
f 1000 1107 1198
f 997 1103 998
f 998 1103 1106
f 1106 935 998
f 1106 936 935
f 1105 2487 2503
f 1001 759 2487
f 934 1002 1107
f 937 1109 1002
f 1003 1006 1004
f 938 1007 1205
f 1204 1007 1008
f 1011 1204 1008
f 1004 856 1003
f 938 1005 855
f 1004 1006 1012
f 945 1009 1008
f 1204 1205 1007
f 1009 1015 1010
f 1011 1008 1009
f 1009 1010 1011
f 1010 1015 1111
f 1112 1013 1012
f 1013 1112 1113
f 1113 1014 1013
f 1015 946 1016
f 945 1015 1009
f 1111 1015 1016
f 1017 790 1014
f 1114 1017 1014
f 1017 1114 1016
f 1114 1111 1016
f 1018 1130 1116
f 1304 1020 1019
f 1020 2490 2489
f 1019 1020 2489
f 1051 1054 1050
f 1021 1115 1022
f 1117 1058 1055
f 1021 1058 1117
f 1133 1117 1055
f 1029 948 1022
f 1023 959 948
f 1029 1023 948
f 1025 1063 1023
f 1023 1029 1024
f 1029 1028 1024
f 1023 1024 1025
f 1024 1028 1025
f 1028 1027 1025
f 1028 1026 1027
f 1025 1027 1065
f 1027 1067 1065
f 1027 1026 1067
f 1029 1118 1028
f 1028 1118 1026
f 949 1026 1030
f 1118 1030 1026
f 1135 1030 1118
f 1144 1030 1135
f 1030 1031 949
f 1031 1032 949
f 1031 1030 1144
f 1033 950 1125
f 1150 1033 1125
f 1034 951 950
f 950 1033 1034
f 1037 1034 1033
f 1152 1037 1033
f 1037 1152 1075
f 1075 1152 1174
f 1034 1035 951
f 1037 1035 1034
f 1037 1038 1035
f 1035 1038 2493
f 1038 1039 2493
f 2493 1039 1042
f 1076 1038 1037
f 1077 1038 1076
f 1039 1038 1077
f 1075 1076 1037
f 1040 951 1041
f 951 1036 1041
f 1043 1040 1041
f 2493 1042 1041
f 1046 1043 1041
f 1041 1042 1046
f 1046 1154 1156
f 1042 1154 1046
f 1042 1084 1154
f 1040 966 951
f 966 1043 1044
f 1040 1043 966
f 1045 1044 1043
f 1045 1043 1047
f 1045 1047 1153
f 1043 1046 1047
f 1044 1045 1153
f 1046 1156 1047
f 1155 1153 1047
f 880 1044 1048
f 1048 1044 1130
f 1048 1130 1018
f 954 953 1051
f 954 1051 1050
f 1051 953 2492
f 2494 1052 1050
f 1053 1049 1087
f 1163 1052 2494
f 1056 1057 1055
f 1056 972 1132
f 972 976 1132
f 1061 1088 977
f 1066 1060 1059
f 1061 1059 1060
f 1165 976 1088
f 1061 1062 1088
f 1060 1062 1061
f 1165 1132 976
f 1062 1060 1072
f 1062 1165 1088
f 1062 1166 1165
f 1025 1064 1063
f 961 1069 2496
f 962 1069 961
f 1064 1025 1065
f 1064 1068 1066
f 1064 1065 1068
f 2495 2497 2498
f 1066 1068 1060
f 1060 1068 1072
f 2498 2497 2500
f 1072 2499 2501
f 1072 2501 1070
f 1071 1070 2501
f 1071 2501 962
f 1089 1071 962
f 1072 1070 1073
f 1070 1071 1073
f 1073 1071 1167
f 1167 1071 1089
f 1168 1072 1073
f 1073 1167 1168
f 1089 1074 1167
f 1026 961 1067
f 1089 962 980
f 1080 1082 1092
f 1092 1082 1173
f 1174 1173 1082
f 1075 1174 1082
f 1091 1093 1080
f 1042 1039 1077
f 1078 1042 1077
f 1081 1079 2502
f 2502 1079 1077
f 1077 1083 1078
f 1077 1079 1083
f 1079 1080 1083
f 1081 2502 1075
f 1075 1082 1081
f 1081 1082 1080
f 1079 1081 1080
f 1080 1093 1085
f 1042 1078 1084
f 1078 1083 1084
f 1083 1080 1084
f 1080 1085 1084
f 1094 1085 1093
f 1094 1161 1271
f 1049 1094 967
f 1087 1049 967
f 1086 1087 971
f 1053 1086 1052
f 1086 1053 1087
f 1074 1090 1172
f 1074 1089 982
f 1090 1092 1172
f 1090 983 1091
f 1090 1091 1092
f 983 1093 1091
f 1080 1092 1091
f 1178 1341 984
f 984 1341 1180
f 1180 1096 984
f 1280 1279 985
f 985 1095 1280
f 1095 1181 1280
f 984 1096 742
f 1179 919 1096
f 919 1182 920
f 1182 919 1179
f 921 1183 1181
f 918 1394 1184
f 920 1394 918
f 1397 987 1344
f 1097 1412 1185
f 1284 1098 1187
f 1344 1098 1284
f 1344 987 1098
f 840 1188 1187
f 989 1281 1099
f 1186 1281 989
f 1098 925 1187
f 840 991 1190
f 991 1100 1189
f 991 1189 1190
f 1099 990 989
f 1191 990 1099
f 1101 990 1191
f 1192 1101 1191
f 1192 993 1101
f 1194 994 993
f 1192 1194 993
f 1195 1102 1197
f 995 1195 1196
f 1102 930 932
f 1104 1102 932
f 930 1102 1195
f 1198 1104 999
f 1197 1102 1104
f 1199 1198 1107
f 1107 1002 1108
f 1199 1107 1108
f 1105 1001 2487
f 1001 1291 1109
f 1109 1292 1108
f 1291 1292 1109
f 1002 1109 1108
f 938 1202 1005
f 1005 1202 1200
f 1003 1201 1006
f 1003 1005 1200
f 1297 1298 1112
f 1110 1204 1011
f 1110 1010 1111
f 1110 1111 1208
f 1012 1006 1112
f 1112 1006 1297
f 1113 1300 1014
f 1011 1010 1110
f 1131 1220 1130
f 1130 1220 1116
f 1117 1115 1021
f 1133 1134 1301
f 1022 1210 1029
f 1022 1302 1210
f 1118 1029 1210
f 1118 1210 1120
f 1119 1135 1120
f 1119 1145 1135
f 2516 1119 1136
f 1119 1121 1136
f 1119 1120 1121
f 1143 1138 2504
f 1124 1122 1123
f 1032 1124 1125
f 1232 1233 1125
f 1125 1124 1232
f 1233 1234 2520
f 1126 1128 1153
f 1128 1126 1129
f 1129 1126 1237
f 1237 1126 1127
f 1127 1238 1237
f 1128 1130 1044
f 1130 1128 1214
f 1214 1128 1129
f 1130 1214 1216
f 1216 1131 1130
f 1051 2492 1054
f 1057 1133 1055
f 1057 1056 1134
f 1057 1134 1133
f 1132 1134 1056
f 1258 1132 1165
f 1132 1258 1359
f 1166 1259 1165
f 1120 1135 1118
f 1145 1144 1135
f 1136 1147 2516
f 1138 2505 2504
f 2517 2506 2507
f 2507 1139 2517
f 1137 1170 1142
f 1140 1138 1143
f 1262 1263 2510
f 2508 2514 1141
f 2511 2515 1261
f 2511 2509 2515
f 2514 1137 1141
f 1137 1142 1141
f 1261 2515 1142
f 1170 1137 1169
f 2527 1262 2510
f 1260 1137 1143
f 1140 1143 1137
f 1169 1137 1260
f 1149 1261 1142
f 1145 1031 1144
f 1032 1031 1122
f 1145 1146 1031
f 2518 1146 1145
f 1146 1122 1031
f 2518 1148 1146
f 1146 1148 1122
f 1123 1122 2519
f 2512 1148 2518
f 2529 2519 2513
f 1123 2519 2529
f 1124 1032 1122
f 1125 1233 1150
f 1151 1152 2521
f 1151 1266 1174
f 1152 1151 1174
f 2525 1151 2521
f 1152 1033 2521
f 1174 1266 1173
f 1128 1044 1153
f 1153 1155 1126
f 1047 1156 1155
f 1155 1156 1157
f 1158 1157 1156
f 1154 1158 1156
f 1127 1126 1155
f 1157 1127 1155
f 1127 1157 1158
f 1158 1160 1127
f 1158 1159 1160
f 1154 1159 1158
f 1127 1160 1238
f 1269 1160 1159
f 1159 1176 1269
f 1269 1176 1177
f 1269 1177 1270
f 1094 1049 1161
f 1049 1164 1162
f 1162 1164 1322
f 1163 1053 1052
f 1164 1053 1163
f 1164 1049 1053
f 1062 1072 1166
f 1072 1168 1166
f 1168 1259 1166
f 1168 1169 1259
f 1170 1169 1168
f 1167 1170 1168
f 1074 1171 1170
f 1171 1142 1170
f 1149 1142 1171
f 1074 1170 1167
f 1171 1264 1149
f 1264 1171 1074
f 1265 1264 1074
f 1172 1265 1074
f 1173 1172 1092
f 1265 1172 1266
f 1172 1173 1266
f 1084 1085 1175
f 1177 1085 1094
f 1271 1177 1094
f 1154 1084 1175
f 1154 1175 1159
f 1175 1085 1177
f 1159 1175 1176
f 1177 1176 1175
f 1270 1177 1271
f 1179 1096 1180
f 1385 1182 1179
f 1180 1386 1179
f 1386 1385 1179
f 1397 1412 1097
f 1283 1191 1099
f 1283 1286 1191
f 840 1190 1188
f 1193 1194 1192
f 1282 1099 1281
f 1286 1192 1191
f 994 1189 1100
f 1189 994 1194
f 1287 1194 1193
f 1194 1287 1189
f 1196 1350 1351
f 1289 1196 1195
f 1289 1195 1197
f 1352 1197 1353
f 1289 1197 1352
f 1353 1197 1104
f 1353 1104 1198
f 1418 1198 1199
f 1108 1292 1419
f 1354 1105 2503
f 1291 1001 1105
f 1205 1295 1202
f 1295 1200 1202
f 1202 938 1205
f 1006 1201 1203
f 1200 1201 1003
f 1296 1205 1204
f 2530 1204 1206
f 1206 1204 1110
f 1208 1207 1110
f 1110 1207 1206
f 1208 1111 1610
f 1298 1113 1112
f 1203 1297 1006
f 1113 1299 1300
f 1298 1299 1113
f 1111 1667 1610
f 1300 1114 1014
f 1114 1667 1111
f 1022 1115 1302
f 1226 1209 1018
f 1018 1209 1019
f 1019 1209 1304
f 1226 1228 1229
f 1356 1117 1133
f 1301 1356 1133
f 1302 1303 1210
f 1210 1211 1120
f 1210 1303 1211
f 1360 1211 1303
f 1211 1360 1212
f 1308 1232 1124
f 1308 1213 1233
f 1233 1232 1308
f 1307 2523 1309
f 1215 1216 1214
f 1215 1311 1218
f 1216 1217 1131
f 1217 1221 1131
f 1218 1217 1216
f 1217 1247 1221
f 1218 1247 1217
f 1218 1216 1215
f 1247 1218 1219
f 1316 1219 1218
f 1311 1316 1218
f 1221 1220 1131
f 1221 1222 1220
f 1116 1220 1223
f 1220 1222 1223
f 1116 1223 1227
f 1250 1224 1222
f 1223 1222 1224
f 1224 1227 1223
f 1224 1225 1227
f 1227 1225 1230
f 1224 1250 1252
f 2524 1224 1252
f 2524 1252 1253
f 1230 1225 1317
f 1317 1225 2526
f 1226 1018 1116
f 1226 1116 1228
f 1228 1116 1227
f 1228 1227 1230
f 1228 1230 1229
f 2492 2531 1054
f 1323 2494 1321
f 1134 1305 1301
f 1305 1134 1132
f 1260 1368 1369
f 1143 1368 1260
f 1211 1121 1120
f 2522 1143 2504
f 1121 1211 1212
f 1432 2529 1326
f 1325 1326 2529
f 1432 1123 2529
f 1213 1234 1233
f 1236 2525 2523
f 1236 1235 2525
f 1307 1236 2523
f 2532 1235 1236
f 2525 1235 1151
f 1329 1237 1238
f 1129 1237 1310
f 1238 1381 1329
f 1239 1238 1267
f 1239 1381 1238
f 1242 1240 1247
f 1242 1247 1219
f 1244 1241 1240
f 1243 1241 1244
f 1243 1276 1241
f 1274 1276 1243
f 1240 1242 1244
f 1243 1244 1336
f 1334 1242 1219
f 1242 1334 1244
f 1244 1334 1336
f 1243 1331 1274
f 1247 1245 1221
f 1221 1250 1222
f 1245 1250 1221
f 1240 1245 1247
f 1240 1241 1248
f 1240 1248 1245
f 1245 1248 1250
f 1250 1248 1251
f 1248 1246 1249
f 1248 1249 1251
f 1248 1241 1246
f 1276 1246 1241
f 1249 1255 1254
f 1250 1251 1252
f 1249 1254 1251
f 1252 1251 1254
f 2526 1252 1254
f 2526 1254 1257
f 1254 1255 1256
f 1255 1162 1256
f 1377 1320 1162
f 1256 1162 1320
f 1254 1256 1257
f 1257 1256 1340
f 1256 1320 1340
f 1162 1322 1377
f 2494 1323 1163
f 1324 1163 1323
f 1322 1164 1324
f 1324 1164 1163
f 1359 1306 1132
f 1260 1369 1169
f 1258 1165 1259
f 1259 1169 1369
f 1325 2529 2528
f 1231 1325 2528
f 1231 2528 1149
f 2528 1261 1149
f 1149 1264 1327
f 1264 1265 1327
f 1231 1149 1327
f 1151 1235 1266
f 1266 1235 1371
f 1160 1269 1272
f 1160 1267 1238
f 1267 1160 1272
f 1267 1268 1239
f 1268 1267 1272
f 1273 1268 1272
f 1270 1272 1269
f 1270 1273 1272
f 1273 1270 1271
f 1274 1271 1161
f 1274 1161 1276
f 1161 1275 1276
f 1049 1275 1161
f 1275 1246 1276
f 1249 1246 1275
f 1255 1249 1275
f 1049 1255 1275
f 1162 1255 1049
f 740 832 1278
f 1277 740 1278
f 1278 832 1279
f 1384 1279 1280
f 1391 1342 1183
f 1407 1397 1344
f 1185 1413 1186
f 1282 1283 1099
f 1284 1187 1285
f 1187 1188 1285
f 1188 1348 1285
f 1188 1190 1348
f 1287 1190 1189
f 1288 1350 1196
f 1288 1196 1289
f 1290 997 1351
f 997 1290 1103
f 1470 1106 1103
f 1103 1290 1470
f 1355 1291 1105
f 1420 1419 1292
f 1108 1419 1199
f 1422 1295 1205
f 1294 1201 1200
f 1294 1200 1295
f 1293 1203 1201
f 1422 1205 1296
f 1206 1475 2530
f 1206 1207 1475
f 1424 1297 1203
f 1424 1476 1297
f 1297 1476 1298
f 1425 1298 1476
f 1425 1299 1298
f 1300 1299 1477
f 1426 1115 1356
f 1356 1115 1117
f 1427 1356 1301
f 1482 2549 1301
f 1301 1305 1482
f 1302 1357 1303
f 1360 1303 1357
f 1363 1308 1362
f 1363 1434 2533
f 1553 1209 1226
f 1495 1226 1229
f 1359 1258 1367
f 1367 1259 1369
f 1361 1368 1143
f 1143 1360 1361
f 2522 1360 1143
f 1308 1124 1362
f 1308 1363 1213
f 1213 1363 2533
f 2532 1438 1328
f 1237 1329 1310
f 1129 1310 1313
f 1372 1310 1329
f 1329 1381 1373
f 1372 1329 1373
f 1129 1313 1214
f 1313 1215 1214
f 1311 1314 1312
f 1312 1316 1311
f 1315 1337 1312
f 1374 1215 1313
f 1311 1215 1374
f 1337 1315 1338
f 1314 1311 1374
f 1314 1315 1312
f 1315 1375 1338
f 1375 1314 1374
f 1219 1316 1335
f 1312 1335 1316
f 1335 1312 1337
f 2534 1318 1230
f 1318 1229 1230
f 1317 2526 1339
f 2526 1257 1339
f 1319 1318 2534
f 2536 1319 2534
f 1378 2535 1340
f 1320 1377 1379
f 1054 2531 1321
f 1364 1323 1321
f 1365 1323 1364
f 1324 1365 1366
f 1365 1324 1323
f 1366 1322 1324
f 1367 1258 1259
f 1327 1370 1231
f 1327 1265 1380
f 1448 1380 1265
f 1448 1265 1266
f 1328 1235 2532
f 1328 1371 1235
f 1438 1371 1328
f 1268 1381 1239
f 1273 1330 1268
f 1330 1381 1268
f 1333 1330 1273
f 1382 1330 1333
f 1331 1383 1274
f 1338 1331 1336
f 1274 1383 1332
f 1332 1383 1382
f 1335 1334 1219
f 1335 1337 1336
f 1335 1336 1334
f 1338 1336 1337
f 1336 1331 1243
f 1339 1257 1340
f 2535 1339 1340
f 1333 1273 1332
f 1273 1271 1332
f 1332 1271 1274
f 1450 1178 1277
f 1638 1450 1277
f 1450 1341 1178
f 1386 1341 1449
f 1181 1389 1280
f 1181 1183 1389
f 1183 1342 1389
f 1341 1386 1180
f 1394 920 1182
f 1396 1184 1394
f 1396 1395 1184
f 1184 1391 1183
f 1391 1184 1395
f 1412 1413 1185
f 1460 1344 1345
f 1345 1344 1284
f 1413 1343 1186
f 1343 1281 1186
f 1343 1346 1281
f 1282 1281 1346
f 1282 1346 1347
f 1347 1283 1282
f 1283 1347 1508
f 1284 1285 1345
f 1348 1345 1285
f 1348 1190 1414
f 1193 1415 1287
f 1351 1350 1416
f 1349 1465 1350
f 1350 1465 1416
f 1416 1417 1351
f 1349 1288 1289
f 1349 1289 1352
f 1288 1349 1350
f 1467 1349 1352
f 1470 1290 1417
f 1417 1290 1351
f 1353 1467 1352
f 2537 1106 1470
f 1353 1198 1418
f 1291 1421 1292
f 1421 1291 1355
f 1355 1105 1354
f 1423 1422 1296
f 2530 1475 1423
f 1201 1294 1293
f 1114 1300 1667
f 1425 1477 1299
f 1479 1302 1115
f 1485 1357 1302
f 1360 1357 1358
f 1429 1361 1360
f 1429 1360 1358
f 1361 1429 1430
f 1430 1368 1361
f 1433 1363 1362
f 1434 1363 1433
f 1495 1229 1496
f 1209 1553 1304
f 1495 1553 1226
f 1623 2531 1554
f 1321 2531 1623
f 1305 1132 1306
f 1305 1306 1488
f 1432 1124 1123
f 1362 1124 1432
f 1362 1432 1549
f 1309 2550 1307
f 1437 1307 2550
f 1438 2532 1437
f 1439 1313 1310
f 1440 1310 1372
f 1439 1374 1313
f 1442 1374 1439
f 1374 1442 1443
f 1318 1496 1229
f 1366 1503 1377
f 1503 1501 1377
f 1364 1321 1502
f 1502 1365 1364
f 1435 1325 1231
f 1231 1370 1435
f 1435 1326 1325
f 1446 1370 1327
f 1435 1370 1436
f 1436 1370 1446
f 1380 1446 1327
f 1446 1380 1448
f 1447 1448 1266
f 1371 1447 1266
f 1441 1373 1381
f 1441 1381 1330
f 1565 1372 1373
f 1557 1373 1441
f 1330 1382 1441
f 1314 1375 1315
f 1375 1374 1443
f 1376 1331 1338
f 1376 1383 1331
f 1376 1338 1375
f 1376 1375 1445
f 1320 1379 1340
f 1379 1377 1501
f 1379 1378 1340
f 1377 1322 1366
f 1332 1382 1333
f 1279 1569 1278
f 1639 1278 1569
f 1639 1277 1278
f 1280 1392 1384
f 1450 1449 1341
f 1398 1394 1385
f 1401 1398 1385
f 1401 1385 1387
f 2538 1387 1411
f 1387 1385 1386
f 1387 1388 1411
f 2548 1388 1412
f 1454 1387 1386
f 1454 1455 1387
f 1452 1387 1455
f 1387 1452 1388
f 1452 1453 1388
f 1388 1453 1412
f 1453 1413 1412
f 1389 1342 1390
f 1395 1400 1391
f 1392 1280 1389
f 1390 1342 1391
f 1390 1391 1393
f 1389 1393 1392
f 1390 1393 1389
f 1393 1391 1402
f 1391 1400 1402
f 1458 1393 1408
f 1408 1393 1402
f 1458 1408 1459
f 1385 1394 1182
f 1395 1396 1400
f 1396 1398 1399
f 1394 1398 1396
f 1396 1399 1400
f 1412 1397 1405
f 1398 1404 1399
f 1404 1398 1401
f 1402 1400 1403
f 1400 1399 2539
f 1399 1404 2539
f 1406 1397 1407
f 1406 1405 1397
f 1405 2541 2548
f 2538 1411 2542
f 2548 1412 1405
f 1408 1402 1409
f 1410 2545 2540
f 1409 1402 1403
f 1404 2546 2539
f 1406 2547 2543
f 2541 1405 2544
f 2547 1406 1407
f 1459 1408 1409
f 1410 1461 2545
f 2547 1460 2551
f 1460 2547 1407
f 1413 1456 1343
f 1407 1344 1460
f 1347 1346 1506
f 1463 1460 1345
f 1345 1348 1463
f 1463 1348 1572
f 1348 1414 1572
f 1508 1573 1283
f 1573 1286 1283
f 1193 1192 1415
f 1506 1508 1347
f 1287 1414 1190
f 1415 1414 1287
f 1416 1466 1417
f 1416 1465 1466
f 1353 1418 1468
f 1470 1417 1469
f 1468 1467 1353
f 1421 1420 1292
f 1419 1418 1199
f 1575 1421 1576
f 1421 1355 1576
f 1422 1517 1295
f 1293 1294 1511
f 1472 1511 1294
f 1295 1515 1472
f 1423 1474 1422
f 1295 1472 1294
f 1293 1533 1203
f 1203 1544 1424
f 1424 1607 1476
f 1207 1208 1523
f 1480 1356 1427
f 1480 1426 1356
f 1478 1479 1426
f 1478 1426 1480
f 1115 1426 1479
f 1428 1357 1485
f 1428 1358 1357
f 1358 1428 1429
f 1430 1489 1431
f 1362 1549 1433
f 1553 1554 1304
f 1482 1305 1488
f 1488 1306 1359
f 1369 1431 1367
f 1431 1369 1368
f 1367 1431 1483
f 1431 1489 1483
f 1430 1431 1368
f 1551 1437 2550
f 1493 1437 1551
f 1564 1438 1494
f 1494 1438 1437
f 1494 1437 1493
f 1439 1559 1442
f 1499 1496 1318
f 1319 1499 1318
f 1365 1503 1366
f 1501 1503 1632
f 1490 1326 1435
f 1435 1436 1497
f 1436 1498 1497
f 1492 1490 1435
f 1492 1435 1497
f 1498 1436 1446
f 1498 1446 1448
f 1448 1447 1563
f 1498 1448 1563
f 1564 1447 1371
f 1447 1564 1563
f 1438 1564 1371
f 1439 1310 1440
f 1444 1375 1443
f 1445 1375 1444
f 1378 1379 1501
f 1557 1565 1373
f 1382 1504 1441
f 1376 1445 1505
f 1382 1383 1504
f 1383 1376 1505
f 1505 1504 1383
f 1386 1449 1454
f 1449 1450 1685
f 1449 1685 1457
f 1393 1451 1392
f 1392 1451 1571
f 1451 1464 1571
f 1452 1455 1453
f 1453 1455 1457
f 1457 1413 1453
f 1457 1456 1413
f 1455 1454 1457
f 1449 1457 1454
f 1749 1456 1457
f 1456 1749 1346
f 1393 1458 1451
f 1458 1462 1451
f 1451 1462 1464
f 2545 1461 1459
f 1459 1461 1458
f 1461 1460 1463
f 1462 1458 1461
f 1462 1461 1463
f 1463 1464 1462
f 1463 1572 1464
f 1343 1456 1346
f 1415 1192 1507
f 1687 1752 1349
f 1687 1349 1467
f 1466 1469 1417
f 1471 1576 1355
f 1509 2552 1470
f 1421 1575 1420
f 1419 1420 1574
f 1471 1355 1354
f 1576 1644 1575
f 2552 2537 1470
f 1517 1422 1474
f 1518 1517 1474
f 1513 1293 1511
f 1513 1473 1293
f 2554 1474 1522
f 1522 1475 1519
f 1295 1517 1515
f 1525 1533 1293
f 1522 1474 1423
f 1475 1522 1423
f 1475 1207 1523
f 1534 1544 1203
f 1529 1523 1208
f 1529 1208 1543
f 1543 1208 1610
f 1544 1607 1424
f 1667 1300 1477
f 1477 1425 1476
f 1479 1478 1664
f 1547 1486 1485
f 2561 1484 1486
f 1545 1480 1481
f 1481 1480 1427
f 1481 2549 1482
f 1478 1480 1545
f 1482 1488 1616
f 1483 1489 1617
f 1486 1429 1428
f 1484 1429 1486
f 1485 1486 1428
f 1617 1489 1484
f 1491 1550 1432
f 1367 1483 1359
f 1616 1488 1359
f 1484 1430 1429
f 1489 1430 1484
f 1326 1491 1432
f 1549 1487 1433
f 1433 2563 1434
f 1487 2563 1433
f 1622 1495 1496
f 1503 1365 1502
f 1502 1634 1503
f 1503 1634 1632
f 1490 1491 1326
f 1498 1563 1624
f 1620 1564 1494
f 1556 1440 1372
f 1558 1439 1440
f 1439 1558 1559
f 1558 1440 1556
f 1567 1568 1505
f 1378 1501 2535
f 1500 1499 1319
f 1501 1500 2535
f 1560 1496 1499
f 1561 1560 1500
f 1500 1560 1499
f 1561 1500 1501
f 1561 1501 1562
f 1501 1632 1562
f 1441 1504 1566
f 1504 1505 1568
f 1568 1566 1504
f 1567 1505 1445
f 1567 1445 1444
f 1638 1277 1639
f 1569 1279 1570
f 1749 1457 1685
f 1279 1384 1570
f 1392 1570 1384
f 1637 1639 1569
f 1570 1392 1571
f 1346 1749 1506
f 1506 1573 1508
f 1286 1573 1192
f 1414 1415 1507
f 1573 1507 1192
f 1574 1420 1575
f 1419 1510 1418
f 1510 1419 1574
f 1418 1510 1468
f 1515 1517 1579
f 1514 1513 1511
f 1512 1514 1511
f 1512 1515 1577
f 1514 1582 1513
f 1513 1582 1516
f 1516 1582 1583
f 1472 1515 1512
f 1511 1472 1512
f 1513 1516 1473
f 1516 1521 1473
f 1583 1521 1516
f 1522 1519 2554
f 2554 1519 1581
f 1293 1473 1525
f 1521 1525 1473
f 1526 1525 1521
f 2555 1521 1528
f 1521 1587 1528
f 1475 1523 1519
f 1519 1523 1520
f 1520 1523 1524
f 1525 1526 1533
f 2555 1528 1527
f 1527 1528 1530
f 1527 2556 1538
f 2556 1541 1538
f 1528 1590 1530
f 1590 1591 2556
f 2556 1591 1531
f 1586 1524 1592
f 1591 1532 1531
f 2556 1531 1541
f 1524 1529 1592
f 1591 1592 1532
f 1531 1532 1593
f 1531 1593 1541
f 1592 1529 1532
f 1529 1543 1532
f 1532 1543 1593
f 1533 1534 1203
f 1533 1526 1535
f 1535 1534 1533
f 1535 1536 1534
f 1534 1537 1544
f 2555 1527 1538
f 2557 2555 1538
f 2559 1539 2558
f 1539 1536 2558
f 1537 1534 1536
f 1539 1540 1536
f 1536 1540 1537
f 1542 1537 1540
f 1541 1595 2559
f 2559 1595 1539
f 2566 1594 1539
f 1539 1594 1540
f 1594 1596 1540
f 1540 2567 1542
f 1537 1542 1544
f 1524 1523 1529
f 1544 1652 1607
f 1608 1477 1476
f 2568 1476 1607
f 1479 1612 1302
f 1545 1481 1615
f 1729 1545 1615
f 1665 1664 1478
f 1729 1478 1545
f 1302 1612 1485
f 1615 1481 1482
f 1615 1482 1616
f 1485 1612 1547
f 2561 1548 1484
f 2562 1617 1484
f 2563 1487 1618
f 1359 1483 1616
f 1617 1546 1483
f 2560 1616 1483
f 1549 1432 1550
f 1552 1625 1493
f 1556 1621 1558
f 1558 1629 1559
f 1629 1674 1559
f 1674 1628 1559
f 1622 1553 1495
f 1555 1622 1496
f 1555 1496 1630
f 1321 1623 1633
f 1633 1502 1321
f 1634 1502 1633
f 1490 1736 1491
f 1490 1492 2598
f 1624 1738 1498
f 2564 1493 1551
f 1625 1494 1493
f 1625 1620 1494
f 1565 1556 1372
f 1626 1556 1565
f 1443 1442 1628
f 1559 1628 1442
f 1443 1628 1444
f 1636 1567 1444
f 1636 1444 1628
f 1681 1567 1636
f 1681 1568 1567
f 1496 1560 1630
f 1561 1677 1560
f 1560 1677 1630
f 1561 1808 1677
f 1562 1808 1561
f 1806 1632 1634
f 1557 1441 1566
f 1684 1450 1638
f 1684 1685 1450
f 1637 1569 1746
f 1569 1570 1640
f 1640 1570 1571
f 1571 1641 1640
f 1464 1641 1571
f 1572 1641 1464
f 1642 1572 1414
f 1641 1572 1642
f 1815 1573 1506
f 1507 1642 1414
f 1469 1466 1819
f 1469 1819 1470
f 1470 1819 1690
f 2553 1576 1471
f 1690 1509 1470
f 1645 1510 1574
f 1774 1579 1580
f 1577 1578 1512
f 1512 1578 1514
f 1577 1515 1579
f 1578 1832 1514
f 1583 1832 1835
f 1580 1579 1517
f 1580 1517 1518
f 2565 2554 1581
f 2615 2565 1581
f 1832 1582 1514
f 1583 1582 1832
f 1583 1835 1584
f 1584 1521 1583
f 1586 1648 1646
f 1584 1585 1587
f 1521 1584 1587
f 1589 1587 1585
f 1588 1648 1586
f 1589 1585 1647
f 1646 1519 1520
f 1646 1520 1586
f 1587 1589 1528
f 1589 1590 1528
f 1588 1591 1589
f 1591 1590 1589
f 1586 1592 1588
f 1603 1699 1652
f 1604 1699 1603
f 1586 1520 1524
f 1541 1593 1597
f 1609 1593 1543
f 1609 1597 1593
f 1591 1588 1592
f 2566 1598 1594
f 1541 1597 1595
f 1594 1598 1599
f 1594 1599 1596
f 1597 1598 2566
f 1600 1598 1597
f 1599 1605 1596
f 1600 1597 1609
f 1600 1601 1598
f 1601 1599 1598
f 1601 1600 1606
f 1599 1602 1605
f 1602 1599 1601
f 1606 1658 1601
f 1601 1658 1602
f 1611 1610 1606
f 1542 1603 1544
f 1603 1652 1544
f 1605 1604 1596
f 2567 1604 1542
f 1603 1542 1604
f 1604 1605 1649
f 1653 1607 1652
f 1602 1649 1605
f 1649 1602 1657
f 1543 1610 1609
f 1609 1611 1600
f 1610 1611 1609
f 1611 1606 1600
f 1655 1477 1608
f 1663 1477 2574
f 1667 1606 1610
f 1729 1665 1478
f 1548 2561 1614
f 1479 1613 1612
f 2569 1612 1613
f 2569 1613 1719
f 2569 1547 1612
f 1720 1487 1549
f 1671 2564 1618
f 1669 1550 1491
f 1618 2564 1551
f 1552 1619 1625
f 2578 1619 1552
f 1497 1498 1738
f 1624 1563 1678
f 1563 1564 1678
f 1678 1564 1620
f 1619 1620 1625
f 1621 1556 1626
f 1621 1627 1558
f 1629 1558 1627
f 1742 1628 1674
f 1742 1636 1628
f 1630 1631 1555
f 1676 1630 1677
f 1806 1808 1632
f 1632 1808 1562
f 1857 1634 1633
f 1635 1626 1565
f 1635 1565 1557
f 1673 1635 1557
f 1679 1566 1680
f 1566 1679 1557
f 1673 1557 1679
f 1568 1680 1566
f 1742 1681 1636
f 1746 1569 1810
f 1569 1640 1810
f 1749 1815 1506
f 1640 1641 1748
f 1641 1642 1686
f 1752 1465 1349
f 1688 1467 1468
f 1688 1468 1643
f 1688 1643 1689
f 1468 1510 1643
f 1693 1689 1643
f 1643 1510 1693
f 1510 1645 1693
f 1693 1645 1824
f 1691 2553 1690
f 1691 1576 2553
f 1692 1576 1691
f 1644 1576 1692
f 1574 1694 1645
f 1575 1694 1574
f 1644 1694 1575
f 1694 1644 1754
f 1771 1772 1578
f 1578 1577 1771
f 1696 1581 1519
f 1696 1519 1646
f 1648 1697 1646
f 1698 1697 1648
f 1646 1697 1696
f 1835 1777 1584
f 1585 1584 1777
f 1695 1585 1777
f 1695 1647 1585
f 1647 1698 1648
f 1648 1588 1647
f 1647 1588 1589
f 1699 1604 1700
f 1700 1604 1649
f 1700 1649 1650
f 1649 1657 1650
f 1650 1657 1651
f 1651 1657 1659
f 1607 2571 2568
f 1652 1702 1653
f 1708 1654 2571
f 1654 2568 2571
f 2572 1655 1608
f 1663 2574 1723
f 1654 1708 1710
f 2584 2575 2573
f 2587 2576 1707
f 1706 1656 1666
f 1714 1656 1706
f 1606 1667 1660
f 1657 1602 1659
f 1659 1602 1658
f 1658 1662 1659
f 1658 1660 1662
f 1658 1606 1660
f 1651 1659 1662
f 1663 1722 1477
f 1667 1661 1660
f 1722 1661 1667
f 1477 1722 1667
f 1660 1661 1721
f 1661 1722 1721
f 1660 1721 1662
f 1724 1664 1665
f 1479 1664 1714
f 1725 1729 1615
f 1714 1664 1656
f 1724 1665 1729
f 1663 1723 1722
f 1664 1724 1666
f 1724 2581 1666
f 1666 1656 1664
f 1479 1714 1613
f 1714 1719 1613
f 1615 1616 1733
f 1550 1734 1549
f 1550 1669 1734
f 1549 1734 1670
f 1784 1734 1669
f 1670 1720 1549
f 1487 1740 1618
f 1740 1487 1720
f 1616 1668 1733
f 1616 2560 1668
f 1617 1668 1546
f 1669 1491 1736
f 1492 1497 1738
f 1620 1787 1678
f 1618 1740 1671
f 1741 1620 1619
f 1741 1619 2578
f 1741 1884 1620
f 1672 1674 1629
f 1674 1672 1788
f 1803 1622 1675
f 1803 1675 1802
f 1554 1553 1793
f 1623 1554 1794
f 1794 1554 1793
f 1738 1624 1739
f 1889 1626 1635
f 1795 1635 1673
f 1627 1621 1672
f 1629 1627 1672
f 1682 1681 1799
f 1796 1799 1681
f 1742 1796 1681
f 1675 1555 1631
f 1675 1631 2579
f 2579 1631 1630
f 1622 1555 1675
f 2579 1802 1675
f 1677 2616 1676
f 1568 1682 1680
f 1682 1568 1681
f 1639 1683 1638
f 1684 1638 1683
f 1639 1743 1683
f 1743 1639 1637
f 1747 1685 1684
f 1686 1748 1641
f 1750 1686 1642
f 1507 1750 1642
f 1816 1573 1815
f 1573 1816 1507
f 1817 1465 1752
f 1688 1687 1467
f 1900 1687 1688
f 1870 1900 1688
f 1870 1688 1689
f 1819 1820 1690
f 1692 1691 1759
f 1690 1759 1691
f 1757 1644 1692
f 1824 1645 1769
f 1769 1645 1694
f 1754 1769 1694
f 1773 1771 1577
f 1772 1832 1578
f 1577 1579 1773
f 1774 1770 1579
f 1776 1581 1696
f 1695 1698 1647
f 1708 1702 1717
f 1717 1702 1719
f 1719 1702 1781
f 1781 1782 2586
f 1700 1650 1701
f 1701 1650 1651
f 1727 1704 1703
f 1704 1727 1712
f 1662 1703 1783
f 1703 1704 1783
f 1702 1708 1653
f 1709 1710 1708
f 2585 1705 2577
f 1710 1711 2580
f 1711 1706 2580
f 2577 1705 2582
f 2580 1706 2581
f 1666 2581 1706
f 1708 1715 1709
f 1710 1713 1711
f 1710 1709 1713
f 1715 1708 1717
f 1709 1715 1713
f 1712 1732 1783
f 1704 1712 1783
f 1706 1711 1714
f 1713 1716 1714
f 1711 1713 1714
f 1715 1718 1716
f 1713 1715 1716
f 1716 1719 1714
f 1718 1715 1717
f 1718 1719 1716
f 1717 1719 1718
f 1782 2570 2586
f 1782 1548 1614
f 1703 1662 1721
f 1727 1703 1721
f 1722 1727 1721
f 1727 1722 1726
f 1722 1723 2593
f 2588 2590 2594
f 2589 2583 2591
f 2590 1728 2594
f 2595 1724 1729
f 1731 1729 1725
f 1731 2592 1733
f 1728 1727 2594
f 1615 1733 2592
f 1728 1730 1727
f 1730 2596 1731
f 1731 2596 1729
f 1712 1727 1730
f 1732 1712 1730
f 1732 1730 1731
f 1732 1731 1733
f 1732 1733 1783
f 1846 1617 2562
f 1846 1668 1617
f 1734 1720 1670
f 1740 1720 1785
f 1785 1735 1740
f 1741 1740 2597
f 1741 2597 1850
f 1671 1740 1741
f 1850 1884 1741
f 1786 1672 1621
f 1788 1672 1786
f 1622 1804 1792
f 1622 1803 1804
f 1553 1622 1792
f 1553 1792 1793
f 1791 1633 1623
f 1794 1791 1623
f 1633 1791 1857
f 1737 1492 1738
f 2598 1492 2599
f 1678 1739 1624
f 1787 1739 1678
f 1795 1889 1635
f 1673 1807 1795
f 1673 1679 1807
f 1679 1797 1807
f 1680 1797 1679
f 1680 1798 1797
f 1800 1674 1788
f 1674 1800 1801
f 1801 1742 1674
f 1801 1796 1742
f 1808 1805 1677
f 1682 1798 1680
f 1798 1682 1799
f 1863 1743 1746
f 1683 1743 1745
f 1744 1860 1747
f 1745 1859 1744
f 1743 1637 1746
f 1684 1683 1744
f 1744 1747 1684
f 1744 1683 1745
f 1811 1749 1685
f 1685 1747 1811
f 1748 1686 1812
f 1750 1507 1816
f 1751 1466 1818
f 1465 1818 1466
f 1818 1465 1817
f 1466 1751 1819
f 1753 1758 1820
f 1821 1753 1820
f 1769 1823 1824
f 1754 1755 1823
f 1768 1756 2600
f 1773 2602 2611
f 1770 2602 1773
f 1758 1690 1820
f 1759 1690 1758
f 1759 1760 1757
f 1757 1761 1755
f 1760 1761 1757
f 1758 1766 1759
f 1762 1759 1766
f 1759 1762 1760
f 1762 1763 1760
f 2603 2605 2612
f 2604 1768 2600
f 2613 1761 1760
f 1765 1764 1771
f 1764 1831 1771
f 1771 1831 1772
f 1773 1765 1771
f 1753 1766 1758
f 1762 1766 1830
f 1767 1764 2606
f 2611 2607 1773
f 2606 2609 2614
f 2609 2606 1764
f 1832 1772 1831
f 1821 1830 1753
f 1830 1766 1753
f 1762 2610 2608
f 1830 2610 1762
f 1830 1831 1767
f 1764 1767 1831
f 1689 1693 1824
f 1754 1644 1757
f 1754 1757 1755
f 1754 1823 1769
f 1759 1757 1692
f 1773 1579 1770
f 1833 1770 1774
f 2615 1581 1775
f 2615 1775 1833
f 1776 1775 1581
f 1837 1776 1696
f 1837 1696 1697
f 1838 1697 1698
f 1837 1697 1838
f 1777 1836 1695
f 1875 1698 1695
f 1875 1695 1836
f 1700 1842 1699
f 1842 1700 1839
f 1699 1778 1652
f 1702 1652 1778
f 1842 1778 1699
f 1651 1779 1701
f 1701 1839 1700
f 1651 1662 1779
f 1840 1839 1701
f 1780 1779 1662
f 1779 1840 1701
f 1878 1782 1781
f 1843 1782 1878
f 1845 1548 1782
f 1845 1846 2562
f 1785 1849 2621
f 1780 1662 1783
f 1780 1783 1733
f 1780 1733 1844
f 1844 1733 1668
f 1844 1668 1846
f 1784 1879 1734
f 1879 1914 1734
f 1734 1914 1720
f 1785 2621 1735
f 1720 1849 1785
f 1885 1790 1786
f 2599 1851 2598
f 2622 1737 1738
f 1856 1738 1739
f 1738 1856 2622
f 1787 1853 1739
f 1620 1884 1787
f 1889 1795 1890
f 1855 1786 1621
f 1788 1786 1790
f 1788 1790 1789
f 1895 1792 1804
f 1803 1895 1804
f 1792 1958 1793
f 1797 1888 1807
f 2627 1795 1807
f 1807 1888 2627
f 1621 1626 1855
f 1800 1788 1789
f 1891 1796 1801
f 1797 1798 1888
f 1789 1801 1800
f 1677 1805 2616
f 1805 1858 2616
f 1802 2623 1803
f 1806 1634 1857
f 1805 1808 1806
f 1745 1743 1863
f 1859 1860 1744
f 1747 1864 1811
f 1811 1864 1935
f 1640 1809 1810
f 1748 1809 1640
f 1861 1810 1809
f 1814 1813 1898
f 1811 1815 1749
f 1811 1935 1865
f 1865 1815 1811
f 1812 1809 1748
f 1812 1686 1814
f 1750 1814 1686
f 1750 1816 1813
f 1813 1814 1750
f 1689 1971 1870
f 1871 1820 1819
f 1689 1829 1971
f 1829 1872 1971
f 1822 1821 1820
f 1822 1820 1871
f 1825 2618 2601
f 2600 1756 2619
f 1827 2602 1770
f 1824 1829 1689
f 1823 2620 1824
f 2619 1756 1827
f 1824 2620 1826
f 1824 1826 1829
f 2619 1828 1826
f 1828 2619 1827
f 1828 1827 1833
f 1829 1826 1872
f 1828 1872 1826
f 1872 1828 1833
f 1833 1834 1872
f 1830 1821 1822
f 1831 1830 1822
f 1831 2617 1832
f 1871 1832 1822
f 1871 1835 1832
f 1833 1827 1770
f 1834 1833 1775
f 1775 1776 1834
f 1837 1838 1905
f 1903 1777 1835
f 1834 1776 1837
f 1698 1875 1838
f 1874 1875 1836
f 1842 1839 1909
f 1909 1839 1840
f 1841 1779 1780
f 1841 1840 1779
f 1844 1841 1780
f 1843 1878 1913
f 1845 1843 1913
f 1720 1914 1881
f 1845 1782 1843
f 1845 1911 1846
f 1911 1912 1846
f 1847 2598 1851
f 1880 1847 1950
f 1950 1847 1851
f 1848 1784 1669
f 1847 1848 1669
f 1847 1669 1736
f 1880 1848 1847
f 1916 2621 1849
f 1786 1883 1885
f 1786 1855 1883
f 1886 1790 1885
f 1852 2622 1856
f 1852 1856 1952
f 1856 1739 1952
f 1739 1853 1924
f 1884 1850 1882
f 1854 1626 1889
f 1855 1626 1854
f 1790 2628 1789
f 1853 1787 1884
f 2628 1801 1789
f 1893 1796 1891
f 1892 1798 1799
f 1893 1892 1796
f 1892 1799 1796
f 1798 1894 1888
f 1894 1798 1892
f 1803 1896 1895
f 1805 1806 1989
f 1805 1989 1927
f 1927 1858 1805
f 1896 1803 2623
f 2630 1896 2623
f 1932 1745 1863
f 1863 1862 1932
f 2624 1746 1810
f 2624 1810 1861
f 1864 1747 1860
f 1863 1746 1862
f 1809 1866 1861
f 1935 1864 1995
f 1809 1812 1866
f 1897 1812 1814
f 1866 1812 1897
f 1814 1898 1897
f 1813 1816 1898
f 1815 1937 1816
f 1817 1867 1818
f 1867 1817 1752
f 1751 1818 1868
f 1900 1867 1752
f 1867 1868 1818
f 1819 1751 1869
f 1967 1869 1868
f 1869 1751 1868
f 1900 1752 1687
f 1900 1870 1901
f 1901 1870 1971
f 1903 1835 1871
f 1903 1871 1819
f 1872 1834 1971
f 1834 1972 1971
f 1972 1837 1905
f 1873 1875 1874
f 1834 1837 1972
f 1875 1873 1838
f 1873 1905 1838
f 1702 1877 1781
f 1702 1876 1877
f 1877 1910 1781
f 1945 1944 1840
f 1778 1876 1702
f 1911 1845 1979
f 1910 1878 1781
f 1910 1913 1878
f 1879 1947 1914
f 1840 1841 1945
f 1841 1844 1946
f 1841 1946 1945
f 1848 1879 1784
f 1881 1849 1720
f 1881 1915 1849
f 1915 1916 1849
f 1882 1850 1916
f 1883 1918 1885
f 1886 1885 1920
f 1920 1887 1886
f 1951 2633 2622
f 1951 2622 1852
f 1951 1852 1952
f 1739 1924 1952
f 1855 1919 1883
f 1919 1855 1854
f 2628 1790 1886
f 1887 2628 1886
f 1922 1794 1793
f 1958 1922 1793
f 1930 1794 1922
f 1794 1930 1791
f 1894 1892 1926
f 1926 1888 1894
f 1888 1925 2627
f 1926 2629 1888
f 2626 1893 1891
f 1933 1932 1862
f 2624 1861 1934
f 1995 1864 1860
f 1964 1866 1897
f 1816 1939 1898
f 1866 1934 1861
f 1937 1815 2625
f 1898 1964 1897
f 1899 1938 1868
f 1938 1967 1868
f 1868 1867 1899
f 1899 1867 1940
f 1940 1867 1900
f 1940 1938 1899
f 1940 1900 1966
f 1967 1968 1869
f 1968 1902 1869
f 1819 1869 1902
f 1902 1903 1819
f 1943 1904 1873
f 1874 1836 1941
f 1943 1873 1874
f 1943 1874 1941
f 1873 1904 1905
f 1906 1842 1909
f 2002 1906 1909
f 1944 1909 1840
f 1778 1907 1876
f 1907 1974 1876
f 1974 1877 1876
f 1778 1842 1906
f 1906 1907 1778
f 1908 1910 1877
f 1947 1948 1914
f 1914 1948 1949
f 1949 1982 1915
f 1978 1844 1846
f 1912 1978 1846
f 1978 1946 1844
f 1980 1879 1848
f 1947 1879 1980
f 1881 1914 1949
f 1915 1881 1949
f 1915 1953 1916
f 1953 1917 1916
f 1917 1882 1916
f 1954 1882 1917
f 1955 1882 1954
f 1955 1924 1853
f 2010 1919 1854
f 2010 2011 1919
f 2011 1918 1883
f 1919 2011 1883
f 2093 2010 1854
f 1957 1920 1918
f 1920 1885 1918
f 1920 1957 1887
f 1921 2626 2634
f 1921 1893 2626
f 1893 1959 1892
f 1986 1930 1922
f 1958 1986 1922
f 1986 1987 1930
f 1987 1923 1930
f 1923 1987 2013
f 2093 1889 1890
f 2093 1854 1889
f 2121 2627 1925
f 1926 2683 2629
f 1960 1792 1928
f 1792 1895 1928
f 1928 1895 1929
f 1960 1928 1929
f 1791 1930 1923
f 1791 1923 1857
f 2013 1961 1923
f 1961 1857 1923
f 1961 1806 1857
f 2630 2631 1896
f 1896 1929 1895
f 1931 1859 1745
f 1931 1994 1859
f 1860 1859 1994
f 1995 1860 1994
f 1745 1932 1931
f 1866 1963 1934
f 1934 1933 2624
f 1937 2625 2632
f 1936 1937 2632
f 1866 1964 1963
f 1939 1964 1898
f 1816 1937 1939
f 1940 2022 1938
f 1901 2636 1900
f 2636 1901 1969
f 1998 2636 1969
f 1970 1903 1902
f 1942 1777 1903
f 1943 1973 1972
f 1941 1973 1943
f 1942 1836 1777
f 1942 1941 1836
f 1904 1972 1905
f 1943 1972 1904
f 1944 2002 1909
f 1976 1977 1913
f 1910 1908 2637
f 1913 1910 1976
f 1845 1913 1977
f 1977 1979 1845
f 1951 1952 2044
f 1915 1982 1953
f 1954 1917 1983
f 1983 1917 1953
f 1983 1953 1982
f 2009 1955 1954
f 1955 1853 1884
f 1955 1884 1882
f 2634 1956 1921
f 1958 1792 1985
f 1985 1792 1988
f 1892 1959 1926
f 1956 1893 1921
f 1959 1893 1956
f 2630 2635 2631
f 2012 2635 2630
f 1988 1792 1960
f 1992 1994 2016
f 1932 1990 1931
f 1990 2016 1931
f 1994 1931 2016
f 1990 1932 1991
f 1991 1932 1933
f 1996 2017 1936
f 1933 1934 1962
f 1934 1963 1962
f 1965 1963 1964
f 1962 1963 1965
f 1996 1935 1995
f 1936 1935 1996
f 2017 1937 1936
f 1938 2022 1967
f 1997 1940 1966
f 1969 1999 1998
f 2037 1999 1969
f 1902 1968 1970
f 1968 2034 1970
f 2037 1969 1971
f 1903 1970 2000
f 2000 1942 1903
f 1971 1969 1901
f 2001 1973 1941
f 2001 1941 1942
f 1974 1907 2003
f 2003 1906 2004
f 1906 2002 2004
f 2066 1974 2038
f 1974 2066 1877
f 1877 2066 1908
f 2067 2637 1908
f 1944 1975 2002
f 1945 1975 1944
f 1975 1945 2006
f 1945 1946 2006
f 1907 1906 2003
f 2072 1979 1977
f 2072 1977 1976
f 1947 2079 1948
f 1948 2079 1949
f 1981 2084 1848
f 2079 2040 1949
f 2040 1982 1949
f 1912 2007 1978
f 1911 2007 1912
f 2007 1911 1979
f 2008 1981 1984
f 1848 1880 1981
f 1981 1880 1950
f 1950 1984 1981
f 2633 1951 2638
f 2639 1951 2044
f 1955 2043 1924
f 1952 1924 2044
f 2009 1954 1983
f 1957 1918 2046
f 2050 1985 1988
f 1986 1958 2048
f 2015 1988 1960
f 1988 2015 2053
f 2014 1806 1961
f 2014 1961 2013
f 2014 1989 1806
f 1994 1992 1995
f 2057 1996 1992
f 2019 1965 1964
f 1965 1993 1962
f 1962 1993 1933
f 1939 2019 1964
f 1992 1996 1995
f 1939 1937 2021
f 2021 1937 2017
f 2021 2024 1939
f 2022 1940 1997
f 2640 1997 1966
f 2029 1997 2640
f 2659 1998 2032
f 1999 2032 1998
f 2026 1968 1967
f 2037 2032 1999
f 2034 1968 2026
f 1972 1973 2036
f 1972 2037 1971
f 2000 2001 1942
f 2038 1974 2003
f 2002 2005 2004
f 2005 2002 1975
f 2005 1975 2006
f 2006 1946 2039
f 2039 1946 1978
f 1908 2066 2067
f 2084 1980 1848
f 1979 2069 2007
f 2664 1978 2007
f 2084 1981 2008
f 2042 2009 1983
f 2011 2045 1918
f 1924 2043 2044
f 1955 2009 2043
f 2049 2634 2046
f 2049 1956 2634
f 1959 1956 2049
f 2046 1918 2045
f 2051 1958 1985
f 2050 2051 1985
f 1958 2051 2048
f 2094 2093 1890
f 2121 2094 2627
f 2097 1926 1959
f 2098 2053 2015
f 2098 2015 2012
f 2101 2055 2014
f 2013 2101 2014
f 1927 1989 2055
f 2012 2015 2635
f 1927 2054 2643
f 2014 2055 1989
f 2102 2103 1990
f 1990 2103 2016
f 2102 1990 1991
f 1993 1991 1933
f 2102 1991 2056
f 2020 2019 2651
f 2104 1993 2019
f 2104 2019 2644
f 1996 2057 2017
f 2018 2027 2017
f 2658 2018 2033
f 1965 2019 1993
f 2019 1939 2651
f 2105 2644 2031
f 2025 2022 1997
f 2645 2023 2652
f 2648 2646 2017
f 2026 1967 2022
f 2029 2654 1997
f 2017 2027 2648
f 2658 2028 2649
f 2655 2650 2647
f 2656 2652 2023
f 2028 2022 2649
f 2028 2026 2022
f 2653 2657 2030
f 2660 2654 2029
f 2033 2026 2028
f 2033 2034 2026
f 2653 2030 2644
f 2028 2658 2033
f 2058 2034 2033
f 2030 2031 2644
f 2031 2030 2032
f 2032 2030 2659
f 2105 2031 2032
f 2034 2158 2060
f 2034 2058 2158
f 2032 2037 2059
f 2059 2105 2032
f 1970 2034 2060
f 2037 2035 2063
f 2063 2059 2037
f 2000 2061 2001
f 2000 1970 2060
f 2060 2061 2000
f 2063 2035 2064
f 2036 2064 2035
f 2035 2037 1972
f 1972 2036 2035
f 2004 2065 2145
f 2065 2004 2005
f 2006 2068 2005
f 2069 1979 2081
f 2081 1979 2072
f 2664 2039 1978
f 2072 1976 2067
f 2073 1947 1980
f 2073 1980 2084
f 2040 2079 2115
f 2041 1983 1982
f 1982 2040 2041
f 2042 1983 2661
f 2092 2045 2011
f 2091 2092 2011
f 2090 2043 2009
f 2129 2639 2044
f 2043 2129 2044
f 2090 2009 2042
f 2010 2091 2011
f 2047 2049 2046
f 2050 1988 2053
f 1987 2100 2013
f 2101 2013 2100
f 2052 1986 2048
f 1986 2052 1987
f 1987 2052 2100
f 2098 2012 2054
f 2099 2054 1927
f 1927 2055 2099
f 1993 2104 1991
f 2105 2104 2644
f 2018 2017 2057
f 2033 2018 2058
f 2057 2058 2018
f 2158 2058 2057
f 2109 2059 2063
f 2064 2109 2063
f 2109 2064 2111
f 2140 2061 2060
f 2064 2036 2111
f 2142 2062 2061
f 2036 2110 2111
f 2062 2110 2036
f 2140 2142 2061
f 2062 2001 2061
f 1973 2062 2036
f 2062 1973 2001
f 2003 2004 2113
f 2038 2003 2112
f 2145 2113 2004
f 2113 2112 2003
f 2112 2066 2038
f 2066 2114 2067
f 2067 2114 2074
f 2147 2114 2066
f 2663 2005 2068
f 2068 2145 2663
f 2117 2039 2071
f 2006 2039 2117
f 2068 2006 2117
f 2081 2083 2069
f 2070 2664 2087
f 2069 2083 2678
f 2071 2664 2070
f 2070 2679 2088
f 2664 2071 2039
f 2070 2118 2071
f 2088 2118 2070
f 1947 2073 2079
f 2081 2072 2083
f 2086 2084 2008
f 2075 2083 2072
f 2080 2078 2073
f 2073 2078 2079
f 2080 2073 2084
f 2665 2067 2074
f 2072 2067 2665
f 2114 2076 2074
f 2074 2076 2665
f 2076 2114 2082
f 2082 2115 2079
f 2076 2077 2665
f 2076 2082 2077
f 2082 2078 2077
f 2082 2079 2078
f 2080 2077 2078
f 2084 2077 2080
f 2672 2666 2669
f 2115 2082 2114
f 2667 2085 2670
f 2668 2673 2674
f 2671 2675 2679
f 2086 2676 2084
f 2679 2675 2088
f 2680 2677 2089
f 2089 2677 2086
f 2089 2086 2008
f 2681 2119 2088
f 2681 2641 2119
f 2642 2128 2119
f 2115 2116 2040
f 2116 2041 2040
f 2120 2041 2116
f 2008 1984 2685
f 2128 2639 2129
f 2042 2661 2682
f 2042 2682 2090
f 2043 2090 2151
f 2095 2045 2092
f 2010 2196 2091
f 2095 2046 2045
f 2096 2046 2095
f 2096 2047 2046
f 2133 2047 2096
f 2133 2049 2047
f 1926 2097 2683
f 2097 2154 2683
f 1959 2049 2097
f 2122 2053 2098
f 2122 2050 2053
f 2123 2100 2052
f 2123 2124 2100
f 2048 2123 2052
f 2099 2156 2054
f 2098 2054 2135
f 2124 2101 2100
f 2138 2099 2055
f 2103 2125 2016
f 1992 2016 2125
f 2104 2662 1991
f 2140 2060 2158
f 2106 2059 2109
f 2109 2107 2106
f 2107 2109 2111
f 2106 2105 2059
f 2108 2107 2111
f 2108 2159 2107
f 2108 2111 2110
f 2062 2142 2126
f 2110 2062 2126
f 2126 2108 2110
f 2112 2147 2066
f 2147 2116 2114
f 2117 2167 2068
f 2068 2127 2145
f 2068 2167 2684
f 2116 2115 2114
f 2117 2118 2128
f 2071 2118 2117
f 2088 2119 2118
f 2128 2118 2119
f 2092 2132 2095
f 2095 2132 2096
f 2096 2132 2133
f 2130 2010 2093
f 2050 2134 2051
f 2136 2048 2051
f 2134 2136 2051
f 2134 2050 2122
f 2135 2054 2156
f 2156 2099 2138
f 2157 2124 2123
f 2157 2101 2124
f 2138 2055 2101
f 2103 2102 2180
f 2180 2102 2056
f 1992 2125 2057
f 2145 2143 2113
f 2112 2144 2147
f 2144 2112 2113
f 2127 2146 2145
f 2688 2684 2167
f 2167 2117 2128
f 2151 2129 2043
f 2128 2129 2169
f 2116 2164 2120
f 2148 2090 2682
f 2164 2148 2682
f 2148 2151 2090
f 2152 2130 2093
f 2171 2130 2152
f 2091 2131 2092
f 2686 2132 2092
f 2196 2010 2130
f 2152 2093 2094
f 2094 2153 2152
f 2094 2121 2153
f 2150 2049 2133
f 2122 2173 2134
f 2137 2048 2136
f 2123 2048 2137
f 2157 2123 2137
f 2174 2157 2137
f 2122 2098 2687
f 2138 2101 2139
f 2139 2101 2157
f 2188 2662 2104
f 2160 2104 2105
f 2106 2160 2105
f 2237 2142 2140
f 2126 2142 2141
f 2141 2108 2126
f 2143 2144 2113
f 2162 2147 2144
f 2147 2162 2116
f 2196 2165 2091
f 2166 2132 2686
f 2091 2165 2131
f 2132 2166 2149
f 2173 2136 2134
f 2199 2136 2173
f 2697 2137 2136
f 2174 2137 2697
f 2169 2129 2168
f 2168 2151 2148
f 2129 2151 2168
f 2153 2170 2152
f 2153 2690 2170
f 2149 2133 2132
f 2689 2150 2133
f 2155 2097 2049
f 2155 2049 2150
f 2155 2154 2097
f 2173 2122 2202
f 2202 2122 2687
f 2690 2153 2121
f 2203 2139 2175
f 2203 2178 2139
f 2156 2138 2177
f 2178 2138 2139
f 2693 2177 2138
f 2175 2139 2157
f 2056 2694 2180
f 2104 2189 2188
f 2189 2104 2227
f 2125 2103 2182
f 2158 2057 2125
f 2227 2104 2160
f 2237 2140 2158
f 2238 2142 2237
f 2161 2106 2107
f 2159 2161 2107
f 2108 2241 2159
f 2160 2106 2161
f 2142 2238 2141
f 2190 2145 2146
f 2190 2143 2145
f 2244 2191 2688
f 2695 2190 2146
f 2163 2162 2144
f 2688 2167 2244
f 2245 2169 2192
f 2168 2192 2169
f 2116 2162 2164
f 2166 2197 2149
f 2696 2150 2689
f 2167 2128 2169
f 2245 2167 2169
f 2166 2686 2691
f 2196 2130 2171
f 2171 2152 2170
f 2172 2155 2150
f 2176 2155 2172
f 2193 2196 2171
f 2171 2194 2193
f 2150 2198 2172
f 2170 2194 2171
f 2696 2198 2150
f 2175 2157 2174
f 2170 2690 2692
f 2176 2154 2155
f 2687 2201 2202
f 2698 2135 2156
f 2177 2698 2156
f 2184 2694 2179
f 2184 2180 2694
f 2184 2204 2206
f 2204 2184 2179
f 2183 2181 2180
f 2180 2181 2103
f 2103 2181 2182
f 2183 2180 2184
f 2158 2125 2187
f 2185 2181 2183
f 2185 2186 2181
f 2186 2182 2181
f 2125 2182 2187
f 2187 2182 2186
f 2184 2206 2183
f 2185 2183 2206
f 2237 2187 2224
f 2158 2187 2237
f 2179 2188 2189
f 2226 2179 2189
f 2225 2238 2237
f 2161 2239 2160
f 2160 2239 2227
f 2141 2230 2241
f 2108 2141 2241
f 2144 2242 2163
f 2144 2143 2242
f 2242 2143 2190
f 2243 2247 2148
f 2243 2148 2164
f 2246 2148 2247
f 2170 2195 2194
f 2252 2193 2194
f 2265 2277 2691
f 2196 2265 2165
f 2277 2166 2691
f 2277 2197 2166
f 2306 2254 2200
f 2300 2712 2200
f 2300 2200 2198
f 2251 2203 2175
f 2254 2195 2170
f 2200 2172 2198
f 2200 2254 2176
f 2200 2176 2172
f 2170 2692 2254
f 2271 2202 2201
f 2693 2255 2256
f 2698 2272 2271
f 2177 2272 2698
f 2697 2250 2174
f 2175 2174 2250
f 2203 2255 2178
f 2177 2693 2256
f 2204 2179 2226
f 2208 2206 2204
f 2205 2208 2204
f 2228 2204 2226
f 2205 2204 2228
f 2186 2207 2187
f 2224 2187 2207
f 2215 2209 2206
f 2206 2209 2185
f 2209 2210 2185
f 2185 2210 2186
f 2210 2211 2186
f 2186 2211 2207
f 2207 2211 2212
f 2215 2206 2208
f 2212 2224 2207
f 2215 2217 2209
f 2209 2213 2210
f 2213 2214 2210
f 2210 2214 2211
f 2212 2211 2214
f 2212 2214 2216
f 2217 2213 2209
f 2208 2205 2215
f 2217 2218 2213
f 2218 2214 2213
f 2215 2220 2217
f 2218 2219 2214
f 2219 2216 2214
f 2216 2223 2225
f 2234 2225 2223
f 2218 2217 2221
f 2217 2220 2221
f 2221 2219 2218
f 2215 2205 2220
f 2233 2205 2228
f 2220 2205 2257
f 2221 2220 2257
f 2258 2222 2221
f 2222 2219 2221
f 2223 2216 2219
f 2223 2219 2222
f 2257 2205 2233
f 2233 2259 2257
f 2212 2216 2225
f 2224 2212 2225
f 2225 2237 2224
f 2226 2189 2227
f 2229 2226 2227
f 2229 2227 2239
f 2226 2229 2228
f 2229 2233 2228
f 2239 2231 2229
f 2231 2239 2240
f 2230 2141 2238
f 2231 2240 2232
f 2232 2240 2241
f 2232 2241 2230
f 2261 2236 2234
f 2234 2236 2238
f 2236 2230 2238
f 2235 2229 2231
f 2231 2232 2235
f 2235 2232 2262
f 2235 2259 2233
f 2229 2235 2233
f 2222 2261 2234
f 2223 2222 2234
f 2236 2261 2262
f 2262 2232 2236
f 2236 2232 2230
f 2234 2238 2225
f 2240 2161 2159
f 2240 2239 2161
f 2240 2159 2241
f 2263 2162 2163
f 2263 2264 2162
f 2695 2276 2190
f 2274 2242 2190
f 2247 2334 2246
f 2264 2164 2162
f 2243 2164 2264
f 2267 2243 2264
f 2267 2247 2243
f 2245 2244 2167
f 2192 2168 2246
f 2246 2168 2148
f 2192 2266 2245
f 2245 2266 2244
f 2196 2193 2252
f 2196 2252 2268
f 2248 2268 2252
f 2253 2248 2252
f 2305 2248 2253
f 2696 2300 2198
f 2270 2202 2271
f 2173 2202 2249
f 2173 2249 2199
f 2250 2251 2175
f 2194 2253 2252
f 2253 2194 2195
f 2195 2254 2253
f 2254 2305 2253
f 2355 2256 2255
f 2256 2272 2177
f 2221 2257 2258
f 2222 2258 2260
f 2257 2259 2258
f 2258 2259 2260
f 2260 2261 2222
f 2235 2262 2259
f 2259 2262 2260
f 2261 2260 2262
f 2274 2190 2276
f 2163 2242 2273
f 2263 2163 2273
f 2273 2242 2274
f 2312 2264 2263
f 2312 2267 2264
f 2275 2276 2191
f 2275 2191 2244
f 2244 2266 2275
f 2292 2275 2266
f 2196 2278 2265
f 2277 2279 2197
f 2278 2196 2268
f 2696 2699 2297
f 2297 2300 2696
f 2697 2341 2250
f 2289 2199 2249
f 2289 2341 2697
f 2250 2341 2291
f 2250 2291 2251
f 2291 2358 2251
f 2269 2304 2268
f 2304 2269 2305
f 2268 2248 2269
f 2248 2305 2269
f 2306 2305 2254
f 2249 2202 2270
f 2358 2356 2251
f 2352 2351 2272
f 2256 2352 2272
f 2355 2307 2256
f 2356 2203 2251
f 2272 2351 2271
f 2356 2355 2255
f 2356 2255 2203
f 2273 2274 2381
f 2263 2273 2308
f 2309 2263 2308
f 2273 2381 2308
f 2286 2329 2360
f 2363 2275 2292
f 2333 2334 2247
f 2333 2247 2313
f 2309 2312 2263
f 2313 2267 2312
f 2313 2247 2267
f 2277 2287 2281
f 2281 2279 2277
f 2284 2279 2281
f 2284 2706 2279
f 2329 2286 2265
f 2278 2329 2265
f 2265 2286 2277
f 2282 2281 2287
f 2282 2287 2283
f 2284 2281 2282
f 2282 2283 2284
f 2283 2285 2284
f 2280 2700 2289
f 2702 2700 2280
f 2290 2701 2703
f 2704 2706 2284
f 2280 2705 2702
f 2287 2277 2286
f 2287 2340 2288
f 2288 2340 2289
f 2283 2287 2288
f 2289 2700 2288
f 2705 2280 2301
f 2286 2340 2287
f 2341 2289 2340
f 2192 2292 2266
f 2192 2293 2292
f 2246 2293 2192
f 2304 2305 2294
f 2294 2305 2295
f 2296 2295 2305
f 2270 2350 2249
f 2280 2249 2301
f 2298 2300 2297
f 2301 2249 2350
f 2706 2299 2707
f 2704 2299 2706
f 2705 2301 2709
f 2298 2302 2300
f 2342 2343 2300
f 2302 2342 2300
f 2303 2302 2708
f 2350 2271 2351
f 2707 2299 2710
f 2303 2344 2302
f 2711 2301 2721
f 2709 2301 2711
f 2302 2344 2342
f 2724 2721 2301
f 2289 2249 2280
f 2305 2306 2296
f 2712 2343 2296
f 2350 2270 2271
f 2343 2712 2300
f 2307 2352 2256
f 2382 2276 2332
f 2314 2312 2309
f 2310 2333 2313
f 2308 2321 2309
f 2310 2311 2333
f 2321 2308 2328
f 2330 2335 2714
f 2315 2313 2312
f 2278 2319 2329
f 2315 2312 2314
f 2319 2278 2320
f 2314 2309 2321
f 2314 2321 2316
f 2316 2317 2314
f 2317 2315 2314
f 2310 2313 2315
f 2310 2315 2317
f 2327 2320 2339
f 2320 2278 2339
f 2321 2322 2316
f 2317 2316 2318
f 2322 2325 2318
f 2316 2322 2318
f 2320 2326 2319
f 2713 2318 2324
f 2713 2317 2318
f 2318 2716 2324
f 2327 2326 2320
f 2713 2324 2714
f 2328 2322 2321
f 2331 2323 2328
f 2328 2323 2322
f 2331 2329 2323
f 2326 2325 2323
f 2325 2322 2323
f 2319 2326 2323
f 2323 2329 2319
f 2325 2327 2715
f 2326 2327 2325
f 2324 2330 2714
f 2715 2327 2717
f 2360 2328 2308
f 2360 2331 2328
f 2329 2331 2360
f 2360 2340 2286
f 2340 2360 2361
f 2361 2341 2340
f 2362 2341 2361
f 2332 2276 2275
f 2725 2332 2275
f 2364 2332 2725
f 2334 2336 2293
f 2334 2293 2246
f 2293 2720 2292
f 2333 2365 2334
f 2725 2292 2720
f 2311 2365 2333
f 2336 2334 2365
f 2719 2718 2337
f 2335 2726 2714
f 2369 2304 2294
f 2366 2339 2338
f 2375 2369 2294
f 2726 2335 2367
f 2366 2727 2337
f 2727 2719 2337
f 2720 2372 2725
f 2338 2304 2369
f 2339 2278 2268
f 2339 2717 2327
f 2339 2268 2338
f 2304 2338 2268
f 2337 2717 2339
f 2337 2339 2366
f 2347 2375 2294
f 2343 2348 2296
f 2347 2295 2296
f 2345 2348 2343
f 2345 2343 2342
f 2348 2347 2296
f 2345 2722 2346
f 2344 2345 2342
f 2295 2347 2294
f 2348 2345 2378
f 2345 2346 2378
f 2349 2378 2346
f 2348 2377 2347
f 2377 2348 2378
f 2357 2349 2346
f 2403 2349 2357
f 2379 2403 2357
f 2350 2346 2723
f 2346 2350 2353
f 2351 2353 2350
f 2353 2351 2357
f 2352 2357 2351
f 2307 2354 2352
f 2307 2355 2354
f 2346 2353 2357
f 2352 2379 2357
f 2379 2352 2354
f 2356 2380 2355
f 2380 2354 2355
f 2385 2359 2308
f 2359 2360 2308
f 2382 2274 2276
f 2401 2332 2364
f 2401 2382 2332
f 2402 2401 2364
f 2291 2341 2362
f 2362 2358 2291
f 2372 2364 2725
f 2384 2364 2372
f 2365 2368 2336
f 2338 2369 2366
f 2726 2370 2728
f 2371 2729 2727
f 2370 2726 2367
f 2728 2372 2720
f 2727 2366 2371
f 2366 2369 2371
f 2371 2369 2375
f 2373 2372 2728
f 2373 2728 2370
f 2373 2729 2374
f 2371 2374 2729
f 2375 2374 2371
f 2373 2374 2376
f 2374 2383 2376
f 2383 2374 2375
f 2376 2384 2372
f 2372 2373 2376
f 2383 2375 2377
f 2377 2375 2347
f 2378 2349 2403
f 2403 2377 2378
f 2354 2380 2379
f 2385 2387 2388
f 2387 2381 2386
f 2387 2385 2381
f 2385 2361 2359
f 2386 2381 2274
f 2308 2381 2385
f 2361 2360 2359
f 2386 2274 2382
f 2362 2361 2399
f 2364 2432 2402
f 2384 2432 2364
f 2435 2432 2384
f 2376 2383 2384
f 2403 2384 2383
f 2403 2383 2377
f 2388 2387 2390
f 2387 2389 2390
f 2387 2386 2389
f 2391 2388 2390
f 2391 2392 2388
f 2388 2392 2385
f 2398 2393 2390
f 2393 2391 2390
f 2398 2390 2389
f 2394 2392 2391
f 2398 2404 2393
f 2394 2395 2392
f 2391 2393 2394
f 2404 2394 2393
f 2394 2406 2395
f 2398 2411 2404
f 2405 2406 2394
f 2361 2385 2392
f 2399 2361 2392
f 2399 2392 2395
f 2395 2406 2425
f 2382 2396 2389
f 2397 2396 2382
f 2397 2382 2401
f 2401 2408 2397
f 2389 2396 2398
f 2407 2398 2396
f 2407 2396 2397
f 2389 2386 2382
f 2398 2407 2411
f 2399 2395 2400
f 2362 2399 2400
f 2358 2362 2400
f 2400 2395 2425
f 2425 2426 2400
f 2400 2426 2358
f 2401 2402 2408
f 2384 2403 2435
f 2434 2379 2380
f 2434 2403 2379
f 2405 2394 2404
f 2404 2413 2405
f 2412 2406 2405
f 2412 2405 2413
f 2397 2409 2407
f 2409 2414 2407
f 2409 2397 2408
f 2402 2432 2408
f 2409 2410 2414
f 2410 2409 2408
f 2433 2408 2432
f 2417 2414 2410
f 2433 2410 2408
f 2410 2433 2436
f 2417 2418 2414
f 2436 2417 2410
f 2407 2414 2411
f 2411 2413 2404
f 2411 2416 2413
f 2411 2414 2416
f 2416 2415 2413
f 2414 2418 2416
f 2412 2413 2415
f 2429 2412 2415
f 2420 2429 2415
f 2430 2420 2424
f 2417 2445 2418
f 2417 2436 2445
f 2415 2416 2419
f 2420 2415 2419
f 2418 2419 2416
f 2418 2445 2421
f 2418 2421 2419
f 2419 2421 2422
f 2419 2422 2420
f 2420 2422 2423
f 2420 2423 2424
f 2421 2445 2446
f 2421 2446 2422
f 2422 2446 2447
f 2422 2447 2423
f 2423 2447 2448
f 2423 2448 2424
f 2424 2448 2441
f 2427 2358 2426
f 2358 2427 2356
f 2412 2428 2406
f 2428 2425 2406
f 2425 2428 2426
f 2449 2356 2427
f 2428 2412 2429
f 2429 2430 2428
f 2426 2428 2430
f 2426 2430 2427
f 2430 2429 2420
f 2430 2431 2427
f 2427 2431 2449
f 2430 2424 2431
f 2424 2441 2431
f 2432 2437 2433
f 2433 2437 2436
f 2403 2434 2435
f 2435 2437 2432
f 2380 2438 2434
f 2439 2437 2435
f 2434 2439 2435
f 2436 2437 2445
f 2444 2438 2440
f 2438 2380 2440
f 2443 2439 2434
f 2438 2443 2434
f 2437 2442 2445
f 2442 2437 2439
f 2439 2443 2442
f 2438 2444 2443
f 2445 2442 2446
f 2448 2440 2441
f 2442 2447 2446
f 2447 2444 2448
f 2444 2440 2448
f 2447 2442 2443
f 2444 2447 2443
f 2449 2440 2356
f 2380 2356 2440
f 2431 2441 2449
f 2449 2441 2440
