o FMA7238_BP8711_FJ2421
v -21.0691 -138.963 1211.59
v -21.0491 -138.547 1211.52
v -21.0484 -138.548 1210.33
v -21.0772 -138.325 1210.72
v -20.8522 -138.241 1209.12
v -21.0212 -137.826 1209.27
v -20.9906 -138.233 1209.54
v -20.894 -137.193 1210.77
v -20.6239 -136.723 1212.4
v -20.9211 -137.081 1208.15
v -20.8748 -137.532 1208.31
v -20.9833 -137.271 1209.13
v -20.6902 -136.241 1210.71
v -20.643 -136.834 1207.1
v -20.7287 -136.345 1206.92
v -20.2575 -136.525 1206.21
v -20.4464 -135.453 1205.75
v -20.7134 -135.67 1206.59
v -20.5896 -135.731 1206.17
v -20.4793 -135.971 1206.12
v -20.3299 -135.099 1205.41
v -20.5574 -135.061 1205.82
v -20.3895 -134.249 1205.25
v -20.1309 -134.123 1204.79
v -20.527 -134.491 1205.67
v -20.5744 -134.512 1206.06
v -20.5221 -134.254 1206.37
v -20.4325 -134.039 1205.39
v -20.4662 -133.963 1205.69
v -20.3346 -133.896 1207.48
v -19.5918 -134.028 1204.11
v -19.6265 -133.672 1204.11
v -20.3129 -133.831 1205.1
v -20.1437 -133.762 1204.76
v -20.1276 -133.548 1204.82
v -20.0207 -133.335 1204.84
v -19.9346 -133.803 1204.47
v -19.8947 -133.499 1204.48
v -20.3711 -133.72 1205.4
v -20.3525 -133.566 1205.99
v -20.2031 -133.421 1205.17
v -20.2043 -133.343 1205.4
v -20.058 -133.211 1205.21
v -19.9431 -133.024 1205.57
v -20.2449 -133.374 1206.57
v -20.1375 -133.175 1205.97
v -19.8857 -132.889 1206.27
v -20.0338 -133.185 1207.62
v -19.9729 -132.965 1206.74
v -19.7649 -132.783 1207.48
v -19.5351 -132.587 1207.21
v -19.6207 -133.406 1204.23
v -19.7951 -133.255 1204.59
v -19.6547 -133.03 1204.86
v -19.6332 -132.823 1205.55
v -20.7776 -140.273 1213.98
v -20.758 -139.979 1214.26
v -20.8196 -139.511 1211.46
v -20.6639 -140.012 1212.27
v -20.9992 -139.466 1212.49
v -20.9397 -139.255 1212.93
v -20.9052 -139.776 1212.59
v -20.3168 -139.272 1209.81
v -20.9719 -138.916 1210.64
v -20.6381 -139.269 1210.43
v -21.0284 -139.152 1211.46
v -20.181 -138.862 1208.88
v -20.8853 -138.636 1209.83
v -20.6498 -138.719 1209.42
v -20.8225 -137.932 1212.57
v -20.104 -138.277 1207.9
v -19.9737 -138.344 1207.88
v -20.4722 -138.425 1208.63
v -19.9177 -136.234 1215.91
v -20.6018 -137.768 1207.97
v -20.2292 -137.959 1207.64
v -20.0219 -138.031 1207.49
v -20.3143 -135.963 1213.19
v -20.103 -135.979 1214.58
v -20.3098 -137.169 1206.87
v -20.0545 -137.019 1206.4
v -20.0654 -137.444 1206.85
v -19.8474 -137.42 1206.64
v -19.9755 -135.111 1213.48
v -19.598 -134.484 1213.81
v -20.0385 -136.577 1205.99
v -19.8059 -136.864 1206.03
v -19.6453 -136.65 1205.75
v -19.6118 -136.94 1206.04
v -19.4985 -136.534 1205.64
v -20.1156 -135.959 1205.61
v -19.8257 -136.169 1205.47
v -19.6008 -136.133 1205.31
v -19.377 -136.015 1205.23
v -19.5651 -135.154 1204.67
v -19.189 -135.322 1204.77
v -19.8883 -135.14 1204.9
v -19.3557 -134.824 1204.35
v -19.3417 -135.143 1204.59
v -19.189 -134.555 1204
v -19.129 -135.122 1204.59
v -19.034 -134.985 1204.42
v -19.1047 -133.868 1203.57
v -19.0849 -134.288 1203.66
v -18.8516 -134.205 1203.35
v -19.4637 -134.381 1204.13
v -19.3791 -132.521 1208.47
v -19.3805 -132.705 1209.5
v -18.9126 -132.253 1209.16
v -18.9947 -132.376 1209.86
v -18.9344 -133.703 1203.49
v -19.3852 -133.576 1203.9
v -19.2578 -133.426 1203.91
v -19.2387 -133.25 1204.08
v -18.9018 -133.168 1204.04
v -18.87 -133.467 1203.65
v -19.4502 -133.113 1204.45
v -19.2156 -132.987 1204.51
v -18.8807 -132.764 1204.87
v -18.6829 -132.976 1204.33
v -19.2932 -132.789 1205.1
v -19.4389 -132.578 1206.46
v -19.2057 -132.589 1205.76
v -18.9919 -132.415 1206.35
v -18.7758 -132.494 1205.7
v -19.2273 -132.419 1207.05
v -18.6999 -132.215 1207.24
v -19.1474 -132.348 1207.8
v -20.3808 -141.206 1215.57
v -20.2331 -140.963 1216.53
v -20.6662 -140.499 1213.76
v -20.4299 -140.879 1214.06
v -20.3032 -140.768 1213.37
v -20.5342 -140.248 1215.35
v -20.5536 -140.721 1215.24
v -19.9661 -140.561 1212.21
v -19.8502 -140.444 1211.82
v -20.2523 -140.033 1211.38
v -19.936 -140.049 1210.98
v -19.7724 -140.222 1211.32
v -19.9365 -138.413 1217.37
v -19.718 -137.746 1217.96
v -20.1876 -139.562 1210.19
v -20.0324 -139.414 1209.72
v -19.6496 -139.449 1209.93
v -20.1309 -137.892 1216.36
v -19.8475 -137.328 1217.25
v -19.4422 -136.83 1218.29
v -20.001 -138.989 1208.92
v -19.8871 -138.958 1208.83
v -19.7747 -139.27 1209.44
v -20.0899 -136.938 1215.83
v -19.6659 -136.634 1217.39
v -19.3347 -136.125 1218.02
v -19.8275 -138.438 1207.96
v -19.7141 -138.413 1207.98
v -19.5356 -138.323 1208.06
v -19.4205 -138.179 1208.25
v -19.2667 -138.231 1210.11
v -19.5563 -135.998 1217.11
v -19.2154 -135.652 1217.83
v -19.8197 -138.05 1207.41
v -19.7073 -135.42 1215.57
v -19.3844 -135.401 1216.87
v -19.1881 -134.877 1216.55
v -19.6557 -137.485 1206.69
v -19.0449 -136.739 1208.94
v -19.4509 -137.09 1206.31
v -19.3337 -137.036 1206.41
v -18.6766 -133.979 1216.02
v -19.2459 -136.274 1205.58
v -19.1204 -136.217 1205.89
v -18.5025 -134.948 1208.76
v -18.9977 -135.307 1204.96
v -18.9386 -135.322 1205.34
v -18.8786 -135.159 1205.01
v -18.6962 -134.828 1206.89
v -18.4989 -134.492 1207.72
v -18.3372 -134.273 1208.15
v -18.4988 -134.886 1203.5
v -18.2844 -135.093 1203.83
v -18.9918 -135.132 1204.69
v -18.85 -134.833 1204.04
v -18.6272 -134.966 1204.62
v -18.6009 -134.967 1204.3
v -18.4719 -134.958 1204.48
v -18.2754 -134.844 1204.75
v -18.7554 -134.977 1205.29
v -18.7546 -135.031 1204.86
v -18.5054 -134.833 1205.03
v -18.5061 -134.536 1205.88
v -18.2415 -134.405 1205.79
v -18.6048 -134.536 1206.5
v -18.431 -134.284 1206.71
v -18.2372 -134.144 1206.63
v -18.4462 -134.295 1207.32
v -18.1998 -133.997 1207.8
v -18.2514 -134.062 1207.16
v -18.7126 -132.541 1211.48
v -18.3794 -134.624 1203
v -18.1598 -134.934 1202.95
v -18.0699 -134.474 1202.73
v -18.8667 -134.624 1203.7
v -18.742 -134.042 1203.24
v -18.5122 -134.367 1203.05
v -18.4424 -134.186 1203
v -18.7036 -132.185 1209.86
v -18.6792 -132.251 1210.48
v -18.1721 -131.961 1210.14
v -18.1193 -132.057 1211.22
v -18.1562 -134.188 1202.85
v -18.6503 -133.592 1203.43
v -18.5149 -133.916 1203.14
v -18.3256 -133.856 1203.1
v -18.3514 -133.606 1203.34
v -18.1513 -133.515 1203.45
v -18.021 -134.077 1202.87
v -17.956 -133.806 1203.11
v -18.6225 -133.422 1203.61
v -18.389 -133.141 1204
v -18.0801 -132.939 1204.38
v -18.4394 -132.654 1205.04
v -18.3291 -132.37 1206
v -18.5544 -132.27 1206.6
v -18.2606 -132.108 1207.33
v -17.8527 -132.088 1207.26
v -18.6454 -132.114 1208.42
v -18.2198 -131.982 1208.46
v -18.3574 -131.998 1209.33
v -17.9235 -131.872 1209.28
v -17.8629 -132.765 1204.77
v -17.924 -132.518 1205.42
v -17.8023 -132.303 1206.23
v -19.5949 -142.123 1216.06
v -20.1835 -141.56 1216.2
v -20.2059 -141.433 1216.45
v -20.0237 -141.755 1216.83
v -19.9013 -141.935 1216.31
v -19.7362 -142.148 1216.88
v -20.0324 -141.476 1217.13
v -19.8954 -141.431 1214.35
v -19.5148 -141.68 1214.4
v -20.1861 -141.529 1215.65
v -19.9135 -141.734 1215.4
v -19.9664 -140.994 1213.28
v -19.6564 -141.111 1213.17
v -19.3747 -141.28 1213.46
v -19.7309 -141.297 1213.68
v -19.5279 -141.435 1213.8
v -19.6909 -140.588 1212.13
v -19.5198 -140.786 1212.57
v -19.4903 -140.509 1212.13
v -19.2461 -140.725 1212.85
v -19.0659 -140.319 1213.09
v -19.5779 -139.225 1218.68
v -19.3641 -140.324 1212.07
v -19.2876 -138.07 1219.38
v -19.391 -139.433 1210.86
v -19.033 -136.334 1219.07
v -19.0035 -135.723 1218.53
v -18.8887 -137.266 1211.42
v -18.3228 -136.02 1212.89
v -18.8926 -135.057 1217.85
v -18.3767 -134.547 1218.32
v -18.8672 -136.687 1210.45
v -17.8077 -135.409 1203.02
v -17.4702 -135.482 1202.55
v -17.7717 -135.461 1203.42
v -17.5232 -135.36 1203.93
v -18.0176 -135.006 1204.36
v -17.8165 -134.555 1205.21
v -17.9033 -134.345 1205.69
v -17.8173 -134.026 1206.5
v -18.0284 -133.857 1207.65
v -18.0033 -133.933 1207.03
v -17.797 -133.744 1207.68
v -17.9536 -133.798 1208.51
v -17.7024 -133.629 1208.43
v -17.3993 -133.546 1208.23
v -18.0528 -134.036 1208.95
v -17.713 -133.66 1209.18
v -18.0554 -134.791 1202.74
v -17.7441 -134.933 1202.55
v -17.613 -134.624 1202.54
v -17.4553 -134.928 1202.43
v -17.4486 -134.014 1206.41
v -17.4837 -133.778 1207.21
v -17.3307 -131.816 1211.94
v -17.9354 -134.277 1202.74
v -17.6198 -134.308 1202.7
v -17.8088 -134.077 1202.85
v -17.48 -134.115 1202.87
v -17.1682 -133.705 1203.46
v -17.725 -133.331 1203.78
v -17.2164 -133.238 1204.12
v -17.652 -132.973 1204.4
v -17.1619 -133.037 1204.51
v -17.7635 -131.899 1208.55
v -17.0642 -131.858 1208.63
v -17.4508 -131.781 1209.72
v -17.7617 -131.835 1210.23
v -17.4445 -132.679 1205.12
v -17.2089 -132.399 1206.1
v -19.0408 -142.687 1219.51
v -19.0419 -142.523 1219.71
v -19.1033 -142.531 1216.71
v -19.1471 -142.711 1218.03
v -19.6079 -142.187 1218.16
v -19.5478 -141.771 1218.59
v -19.4248 -142.474 1218.24
v -19.2366 -142.052 1219.4
v -19.285 -142.425 1219.08
v -19.4634 -142.001 1215.28
v -19.1902 -142.15 1215.31
v -18.99 -142.128 1215.18
v -19.0343 -142.379 1215.89
v -19.562 -142.264 1216.67
v -19.0793 -141.62 1214.21
v -19.1476 -141.287 1213.65
v -18.9287 -141.384 1214.13
v -18.7738 -139.409 1220.99
v -18.5801 -138.215 1221.37
v -18.6229 -137.566 1220.99
v -18.1564 -137.446 1222.08
v -18.0271 -136.657 1221.9
v -18.3909 -137.435 1214.6
v -18.0224 -137.07 1216.06
v -17.7617 -137.399 1217.25
v -18.3132 -135.952 1220.58
v -17.9615 -136.39 1215.56
v -17.643 -136.21 1216.61
v -17.8045 -135.275 1221.04
v -18.0584 -136.175 1214.75
v -17.7564 -135.877 1215.61
v -17.4636 -135.739 1216.48
v -17.8092 -135.481 1214.41
v -16.8893 -133.217 1219.09
v -17.0456 -136.209 1203.13
v -17.3299 -133.744 1211.11
v -17.2862 -135.874 1202.69
v -17.2417 -136.022 1202.96
v -16.8994 -136.046 1203.57
v -17.1676 -134.482 1205.36
v -16.9687 -134.635 1205.1
v -16.9145 -134.905 1204.75
v -17.1806 -133.405 1209.01
v -17.0405 -133.35 1210.37
v -17.204 -135.454 1202.34
v -16.9852 -135.416 1202.25
v -17.2399 -134.863 1202.41
v -17.1007 -134.67 1202.53
v -16.833 -135.118 1202.33
v -16.535 -134.973 1202.51
v -16.755 -134.37 1205.24
v -16.7329 -134.098 1205.36
v -16.6703 -134.61 1204.99
v -16.6325 -134.228 1205
v -16.523 -134.473 1204.83
v -17.2047 -134.176 1205.98
v -16.9892 -134.392 1205.47
v -16.9836 -134.205 1205.82
v -16.981 -134.138 1206.01
v -16.879 -134.234 1205.63
v -16.8276 -134.29 1205.44
v -16.8661 -134.142 1205.82
v -16.7895 -134.141 1205.6
v -16.742 -134.04 1205.94
v -16.7204 -134.007 1205.75
v -16.6153 -133.882 1205.82
v -16.6869 -133.87 1205.49
v -16.8948 -134.071 1206.18
v -16.6475 -133.988 1206.5
v -16.9429 -133.801 1207.13
v -16.9402 -133.41 1208.76
v -17.0937 -131.719 1211.47
v -16.9479 -134.514 1202.69
v -16.8321 -134.161 1203.08
v -16.6112 -133.941 1203.51
v -16.8522 -133.572 1203.85
v -16.8129 -133.417 1204.2
v -16.5129 -133.795 1204.07
v -16.4181 -133.996 1203.65
v -16.8789 -133.085 1204.72
v -16.7182 -133.371 1204.74
v -16.624 -133.679 1204.59
v -16.6749 -133.584 1204.9
v -16.6667 -133.554 1204.47
v -16.6318 -133.382 1205.15
v -16.4469 -133.338 1205.5
v -16.4068 -132.99 1205.5
v -16.7963 -131.721 1209.81
v -16.8779 -132.805 1205.18
v -16.7624 -132.952 1205.07
v -16.6394 -132.809 1205.39
v -16.5138 -132.689 1205.78
v -16.8772 -132.06 1207.65
v -18.6864 -143.02 1218.43
v -19.0294 -142.819 1219.11
v -18.8462 -142.898 1219.67
v -18.6647 -143.091 1219.42
v -18.7234 -142.849 1220.17
v -18.5045 -143.088 1220.25
v -18.6106 -142.407 1220.8
v -18.5694 -142.703 1220.74
v -18.4035 -142.933 1220.85
v -18.4244 -142.705 1216.61
v -18.6034 -142.298 1215.71
v -18.2477 -142.395 1216.31
v -18.008 -141.811 1216.64
v -18.3553 -140.44 1221.87
v -18.1025 -138.903 1222.59
v -18.1013 -138.068 1222.45
v -17.9434 -138.502 1216.96
v -17.7122 -137.249 1222.98
v -17.3643 -136.553 1223.3
v -17.5394 -138.017 1218.16
v -17.6138 -136.035 1222.35
v -17.1261 -135.862 1223.27
v -17.6041 -136.81 1217.38
v -17.2198 -135.485 1222.71
v -17.3766 -136.121 1217.4
v -17.163 -134.466 1221.34
v -16.9294 -134.908 1222.63
v -17.2495 -135.323 1216.24
v -17.0354 -135.588 1217.6
v -16.6997 -135.134 1217.59
v -16.6857 -134.643 1216.07
v -16.1904 -137.292 1202.82
v -16.2953 -137.07 1202.44
v -16.4252 -132.362 1217.37
v -16.3886 -136.215 1202.08
v -16.27 -136.172 1202.04
v -16.2108 -135.94 1202.08
v -16.2426 -136.59 1202.09
v -16.522 -135.264 1204.48
v -16.2278 -135.065 1204.51
v -16.2181 -135.771 1204.17
v -16.3669 -133.149 1210.73
v -15.9359 -133.061 1211.81
v -16.223 -133.267 1212.41
v -16.0574 -135.707 1202.22
v -15.7436 -135.386 1202.6
v -15.7582 -134.835 1203.31
v -16.2149 -134.425 1204.17
v -16.1884 -134.871 1204.42
v -16.4158 -133.853 1206.13
v -16.0633 -133.663 1206.21
v -15.8606 -133.928 1206.76
v -15.8867 -133.957 1207.16
v -16.3479 -133.466 1208.65
v -16.2684 -134.587 1203
v -15.9558 -133.273 1205.94
v -16.0129 -133.066 1205.86
v -15.9948 -132.858 1206
v -15.5487 -132.813 1206.53
v -15.718 -133.45 1206.21
v -15.5875 -133.283 1206.16
v -15.5363 -132.429 1207.53
v -15.9168 -131.74 1209.79
v -16.168 -132.182 1207.7
v -18.2578 -143.27 1220.32
v -18.0466 -143.399 1220.14
v -18.1548 -143.199 1220.94
v -17.8799 -143.386 1220.96
v -17.7985 -143.114 1221.85
v -17.5568 -142.604 1222.73
v -18.2578 -143.106 1217.86
v -17.7528 -143.285 1218.33
v -17.6798 -143.163 1218.12
v -18.0569 -143.305 1218.59
v -18.2157 -143.327 1219.54
v -18.1547 -142.285 1221.78
v -18.0751 -142.698 1221.74
v -17.4088 -142.979 1218.31
v -17.5198 -141.176 1223.33
v -17.5412 -139.87 1223.62
v -17.3285 -138.896 1224.1
v -17.4608 -138.009 1223.76
v -16.8396 -138.448 1224.9
v -17.1447 -138.982 1219.38
v -16.609 -138.285 1220.74
v -17.2381 -137.166 1223.9
v -16.7616 -137.652 1224.91
v -16.7445 -136.701 1224.58
v -16.7328 -137.019 1220.01
v -16.343 -137.118 1221.04
v -16.6496 -135.816 1224.16
v -16.2842 -135.96 1224.92
v -16.8351 -136.437 1219.33
v -16.6795 -135.179 1223.5
v -16.1469 -135.18 1224.52
v -16.39 -135.717 1219.7
v -15.4279 -138.119 1202.32
v -16.1093 -137.386 1202.57
v -15.662 -133.761 1215.74
v -15.7506 -137.508 1202.15
v -15.9554 -136.466 1203.81
v -15.2904 -136.683 1203.89
v -15.8211 -136.761 1201.94
v -15.6207 -136.696 1201.91
v -15.505 -136.575 1201.95
v -15.2589 -136.299 1202.19
v -15.7936 -135.81 1204.16
v -15.571 -135.693 1203.97
v -15.4882 -133.044 1211.49
v -14.9567 -133.144 1211.14
v -15.5759 -131.712 1216.74
v -15.1953 -135.571 1202.9
v -15.6512 -135.074 1203.61
v -15.5546 -133.759 1206.59
v -15.1561 -133.887 1206.82
v -15.377 -134.035 1207.12
v -15.3001 -134.074 1207.35
v -15.2758 -134.02 1207.67
v -15.3109 -133.719 1208.57
v -15.3535 -133.177 1206.29
v -15.3283 -132.973 1206.44
v -15.3217 -133.49 1206.39
v -15.1895 -133.315 1206.35
v -14.9665 -133.626 1206.54
v -14.8497 -133.545 1206.48
v -14.8346 -133.439 1206.46
v -14.7855 -132.245 1208.92
v -15.0751 -131.904 1209.7
v -15.624 -131.477 1212.81
v -17.3154 -143.636 1219.8
v -17.3582 -143.64 1220.64
v -16.9611 -143.754 1220.79
v -17.1693 -143.607 1221.55
v -17.5567 -143.373 1221.77
v -17.4211 -143.264 1222.29
v -17.1691 -143.5 1222.08
v -17.2328 -143.1 1222.88
v -16.8592 -142.406 1223.96
v -17.2187 -143.493 1219.28
v -16.7092 -142.679 1219.83
v -16.7461 -143.213 1219.72
v -17.0933 -140.78 1224.16
v -17.0006 -139.566 1224.58
v -16.4167 -139.267 1225.5
v -16.4893 -139.722 1221.01
v -16.1707 -139.013 1221.79
v -16.2798 -138.203 1225.72
v -16.1387 -137.419 1225.81
v -16.1869 -137.731 1221.6
v -16.1074 -136.664 1225.6
v -15.5466 -136.097 1226.16
v -15.9791 -136.865 1221.73
v -16.0612 -136.2 1221.11
v -15.5789 -135.885 1221.9
v -15.6094 -136.257 1222.14
v -15.4012 -135.026 1225.64
v -15.8283 -135.182 1220.31
v -15.8413 -135.676 1221.08
v -15.337 -135.223 1221.63
v -15.5686 -134.342 1224.66
v -15.2636 -134.477 1220.16
v -15.1891 -134.859 1221.35
v -15.115 -133.512 1224.41
v -14.9946 -133.925 1219.04
v -15.194 -138.457 1202.42
v -14.795 -138.633 1202
v -14.8008 -138.114 1201.76
v -15.2837 -138.37 1202.54
v -14.8013 -137.046 1201.96
v -14.7242 -137.785 1201.73
v -14.6686 -137.557 1201.78
v -15.0522 -136.53 1203.82
v -14.6298 -133.006 1214.62
v -14.5179 -136.996 1202.14
v -14.9 -135.888 1203.1
v -14.7833 -135.981 1202.9
v -14.5861 -136.321 1202.65
v -14.9828 -136.321 1203.65
v -14.6332 -134.352 1207.51
v -14.4195 -134.408 1207.78
v -14.4095 -134.086 1208.54
v -14.3184 -132.863 1214.1
v -14.4852 -134.22 1206.92
v -14.9415 -134.193 1207.49
v -14.9074 -134.183 1207.26
v -14.8925 -134.084 1207.06
v -14.823 -134.202 1207.72
v -14.5006 -134.381 1207.17
v -14.9096 -133.33 1210.33
v -14.4192 -131.18 1216.63
v -14.703 -133.771 1206.63
v -14.6393 -133.599 1206.5
v -14.6186 -133.493 1206.5
v -14.5342 -133.367 1206.56
v -14.4826 -133.825 1206.57
v -14.4271 -133.655 1206.49
v -14.3231 -133.553 1206.52
v -14.3438 -133.365 1206.66
v -14.3547 -131.345 1213.23
v -14.0494 -131.092 1215.1
v -16.3093 -143.602 1222.93
v -16.8049 -143.696 1220.24
v -16.6635 -143.798 1220.89
v -16.555 -143.58 1220.33
v -16.5186 -143.796 1221.62
v -16.2566 -143.763 1221.2
v -16.1915 -143.827 1221.75
v -16.1331 -143.67 1221.14
v -16.6969 -143.633 1222.3
v -16.7953 -143.425 1222.89
v -16.8478 -143.135 1223.42
v -16.6772 -142.909 1223.92
v -16.2922 -143.148 1224.13
v -16.1596 -142.002 1225.17
v -16.3742 -140.21 1225.41
v -15.9373 -139.585 1226.12
v -15.9791 -140.419 1221.98
v -15.6117 -139.042 1222.88
v -15.1848 -138.634 1223.62
v -15.4066 -138.27 1226.92
v -15.2598 -137.533 1227.06
v -15.6388 -138.112 1222.79
v -15.2737 -136.734 1226.84
v -15.6224 -137.459 1222.68
v -15.2575 -137.649 1223.39
v -14.927 -137.131 1223.79
v -15.3688 -136.719 1222.87
v -14.6357 -135.495 1223.36
v -14.0881 -132.418 1224.7
v -14.557 -139.134 1202.57
v -14.4708 -139.038 1202.8
v -14.5081 -137.965 1203.52
v -14.2511 -137.835 1203.67
v -13.7376 -137.163 1202.86
v -13.8305 -132.894 1217
v -14.0313 -134.801 1207.1
v -13.5942 -134.988 1206.6
v -14.016 -134.798 1207.42
v -13.5266 -134.485 1208.62
v -13.8287 -134.054 1209.23
v -13.7079 -134.267 1208.87
v -13.5785 -134.159 1209.16
v -13.4907 -134.322 1208.88
v -13.56 -133.992 1209.58
v -13.7724 -133.481 1210.89
v -14.0281 -133.18 1211.81
v -13.5607 -132.998 1213.21
v -13.8116 -132.832 1214.01
v -13.939 -134.175 1206.38
v -13.8896 -133.964 1206.35
v -13.903 -133.752 1206.47
v -13.2656 -134.048 1206.49
v -13.9188 -133.432 1206.97
v -13.5694 -133.295 1207.78
v -13.2673 -133.412 1208.18
v -13.6366 -133.009 1208.34
v -13.6872 -132.697 1208.88
v -13.2411 -133.195 1208.72
v -13.3393 -132.421 1209.76
v -13.5547 -132.149 1210.25
v -13.0783 -131.101 1214.66
v -15.5947 -143.651 1223.45
v -15.4623 -143.726 1223.25
v -16.1314 -143.406 1223.75
v -15.707 -143.369 1224.23
v -15.8797 -143.413 1221.38
v -15.9599 -143.775 1222.58
v -15.7262 -143.8 1222.57
v -15.6937 -143.758 1222.17
v -15.5839 -143.594 1222.01
v -15.3631 -143.353 1222.27
v -15.8989 -142.72 1225.13
v -15.6655 -142.994 1225.06
v -15.4634 -142.074 1226.11
v -15.9341 -143.052 1221.29
v -15.2924 -142.939 1222.46
v -15.5325 -140.645 1226.45
v -15.1391 -141.112 1223.26
v -15.1801 -139.513 1223.55
v -14.4771 -138.874 1224.63
v -14.8738 -137.772 1224.03
v -14.2883 -138.11 1224.92
v -14.2226 -136.87 1224.75
v -14.1904 -135.775 1224.3
v -14.1764 -134.54 1223.1
v -13.4238 -133.802 1223.44
v -13.7019 -140.116 1202.46
v -13.6549 -140.22 1202.28
v -13.6399 -139.646 1201.69
v -13.8584 -137.906 1203.62
v -13.5168 -133.03 1220.1
v -13.5941 -137.595 1203.22
v -12.8923 -135.869 1206.76
v -12.9712 -135.094 1208.07
v -13.2138 -134.539 1208.62
v -12.8447 -134.786 1208.37
v -12.7283 -134.705 1208.36
v -13.3549 -134.122 1209.22
v -13.2798 -134.311 1208.87
v -13.3396 -134.01 1209.55
v -12.971 -133.793 1210.41
v -12.9692 -132.692 1214.85
v -12.9806 -132.54 1216.16
v -13.0693 -134.48 1206.1
v -12.7427 -134.546 1206.19
v -13.16 -134.272 1206.25
v -12.7918 -133.97 1207.76
v -12.9427 -134.395 1208.57
v -12.7865 -134.27 1208.33
v -12.5458 -134.506 1208.14
v -13.0642 -134.14 1208.83
v -13.0509 -133.927 1209.19
v -13.0111 -133.8 1208.59
v -12.9476 -133.532 1209.16
v -12.9379 -133.822 1209.64
v -12.8741 -133.679 1209.43
v -12.6163 -133.335 1209.72
v -12.7339 -133.765 1210.06
v -12.522 -133.586 1209.98
v -13.0678 -130.655 1217.75
v -12.9792 -133.884 1207.22
v -13.1357 -132.906 1209.23
v -13.0537 -132.605 1209.7
v -12.637 -132.879 1209.84
v -12.4263 -132.558 1210.37
v -12.8815 -132.041 1211.22
v -13.1226 -131.496 1212.95
v -12.3851 -130.42 1218.57
v -15.1687 -143.635 1223.81
v -14.8583 -143.318 1224.99
v -15.2134 -143.14 1225.19
v -15.1477 -143.697 1223.36
v -15.0686 -143.612 1223.05
v -14.8101 -142.852 1226.05
v -14.9297 -142.228 1226.69
v -14.9052 -141.813 1226.93
v -14.9045 -142.483 1226.49
v -14.3221 -141.019 1224.51
v -14.0541 -139.559 1228.51
v -13.9022 -137.859 1228.81
v -13.9449 -137.43 1225.27
v -13.4671 -137.995 1225.96
v -13.5307 -136.356 1229.05
v -13.3327 -135.612 1229.05
v -13.1689 -133.996 1228.31
v -12.9251 -141 1202.19
v -12.9324 -140.888 1202.47
v -12.7708 -132.969 1228.05
v -13.1603 -140.47 1201.79
v -13.1447 -140.662 1201.96
v -13.2449 -140.345 1202.7
v -12.7977 -139.657 1203.4
v -12.8744 -132.248 1226.98
v -12.5853 -139.375 1203.52
v -12.5407 -139.142 1203.43
v -12.4757 -131.551 1226.66
v -12.4616 -138.722 1202.29
v -12.6071 -136.115 1206.41
v -12.4249 -136.198 1206.89
v -12.2018 -130.911 1225.62
v -12.2058 -130.707 1224.73
v -12.6464 -135.945 1206.23
v -12.4182 -135.87 1205.87
v -12.5255 -135.218 1208.11
v -12.5282 -134.926 1208.24
v -12.5056 -134.711 1208.21
v -12.4712 -133.766 1210.92
v -12.1234 -133.809 1211.15
v -11.9173 -133.865 1211.15
v -12.5552 -133.502 1212.11
v -12.5422 -133.072 1213.58
v -12.0852 -130.321 1222.14
v -12.2934 -135.53 1205.65
v -12.2429 -135.409 1205.67
v -12.4139 -134.976 1205.92
v -11.8827 -134.997 1206.33
v -11.8784 -134.799 1206.7
v -12.4567 -133.76 1210.49
v -12.2022 -133.396 1210.14
v -12.1253 -133.64 1210.4
v -12.0751 -133.812 1210.88
v -11.9744 -133.483 1210.32
v -11.8544 -133.31 1210.3
v -12.329 -132.727 1210.23
v -12.2129 -133.177 1210.11
v -12.17 -132.947 1210.21
v -11.9064 -132.713 1210.57
v -11.9022 -133.087 1210.31
v -11.8671 -132.919 1210.41
v -12.0143 -132.453 1210.94
v -11.63 -131.421 1213.97
v -11.8917 -130.554 1216.68
v -11.4736 -130.39 1217.54
v -11.9839 -130.396 1217.78
v -14.5554 -143.511 1224.49
v -14.4821 -143.052 1225.85
v -14.1448 -143.249 1225.54
v -14.3679 -142.829 1223.97
v -14.4081 -143.468 1224.27
v -14.2392 -143.282 1224.22
v -14.2718 -142.361 1227.22
v -14.0499 -142.531 1227.13
v -14.3314 -141.974 1227.53
v -13.386 -137.209 1229.39
v -12.3922 -135.822 1230.32
v -12.2236 -135.247 1226.78
v -12.5591 -134.326 1229.51
v -12.2465 -141.412 1201.68
v -12.1855 -141.291 1201.56
v -12.5339 -141.028 1202.66
v -12.633 -140.345 1201.46
v -12.1985 -139.963 1203.47
v -12.4511 -140.192 1201.46
v -12.2572 -139.841 1201.66
v -11.7553 -139.295 1202.35
v -12.2767 -138.714 1202.52
v -12.0722 -138.93 1202.7
v -11.5291 -137.295 1206.15
v -11.8078 -131.081 1227.1
v -11.7674 -136.863 1205.86
v -11.6791 -137.106 1206.04
v -11.8516 -135.88 1207.77
v -11.5478 -135.787 1205.62
v -11.1671 -135.748 1205.95
v -11.8004 -135.475 1207.9
v -11.7719 -135.296 1207.82
v -11.7344 -135.083 1207.6
v -11.5224 -134.037 1211.1
v -10.9639 -134.444 1210.67
v -11.4977 -133.966 1211.75
v -11.342 -133.795 1212.35
v -11.6443 -132.535 1215.47
v -11.3545 -132.101 1217.26
v -11.7305 -132.06 1218.24
v -11.3553 -130.169 1224.27
v -11.8312 -135.305 1205.94
v -11.8121 -134.773 1206.96
v -11.4529 -135.165 1207.19
v -11.2974 -135.23 1206.72
v -11.6594 -133.46 1210.38
v -11.6727 -133.881 1210.82
v -11.6716 -133.776 1210.63
v -11.3872 -134.023 1210.77
v -11.3502 -133.888 1210.54
v -11.3022 -133.714 1210.39
v -11.2519 -133.421 1210.35
v -11.0517 -133.847 1210.25
v -11.475 -130.119 1222.57
v -10.9674 -130.027 1222.36
v -11.6253 -133.223 1210.38
v -11.3432 -132.971 1210.6
v -11.2208 -131.84 1212.94
v -10.8804 -131.588 1213.91
v -11.2595 -130.934 1215.49
v -10.9538 -130.502 1217.15
v -10.8761 -130.112 1220.54
v -13.5539 -143.157 1225.84
v -13.2175 -142.987 1225.94
v -13.0948 -142.972 1226.38
v -12.9548 -142.758 1226.15
v -13.0759 -142.849 1226.93
v -13.3915 -142.54 1227.47
v -13.2581 -141.788 1228.73
v -12.9354 -140.837 1229.68
v -12.0482 -141.82 1202.25
v -11.7884 -142.098 1202
v -11.575 -142.271 1202.14
v -11.5816 -142.161 1202.32
v -11.5618 -141.961 1202.52
v -12.0484 -141.812 1201.9
v -12.036 -141.705 1202.43
v -11.3335 -139.661 1202.4
v -11.214 -139.774 1202.49
v -11.0364 -140.013 1202.28
v -11.4616 -132.267 1224.75
v -10.7439 -132.194 1226.29
v -11.373 -131.993 1223.89
v -10.7956 -131.653 1224.01
v -10.8255 -131.857 1225.19
v -10.9469 -136.438 1207.46
v -10.7347 -136.29 1207.2
v -10.9462 -131.698 1220.91
v -11.2719 -131.781 1221.7
v -11.0531 -135.585 1206.31
v -10.6405 -135.93 1206.28
v -10.6278 -135.906 1206.52
v -10.3754 -136.228 1206.54
v -10.8541 -135.855 1207
v -10.5404 -134.768 1210.94
v -10.5073 -134.402 1211.67
v -10.8394 -133.411 1213.5
v -10.6918 -133.094 1214.17
v -10.4842 -133.358 1213.69
v -10.5469 -131.671 1220.32
v -10.8118 -129.993 1223.97
v -10.2469 -129.942 1224.76
v -10.9453 -130.2 1225.57
v -10.8928 -133.779 1210.16
v -10.7005 -134.381 1210.09
v -10.5926 -134.212 1209.92
v -10.4476 -134.151 1209.82
v -10.1547 -134.065 1209.73
v -10.371 -133.162 1213.94
v -10.2046 -132.893 1214.06
v -10.1601 -132.604 1213.97
v -10.7741 -132.879 1214.66
v -10.4291 -133 1214.21
v -10.454 -132.823 1214.64
v -10.2654 -132.795 1214.35
v -10.2374 -132.648 1214.8
v -10.2111 -132.69 1214.33
v -10.1976 -132.405 1214.24
v -10.1338 -132.468 1214.76
v -10.6643 -132.652 1215.34
v -10.4406 -132.729 1214.97
v -10.3283 -132.626 1215.44
v -10.2383 -132.637 1215.17
v -10.9265 -132.212 1216.61
v -10.5621 -132.017 1217.51
v -10.19 -129.976 1222.2
v -10.7328 -133.485 1210.25
v -10.4005 -133.382 1210.46
v -10.774 -132.683 1211.34
v -10.3169 -132.875 1211.32
v -10.1011 -133.224 1211
v -10.0245 -132.628 1211.94
v -10.3651 -132.285 1212.4
v -10.1549 -132.248 1212.72
v -10.5909 -131.895 1213.34
v -10.2974 -132.101 1213.26
v -10.1393 -132.351 1213.5
v -10.6636 -131.451 1214.35
v -10.5829 -131.705 1213.92
v -10.4617 -131.541 1214.36
v -10.4062 -131.909 1213.83
v -10.4046 -131.737 1214.19
v -10.299 -132.006 1214.12
v -10.287 -131.679 1214.5
v -10.2282 -132.271 1213.96
v -10.4183 -131.145 1215.13
v -10.0937 -131.35 1215.01
v -10.0962 -132.148 1214.74
v -10.2562 -130.714 1216.61
v -12.8848 -142.854 1226.88
v -12.5069 -142.672 1227.09
v -12.2777 -142.472 1227.21
v -12.3043 -142.508 1227.87
v -12.2038 -142.507 1227.75
v -12.3325 -142.385 1228.16
v -12.8022 -141.874 1228.9
v -12.2672 -141.461 1229.75
v -12.6812 -141.162 1229.79
v -12.5613 -141.381 1229.69
v -12.2554 -140.716 1230.46
v -12.0753 -140.852 1230.52
v -12.0423 -141.133 1230.26
v -11.8853 -138.815 1227.95
v -11.4992 -136.946 1228.25
v -10.5858 -133.003 1231.73
v -11.0064 -142.009 1201.23
v -10.9775 -142.31 1201.33
v -11.1176 -141.239 1203.23
v -10.4894 -132.338 1231.51
v -10.8914 -140.402 1201.99
v -10.3039 -140.68 1202.36
v -10.543 -132.789 1227.63
v -10.126 -132.318 1227.8
v -10.3293 -131.392 1230.78
v -10.2233 -131.922 1226.72
v -10.1909 -132.098 1227.26
v -9.82207 -131.01 1231.11
v -10.1425 -138.042 1204.73
v -10.6915 -138.075 1206.18
v -10.045 -138.106 1206.65
v -10.4434 -131.677 1225.37
v -10.0166 -131.538 1225.51
v -10.2088 -137.722 1204.76
v -10.2437 -137.453 1204.88
v -10.0212 -137.467 1204.97
v -9.93835 -131.39 1223.65
v -10.4135 -131.488 1223.62
v -10.1029 -131.44 1224.5
v -9.6577 -131.362 1224.33
v -10.3322 -134.679 1211.27
v -10.1298 -134.69 1211.28
v -10.0532 -134.929 1211.03
v -9.72251 -134.366 1211.15
v -9.75355 -135.001 1210.96
v -9.47405 -134.778 1210.88
v -10.0939 -134.48 1211.53
v -10.094 -134.402 1211.71
v -9.88323 -134.518 1211.31
v -9.92007 -134.328 1211.98
v -9.85332 -134.352 1211.48
v -9.76499 -134.286 1211.67
v -9.5517 -134.261 1211.77
v -10.1793 -134.198 1212.3
v -9.72487 -134.18 1212.61
v -9.61514 -134.333 1212.19
v -9.92181 -133.72 1213.26
v -9.84763 -131.641 1220.06
v -10.2645 -131.517 1221.84
v -10.0217 -133.963 1209.8
v -9.7209 -133.933 1210.03
v -9.52545 -134.177 1209.73
v -9.40522 -134.17 1209.92
v -9.95787 -133.604 1210.61
v -9.89836 -133.553 1210.91
v -9.79887 -133.796 1210.88
v -9.71579 -134.066 1211.07
v -9.72149 -133.916 1210.62
v -9.67419 -133.921 1210.32
v -9.62357 -134.191 1210.8
v -9.45809 -134.201 1210.4
v -9.42181 -134.513 1210.7
v -9.85614 -133.429 1211.08
v -9.75361 -133.739 1211.08
v -9.70073 -133.51 1211.21
v -9.73286 -134.212 1211.35
v -9.65506 -134.034 1211.28
v -9.63906 -133.835 1211.22
v -9.62679 -134.165 1211.5
v -9.47545 -133.512 1211.35
v -9.49382 -134.009 1211.42
v -9.44389 -133.83 1211.35
v -9.53374 -133.641 1213.29
v -9.49685 -133.425 1213.34
v -10.0912 -133.106 1213.79
v -9.99851 -132.823 1213.69
v -10.0878 -133.387 1213.6
v -9.76895 -133.291 1213.5
v -9.63405 -133.172 1213.4
v -10.1194 -132.597 1215.34
v -10.0744 -132.554 1215.19
v -9.9578 -132.365 1215.08
v -9.85484 -132.547 1215.63
v -9.70144 -132.458 1215.49
v -9.5291 -132.173 1215.38
v -10.2093 -132.527 1215.83
v -9.71074 -132.145 1217.19
v -10.0427 -129.905 1223.87
v -9.32512 -129.892 1225.03
v -9.74128 -133.244 1211.32
v -9.42494 -133.212 1211.52
v -9.52559 -133.015 1211.67
v -9.50227 -132.717 1212.23
v -9.93525 -132.416 1213.05
v -9.91855 -132.373 1212.73
v -9.28638 -132.814 1212.45
v -9.9537 -131.812 1214.96
v -9.75726 -131.384 1215.26
v -9.58241 -131.776 1215.28
v -9.21596 -131.737 1215.37
v -9.66253 -131.203 1215.5
v -9.37729 -131.405 1215.46
v -9.35579 -131.234 1215.62
v -9.88606 -130.192 1219.92
v -9.65627 -131.069 1215.76
v -9.32807 -131.132 1215.8
v -9.51206 -130.96 1216.16
v -11.9624 -142.339 1227.79
v -11.8249 -142.197 1227.89
v -11.8521 -142.26 1228.34
v -11.8739 -142.188 1228.6
v -11.8765 -142.012 1228.98
v -11.43 -141.854 1229.26
v -11.7372 -141.665 1229.6
v -12.0639 -142.013 1227.45
v -11.8176 -141.284 1230.14
v -11.5033 -140.779 1230.86
v -11.3034 -140.339 1231.39
v -11.39 -140.105 1231.53
v -11.6769 -139.72 1231.39
v -11.3191 -139.682 1231.78
v -10.943 -138.408 1232.32
v -10.1238 -134.344 1232.7
v -10.391 -143.228 1201.66
v -10.1589 -143.455 1201.84
v -10.3526 -133.537 1232.25
v -10.6063 -142.87 1201.44
v -9.97353 -141.999 1203.16
v -10.0503 -142.544 1201.05
v -10.1595 -141.974 1201.25
v -9.55967 -133.017 1229.57
v -10.1856 -140.898 1202.03
v -9.88835 -141.052 1202.17
v -10.2554 -140.862 1202.63
v -9.46361 -132.222 1228.87
v -9.40402 -132.509 1229.4
v -9.66966 -139.35 1205.17
v -9.24257 -132.05 1228.97
v -9.83692 -138.785 1204.84
v -9.17833 -139.071 1204.37
v -9.92951 -137.74 1206.9
v -9.76815 -137.594 1206.8
v -9.86276 -130.611 1229.7
v -9.45824 -137.324 1205.54
v -9.423 -137.242 1205.77
v -9.20148 -137.52 1205.86
v -9.19942 -135.668 1210.44
v -9.50457 -131.382 1223.12
v -8.98841 -131.375 1223.52
v -9.33872 -131.344 1223.98
v -9.53143 -131.417 1225.37
v -9.01227 -131.378 1225.2
v -9.35922 -130.17 1228.27
v -9.157 -135.271 1210.65
v -9.26003 -134.408 1211.89
v -9.26296 -134.462 1212.32
v -9.22117 -134.361 1212.64
v -9.36176 -134.075 1212.98
v -9.33891 -133.944 1213.1
v -9.10584 -131.689 1219.74
v -9.19302 -131.565 1220.72
v -8.75862 -131.623 1220.46
v -8.79675 -135.147 1208.77
v -8.73294 -134.824 1209.31
v -8.75193 -134.758 1209.65
v -8.63531 -134.34 1211.19
v -9.40905 -134.117 1211.54
v -9.26855 -133.888 1211.37
v -9.22898 -133.772 1211.35
v -9.19412 -133.561 1211.39
v -9.09752 -134.019 1211.37
v -9.01106 -133.843 1211.3
v -8.99204 -133.619 1211.36
v -9.03519 -134.308 1211.52
v -8.67556 -134.097 1211.15
v -9.25707 -132.306 1215.54
v -8.86093 -132.287 1215.53
v -8.53063 -132.475 1215.53
v -9.37572 -132.522 1216.07
v -9.21826 -132.495 1215.81
v -8.84571 -132.583 1216.16
v -8.84349 -132.563 1215.94
v -8.81586 -132.46 1215.7
v -8.63167 -132.572 1216.47
v -8.60601 -132.593 1215.83
v -9.10634 -132.254 1217.12
v -9.21655 -129.984 1222.76
v -8.75688 -129.94 1224.29
v -9.1618 -133.391 1211.48
v -9.13232 -133.219 1211.63
v -8.83505 -133.472 1211.46
v -8.71662 -133.425 1211.57
v -9.13638 -133.048 1211.89
v -8.56738 -133.363 1211.88
v -9.24403 -133.023 1212.8
v -9.09201 -131.989 1215.4
v -8.66624 -132.093 1215.31
v -8.60846 -131.812 1215.26
v -8.9655 -131.282 1215.68
v -8.83905 -131.517 1215.44
v -8.497 -130.812 1217.52
v -9.03485 -130.514 1218.4
v -8.40648 -130.388 1220.03
v -11.1724 -141.761 1229.19
v -11.1119 -141.702 1229.06
v -11.0921 -141.331 1230.2
v -10.8604 -141.398 1230.03
v -10.5241 -141.205 1230.04
v -10.4978 -141.065 1229.77
v -11.0992 -140.901 1230.8
v -10.6348 -141.083 1230.57
v -10.5089 -141.103 1230.46
v -10.2696 -140.948 1230.24
v -11.0046 -140.42 1231.38
v -10.5001 -140.771 1230.99
v -10.8112 -140.706 1229.24
v -10.4274 -140.422 1231.42
v -10.6845 -139.456 1232.32
v -10.3982 -139.633 1232.24
v -10.7672 -138.859 1232.52
v -10.6135 -139.007 1232.61
v -10.232 -139.118 1232.71
v -10.1695 -138.781 1232.96
v -10.014 -138.331 1233.24
v -10.1852 -138.225 1233.16
v -10.0868 -137.209 1233.23
v -9.83203 -137.568 1233.54
v -9.58471 -143.715 1201.32
v -9.49571 -143.948 1201.62
v -9.99376 -143.501 1202.05
v -9.93309 -143.36 1202.26
v -9.43192 -143.979 1201.85
v -9.40224 -143.898 1202.04
v -9.25299 -143.72 1202.31
v -9.62209 -143.35 1201.08
v -9.86977 -142.436 1203.01
v -9.71164 -134.106 1229.88
v -9.24383 -141.779 1201.82
v -9.02354 -142.007 1202.47
v -9.01637 -141.854 1202.21
v -9.08087 -141.794 1202.01
v -9.95836 -141.783 1203.11
v -8.70901 -131.892 1234.12
v -9.3896 -139.742 1205.35
v -8.79176 -140.376 1205.21
v -9.40043 -139.679 1205.52
v -9.09525 -132.208 1229.62
v -9.20035 -139.276 1204.46
v -9.02939 -139.849 1204.73
v -8.75102 -139.493 1206.16
v -8.63496 -131.593 1228.12
v -8.94263 -131.805 1228.8
v -8.72979 -138.343 1205
v -8.52257 -138.39 1205.15
v -8.47436 -138.366 1205.39
v -8.24966 -131.498 1226.94
v -8.51407 -130.3 1232.16
v -8.13684 -130.059 1231.69
v -8.74261 -136.69 1209.32
v -8.76762 -136.682 1209.01
v -8.30834 -136.649 1209.75
v -8.09266 -131.52 1223.89
v -8.73331 -131.385 1224.83
v -8.82673 -135.971 1208.43
v -8.81425 -135.794 1208.38
v -8.68412 -135.73 1208.33
v -8.10219 -135.864 1208.25
v -8.61583 -135.542 1208.42
v -8.48506 -135.436 1208.56
v -8.02161 -135.47 1208.97
v -8.42882 -134.939 1211.51
v -8.42449 -135.036 1211.85
v -8.05825 -134.352 1212.54
v -8.10701 -131.836 1219.9
v -8.10545 -131.731 1220.62
v -8.541 -131.576 1221.42
v -8.23675 -135.402 1208.79
v -7.96834 -134.476 1210.78
v -8.45243 -133.92 1211.13
v -8.23257 -133.664 1212.04
v -8.19423 -132.742 1215.63
v -8.1434 -132.804 1215.79
v -8.46179 -132.682 1216.07
v -8.51472 -132.361 1217.25
v -8.5211 -131.891 1219.12
v -7.95061 -132.05 1219.1
v -8.31982 -130.076 1223.25
v -7.91324 -132.283 1214.9
v -7.81406 -132.192 1214.87
v -7.72855 -131.997 1214.96
v -7.97121 -131.557 1215.6
v -8.30949 -131.255 1216.17
v -7.67041 -131.117 1217.27
v -7.69691 -130.913 1218.02
v -8.19932 -130.665 1218.5
v -7.84852 -130.638 1219.23
v -10.2889 -140.859 1230.8
v -10.1882 -140.868 1230.54
v -10.2369 -140.665 1231.1
v -10.0301 -140.648 1230.97
v -9.67002 -140.17 1231.53
v -9.53671 -140.132 1231.38
v -9.56065 -140.134 1231.12
v -9.97137 -140.167 1231.67
v -9.50317 -139.466 1232.36
v -9.78123 -138.918 1232.9
v -9.28315 -138.354 1233.34
v -9.64142 -138.129 1233.48
v -9.43782 -137.423 1233.85
v -9.21169 -137.452 1233.92
v -9.05212 -137.815 1233.71
v -9.42514 -138.193 1230.89
v -8.89255 -135.918 1234.39
v -8.89006 -135.41 1231.24
v -8.57833 -144.493 1201.28
v -8.60018 -144.309 1201.08
v -8.96303 -143.236 1202.83
v -8.84336 -143.597 1200.85
v -8.70858 -143.188 1202.92
v -8.62704 -143.069 1202.94
v -8.51193 -142.959 1202.85
v -8.36716 -132.481 1234.7
v -7.86703 -131.832 1235.21
v -7.82517 -131.349 1235.13
v -8.67373 -140.368 1205.41
v -8.60433 -140.516 1204.92
v -7.99228 -140.004 1206.05
v -8.2253 -132.168 1231.58
v -7.95418 -131.866 1231.63
v -8.39348 -131.056 1234.09
v -7.9753 -140.37 1204.03
v -8.33302 -139.032 1206
v -7.98839 -139.814 1206.08
v -8.57507 -139.32 1206.27
v -8.49969 -139.221 1206.25
v -7.75571 -131.616 1230.96
v -7.70806 -130.224 1234.21
v -8.27515 -138.76 1205.67
v -8.11519 -137.283 1208.35
v -7.95065 -136.832 1207.77
v -7.99571 -137.049 1207.93
v -7.67882 -137.284 1207.65
v -7.62404 -136.94 1207.55
v -8.08413 -136.569 1209.82
v -7.73909 -136.511 1209.66
v -7.59888 -136.873 1209.59
v -7.41034 -135.838 1211.32
v -7.76847 -135.326 1212.13
v -7.23375 -131.802 1223.49
v -7.8112 -129.97 1228.61
v -7.26911 -129.822 1231.03
v -7.36859 -136.792 1207.61
v -7.26963 -136.279 1208.35
v -7.52043 -135.073 1210.54
v -7.16492 -135.228 1210.34
v -7.31935 -135.069 1212.31
v -8.04221 -134.834 1212.53
v -8.04373 -134.569 1212.62
v -7.34408 -134.869 1212.23
v -7.31531 -132.265 1219.06
v -7.35883 -132.168 1219.51
v -7.21837 -132.225 1219.39
v -7.50381 -131.958 1220.41
v -7.44392 -131.868 1221.52
v -7.80882 -134.233 1210.93
v -7.74005 -134.07 1211.26
v -7.47222 -134.193 1211.5
v -7.42624 -133.105 1215.27
v -7.32703 -133.22 1215.52
v -7.79188 -132.941 1215.97
v -7.43202 -132.787 1216.88
v -7.36557 -132.497 1218.1
v -7.08908 -132.563 1218.1
v -7.1111 -132.445 1218.41
v -7.09193 -132.279 1218.87
v -7.10257 -132.228 1219.21
v -7.41004 -132.721 1214.77
v -7.32988 -132.518 1214.66
v -6.99687 -132.359 1214.71
v -7.54082 -131.973 1215.02
v -7.35846 -132.237 1214.77
v -7.1958 -132.001 1215.17
v -7.39994 -131.634 1215.9
v -7.03922 -131.275 1217.5
v -7.12033 -131.095 1218.19
v -6.9429 -131.167 1218.55
v -6.82538 -131.225 1219.27
v -7.07279 -130.8 1220.07
v -7.06293 -130.928 1219.34
v -9.15436 -139.641 1231.69
v -9.10906 -139.558 1231.93
v -9.10007 -139.357 1231.55
v -9.26688 -139.497 1232.24
v -8.97002 -138.749 1232.94
v -8.64022 -138.716 1232.79
v -8.58685 -138.439 1233.08
v -8.36128 -138.491 1232.77
v -8.32873 -138.241 1233.11
v -8.83757 -138.126 1233.45
v -8.39326 -137.881 1233.51
v -8.30184 -137.775 1232.23
v -8.73977 -136.572 1234.39
v -8.46633 -136.685 1234.36
v -8.31663 -136.433 1232.05
v -8.6668 -136.083 1234.55
v -8.29092 -144.78 1201.6
v -8.26588 -144.793 1201.47
v -8.24138 -144.742 1201.8
v -7.91178 -144.73 1202.02
v -8.24593 -144.194 1200.82
v -8.10639 -143.933 1202.64
v -7.96081 -143.832 1202.75
v -7.64105 -133.651 1235.48
v -7.97967 -143.672 1200.83
v -7.99761 -142.634 1201.74
v -7.66207 -141.483 1204.87
v -7.5224 -141.513 1205.07
v -7.38502 -141.665 1204.6
v -7.64885 -132.55 1232.92
v -7.12965 -132 1233.58
v -7.40491 -131.378 1235.59
v -7.45788 -132.127 1235.65
v -7.04441 -131.489 1235.94
v -7.72165 -140.782 1204.05
v -7.76174 -141.144 1204.43
v -7.76232 -140.825 1205.61
v -7.33904 -131.827 1233.04
v -7.04734 -131.48 1232.71
v -7.15039 -131.628 1233.04
v -7.02549 -131.738 1233.5
v -7.66459 -131.018 1235.17
v -7.10494 -130.534 1235.53
v -7.68215 -140.344 1203.95
v -7.514 -140.316 1203.99
v -7.48464 -139.715 1204.49
v -7.79799 -139.797 1205.93
v -7.3346 -131.469 1230.75
v -7.51351 -130.495 1234.98
v -6.96816 -129.953 1235.14
v -6.96483 -137.978 1207.2
v -7.31859 -138.164 1207.89
v -7.40637 -137.91 1207.75
v -7.57272 -137.996 1208.33
v -7.20249 -137.675 1209.14
v -7.1163 -137.452 1209.27
v -6.95187 -137.386 1209.23
v -6.60441 -131.893 1226.06
v -7.29767 -131.653 1226.41
v -6.75273 -131.535 1229.25
v -7.05331 -129.781 1234.59
v -6.86464 -129.566 1234.15
v -6.61626 -129.66 1235.16
v -7.39863 -137.034 1207.46
v -7.33214 -137.415 1207.35
v -7.07001 -137.572 1207.21
v -6.87548 -137.546 1207.18
v -6.71045 -137.054 1207.65
v -6.93583 -136.71 1208.73
v -7.46793 -136.511 1209.36
v -6.73794 -137.355 1209.03
v -6.7156 -135.585 1212.13
v -6.66357 -136.039 1211.89
v -6.35692 -129.828 1230.73
v -6.67514 -129.47 1233.46
v -7.06929 -136.435 1208.5
v -6.92768 -135.77 1210.37
v -7.24053 -135.327 1212.27
v -6.88743 -135.341 1212.15
v -6.85818 -133.423 1215.75
v -6.73592 -133.585 1215.39
v -6.34609 -133.061 1217.32
v -7.05349 -132.225 1219.79
v -6.94679 -132.249 1220.04
v -6.75073 -132.29 1219.95
v -6.65908 -132.357 1220.31
v -6.5745 -132.384 1220.14
v -6.5581 -132.333 1219.99
v -6.45581 -132.269 1219.92
v -6.36643 -132.371 1220
v -6.80474 -130.123 1226.48
v -6.90208 -130.004 1228.33
v -7.03509 -134.962 1210.47
v -7.01069 -134.731 1210.8
v -6.46874 -135.07 1210.83
v -6.61926 -133.617 1215.03
v -6.81351 -133.161 1216.48
v -6.64632 -132.972 1217.29
v -6.90346 -132.537 1218.12
v -6.78717 -132.461 1218.13
v -6.72067 -132.841 1217.59
v -6.73585 -132.74 1217.79
v -6.6939 -132.602 1217.92
v -6.63019 -132.405 1217.99
v -6.44211 -132.84 1217.59
v -6.35798 -132.574 1217.69
v -6.89683 -132.128 1218.73
v -6.89057 -132.401 1218.3
v -6.81104 -132.231 1218.35
v -6.96096 -132.153 1219.23
v -6.85859 -131.916 1219.07
v -6.79741 -132.08 1219.53
v -6.62511 -132.174 1219.78
v -6.59947 -131.689 1219.63
v -6.49679 -132.066 1219.81
v -6.41764 -131.694 1219.79
v -6.37754 -131.466 1219.83
v -6.21755 -131.834 1219.88
v -6.54106 -132.733 1214.51
v -6.27485 -132.728 1214.61
v -6.78011 -132.36 1214.82
v -6.31466 -131.993 1216.13
v -6.67316 -131.62 1216.78
v -6.48447 -131.58 1217.22
v -6.33839 -131.753 1217.63
v -6.24911 -132.013 1217.64
v -6.1964 -131.743 1217.25
v -6.80113 -131.667 1218.67
v -6.80587 -131.426 1218.63
v -6.71259 -131.398 1217.87
v -6.64716 -131.663 1218.13
v -6.80736 -131.53 1219.06
v -6.75479 -131.454 1219.36
v -6.76903 -131.017 1219.73
v -6.62168 -131.371 1219.62
v -6.6161 -131.233 1219.69
v -6.30592 -131.239 1220
v -6.27261 -131.115 1220.33
v -8.13196 -138.177 1232.74
v -7.96401 -137.864 1233.19
v -7.88485 -137.791 1233.07
v -7.73035 -137.325 1232.98
v -7.87502 -137.342 1233.71
v -7.67391 -137.359 1233.47
v -7.55096 -137.177 1233.41
v -7.97206 -137.08 1233.98
v -7.55534 -136.697 1234.08
v -7.42351 -136.762 1233.89
v -7.44511 -135.89 1234.61
v -7.04952 -136.104 1233.88
v -7.75792 -135.42 1234.95
v -7.09493 -135.353 1234.8
v -7.27267 -135.05 1235.05
v -7.34244 -145.062 1200.92
v -7.14493 -145.354 1201.14
v -7.00649 -145.502 1201.43
v -6.63118 -145.599 1201.69
v -7.64291 -134.645 1235.26
v -7.36627 -134.564 1235.3
v -6.83412 -134.313 1235.27
v -7.42242 -144.259 1200.66
v -7.24098 -144.671 1200.65
v -7.03869 -144.55 1202.52
v -6.91543 -144.356 1202.64
v -7.3058 -143.874 1202.69
v -7.2512 -143.722 1202.55
v -7.29017 -144.06 1202.71
v -7.47363 -133.817 1235.54
v -7.21031 -133.645 1235.63
v -6.71192 -133.145 1235.75
v -7.2992 -143.373 1201.29
v -7.14374 -143.199 1201.69
v -7.07811 -143.303 1201.49
v -7.19027 -143.405 1202.2
v -7.12867 -132.126 1235.91
v -6.98913 -132.408 1235.95
v -6.78129 -132.489 1235.98
v -6.38377 -132.186 1236.01
v -6.82237 -141.793 1204.04
v -7.33454 -141.752 1204.91
v -6.8944 -142.112 1204.71
v -6.9244 -142.008 1204.93
v -6.85757 -141.876 1205.13
v -7.18584 -140.981 1205.72
v -6.99098 -132.17 1233.84
v -6.85644 -131.937 1233.91
v -6.87279 -132.677 1234.03
v -6.61384 -132.131 1234.27
v -6.56566 -131.91 1234.23
v -6.37287 -132.016 1234.45
v -6.82216 -131.611 1236.09
v -6.74283 -131.257 1236.1
v -6.67881 -131.911 1236.11
v -6.58336 -131.399 1236.17
v -6.44572 -131.898 1236.11
v -6.34489 -131.292 1236.2
v -6.92355 -141.25 1203.73
v -6.57194 -141.643 1203.68
v -6.98038 -140.764 1205.76
v -6.77469 -131.609 1233.67
v -6.5938 -131.362 1233.18
v -6.50375 -131.661 1234.08
v -6.30034 -131.732 1234.34
v -6.26576 -131.438 1233.91
v -6.90267 -131.044 1235.94
v -6.48906 -131.064 1236.17
v -6.41879 -130.61 1236.11
v -6.23308 -140.666 1204.34
v -6.22621 -140.624 1204.69
v -7.03381 -139.926 1204.68
v -6.91515 -140.185 1205.19
v -6.97845 -139.963 1204.94
v -6.38665 -138.893 1207.16
v -6.24804 -139.255 1207.36
v -6.62223 -131.314 1232.64
v -6.53815 -131.296 1232.2
v -6.0763 -131.281 1233.47
v -6.0951 -131.248 1233.09
v -6.70412 -130.132 1235.66
v -6.65429 -130.398 1235.88
v -6.47799 -130.036 1235.8
v -6.53533 -129.868 1235.59
v -6.21503 -129.783 1235.79
v -6.21336 -130.129 1236.04
v -5.95725 -129.941 1236.07
v -6.65181 -138.432 1207.12
v -6.45219 -138.369 1206.89
v -6.08513 -138.517 1206.72
v -5.8651 -138.304 1206.83
v -6.20374 -136.871 1210.82
v -6.51039 -129.466 1234.77
v -6.27208 -129.63 1235.56
v -6.16429 -129.323 1234.78
v -6.06296 -129.475 1235.5
v -6.09732 -129.362 1235.15
v -6.07205 -129.609 1235.72
v -5.90115 -129.686 1235.92
v -5.78423 -129.471 1235.71
v -5.94461 -136.796 1210.13
v -5.96677 -136.998 1210.42
v -6.54882 -136.494 1211.25
v -6.3965 -135.945 1212.01
v -6.26437 -135.873 1211.96
v -6.1406 -132.227 1223.35
v -5.74381 -129.339 1233.31
v -5.86341 -129.257 1234.06
v -6.08621 -135.935 1209.95
v -5.97886 -136.364 1209.85
v -5.96114 -135.428 1211.16
v -6.16366 -134 1215.1
v -6.08573 -134.014 1215.37
v -5.91806 -133.456 1216.9
v -6.25665 -132.482 1220.09
v -6.25561 -132.556 1220.35
v -6.09191 -132.423 1219.97
v -5.87464 -132.744 1220.14
v -5.76139 -132.607 1219.93
v -5.79956 -130.523 1225.69
v -5.78693 -133.713 1214.23
v -5.85009 -133.395 1214.24
v -5.92663 -133.17 1217.26
v -5.93591 -132.706 1217.41
v -6.24553 -132.211 1219.93
v -5.98572 -131.536 1219.98
v -5.82648 -131.412 1220.14
v -5.47355 -131.986 1219.84
v -5.54958 -131.65 1219.99
v -5.40146 -131.492 1220.42
v -5.49555 -133.123 1214.67
v -6.03229 -132.462 1215.34
v -5.69769 -132.342 1216.06
v -6.00427 -131.898 1216.91
v -5.76904 -132.048 1217.06
v -5.55777 -132.304 1217.12
v -5.58175 -132.432 1217.19
v -5.37305 -132.37 1216.58
v -6.03287 -132.219 1217.47
v -6.02099 -132.012 1217.42
v -7.04576 -136.123 1234.06
v -6.93426 -135.616 1233.92
v -7.02195 -135.842 1234.39
v -6.75475 -135.275 1234.58
v -6.28323 -145.613 1200.82
v -6.6599 -135.155 1234.49
v -6.55016 -134.828 1234.51
v -6.53123 -134.395 1235.01
v -6.45315 -145.228 1200.62
v -6.2066 -145.088 1200.51
v -6.19098 -144.64 1200.61
v -6.79773 -144.276 1202.63
v -6.61215 -144.221 1202.54
v -6.36148 -133.66 1234.59
v -6.22317 -133.732 1235.12
v -6.38704 -133.583 1235.4
v -6.15137 -133.365 1235.3
v -6.09338 -133.31 1234.97
v -6.01036 -132.745 1234.95
v -6.03699 -132.562 1235.63
v -5.95468 -132.926 1235.23
v -6.27101 -132.514 1235.83
v -5.88727 -141.972 1203.45
v -6.48095 -141.78 1205.39
v -6.11041 -141.495 1205.48
v -6.13733 -141.314 1205.41
v -5.90426 -141.906 1205.42
v -5.9758 -132.27 1234.83
v -5.82093 -132.483 1235.4
v -5.77781 -132.441 1235.19
v -5.799 -132.36 1235.05
v -5.68437 -132.242 1235.14
v -5.69669 -132.134 1235.51
v -5.74141 -132.089 1234.91
v -5.65241 -132.211 1235.33
v -5.55736 -132.071 1235.08
v -5.49852 -132.042 1235.28
v -5.43844 -131.871 1235.45
v -5.83526 -131.86 1235.82
v -6.14289 -141.238 1203.77
v -5.67711 -141.252 1204.83
v -5.49136 -140.052 1207.34
v -6.14124 -131.838 1234.53
v -6.07163 -131.509 1234.21
v -5.91533 -131.347 1233.9
v -5.93684 -131.739 1234.57
v -5.77534 -131.599 1234.47
v -5.65427 -131.466 1234.28
v -5.60206 -131.35 1234
v -5.46943 -131.863 1234.82
v -5.39364 -131.222 1235.89
v -5.62898 -130.896 1236.13
v -5.69203 -130.624 1236.21
v -5.59727 -139.776 1206.96
v -5.43664 -139.529 1206.54
v -6.06374 -139.517 1207.47
v -6.20085 -139.277 1207.95
v -6.06494 -139.095 1208.29
v -5.95118 -131.249 1232.6
v -5.52349 -131.278 1232.74
v -5.54149 -131.328 1232.23
v -5.67701 -131.249 1233.23
v -5.59716 -131.285 1233.67
v -5.25898 -131.317 1233.37
v -5.86832 -130.295 1236.21
v -5.636 -129.9 1236.15
v -5.5108 -130.208 1236.21
v -5.14435 -129.896 1236.15
v -5.32193 -138.608 1208.31
v -5.51557 -137.032 1211.48
v -5.6024 -131.965 1228.61
v -5.7134 -129.333 1235.46
v -5.60278 -129.249 1235.22
v -5.16531 -129.259 1235.31
v -5.69084 -129.702 1236.03
v -5.65563 -129.542 1235.88
v -5.42093 -129.364 1235.67
v -5.29249 -129.51 1235.92
v -5.30659 -129.679 1236.08
v -5.08766 -129.37 1235.67
v -5.06995 -129.632 1236.03
v -5.51144 -138 1207.92
v -5.33278 -138.061 1207.62
v -5.15127 -136.912 1209.51
v -5.41215 -136.939 1209.66
v -5.27202 -136.694 1211.73
v -5.1764 -129.333 1233.46
v -5.40075 -129.222 1234.13
v -4.95174 -129.254 1234.18
v -5.42493 -129.198 1234.76
v -5.24618 -136.417 1209.77
v -5.1567 -136.654 1209.61
v -5.81042 -135.845 1211.55
v -5.34341 -134.459 1214.49
v -5.09509 -134.817 1214.78
v -5.0906 -134.812 1214.97
v -4.91311 -133.361 1220.08
v -4.90365 -133.227 1219.68
v -5.48716 -132.976 1220.38
v -4.96861 -130.841 1226.05
v -5.57135 -130.228 1228.98
v -5.28119 -133.564 1214.25
v -4.74369 -133.681 1214.57
v -5.01696 -131.843 1219.99
v -4.62849 -131.923 1220.32
v -4.96846 -132.99 1215.59
v -4.89973 -132.789 1216.24
v -4.89308 -132.754 1216.47
v -5.88786 -144.958 1200.5
v -5.60483 -144.707 1200.71
v -5.61827 -143.017 1204.52
v -5.20283 -142.443 1203.25
v -5.20346 -131.879 1235.12
v -5.65377 -141.969 1203.41
v -5.33499 -140.145 1207.07
v -5.15312 -131.485 1234.26
v -5.16506 -131.743 1234.69
v -4.84269 -131.472 1233.93
v -4.82326 -131.777 1234.64
v -4.76876 -131.602 1234.29
v -4.86832 -131.835 1234.97
v -4.93121 -131.713 1235.26
v -5.34309 -139.568 1208.16
v -5.32805 -139.092 1208.46
v -5.32048 -138.863 1208.46
v -5.24789 -139.411 1208.32
v -4.91229 -139.789 1208.11
v -5.02847 -131.513 1231.85
v -4.4118 -131.727 1231.99
v -4.94991 -131.421 1232.76
v -4.62255 -131.532 1233.61
v -5.22538 -131.36 1233.89
v -5.09666 -130.129 1236.16
v -4.72108 -130.181 1236.04
v -4.85304 -138.457 1207.34
v -4.46737 -138.847 1207.41
v -4.8928 -138.007 1210.23
v -4.62843 -138.176 1210.49
v -5.07849 -137.066 1211.66
v -4.66138 -137.282 1211.63
v -4.58075 -137.146 1211.58
v -4.49446 -137.639 1211.53
v -4.37936 -137.408 1211.6
v -5.04938 -132.657 1224.65
v -4.75458 -132.745 1224.64
v -4.37194 -132.622 1225.43
v -4.8358 -132.61 1225.92
v -4.59316 -132.658 1225.87
v -4.29132 -132.612 1226.01
v -4.41594 -132.676 1226.77
v -4.68807 -129.37 1235.41
v -4.1302 -129.543 1235.28
v -4.94319 -129.5 1235.87
v -4.80963 -129.779 1236.05
v -4.76608 -129.616 1235.95
v -4.71529 -129.916 1236.06
v -4.6131 -129.495 1235.7
v -4.46476 -129.709 1235.89
v -5.16435 -138.246 1207.27
v -4.62495 -137.171 1209.32
v -4.37814 -136.79 1211.04
v -5.00553 -136.707 1211.59
v -4.26104 -135.484 1214.84
v -4.53464 -135.123 1215.22
v -4.05941 -134.024 1219.81
v -4.50386 -133.067 1222.28
v -4.88666 -132.792 1222.99
v -4.69651 -132.888 1222.7
v -4.59225 -132.885 1222.95
v -4.38125 -132.948 1222.83
v -4.39613 -132.86 1223.14
v -4.18593 -132.895 1222.95
v -4.17454 -132.773 1223.23
v -4.60829 -132.82 1223.44
v -4.40149 -132.771 1223.66
v -4.55764 -132.736 1224.72
v -4.19361 -132.525 1225.25
v -4.50206 -130.253 1230.74
v -4.65878 -129.706 1232.36
v -4.43901 -129.349 1234.72
v -4.13143 -129.449 1234.27
v -4.85037 -129.254 1234.9
v -4.07289 -134.912 1213.8
v -4.03819 -134.784 1213.86
v -4.78688 -134.159 1216.62
v -4.74324 -134.427 1216.37
v -4.65475 -134.062 1216.65
v -4.41109 -131.4 1224.41
v -4.05242 -131.73 1224.58
v -4.12057 -131.498 1225.33
v -4.28401 -131.26 1225.79
v -4.4284 -130.846 1227.7
v -4.4856 -134.525 1213.91
v -4.06121 -134.588 1213.98
v -4.26197 -133.447 1215.69
v -4.03162 -133.532 1215.98
v -4.04525 -133.548 1216.18
v -4.29485 -132.411 1219.61
v -4.07118 -132.424 1219.78
v -4.69306 -131.461 1222.47
v -4.12207 -131.757 1222.82
v -5.11636 -146.037 1200.64
v -5.2805 -145.247 1202.46
v -4.5398 -142.881 1205.04
v -4.26766 -142.997 1203.02
v -4.75411 -142.837 1203.15
v -4.24256 -142.191 1204.17
v -4.29323 -140.901 1206.49
v -4.33142 -140.327 1207.82
v -4.12182 -131.826 1233.67
v -4.52272 -131.834 1234.53
v -4.47305 -131.684 1234.09
v -4.22611 -131.967 1234.58
v -4.14618 -131.979 1234.27
v -4.03089 -131.904 1234.79
v -4.02547 -131.69 1234.99
v -4.64738 -140.379 1206.37
v -4.12146 -139.843 1206.02
v -3.98252 -140.676 1205.91
v -4.07741 -140.362 1205.85
v -4.56931 -139.849 1208.1
v -4.28774 -139.745 1208.05
v -4.28225 -139.439 1207.85
v -4.23523 -132.645 1228.08
v -3.82925 -132.837 1227.82
v -4.0154 -132.611 1228.73
v -3.96575 -132.322 1229.95
v -4.23523 -131.728 1233.28
v -4.25754 -130.471 1235.78
v -3.99373 -138.199 1209.16
v -4.00766 -137.81 1211.55
v -4.21685 -132.674 1226.53
v -3.95897 -132.565 1226.41
v -4.07304 -132.731 1226.87
v -3.8629 -132.712 1226.86
v -3.78174 -132.82 1227.21
v -3.6497 -132.613 1226.79
v -3.60032 -132.469 1226.67
v -4.24099 -130.084 1235.88
v -3.99393 -129.863 1235.71
v -4.02471 -129.7 1235.56
v -3.80886 -130.271 1235.65
v -3.78302 -130.054 1235.65
v -3.65165 -129.921 1235.46
v -3.6279 -129.775 1235.15
v -4.17319 -129.901 1235.84
v -3.84812 -137.939 1208.96
v -4.26629 -137.781 1209.14
v -4.0653 -137.511 1209.15
v -3.66289 -135.505 1215.68
v -3.47675 -135.326 1215.99
v -3.8444 -133.974 1219.22
v -3.78344 -134.227 1219.32
v -3.85794 -133.658 1221.55
v -3.49707 -134.075 1221.07
v -3.88452 -133.253 1222.39
v -3.69122 -133.141 1222.48
v -3.47105 -133.108 1222.41
v -3.98504 -132.976 1222.75
v -3.89851 -132.717 1222.98
v -3.7189 -132.864 1222.7
v -4.04906 -132.523 1223.87
v -3.97562 -132.61 1223.28
v -4.01203 -132.368 1224.63
v -3.93877 -132.152 1224.65
v -3.97102 -132.286 1225.53
v -3.89772 -131.922 1225.44
v -3.99469 -132.405 1225.91
v -3.85958 -132.417 1226.26
v -3.78833 -131.756 1226.05
v -3.70033 -132.142 1226.24
v -3.42897 -131.941 1226.7
v -3.45747 -131.572 1226.95
v -3.42134 -132.171 1226.7
v -3.82322 -130.779 1229.38
v -3.52626 -130.806 1230.17
v -3.79197 -130.443 1231.15
v -3.53053 -130.033 1232.71
v -3.35621 -129.97 1233.23
v -4.03695 -129.616 1233.41
v -3.6146 -129.714 1233.89
v -3.86224 -129.579 1234.68
v -4.00132 -135.259 1213.81
v -3.98301 -135.15 1213.76
v -3.28283 -134.518 1214.99
v -3.36603 -135.076 1216.07
v -3.48739 -134.377 1216.12
v -3.39065 -134.234 1215.96
v -3.51715 -133.563 1219.06
v -3.56302 -132.365 1221.37
v -3.34946 -132.984 1222.34
v -3.8762 -132.095 1223.05
v -3.6867 -132.222 1222.41
v -3.78069 -132.433 1222.97
v -3.61667 -132.693 1222.65
v -3.4782 -132.602 1222.43
v -3.89698 -132.38 1223.43
v -3.95665 -131.472 1226.04
v -3.98514 -131.271 1226.65
v -3.36256 -134.178 1215.79
v -3.30309 -132.979 1219.72
v -4.75469 -146.56 1201.07
v -4.50481 -146.524 1200.81
v -4.70474 -145.651 1202.38
v -4.43341 -145.593 1202.33
v -4.2323 -145.04 1200.93
v -4.41845 -144.828 1201.57
v -4.40004 -144.792 1201.15
v -4.14065 -144.142 1203.98
v -4.2584 -143.975 1204.23
v -3.9763 -143.58 1203.01
v -4.22336 -142.9 1204.88
v -3.9567 -142.585 1203.41
v -3.97922 -142.366 1203.67
v -4.07733 -142.242 1203.9
v -3.76627 -141.467 1206.82
v -3.40169 -141.577 1207
v -3.84361 -141.418 1206.61
v -3.8162 -140.422 1207.86
v -3.6234 -140.399 1207.84
v -3.52191 -132.345 1233.85
v -3.42098 -132.319 1233.24
v -3.5029 -140.546 1205.68
v -3.32199 -140.086 1206.07
v -3.35141 -132.922 1228.36
v -3.10751 -133.056 1227.88
v -2.87992 -132.914 1228.72
v -3.53097 -132.545 1229.53
v -3.1194 -132.532 1229.65
v -3.55773 -132.431 1230.03
v -3.26693 -132.432 1230.19
v -3.47345 -132.27 1231.37
v -3.23507 -132.346 1231.3
v -3.01425 -132.33 1231.32
v -2.84849 -132.227 1230.84
v -3.36129 -132.29 1231.75
v -3.10681 -132.428 1232.11
v -3.0387 -132.366 1231.59
v -3.00975 -131.071 1235.02
v -2.94367 -136.683 1214.29
v -3.44179 -132.63 1226.95
v -3.20504 -132.439 1226.98
v -3.05258 -132.736 1227.19
v -3.06263 -132.959 1227.42
v -2.89792 -132.466 1227.15
v -2.76095 -132.258 1230.14
v -2.60793 -131.642 1230.18
v -2.72345 -131.407 1230.89
v -2.77077 -131.203 1231.26
v -3.24392 -129.95 1234.74
v -2.97571 -130.176 1234.85
v -2.78224 -130.712 1235.02
v -2.97888 -130.395 1235.12
v -3.33421 -136.178 1213.96
v -3.1911 -134.826 1219.24
v -3.20769 -134.638 1218.92
v -3.2049 -134.375 1218.88
v -3.22324 -134.07 1221.51
v -3.07621 -133.99 1221.69
v -3.14195 -133.646 1221.98
v -2.81993 -133.645 1221.81
v -2.95677 -132.101 1227.17
v -2.66506 -132.278 1227.23
v -3.25333 -131.473 1227.51
v -3.07191 -131.692 1227.36
v -2.78516 -131.795 1227.5
v -2.58142 -131.695 1227.88
v -3.06302 -131.26 1228.73
v -2.70774 -131.439 1229.29
v -2.9246 -131.162 1230.65
v -3.10427 -130.822 1231.32
v -2.86362 -130.394 1232.86
v -3.0998 -130.024 1234.09
v -2.90166 -130.211 1233.53
v -3.20258 -135.58 1213.61
v -3.13823 -135.484 1213.68
v -2.85989 -134.694 1215.33
v -2.89186 -134.035 1218.75
v -2.77747 -133.827 1218.83
v -2.68202 -133.709 1219.01
v -2.80768 -133.039 1221.19
v -2.70235 -133.199 1221.49
v -3.57575 -146.434 1202.19
v -3.52626 -146.159 1200.34
v -3.38966 -145.995 1202.12
v -3.48053 -145.994 1200.4
v -3.34765 -144.626 1203.41
v -3.5691 -143.806 1204.69
v -3.30741 -143.617 1204.59
v -3.21667 -143.852 1204.61
v -3.30882 -143.44 1202.88
v -2.54382 -141.817 1207.22
v -2.70785 -141.326 1207.5
v -2.66104 -132.802 1232.46
v -2.54202 -132.711 1232.2
v -2.27995 -132.951 1232.32
v -2.19024 -132.7 1232.15
v -2.7752 -132.91 1233.21
v -2.46865 -133.023 1232.6
v -2.89835 -132.584 1234.02
v -2.85881 -132.091 1234.42
v -2.90562 -140.138 1206.23
v -2.6659 -140.744 1205.7
v -2.68864 -140.145 1206.56
v -2.70457 -139.214 1210.93
v -2.94373 -138.85 1211.23
v -2.81644 -138.763 1211.32
v -2.78614 -138.498 1211.33
v -2.42999 -139.121 1211.26
v -2.25749 -139.075 1211.3
v -2.13024 -133.504 1227.52
v -2.78442 -133.142 1228.04
v -2.36987 -133.168 1228.29
v -2.27647 -133.034 1228.52
v -2.78294 -132.196 1231.3
v -2.67388 -132.093 1231.37
v -2.81973 -132.309 1231.56
v -2.76144 -132.409 1231.8
v -2.69152 -132.193 1231.52
v -2.68388 -132.489 1231.94
v -2.63625 -132.31 1231.74
v -2.55951 -132.059 1231.59
v -2.52782 -132.4 1231.89
v -2.1937 -132.062 1231.99
v -1.98179 -131.891 1232.16
v -2.15073 -131.099 1234.58
v -2.85683 -138.503 1208.68
v -2.57045 -138.607 1208.7
v -2.57911 -138.466 1208.96
v -2.83461 -137.834 1210.37
v -2.55948 -138.48 1211.18
v -2.37403 -137.187 1213.98
v -2.47456 -137.049 1214.38
v -1.95786 -135.718 1218.08
v -2.06823 -135.888 1218.8
v -2.68557 -132.885 1227.26
v -2.62619 -132.608 1227.18
v -2.67108 -133.135 1227.51
v -2.32122 -132.83 1227.09
v -2.25854 -133.3 1227.25
v -2.05927 -133.337 1227.01
v -2.46767 -132.718 1228.96
v -2.12209 -132.121 1228.78
v -2.11646 -132.775 1228.69
v -2.584 -132.439 1229.41
v -2.45884 -132.073 1229.64
v -2.38791 -131.868 1229.28
v -2.25757 -132.418 1229.04
v -2.62541 -132.013 1230.42
v -2.65975 -131.955 1230.92
v -2.61351 -131.852 1231.21
v -2.61662 -131.784 1230.76
v -2.60157 -131.481 1231.38
v -2.53734 -131.688 1231.47
v -2.45927 -131.507 1231.72
v -2.49343 -131.202 1231.93
v -2.37815 -131.726 1231.78
v -2.27971 -131.469 1232.02
v -2.18363 -131.794 1232.01
v -1.9672 -131.294 1232.55
v -2.53309 -130.729 1232.63
v -2.52076 -130.577 1233.1
v -2.22195 -130.73 1233.65
v -1.94173 -131.03 1234.26
v -2.60157 -130.397 1234.34
v -2.42625 -130.677 1234.68
v -2.40804 -130.574 1234.45
v -2.54957 -136.546 1213.38
v -2.47799 -136.448 1213.34
v -2.4045 -136.252 1213.39
v -2.01591 -134.958 1218.15
v -2.39335 -132.464 1227.16
v -1.8513 -132.69 1226.87
v -2.42234 -132.114 1227.35
v -2.36741 -131.925 1227.6
v -2.38764 -131.706 1228.69
v -2.36025 -131.723 1228.24
v -2.15524 -134.254 1218.6
v -3.0526 -147.272 1200.85
v -2.93283 -147.062 1200.57
v -2.98698 -147.442 1201.16
v -2.77444 -146.553 1202.21
v -3.10145 -146.716 1200.41
v -2.55942 -145.356 1203.64
v -2.85248 -145.123 1203.5
v -2.63392 -144.793 1202.83
v -3.1914 -144.514 1204.29
v -2.63035 -144.326 1202.52
v -2.40594 -144.635 1202.51
v -2.71454 -144.13 1202.57
v -2.03172 -143.986 1202.94
v -2.39152 -143.878 1203.9
v -2.67918 -143.379 1203.31
v -2.50798 -143.5 1203.53
v -2.37737 -142.366 1205.68
v -1.62657 -133.897 1232.36
v -1.65493 -133.917 1232.58
v -1.95859 -141.959 1205.08
v -1.92093 -142.194 1205.07
v -2.44121 -141.239 1205.37
v -1.50964 -141.855 1205.19
v -2.23908 -141.46 1207.39
v -1.95847 -133.194 1232.25
v -1.73281 -132.969 1232.11
v -1.9798 -139.624 1208.3
v -2.12729 -139.432 1211.12
v -1.46601 -137.985 1213.75
v -1.56548 -137.797 1214.18
v -1.42046 -135.726 1220.33
v -1.46022 -133.882 1226.44
v -1.47328 -134.054 1226.87
v -1.45557 -134.022 1226.62
v -1.97851 -133.552 1227.1
v -1.59706 -133.882 1227.35
v -1.75777 -133.49 1227.94
v -1.78311 -133.262 1228.16
v -1.87174 -132.351 1232.12
v -1.37253 -132.523 1232.07
v -1.7202 -131.984 1232.26
v -1.31948 -131.578 1233.37
v -1.43559 -131.621 1234.01
v -1.92653 -139.389 1208.3
v -1.36007 -139.504 1208.53
v -2.08483 -138.497 1210.75
v -1.89979 -137.131 1215.01
v -1.72182 -137.122 1215.16
v -1.86609 -136.034 1218.08
v -1.502 -136.461 1218.01
v -1.50337 -135.305 1220.53
v -1.21369 -135.063 1220.23
v -1.70783 -133.126 1226.61
v -1.58962 -133.008 1228.18
v -1.14714 -132.835 1227.55
v -1.65934 -132.659 1228.26
v -1.8925 -131.53 1232.41
v -1.46532 -131.774 1232.51
v -1.61614 -131.384 1232.94
v -1.87493 -131.029 1233.94
v -1.77351 -136.439 1213.57
v -1.26782 -136.275 1214.52
v -1.27981 -136.204 1215.16
v -1.20105 -136.471 1215.25
v -1.50477 -134.988 1218.04
v -1.19306 -135.593 1217.64
v -1.77568 -134.89 1218.09
v -1.48662 -134.864 1218.28
v -1.43622 -134.588 1219.67
v -1.35659 -134.693 1220.12
v -1.56989 -132.572 1226.98
v -1.27907 -132.612 1227.32
v -1.62397 -132.355 1227.39
v -1.76662 -132.289 1228.16
v -2.08021 -147.865 1201.36
v -2.39341 -147.67 1201.55
v -1.71131 -147.954 1201.05
v -2.04048 -147.077 1202.21
v -1.72428 -146.88 1200.34
v -1.75399 -145.754 1202.97
v -1.6737 -145.969 1203.17
v -1.69373 -145.26 1202.43
v -1.61326 -145.106 1202.3
v -1.52523 -145.013 1202.28
v -1.70203 -142.562 1205.12
v -1.30458 -142.273 1207.14
v -1.40439 -133.803 1231.96
v -1.59103 -133.843 1232.94
v -1.44966 -141.388 1205.69
v -1.87683 -141.516 1207.17
v -1.31157 -140.149 1210.73
v -1.35564 -139.779 1211.14
v -1.05855 -133.826 1231.65
v -0.865205 -140.517 1207.89
v -0.789009 -140.356 1207.89
v -1.40373 -139.944 1208.06
v -1.13627 -139.946 1208.07
v -0.83561 -138.408 1213.21
v -1.05834 -137.854 1214.69
v -0.899684 -137.809 1214.87
v -0.837052 -137.74 1214.95
v -0.987232 -136.861 1217.56
v -0.659715 -137.221 1217.59
v -0.826313 -137.055 1217.94
v -1.36561 -136.216 1219.69
v -0.797822 -134.739 1226.08
v -0.773786 -134.685 1225.8
v -0.791319 -134.408 1226.98
v -0.749209 -134.204 1227.15
v -0.645641 -133.991 1227.2
v -1.05609 -133.049 1231.78
v -1.02632 -132.35 1232.15
v -1.01724 -132.098 1232.44
v -0.857458 -132.145 1232.61
v -1.24708 -132.14 1233.89
v -1.11836 -132.08 1233.81
v -1.1304 -131.824 1233.63
v -1.02368 -132.064 1233.7
v -0.726436 -132.242 1233.04
v -0.838864 -138.059 1212.78
v -1.01638 -137.704 1212.77
v -0.842977 -137.665 1212.76
v -0.758741 -137.53 1212.87
v -0.891231 -137.469 1215.09
v -0.918769 -136.803 1217.43
v -0.799074 -136.736 1217.33
v -0.825637 -136.182 1217.36
v -0.478201 -136.342 1217.17
v -0.831666 -135.951 1220.03
v -0.439371 -134.259 1225.39
v -0.90216 -133.118 1226.49
v -0.50093 -133.38 1226.4
v -0.971176 -132.931 1226.83
v -0.752305 -133.099 1226.84
v -0.307481 -133.768 1226.82
v -1.1269 -136.281 1214.79
v -0.581116 -136.024 1217.34
v -0.942562 -135.459 1217.78
v -0.732499 -135.523 1218.02
v -0.741106 -135.3 1219.62
v -1.54354 -147.844 1200.79
v -1.28793 -147.217 1202.08
v -1.58177 -147.133 1200.32
v -1.51892 -147.365 1200.38
v -1.25156 -146.559 1201.38
v -1.16563 -146.475 1200.96
v -1.305 -146.286 1203.28
v -1.17858 -146.272 1203.57
v -1.46699 -145.329 1204.17
v -0.968661 -145.898 1204.01
v -1.20117 -145.169 1203.95
v -0.906706 -144.761 1203.21
v -0.795545 -144.774 1202.92
v -1.26573 -143.6 1205.72
v -0.175428 -135.481 1231.09
v -0.97882 -142.674 1207.04
v -0.320306 -142.882 1206.8
v -0.554227 -141.537 1209.03
v -0.12714 -135.268 1230.86
v -0.813164 -134.212 1232.75
v -0.745576 -133.852 1232.96
v -0.659388 -134.802 1226.43
v -0.0799236 -135.499 1225.73
v 0.130368 -135.191 1226.26
v -0.697853 -133.095 1233.32
v -0.560086 -132.704 1233.34
v -0.39632 -133.143 1233.16
v -0.641653 -140.847 1207.87
v -0.390095 -140.848 1207.73
v -0.266268 -140.683 1207.81
v -0.134757 -140.666 1207.95
v -0.214739 -139.727 1210.57
v -0.370296 -139.603 1210.25
v -0.12315 -139.974 1210.87
v -0.404403 -138.846 1213.43
v -0.424027 -138.7 1213.84
v -0.0962323 -138.173 1214.75
v -0.00147012 -138.483 1214.55
v 0.220787 -137.627 1216.75
v -0.473661 -137.077 1219.12
v -0.545884 -136.874 1219.48
v -0.238173 -136.972 1219.5
v 0.0290577 -136.83 1219.51
v 0.0639759 -135.356 1224.77
v -0.12342 -134.246 1226.7
v -0.510804 -133.145 1231.56
v -0.285979 -133.164 1231.56
v -0.12531 -133.148 1231.67
v 0.00136945 -133.193 1231.75
v -0.392945 -132.765 1233.11
v -0.0742557 -138.501 1212.41
v 0.11552 -138.472 1212.35
v -0.379147 -138.083 1212.53
v -0.255084 -138.011 1212.57
v 0.127686 -138.078 1212.68
v 0.330574 -138.404 1212.4
v 0.122596 -137.303 1214.4
v 0.159905 -137.427 1214
v 0.188902 -137.444 1214.6
v -0.294402 -137.703 1214.91
v 0.118126 -137.591 1214.74
v -0.381994 -136.614 1217.1
v -0.0970451 -136.599 1217
v 0.0917829 -136.563 1216.99
v 0.0770231 -136.394 1217.16
v -0.31556 -135.674 1218.94
v 0.290004 -136.319 1219.17
v 0.111415 -136.413 1219.41
v -0.351552 -133.913 1225.63
v -0.00565235 -134.016 1225.68
v 0.0942371 -134 1225.95
v 0.296164 -134.253 1226.05
v -0.345784 -133.533 1226.63
v -0.341369 -136.092 1217.31
v -0.222505 -147.771 1200.38
v -0.260714 -147.94 1200.47
v -0.202117 -147.559 1200.36
v -0.317214 -147.298 1200.47
v -0.441534 -146.822 1201.11
v -0.533573 -146.661 1202.79
v -0.403491 -145.86 1202.03
v -0.128006 -146.221 1202.04
v -0.254114 -145.735 1202.08
v -0.0208798 -144.675 1205.43
v 0.0137179 -144.594 1205.22
v -0.105761 -144.615 1205.61
v 0.0214832 -144.135 1204.74
v 0.0816466 -143.893 1204.5
v -0.28386 -135.413 1231.66
v 0.278674 -136.06 1230.97
v 0.398301 -135.969 1231.37
v 0.144377 -143.783 1204.44
v 0.194344 -143.581 1204.47
v 0.501975 -142.842 1205.92
v -0.291433 -141.732 1208.28
v 0.407128 -134.53 1232.27
v 0.503632 -134.118 1232.32
v 0.290376 -142.577 1205.49
v -0.0581908 -140.717 1210.86
v 0.0531201 -140.312 1211.04
v 0.302486 -140.629 1211.01
v 0.747338 -138.38 1216.79
v 0.212625 -137.493 1219.12
v 0.760312 -136.409 1224.19
v 0.89588 -136.198 1223.95
v 0.175396 -135.817 1224.83
v 0.28583 -135.813 1224.59
v 0.149712 -135.565 1225.9
v 0.147753 -134.223 1230.76
v 0.128828 -134.449 1230.68
v 0.347975 -134.042 1230.81
v 0.327447 -133.835 1231.02
v 0.520121 -133.831 1231.19
v 0.598638 -133.859 1231.34
v 0.0667031 -141.106 1207.59
v 0.265535 -138.961 1214.11
v 1.03105 -139.178 1214.13
v 0.961518 -138.774 1214.3
v 0.795044 -138.268 1214.43
v 0.540303 -138.122 1216.7
v 0.646772 -137.182 1219.2
v 0.483332 -137.438 1219.2
v 0.660455 -137.402 1219.19
v 0.755811 -135.826 1224.09
v 0.262453 -135 1226.31
v 0.854499 -136.912 1217.04
v -0.297926 -147.996 1202.19
v 0.173783 -148.033 1202.16
v 0.168721 -147.208 1200.76
v 0.266402 -147.169 1200.99
v 0.307175 -147.245 1201.23
v 0.397252 -147.445 1201.47
v 0.073656 -146.362 1203.85
v 0.218432 -146.232 1203.7
v 0.198265 -146.61 1203.84
v 0.682229 -146.496 1201.85
v 0.541787 -145.733 1202.5
v 0.545848 -145.711 1202.76
v 0.0528516 -144.684 1205.75
v 0.650829 -136.426 1230.87
v 1.27314 -136.561 1230.87
v 0.600628 -135.593 1231.65
v 1.17846 -135.691 1231.41
v 0.856082 -142.096 1209.64
v 1.16099 -136.989 1224.28
v 1.50459 -135.134 1231.26
v 1.47261 -134.938 1231.05
v 0.841613 -134.812 1231.95
v 0.937404 -142.027 1207.19
v 0.88301 -142.175 1207.24
v 1.03778 -141.924 1207.23
v 1.36578 -141.873 1207.51
v 1.02568 -140.466 1210.36
v 1.24697 -141.092 1210.93
v 1.28547 -141 1210.89
v 1.31643 -138.839 1216.84
v 1.04874 -138.268 1218.68
v 0.775064 -136.536 1224.33
v 0.923056 -134.674 1230.21
v 1.01434 -134.56 1230.32
v 0.87818 -140.487 1209.9
v 0.987897 -139.333 1211.97
v 1.11434 -139.283 1211.91
v 1.25203 -139.211 1211.92
v 1.2141 -137.853 1216.18
v 1.73169 -138.436 1215.89
v 1.51546 -137.32 1218.56
v 1.66461 -137.351 1218.28
v 1.19385 -137.251 1218.85
v 1.17635 -136.1 1223.75
v 1.2222 -135.821 1223.91
v 1.23246 -135.643 1224.09
v 1.36143 -135.514 1225.09
v 1.61364 -138.493 1213.65
v 1.08819 -138.268 1214.23
v 1.29087 -137.038 1218.12
v 1.16795 -146.632 1201.84
v 0.919139 -146.314 1202.01
v 0.860526 -146.188 1203.13
v 1.53372 -146.32 1202.53
v 1.46733 -145.646 1204.72
v 1.11331 -144.637 1204.2
v 1.11065 -144.438 1204.19
v 1.40688 -144.804 1204.1
v 1.51468 -144.733 1204.07
v 1.71053 -144.641 1204.12
v 1.97637 -143.077 1206.69
v 1.4373 -141.361 1210.89
v 1.58292 -142.071 1210.29
v 1.65276 -141.679 1210.77
v 1.8328 -141.626 1210.84
v 1.88061 -141.499 1210.86
v 2.02944 -141.461 1210.81
v 1.81568 -137.624 1223.4
v 1.82967 -137.429 1223.23
v 2.1262 -138.007 1223.48
v 1.70354 -137.439 1224.36
v 1.73854 -137.277 1224.63
v 2.08263 -136.973 1224.63
v 1.76997 -137.087 1224.78
v 1.58204 -136.07 1229.3
v 2.20786 -135.976 1229
v 1.58974 -135.388 1231.23
v 1.60303 -142.515 1206.87
v 1.7026 -142.396 1206.96
v 1.63021 -141.223 1209.32
v 1.97113 -141.323 1210.74
v 1.93562 -141.134 1210.55
v 1.55485 -141.212 1210.88
v 2.11933 -140.577 1211.86
v 1.73846 -140.475 1212.8
v 2.09157 -140.8 1212.34
v 2.03066 -140.409 1213.2
v 1.57084 -138.528 1218.63
v 1.64885 -136.773 1223.31
v 1.91344 -136.237 1223.7
v 2.14405 -136.308 1224.02
v 2.36824 -136.573 1224.11
v 1.99451 -136.341 1224.61
v 2.48099 -139.389 1213.33
v 1.74225 -138.99 1213.89
v 1.7482 -138.693 1213.77
v 1.95039 -137.86 1216.21
v 2.19028 -138.202 1215.86
v 2.36468 -138.044 1218.22
v 1.82316 -136.352 1223.48
v 1.83776 -138.701 1213.24
v 1.34785 -148.075 1202.95
v 1.58433 -147.74 1203.52
v 1.69204 -147.557 1203.63
v 1.79218 -147.439 1203.59
v 2.07875 -146.862 1202.83
v 2.17692 -137.955 1229.32
v 2.45818 -138.061 1229.45
v 2.11814 -145.535 1204
v 2.02011 -145.131 1206.31
v 2.26627 -145.094 1206.24
v 2.42165 -138.106 1228.75
v 2.62544 -138.12 1228.34
v 1.90518 -143.439 1208.73
v 2.61555 -143.17 1209.73
v 2.84883 -138.7 1223.01
v 2.76155 -138.545 1223.43
v 2.59592 -136.75 1230.2
v 2.74776 -136.629 1230.09
v 2.44036 -143.297 1206.42
v 2.79838 -143.352 1206.36
v 2.09726 -143.016 1206.61
v 2.13684 -142.89 1206.66
v 2.23157 -142.708 1206.86
v 2.56005 -142.257 1210.74
v 2.59073 -141.979 1210.83
v 2.8327 -142.296 1210.79
v 2.8394 -141.967 1210.7
v 2.12433 -139.287 1217.89
v 2.32733 -139.361 1218.05
v 2.26233 -139.169 1218.25
v 2.54888 -139.132 1218.28
v 3.01424 -137.967 1222.35
v 2.53178 -138.206 1222.78
v 2.86755 -138.199 1222.47
v 2.00642 -136.108 1228.99
v 2.49746 -135.994 1229.04
v 2.99281 -136.445 1228.77
v 2.86363 -141.655 1209.77
v 2.50074 -141.366 1210.27
v 2.75041 -141.634 1210.43
v 2.95917 -140.681 1211.16
v 2.88881 -140.804 1211.22
v 2.72415 -139.751 1215.53
v 2.49762 -138.939 1218.34
v 2.71581 -138.545 1218.15
v 2.86594 -139.01 1218.15
v 2.37452 -137.308 1222.79
v 2.35461 -137.116 1222.88
v 2.41691 -137.579 1222.74
v 3.00896 -137.731 1222.41
v 3.12974 -137.646 1222.44
v 3.05459 -140.585 1211.16
v 2.60358 -139.684 1211.99
v 2.8599 -139.526 1212.72
v 2.88069 -139.622 1212.4
v 2.54845 -139.31 1213.15
v 2.43136 -138.677 1215.53
v 2.91933 -138.722 1215.49
v 2.67024 -138.189 1217.95
v 1.91743 -149.232 1202.12
v 1.94669 -149.014 1202.21
v 2.00909 -148.932 1202.19
v 2.3615 -148.914 1202.08
v 2.59649 -149.18 1202.2
v 2.66206 -149.025 1202.09
v 2.75975 -148.911 1202.18
v 2.12541 -148.531 1202.93
v 2.06966 -148.554 1202.65
v 2.62399 -148.952 1202.62
v 2.51142 -148.797 1202.4
v 2.61934 -148.759 1200.52
v 2.64211 -148.527 1200.59
v 2.28484 -148.149 1201.23
v 2.8344 -148.346 1201.16
v 2.69523 -148.288 1200.85
v 2.49627 -148.565 1201.67
v 2.81984 -148.635 1201.77
v 2.60522 -148.45 1201.87
v 2.80091 -148.461 1201.4
v 2.89603 -148.442 1201.39
v 2.91229 -148.414 1201.5
v 2.83577 -148.272 1201.53
v 2.58507 -146.755 1205
v 2.36091 -146.443 1205.32
v 2.3852 -147.844 1201.55
v 2.52255 -147.649 1201.48
v 2.6653 -147.044 1202.13
v 2.38467 -146.566 1204.83
v 3.17105 -138.876 1228.36
v 3.0981 -138.513 1228.98
v 2.677 -138.094 1229.43
v 2.59602 -145.487 1206.19
v 3.11956 -144.592 1208.2
v 2.82749 -137.919 1228.05
v 3.36633 -138.155 1229.14
v 3.28926 -137.494 1229.49
v 2.7734 -142.615 1210.53
v 3.00741 -138.818 1222.66
v 3.06979 -138.744 1223.38
v 3.45063 -139.202 1222.85
v 3.06879 -138.463 1223.65
v 3.18815 -137.126 1227.89
v 2.88654 -137.118 1228.06
v 3.41463 -137.006 1229.05
v 3.40604 -137.225 1229.34
v 3.00607 -143.408 1206.37
v 3.01274 -143.317 1206.55
v 3.45167 -143.519 1206.79
v 3.41495 -140.467 1215.45
v 3.50948 -137.937 1223.39
v 3.48149 -137.706 1223.32
v 3.10065 -136.72 1228.28
v 3.49894 -140.41 1212.68
v 3.81885 -140.51 1212.39
v 3.57974 -139.747 1214.91
v 3.739 -139.101 1217.45
v 3.97913 -139.156 1216.85
v 3.50051 -137.758 1222.47
v 3.33717 -137.495 1222.93
v 3.31697 -137.455 1223.22
v 3.30478 -140.479 1211.28
v 3.47388 -140.167 1211.93
v 3.62245 -140.204 1212.1
v 3.72305 -140.29 1212.22
v 3.45037 -139.423 1215.03
v 3.83031 -139.422 1215.03
v 3.95992 -139.28 1215.61
v 2.3665 -149.686 1201.84
v 2.8351 -149.583 1202.19
v 3.09902 -149.906 1202.01
v 3.1437 -149.53 1202.36
v 2.82645 -149.175 1200.67
v 2.73927 -149.124 1202.17
v 2.81183 -149.12 1202.24
v 2.72939 -149.411 1202.23
v 2.79519 -149.326 1202.25
v 2.83867 -149.089 1202.34
v 2.8739 -149.451 1202.26
v 2.92394 -149.213 1202.38
v 2.96895 -149.153 1202.67
v 3.06668 -149.074 1202.88
v 3.16501 -149.369 1202.55
v 2.82028 -148.311 1201.06
v 2.93435 -148.401 1201.22
v 3.04767 -148.404 1201.17
v 2.97779 -148.512 1200.71
v 3.14066 -148.426 1200.97
v 3.15519 -148.354 1201.26
v 3.22987 -148.381 1201.15
v 3.27931 -148.284 1201.23
v 3.43743 -148.468 1200.99
v 3.47609 -148.253 1201.22
v 3.01995 -148.371 1201.37
v 3.10227 -148.19 1201.33
v 3.03404 -147.94 1201.39
v 3.09585 -147.781 1201.5
v 3.16853 -147.593 1201.72
v 3.37838 -148.136 1201.3
v 3.63576 -148.193 1201.3
v 3.36143 -146.585 1205.72
v 3.44517 -146.387 1205.88
v 3.49177 -145.449 1206.98
v 3.545 -145.455 1207.25
v 3.81777 -139.361 1227.1
v 3.46752 -139.007 1228.36
v 3.85364 -139.464 1227.66
v 3.66708 -138.932 1228.44
v 3.77848 -146.473 1203.5
v 3.4102 -144.323 1208.74
v 3.88152 -144.211 1209.08
v 3.94035 -144.464 1208.79
v 4.05676 -143.936 1209.6
v 3.89071 -139.137 1226.88
v 3.70631 -138.114 1228.96
v 4.16586 -138.192 1228.5
v 3.46426 -144.29 1205.89
v 3.68979 -144.278 1205.82
v 3.84602 -144.602 1205.71
v 3.82735 -144.25 1205.84
v 3.9192 -144.885 1205.75
v 3.73701 -143.267 1210.4
v 4.01028 -143.248 1210.54
v 4.15948 -143.151 1210.6
v 4.01989 -142.901 1210.59
v 4.22724 -140.991 1216.93
v 4.16761 -140.751 1217.22
v 3.99853 -139.676 1221.96
v 4.12113 -139.831 1222.06
v 4.18927 -139.707 1221.69
v 4.50345 -138.719 1226.25
v 3.66978 -137.5 1227.42
v 3.91152 -137.542 1227.38
v 3.92928 -144.151 1206.07
v 4.27666 -143.8 1207.26
v 3.97534 -143.26 1207.73
v 4.30753 -143.486 1207.79
v 4.11838 -142.291 1209.81
v 4.38926 -142.671 1210.1
v 3.83964 -141.229 1212.55
v 4.38903 -140.646 1217.26
v 4.03276 -140.127 1217.51
v 4.2974 -138.771 1221.66
v 3.96375 -138.71 1221.79
v 4.00629 -141.57 1210.68
v 4.22963 -141.892 1210.65
v 4.34716 -141.757 1210.52
v 4.44951 -141.654 1210.52
v 4.37259 -141.075 1212.12
v 4.69915 -140.387 1214.32
v 3.84663 -139.551 1217.57
v 3.85763 -139.284 1215.3
v 3.65381 -149.749 1202.45
v 3.44284 -149.445 1202.66
v 3.77942 -149.144 1203.15
v 4.29652 -149.157 1203.25
v 3.6431 -148.806 1203.35
v 3.75089 -148.712 1203.34
v 3.8626 -148.528 1203.18
v 4.04305 -149.069 1203.28
v 4.08296 -148.968 1203.3
v 4.22809 -148.924 1203.24
v 4.24863 -149.256 1200.58
v 4.41278 -149.549 1200.55
v 3.89976 -148.839 1200.76
v 4.12878 -147.75 1204.88
v 4.48182 -148.051 1202.01
v 3.86414 -147.727 1201.95
v 4.35656 -148.032 1202.24
v 4.35209 -146.93 1203.39
v 4.26351 -146.986 1203.46
v 4.31748 -147.191 1203.56
v 4.15355 -146.251 1205.52
v 4.51477 -146.224 1206.98
v 4.1111 -145.519 1207.68
v 4.16654 -139.789 1226.9
v 4.43248 -146.733 1203.38
v 4.08135 -145.014 1208.26
v 4.41938 -144.972 1208.27
v 4.56641 -144.795 1208.24
v 4.1252 -144.695 1208.57
v 4.21462 -144.403 1208.79
v 4.36833 -144.365 1208.67
v 4.38734 -144.537 1208.53
v 4.3933 -144.248 1208.95
v 4.58675 -144.257 1209.19
v 4.30809 -144.141 1209.38
v 4.63723 -143.934 1210.09
v 4.99306 -140.574 1221.2
v 4.52496 -140.172 1221.99
v 4.42145 -140 1222.28
v 4.49348 -139.843 1222.47
v 4.76234 -145.449 1205.32
v 4.91084 -145.398 1205.31
v 4.54767 -144.838 1205.66
v 4.53893 -145.096 1205.45
v 4.9195 -144.763 1206.65
v 4.2977 -144.135 1206.76
v 4.56992 -144.177 1207.44
v 4.51678 -144.188 1207.06
v 4.69743 -144.413 1207.51
v 4.83116 -144.585 1207.04
v 4.43748 -143.9 1207.48
v 4.51756 -144.217 1208.29
v 4.51449 -144.04 1207.66
v 4.51982 -143.855 1208.13
v 4.48925 -144.391 1208.41
v 4.70092 -144.592 1207.94
v 4.48297 -144.244 1208.53
v 4.58908 -143.867 1208.42
v 4.59947 -143.669 1208.34
v 4.51114 -144.187 1208.73
v 4.53635 -144.113 1208.55
v 4.61871 -144.162 1208.82
v 4.64374 -144.047 1208.68
v 4.73678 -143.74 1208.56
v 4.81374 -144.19 1208.88
v 4.85348 -144.022 1208.74
v 5.0402 -143.676 1208.7
v 4.28891 -143.324 1210.55
v 4.48401 -143.589 1210.41
v 4.62662 -143.446 1210.49
v 4.41402 -142.591 1211.77
v 4.24762 -141.094 1216.55
v 5.06353 -139.822 1221
v 4.28315 -139.355 1222.78
v 5.10449 -139.846 1222.17
v 4.48283 -138.421 1226.44
v 4.94532 -138.515 1226.47
v 4.50986 -138.212 1226.65
v 4.43191 -143.721 1207.77
v 4.41672 -143.367 1208.15
v 4.4685 -143.101 1208.64
v 4.77982 -143.363 1208.66
v 4.89387 -142.798 1209.39
v 4.83672 -143.075 1209.02
v 4.71786 -138.908 1221.56
v 5.08707 -139.412 1221.15
v 4.75325 -138.757 1222.31
v 4.87839 -139.021 1222.33
v 4.66595 -140.107 1214.48
v 4.12437 -150.444 1201.82
v 3.91262 -150.351 1201.59
v 4.34913 -150.247 1201.1
v 4.62214 -150.526 1202.05
v 4.83831 -149.9 1202.85
v 4.9257 -149.725 1203.04
v 4.80591 -148.357 1204.37
v 4.55323 -148.376 1202.49
v 4.79235 -148.074 1203.92
v 4.80329 -147.565 1205.4
v 4.92628 -147.405 1205.5
v 5.31391 -140.894 1225.46
v 5.52694 -141.055 1225.45
v 5.44227 -140.914 1225.74
v 4.87488 -147.251 1203.24
v 4.86632 -147.519 1203.36
v 5.2039 -147.24 1203.18
v 4.8325 -147.099 1205.52
v 5.10164 -146.744 1205.86
v 4.92008 -146.734 1206.38
v 5.14183 -146.887 1206.45
v 5.06674 -146.152 1207.31
v 5.28889 -145.949 1207.4
v 5.17554 -140.725 1225.46
v 5.36282 -140.7 1225.07
v 5.14868 -146.947 1203.36
v 5.24039 -146.431 1203.99
v 4.65903 -146.136 1204.9
v 5.22014 -146.359 1204.42
v 5.34897 -146.219 1205.11
v 5.38036 -146.085 1205.03
v 5.59373 -146.056 1204.95
v 5.7143 -145.672 1205.65
v 5.40686 -145.347 1207.06
v 5.11962 -144.486 1209.23
v 4.93547 -144.292 1209.67
v 5.54465 -144.116 1210.25
v 5.17601 -140.562 1220.92
v 5.50105 -141.083 1220.94
v 5.59558 -140.933 1221.41
v 5.69554 -140.716 1221.54
v 5.73617 -139.567 1225
v 5.59748 -145.656 1205.41
v 5.04215 -144.074 1208.75
v 5.11865 -144.371 1208.93
v 5.18228 -143.915 1208.69
v 5.25956 -144.152 1208.71
v 5.33229 -143.731 1208.71
v 5.4954 -144.01 1208.62
v 5.85092 -144.421 1208.46
v 5.8294 -143.891 1208.59
v 5.82522 -143.479 1209.8
v 5.61802 -143.721 1210.08
v 5.74298 -143.794 1210.1
v 5.76974 -143.685 1210.03
v 5.85177 -143.724 1210.16
v 5.80152 -143.663 1210.25
v 5.83213 -143.598 1210.1
v 5.85832 -143.537 1209.98
v 5.85028 -143.438 1209.95
v 5.27143 -143.363 1210.79
v 5.83006 -142.478 1214.27
v 5.89923 -140.424 1220.37
v 5.70355 -139.853 1221.68
v 5.25895 -143.415 1208.87
v 5.86114 -143.623 1208.77
v 5.24007 -142.943 1209.39
v 5.58292 -143.34 1209.73
v 5.74857 -143.415 1209.69
v 5.76549 -143.244 1209.18
v 5.8454 -143.414 1209.69
v 5.81251 -143.276 1209.41
v 5.94237 -143.324 1209.7
v 5.59051 -142.712 1209.91
v 5.79047 -142.682 1209.85
v 5.80287 -143.12 1209.82
v 5.94596 -142.904 1209.72
v 5.24477 -141.706 1214.16
v 5.74473 -139.646 1221.08
v 5.67297 -139.525 1221.39
v 5.44849 -142.128 1210.24
v 5.5566 -141.814 1210.78
v 5.8026 -141.948 1210.98
v 5.8532 -140.914 1213.9
v 5.17839 -150.805 1201.4
v 5.45873 -151 1201.74
v 5.56295 -149.889 1202.95
v 5.02354 -150.184 1200.75
v 5.22369 -149.46 1202.95
v 5.35798 -148.188 1205.04
v 5.51089 -148.683 1201.71
v 5.7857 -148.939 1201.92
v 5.81364 -147.591 1204.98
v 5.67171 -146.975 1206.7
v 5.66956 -146.935 1204.56
v 6.06238 -146.974 1206.74
v 6.09312 -146.569 1206.82
v 6.32326 -141.871 1220.2
v 5.70698 -141.133 1224.69
v 5.83453 -140.202 1226.37
v 6.09547 -140.186 1226.13
v 6.12804 -139.96 1226.03
v 6.03927 -146.868 1204.77
v 5.66318 -146.355 1204.88
v 5.65513 -146.234 1204.87
v 6.00426 -146.293 1204.84
v 6.10361 -146.249 1204.94
v 6.11496 -146.018 1205.98
v 5.62457 -145.873 1207.16
v 6.06308 -145.15 1208.8
v 6.32324 -145.361 1209.14
v 5.80286 -144.77 1209.72
v 5.74849 -144.449 1210.1
v 5.75587 -144.189 1210.24
v 5.93613 -144.229 1210.29
v 6.04276 -144.417 1210.25
v 6.0472 -144.23 1210.41
v 5.80724 -143.855 1210.89
v 6.10882 -144.172 1210.6
v 6.23212 -144.388 1210.43
v 5.96665 -142.25 1216.11
v 5.96431 -141.104 1220.2
v 5.90729 -141.397 1220.85
v 6.05721 -141.466 1220.13
v 6.06771 -141.577 1220.19
v 6.25509 -141.471 1220.83
v 6.09631 -140.841 1221.24
v 6.22905 -139.845 1224.64
v 6.13914 -139.739 1225.75
v 6.07516 -144.339 1208.38
v 6.03596 -144.883 1208.47
v 5.69894 -144.009 1210.24
v 5.8022 -143.858 1210.57
v 5.94809 -144.078 1210.36
v 5.95235 -144.023 1210.45
v 6.02781 -142.569 1213.86
v 5.94849 -142.051 1216.24
v 5.97023 -141.79 1216.29
v 6.24348 -140.357 1220.31
v 6.76661 -140.533 1220.39
v 6.21301 -140.089 1221.16
v 6.42826 -140.442 1221.03
v 6.76854 -140.558 1220.57
v 5.9831 -143.414 1209
v 5.98914 -143.34 1209.18
v 6.07467 -143.316 1209.48
v 6.08889 -143.342 1209.29
v 6.08563 -143.213 1209.57
v 6.17842 -143.391 1209.18
v 6.18662 -143.311 1209.38
v 6.20135 -143.251 1209.46
v 6.21063 -143.017 1209.61
v 6.29876 -143.361 1209.29
v 6.37933 -143.53 1209.04
v 6.41361 -143.289 1209.38
v 6.69386 -143.151 1209.56
v 6.52137 -141.937 1213.29
v 5.92472 -141.076 1216.25
v 6.04028 -150.619 1202.58
v 6.2211 -150.444 1202.73
v 6.15598 -150.052 1202.68
v 6.49295 -149.642 1203.71
v 6.49451 -149.643 1203.87
v 6.47243 -149.565 1203.56
v 6.36877 -148.834 1204.81
v 6.44561 -148.688 1204.9
v 6.00015 -149.238 1201.21
v 6.86141 -149.587 1201.44
v 6.38371 -148.593 1202.79
v 6.69623 -148.696 1202.59
v 6.64119 -148.351 1204.7
v 6.73687 -147.707 1206.27
v 6.83278 -147.541 1206.3
v 6.4193 -141.505 1225.03
v 6.40463 -141.047 1225.51
v 6.46454 -148.368 1202.69
v 6.71203 -148.225 1202.78
v 6.44715 -147.326 1203.86
v 6.354 -146.577 1206.55
v 6.46239 -146.522 1206.3
v 6.99218 -145.99 1208.31
v 6.99933 -142.501 1219.3
v 7.01425 -142.406 1219.19
v 6.78888 -142.334 1219.6
v 6.96762 -142.299 1219.93
v 7.11258 -141.23 1224.97
v 6.30288 -146.874 1204.57
v 6.77365 -145.179 1209.99
v 6.46731 -144.447 1210.57
v 6.52678 -144.365 1210.7
v 6.55554 -144.138 1210.86
v 6.95081 -143.412 1213.46
v 7.09505 -143.332 1215.2
v 7.1769 -143.158 1215.36
v 7.25436 -142.92 1215.42
v 7.1693 -142.072 1219.07
v 7.33535 -141.373 1220.12
v 6.62467 -144.623 1208.17
v 6.69357 -144.248 1208.39
v 7.11123 -144.179 1208.58
v 7.45854 -144.065 1208.87
v 7.00257 -144.064 1210.68
v 6.77984 -143.149 1213.34
v 6.78942 -142.986 1213.23
v 6.91003 -141.374 1219.45
v 7.16996 -141.068 1220.28
v 6.68116 -143.863 1208.74
v 6.949 -143.501 1209.27
v 7.43383 -143.564 1209.44
v 6.82395 -142.905 1209.96
v 6.94102 -142.888 1210.16
v 6.87431 -143.04 1210.58
v 7.25208 -142.001 1213.02
v 7.09701 -141.605 1215.2
v 7.18652 -141.845 1215.37
v 7.06703 -150.629 1200.39
v 7.17507 -150.307 1200.6
v 6.73412 -149.643 1203.28
v 6.73503 -149.692 1204.08
v 6.90194 -148.779 1204.72
v 6.96368 -149.141 1204.68
v 7.05039 -148.843 1204.71
v 7.11978 -149.054 1204.69
v 7.22322 -149.012 1204.78
v 7.3801 -149.23 1204.65
v 7.39016 -149.19 1204.74
v 6.89901 -148.656 1205.4
v 6.84598 -148.624 1205.27
v 7.08807 -148.817 1204.84
v 7.2644 -148.862 1205.49
v 7.5369 -148.882 1205.6
v 7.10153 -148.825 1202.44
v 7.27169 -149.17 1202.36
v 6.91678 -148.537 1204.57
v 7.02193 -148.732 1204.7
v 7.01144 -148.564 1204.59
v 7.0517 -148.543 1204.64
v 7.05554 -148.425 1204.35
v 7.1132 -148.214 1204.1
v 7.0415 -148.705 1204.79
v 6.87785 -148.506 1204.92
v 7.39471 -142.507 1222.54
v 7.37527 -142.629 1222.9
v 7.10146 -142.375 1223.05
v 7.64175 -142.794 1223.06
v 7.29912 -148.128 1203.7
v 7.44108 -148.239 1203.7
v 7.54338 -148.307 1203.27
v 7.0432 -147.84 1204.21
v 7.13769 -148.128 1203.98
v 7.22439 -148.118 1204.08
v 7.25689 -148.158 1203.89
v 7.35376 -148.076 1203.97
v 7.38304 -147.512 1204.24
v 7.442 -147.479 1204.37
v 7.54137 -148.226 1203.79
v 7.4636 -147.959 1203.93
v 7.27409 -147.448 1205.88
v 6.98631 -147.4 1206.19
v 7.35516 -146.4 1208.51
v 7.2938 -142.792 1219.26
v 7.45582 -142.841 1219.31
v 7.49547 -142.74 1219.44
v 7.204 -142.224 1219.94
v 7.59502 -141.693 1222.5
v 7.75944 -141.126 1223.84
v 7.2543 -141.187 1224.82
v 7.3911 -145.548 1207.75
v 7.60009 -145.334 1207.8
v 8.02087 -144.213 1212.38
v 7.1959 -143.598 1214.67
v 7.70185 -143.826 1214.78
v 7.61813 -140.904 1223.68
v 7.83301 -144.757 1208.35
v 7.79982 -145.22 1207.92
v 7.45037 -142.3 1215.27
v 7.95195 -142.779 1214.92
v 8.00411 -142.376 1214.68
v 7.96648 -143.979 1209.29
v 7.89219 -143.774 1209.53
v 8.12505 -143.913 1209.63
v 8.05346 -143.875 1209.8
v 8.09993 -142.849 1212.33
v 7.73378 -142.276 1212.83
v 7.39628 -141.926 1213.26
v 7.89683 -142.215 1213.56
v 7.80106 -142.106 1214.47
v 7.82036 -152.067 1201.55
v 7.80385 -151.744 1200.91
v 7.9573 -150.626 1202.78
v 7.87173 -150.729 1203.04
v 7.98739 -150.885 1203.18
v 7.85453 -149.882 1204.47
v 7.56431 -150.978 1200.37
v 7.65554 -150.811 1200.37
v 7.30685 -149.648 1204.42
v 7.49418 -149.433 1204.59
v 7.43607 -149.248 1204.88
v 7.55496 -149.397 1204.7
v 7.74338 -149.555 1204.88
v 7.60003 -148.604 1205.76
v 8.308 -143.246 1222.57
v 7.96152 -148.796 1202.84
v 7.70456 -148.427 1203.47
v 7.91545 -148.62 1203.27
v 7.93502 -148.559 1203.45
v 8.19224 -148.581 1203.49
v 8.265 -148.591 1205.39
v 8.34131 -148.394 1205.07
v 7.77478 -148.504 1205.74
v 8.39512 -143.86 1218.18
v 7.83638 -142.51 1221.98
v 8.29315 -142.405 1223.49
v 8.68589 -142.534 1223.08
v 7.82175 -148.415 1203.57
v 7.84311 -148.242 1203.7
v 8.05398 -148.287 1203.71
v 7.79924 -148.013 1203.9
v 8.05435 -148.157 1203.88
v 8.07431 -148.005 1204.41
v 8.25316 -148.264 1203.99
v 8.08461 -148.002 1204.82
v 8.26267 -146.799 1207.38
v 8.06427 -146.625 1209.22
v 8.16826 -144.481 1214.1
v 8.22003 -144.594 1213.82
v 8.01961 -143.509 1218.21
v 8.45592 -143.685 1217.66
v 8.00476 -143.4 1218.73
v 8.24164 -143.458 1218.69
v 8.5496 -143.489 1218.56
v 8.68595 -142.74 1221.11
v 8.58767 -142.111 1223.13
v 8.42416 -146.478 1207.32
v 8.58637 -145.707 1207.82
v 8.57867 -146.186 1207.45
v 8.23704 -144.672 1212.63
v 8.11529 -143.545 1214.76
v 8.26047 -144.018 1214.54
v 8.32628 -142.75 1218.05
v 8.39093 -142.49 1218.18
v 8.58354 -142.434 1218.25
v 8.74478 -142.479 1218.29
v 8.55682 -142.668 1218.85
v 8.83582 -144.758 1209.6
v 8.8624 -142.967 1213.27
v 8.58183 -142.948 1214.34
v 8.75181 -142.907 1213.93
v 8.90604 -143.552 1214.14
v 8.59828 -143.116 1212.08
v 8.93864 -143.225 1212.12
v 8.79936 -142.999 1212.57
v 7.97986 -152.094 1201.3
v 7.74525 -151.994 1201.77
v 7.95824 -151.307 1200.39
v 8.30553 -151.037 1203.42
v 8.09318 -150.425 1204.13
v 8.39406 -150.1 1204.82
v 8.36496 -151.321 1200.28
v 8.28723 -150.623 1200.83
v 8.79834 -150.912 1200.91
v 8.87428 -150.672 1201.84
v 8.6712 -143.797 1221.22
v 8.82544 -149.297 1202.88
v 8.55081 -148.725 1203.54
v 9.05177 -149.088 1204.31
v 8.71474 -147.54 1208.59
v 8.73941 -146.971 1209.32
v 9.06219 -144.581 1217.25
v 9.22317 -144.68 1217.27
v 9.03856 -144.087 1220.48
v 8.80014 -143.306 1222.5
v 9.29386 -146.164 1209.53
v 9.51624 -145.799 1211.07
v 9.0197 -145.38 1211.56
v 9.16789 -145.717 1211.58
v 9.14636 -145.729 1211.85
v 9.04105 -145.524 1212.92
v 9.25597 -145.714 1212.94
v 9.09927 -143.534 1217.21
v 8.75308 -143.19 1218.55
v 9.15662 -142.856 1220.7
v 8.93523 -142.37 1221.25
v 9.34034 -142.504 1221.09
v 9.48242 -146.204 1207.84
v 9.12887 -145.235 1209.54
v 9.0666 -144.429 1213.9
v 9.33863 -143.378 1217.19
v 9.49086 -143.331 1217.25
v 9.53916 -143.265 1217.38
v 9.57816 -143.25 1217.52
v 9.01396 -145.264 1208.52
v 9.01993 -144.777 1209.26
v 9.16582 -144.992 1208.98
v 9.45602 -145.249 1209.18
v 9.61699 -144.301 1211.2
v 9.36799 -143.432 1212.72
v 9.19321 -143.508 1213.84
v 9.17116 -143.321 1213.69
v 9.39549 -143.437 1213.18
v 9.24692 -143.443 1212.09
v 9.1545 -152.681 1201.59
v 9.31756 -152.735 1201.08
v 8.71015 -152.081 1202.09
v 8.79196 -151.989 1202.1
v 8.65217 -152.243 1201.97
v 9.2448 -152.471 1201.93
v 9.34237 -152.325 1201.96
v 9.32096 -152.142 1201.87
v 9.06315 -151.706 1200.18
v 9.3872 -151.934 1200.14
v 9.54278 -152.287 1200.29
v 9.14584 -151.564 1202.4
v 9.34879 -150.89 1204.51
v 9.78893 -149.831 1203.93
v 9.23328 -149.394 1204.56
v 9.35231 -150.04 1204.91
v 9.65636 -150.079 1204.65
v 9.81047 -150.034 1204.38
v 9.36851 -149.5 1203.28
v 9.11858 -149.148 1203.94
v 9.47173 -147.932 1206.9
v 9.67077 -148.392 1206.91
v 9.25929 -147.094 1209.39
v 9.97121 -146.655 1210.7
v 9.75145 -146.404 1212.21
v 9.46573 -145.735 1213.07
v 9.84664 -145.373 1216.19
v 9.61891 -145.116 1216.82
v 9.86522 -145.111 1216.07
v 9.91868 -145.268 1216.72
v 9.93884 -145.072 1216.91
v 9.50766 -144.821 1217.2
v 9.84759 -144.251 1219.41
v 9.49892 -144.366 1219.78
v 9.89558 -143.809 1219.57
v 9.55075 -143.639 1221.82
v 9.45417 -147.615 1206.91
v 9.4956 -147.226 1207.04
v 9.79541 -147.173 1207.16
v 9.41787 -146.84 1209.44
v 9.62952 -143.384 1220.02
v 9.92728 -143.302 1219.92
v 10.1457 -143.287 1219.91
v 9.99227 -145.951 1208.47
v 10.0442 -145.859 1208.69
v 9.94936 -146.132 1209.15
v 9.64104 -144.854 1211.02
v 10.1946 -145.125 1210.67
v 10.2512 -144.43 1212.77
v 9.461 -143.254 1217.89
v 9.39131 -143.091 1217.86
v 10.1683 -144.856 1210.83
v 10.2997 -144.769 1210.94
v 9.84598 -144.184 1211.34
v 9.99293 -144.218 1211.47
v 10.0304 -144.107 1212.04
v 10.2055 -144.249 1212.55
v 9.90669 -152.313 1202.47
v 9.9754 -152.39 1202.63
v 10.178 -151.781 1203.89
v 9.63763 -151.896 1200.09
v 9.69773 -151.71 1200.2
v 10.2079 -151.897 1200.21
v 9.61593 -151.555 1200.97
v 10.4238 -151.726 1201.22
v 9.83719 -150.919 1204.57
v 10.3567 -151.025 1204.38
v 10.3982 -150.887 1204.33
v 10.3968 -149.456 1207.57
v 9.74177 -151.55 1200.46
v 9.85545 -151.13 1201.38
v 10.415 -151.508 1201.21
v 10.5795 -150.802 1202.17
v 9.63313 -148.715 1207.28
v 10.4501 -149.391 1206.8
v 9.78747 -148.731 1208.07
v 9.9149 -148.4 1208.63
v 10.1657 -148.269 1208.84
v 10.2801 -145.888 1215.77
v 10.4763 -145.996 1215.87
v 10.609 -145.597 1218.36
v 10.4858 -145.308 1218.41
v 10.4563 -145.469 1218.81
v 9.88102 -144.797 1220.22
v 9.86524 -144.562 1220.71
v 10.2293 -144.686 1220.52
v 10.2985 -144.516 1220.66
v 10.6087 -148.959 1206.55
v 10.1141 -146.698 1212.22
v 10.6819 -146.604 1212.17
v 10.6484 -146.973 1212.01
v 10.4658 -146.033 1215.35
v 10.878 -146.035 1214.86
v 10.632 -145.553 1216.22
v 10.0396 -144.836 1216.99
v 10.7179 -144.707 1218.37
v 10.7182 -145.237 1218.13
v 10.5548 -144.4 1220.55
v 10.9752 -147.017 1208.56
v 10.9409 -146.853 1208.38
v 10.4974 -145.901 1212.52
v 10.6464 -144.871 1215.49
v 10.4505 -144.095 1216.74
v 11.0837 -144.809 1215.99
v 10.2903 -144.221 1216.97
v 10.3294 -143.717 1219.37
v 10.5949 -143.616 1219.46
v 10.2673 -143.268 1219.98
v 10.3336 -143.262 1220.21
v 10.3908 -143.398 1220.48
v 10.2904 -146.229 1208.89
v 10.4399 -146.28 1208.64
v 10.6893 -145.309 1210.5
v 10.5743 -145.038 1212.58
v 10.538 -144.84 1211.05
v 10.685 -144.765 1211.8
v 10.3287 -152.543 1202.81
v 10.6136 -151.82 1204
v 10.7619 -152.672 1199.79
v 10.7971 -152.557 1199.78
v 10.5018 -152.006 1200.33
v 10.5744 -152.068 1200.5
v 11.0473 -152.365 1200.02
v 10.6368 -151.786 1201.1
v 10.8717 -152.015 1201.05
v 10.9042 -151.876 1201
v 10.7194 -151.493 1201.23
v 11.0185 -152.03 1200.97
v 11.0628 -151.926 1200.98
v 10.4411 -149.56 1207.2
v 10.7102 -149.52 1207.87
v 11.2282 -149.454 1208.25
v 10.815 -148.714 1208.63
v 11.1052 -148.582 1208.58
v 11.3615 -148.455 1209.33
v 10.8183 -147.678 1211.31
v 10.9711 -147.612 1211.49
v 10.8919 -146.563 1214.83
v 11.0124 -146.54 1214.62
v 10.9213 -146.661 1215.03
v 11.089 -146.652 1215.19
v 11.157 -146.444 1215.37
v 10.7977 -145.773 1218.67
v 10.8405 -145.663 1219
v 11.0261 -145.591 1219.14
v 11.0413 -148.79 1206.55
v 11.1442 -145.689 1214.74
v 11.4435 -144.733 1217.76
v 11.3728 -144.362 1219.22
v 10.956 -144.214 1220.01
v 11.0723 -144.639 1219.89
v 11.3345 -148.087 1207.15
v 10.9798 -147.122 1207.91
v 11.1067 -147.056 1208.13
v 11.3099 -147.26 1208.26
v 11.1987 -147.599 1208.55
v 11.3027 -145.353 1214.85
v 11.5891 -145.365 1214.87
v 11.6847 -145.36 1214.98
v 11.0088 -144.714 1215.62
v 11.0782 -144.695 1215.78
v 11.3806 -144.484 1218.06
v 11.7338 -144.727 1217.65
v 11.6364 -144.447 1218.26
v 11.3429 -144.199 1219.04
v 10.9937 -153.627 1201.22
v 11.0176 -153.474 1201.38
v 11.178 -153.422 1201.35
v 11.2482 -153.263 1202.09
v 11.2493 -153.22 1202.35
v 11.5129 -153.25 1202.5
v 11.2509 -152.68 1203.25
v 11.2093 -152.096 1203.79
v 11.3244 -152.501 1203.49
v 11.7471 -151.954 1203.55
v 11.1681 -152.57 1199.8
v 11.4417 -153.007 1199.64
v 11.6209 -152.442 1200.74
v 11.7194 -152.586 1200.72
v 11.1969 -152.19 1200.92
v 11.2334 -152.104 1200.9
v 11.2419 -151.975 1200.96
v 11.3005 -152.352 1200.92
v 11.4126 -151.912 1201.09
v 11.5141 -151.278 1202.64
v 11.388 -151.244 1203.27
v 11.4761 -151.48 1203.51
v 11.2689 -150.229 1206.72
v 11.358 -150.189 1206.5
v 11.3326 -150.324 1206.97
v 11.822 -150.539 1207.27
v 11.4207 -149.906 1207.89
v 11.6028 -149.596 1208.2
v 11.6779 -149.004 1209.43
v 12.0285 -147.184 1216.16
v 11.7598 -146.602 1217.75
v 12.0913 -146.689 1217.62
v 11.3812 -150.025 1206.37
v 11.3808 -149.834 1206.3
v 11.7529 -149.075 1209.07
v 11.5241 -148.336 1209.18
v 11.7647 -148.664 1210.5
v 11.6753 -147.458 1214.24
v 11.7144 -147.545 1214.02
v 12.0758 -146.153 1218.1
v 12.266 -145.942 1218.01
v 12.1674 -146.555 1213.6
v 12.2132 -145.774 1216.34
v 12.3946 -145.533 1216.42
v 11.9325 -144.776 1218.13
v 11.971 -145.019 1218.33
v 12.1307 -145.504 1218.24
v 11.7808 -147.275 1209.2
v 12.3435 -147.115 1209.25
v 12.2751 -146.569 1210.74
v 11.9112 -146.372 1211.26
v 11.9994 -146.699 1211.18
v 11.8717 -145.578 1214.96
v 11.9695 -154.184 1200.39
v 11.9376 -154.053 1200.15
v 11.7787 -154.115 1200.68
v 12.2377 -154.3 1200.74
v 12.1454 -153.795 1201.85
v 12.5722 -153.855 1199.39
v 11.9199 -153.676 1199.7
v 11.7942 -152.849 1203.18
v 11.7737 -152.637 1203.37
v 12.0161 -152.562 1203.35
v 11.855 -152.248 1203.51
v 12.3856 -153.268 1199.53
v 12.4106 -153.177 1199.7
v 12.188 -152.614 1200.57
v 12.4919 -152.612 1200.6
v 12.1065 -151.856 1201.71
v 12.729 -152.116 1202.2
v 12.348 -150.882 1206.19
v 12.7666 -150.925 1205.9
v 12.151 -150.908 1206.87
v 12.233 -150.983 1206.54
v 12.1272 -150.174 1207.87
v 12.2131 -149.76 1208.04
v 12.538 -150.114 1207.93
v 12.5069 -149.833 1208.33
v 12.5997 -149.839 1208.16
v 12.5747 -150.031 1208.47
v 12.6676 -150.082 1208.13
v 12.6695 -150.106 1208.6
v 12.2849 -149.528 1209.46
v 12.3207 -149.456 1209.66
v 12.5416 -149.529 1209.65
v 12.5139 -148.413 1212.9
v 12.7442 -147.796 1214.88
v 12.8285 -148.068 1214.77
v 12.5419 -147.649 1216.13
v 12.1346 -147.311 1216.36
v 12.821 -147.743 1216.1
v 12.5024 -149.77 1207.97
v 12.5767 -149.768 1208.03
v 12.4817 -149.587 1208.33
v 12.4919 -149.477 1207.98
v 12.6218 -149.675 1208.02
v 12.6691 -149.659 1208.1
v 12.8643 -149.407 1208.02
v 12.926 -149.238 1207.86
v 12.2189 -148.817 1210.29
v 12.8006 -147.577 1212.7
v 12.3813 -148.14 1212.96
v 12.4649 -147.967 1212.88
v 12.5767 -147.073 1215.31
v 12.9592 -147.032 1216.72
v 13.1055 -146.465 1216.58
v 12.3896 -148.304 1207.5
v 12.5072 -148.335 1207.64
v 12.4184 -148.723 1207.99
v 12.6443 -148.574 1207.79
v 12.944 -149.066 1207.8
v 12.9771 -148.968 1207.75
v 13.0756 -148.922 1207.65
v 12.7799 -148.083 1208.49
v 13.0484 -148.643 1208.18
v 13.0877 -147.474 1212.57
v 12.5062 -146.688 1213.39
v 13.0565 -146.472 1215.24
v 12.4961 -145.366 1216.82
v 12.6144 -145.62 1216.32
v 12.7548 -147.059 1210.1
v 13.21 -147.553 1209.76
v 12.9574 -147.303 1209.65
v 12.7605 -147.218 1210.35
v 12.9582 -154.608 1200.56
v 12.959 -154.479 1200.72
v 12.637 -154.073 1200.75
v 12.8012 -153.995 1200.77
v 12.845 -154.455 1200.71
v 12.525 -153.898 1201.09
v 12.8725 -154.211 1200.84
v 12.8987 -154.342 1200.79
v 12.9735 -154.289 1200.99
v 12.8734 -154.241 1201.23
v 12.9959 -154.329 1200.88
v 13.0601 -154.487 1200.77
v 12.5219 -153.906 1201.89
v 12.4529 -153.619 1202.33
v 12.7613 -153.557 1202.43
v 12.6754 -153.654 1199.33
v 13.0339 -153.58 1199.38
v 12.5851 -153.774 1200.53
v 12.8365 -153.734 1200.28
v 12.9354 -153.72 1200.36
v 12.6662 -153.384 1199.98
v 13.092 -153.596 1199.88
v 13.1168 -153.564 1200
v 13.1147 -153.448 1200.03
v 13.1793 -153.557 1199.59
v 13.301 -153.56 1199.79
v 13.3103 -153.588 1199.68
v 12.7415 -153.613 1200.53
v 12.8185 -153.866 1200.52
v 12.8178 -153.835 1200.62
v 12.8081 -153.289 1202.64
v 13.1038 -152.71 1202.59
v 13.0827 -153.14 1202.61
v 13.2577 -152.994 1202.53
v 12.7506 -151.337 1206.52
v 12.7952 -151.324 1206.73
v 12.7001 -151.153 1207
v 13.3374 -151.331 1207.19
v 12.7109 -150.889 1207.41
v 13.0995 -150.88 1207.65
v 13.2284 -153.233 1200.03
v 13.3208 -153.441 1199.88
v 13.0263 -152.37 1201.37
v 12.7002 -152.334 1202.75
v 13.0691 -150.803 1205.77
v 13.2352 -150.704 1205.74
v 12.7383 -150.618 1207.69
v 12.9358 -150.561 1207.87
v 12.9501 -150.469 1208.08
v 13.101 -150.686 1207.9
v 13.1179 -150.565 1208.2
v 12.9812 -148.964 1212.55
v 13.1365 -148.946 1212.69
v 13.041 -147.551 1216.26
v 13.3817 -150.466 1205.84
v 13.1876 -149.694 1206.38
v 13.0519 -149.133 1207.82
v 13.0945 -149.163 1207.94
v 12.9816 -149.04 1208.08
v 13.5638 -147.589 1212.9
v 13.5817 -147.84 1212.9
v 13.2299 -146.94 1216.44
v 13.2912 -148.988 1207.22
v 13.0816 -149.012 1207.72
v 13.1096 -148.844 1207.53
v 13.1727 -149.041 1207.71
v 13.1985 -148.971 1207.61
v 13.2685 -149.063 1207.8
v 13.266 -149.032 1207.9
v 13.2843 -149.038 1207.68
v 13.2969 -148.87 1207.98
v 13.3948 -149.032 1207.68
v 13.3995 -149.003 1207.47
v 13.4921 -148.818 1207.94
v 13.5003 -148.93 1207.85
v 13.5963 -149.094 1207.37
v 13.5855 -148.659 1208.03
v 13.6812 -149.069 1207.57
v 13.329 -148.634 1208.09
v 13.1799 -147.366 1212.66
v 13.2984 -147.33 1212.77
v 13.5296 -147.491 1212.76
v 13.7677 -146.832 1215.23
v 13.5122 -146.708 1214.91
v 13.6388 -146.679 1215.04
v 13.249 -146.174 1215.91
v 13.6993 -155.017 1200.01
v 13.2949 -154.735 1200.57
v 13.9213 -154.944 1200.62
v 13.1169 -154.381 1201.12
v 13.2455 -154.509 1200.94
v 13.2186 -154.396 1201.24
v 13.5978 -154.65 1200.97
v 13.6691 -154.451 1201.35
v 13.802 -154.206 1198.9
v 13.4063 -153.64 1199.42
v 13.7679 -153.791 1199.23
v 13.7386 -153.991 1199
v 13.732 -151.905 1206.38
v 13.8653 -152.004 1206.18
v 13.8152 -151.94 1205.99
v 13.8923 -151.873 1206.64
v 13.4601 -151.038 1207.7
v 13.5974 -150.923 1208.04
v 13.8919 -151.416 1207.41
v 13.9539 -150.016 1211.06
v 14.1468 -150.317 1210.95
v 13.765 -149.853 1211.67
v 14.12 -150.187 1211.34
v 13.571 -153.59 1199.59
v 13.6171 -153.463 1199.76
v 13.859 -153.576 1199.59
v 13.8211 -153.373 1199.86
v 14.154 -151.307 1205.41
v 13.8313 -150.605 1208.53
v 14.0718 -150.267 1208.62
v 14.2046 -150.115 1210.73
v 13.6014 -149.024 1213.63
v 14.0821 -148.836 1214.55
v 14.1444 -148.366 1214.87
v 14.4307 -148.663 1211.2
v 14.4301 -147.963 1213.4
v 14.5303 -147.874 1213.59
v 14.5507 -147.895 1214.19
v 13.98 -149.397 1207.08
v 13.9113 -149.033 1207.67
v 13.925 -148.663 1208.09
v 14.1877 -148.664 1208.87
v 14.2027 -148.675 1208.31
v 14.428 -149.247 1208.68
v 14.2884 -148.67 1208.57
v 14.3657 -154.951 1198.86
v 14.1742 -155.163 1199.43
v 14.1981 -154.576 1201.25
v 14.4542 -154.244 1201.46
v 14.1961 -154.652 1198.77
v 14.7514 -154.437 1198.69
v 14.7872 -154.162 1201.32
v 14.3364 -153.643 1201.67
v 14.4276 -153.27 1201.54
v 14.2869 -151.376 1207.71
v 14.973 -151.558 1207.56
v 14.7561 -150.857 1210.17
v 14.8868 -151.029 1210.29
v 14.3683 -149.804 1212.47
v 14.3262 -149.93 1212.79
v 14.5142 -150.097 1212.36
v 14.4806 -150.023 1212.89
v 14.7641 -150.2 1212.79
v 14.2267 -149.452 1213.81
v 14.8294 -153.27 1200.91
v 14.8572 -153.257 1200.6
v 14.3533 -151.212 1205.4
v 14.8361 -151.927 1205.16
v 14.9664 -151.257 1207.75
v 14.4235 -150.076 1210.51
v 14.4908 -150.843 1205.61
v 14.8785 -150.556 1205.95
v 14.9384 -149.604 1210.27
v 14.9332 -148.97 1211.03
v 15.0462 -149.216 1211.22
v 15.0305 -149.097 1211.15
v 14.5358 -148.661 1211.8
v 14.5847 -147.863 1213.76
v 15.0554 -149.695 1207.24
v 14.6619 -155.479 1199.94
v 15.2542 -155.475 1198.52
v 14.7605 -155.555 1199.47
v 15.4977 -151.687 1209.47
v 15.6132 -151.76 1209.55
v 15.5009 -151.03 1211.59
v 15.5207 -155.325 1198.28
v 15.514 -155.082 1198.31
v 15.0192 -155.046 1198.44
v 15.3783 -154.016 1200.93
v 15.5619 -152.565 1204.98
v 14.9467 -152.567 1205.98
v 15.4423 -152.785 1205.96
v 15.5521 -152.665 1206.27
v 15.4965 -151.616 1209.28
v 15.5705 -151.43 1209.15
v 15.0281 -151.057 1210.35
v 15.5136 -151.503 1209.91
v 14.9806 -150.745 1210.69
v 15.0534 -150.55 1210.78
v 15.1047 -150.722 1211.86
v 15.3059 -150.915 1211.43
v 15.045 -150.269 1212.76
v 15.4362 -150.504 1212.4
v 15.4521 -150.189 1212.66
v 15.1424 -153.585 1199.92
v 15.3203 -153.645 1200.74
v 15.7385 -152.282 1204.79
v 15.7635 -151.872 1204.86
v 15.4462 -151.321 1207.48
v 15.7494 -149.838 1210.42
v 15.7056 -150.103 1210.46
v 15.2739 -149.437 1211.68
v 15.623 -149.38 1211.61
v 15.7094 -149.672 1212.64
v 15.8167 -149.384 1212.4
v 15.8113 -149.265 1212.12
v 15.5908 -149.964 1207.3
v 15.7499 -150.22 1207.41
v 16.0338 -150.371 1207.01
v 15.5648 -149.081 1212.07
v 15.6296 -156.066 1199.15
v 15.6471 -156.04 1198.92
v 15.8851 -156.194 1199.03
v 15.9179 -156.189 1199.36
v 15.7412 -155.774 1200.1
v 15.966 -156.116 1199.6
v 15.6882 -155.646 1198.3
v 15.8956 -155.974 1198.44
v 16.0022 -155.761 1198.2
v 16.0375 -155.564 1198.15
v 16.0003 -156.162 1198.65
v 16.1797 -155.993 1198.27
v 16.1552 -152.312 1208.67
v 16.1723 -152.302 1208.93
v 16.186 -152.255 1208.51
v 15.8836 -151.716 1209.68
v 16.1774 -151.824 1209.6
v 16.2168 -151.818 1210.12
v 16.2117 -151.601 1210.94
v 15.8453 -151.169 1211.49
v 16.2119 -153.15 1204.95
v 15.9302 -153.099 1205.37
v 16.4047 -152.519 1206.49
v 16.2637 -152.129 1208.36
v 16.4108 -151.958 1208.25
v 16.194 -151.703 1209.78
v 15.8438 -151.221 1209.99
v 15.8857 -151.469 1209.86
v 15.9573 -151.325 1209.89
v 15.9788 -151.217 1209.91
v 16.0693 -151.198 1210.03
v 16.0353 -150.907 1209.95
v 16.0022 -151.434 1210.17
v 16.0333 -151.466 1209.84
v 16.0887 -151.467 1209.91
v 16.0764 -151.327 1209.97
v 16.0943 -151.234 1209.94
v 16.0974 -151.15 1209.87
v 16.1609 -151.15 1209.91
v 16.135 -151.575 1209.95
v 16.2158 -151.087 1209.81
v 16.3076 -151.083 1209.89
v 16.2811 -150.81 1210.12
v 16.084 -151.05 1211.57
v 16.1928 -150.645 1211.78
v 16.1737 -154.224 1199.25
v 16.2304 -154.142 1199.46
v 16.22 -151.673 1204.95
v 16.3099 -150.503 1209.05
v 16.3992 -150.355 1209.34
v 16.469 -150.446 1209.55
v 16.6795 -150.591 1209.18
v 16.3141 -150.923 1209.72
v 16.1521 -156.29 1199.16
v 16.1549 -156.256 1199.37
v 16.1724 -156.28 1198.84
v 16.361 -156.309 1199.19
v 16.3827 -156.313 1198.86
v 16.4437 -156.219 1199.48
v 16.5741 -156.307 1199.07
v 16.6749 -156.225 1199.36
v 16.6955 -156.288 1198.85
v 16.1682 -156.047 1199.82
v 16.4643 -155.982 1199.9
v 16.8763 -156.019 1199.7
v 16.2067 -156.187 1198.51
v 16.413 -155.777 1198.11
v 16.4025 -156.238 1198.54
v 16.4441 -156.137 1198.35
v 16.4866 -155.981 1198.19
v 16.7309 -155.843 1198.12
v 16.7128 -156.217 1198.52
v 16.8461 -156.043 1198.28
v 16.963 -156.111 1198.42
v 16.2835 -155.686 1200.21
v 16.6102 -155.559 1200.2
v 16.7009 -155.861 1199.97
v 16.8771 -155.439 1200.12
v 16.3853 -155.216 1200.42
v 16.6567 -155.114 1200.27
v 16.3912 -152.953 1206.13
v 16.69 -152.717 1208.55
v 17.0312 -152.68 1208.94
v 16.5136 -152.121 1209.61
v 16.7865 -152.379 1209.64
v 16.382 -152.003 1210.12
v 16.4554 -151.96 1210.41
v 16.6526 -151.993 1210.43
v 17.0117 -152.135 1210.2
v 16.4284 -151.689 1210.82
v 16.3676 -155.45 1198.13
v 16.5614 -155.242 1198.23
v 16.7827 -155.542 1198.11
v 17.1236 -155.265 1198.3
v 16.5867 -154.612 1198.85
v 16.8935 -154.616 1198.96
v 17.0738 -154.995 1198.54
v 16.9083 -154.533 1199.22
v 16.9428 -153.348 1204.39
v 17.0301 -153.108 1204.21
v 16.7046 -152.471 1206.38
v 17.3097 -151.518 1208.89
v 16.9245 -151.334 1209.22
v 17.0566 -151.403 1209.19
v 16.9837 -150.933 1210.86
v 17.0545 -152.903 1204.17
v 16.9717 -152.154 1206.3
v 17.2803 -151.581 1206
v 17.3557 -151.877 1206.02
v 17.0161 -151.667 1207.91
v 17.3507 -151.678 1207.76
v 17.1505 -151.09 1208.58
v 17.256 -151.424 1208.83
v 16.8716 -150.823 1209.14
v 16.8238 -150.95 1209.27
v 16.7862 -150.528 1210.16
v 17.0131 -150.536 1210.24
v 17.0427 -150.526 1210.37
v 17.1363 -150.647 1210.44
v 16.9756 -150.629 1210.8
v 17.3384 -151.546 1205.65
v 17.102 -155.899 1198.25
v 17.3447 -155.959 1198.53
v 17.4142 -155.798 1198.4
v 16.9947 -156.169 1199.11
v 17.1133 -156.135 1198.69
v 17.354 -155.948 1199.26
v 17.395 -155.982 1198.86
v 17.5558 -155.846 1199.02
v 17.5452 -155.757 1199.31
v 17.5504 -155.843 1198.71
v 17.5468 -155.779 1198.57
v 17.6824 -155.712 1198.87
v 17.6941 -155.635 1199.14
v 17.6784 -155.589 1199.25
v 17.0029 -156.068 1199.49
v 17.0232 -155.811 1199.85
v 17.1954 -155.885 1199.64
v 17.1604 -155.587 1199.89
v 17.1932 -155.381 1199.9
v 17.3327 -155.689 1199.69
v 17.3834 -155.468 1199.73
v 17.5585 -155.6 1199.46
v 17.5162 -153.979 1205.05
v 17.5866 -153.744 1205.41
v 17.5545 -153.472 1205.61
v 17.4165 -153.333 1206.97
v 17.0956 -153.241 1207.69
v 17.1443 -153.238 1207.44
v 17.3976 -153.093 1206.98
v 17.2904 -153.37 1207.7
v 17.5154 -153.236 1208.11
v 17.7354 -153.276 1208.36
v 17.4622 -152.743 1209.37
v 17.856 -152.874 1209.12
v 17.1431 -155.707 1198.19
v 17.1878 -155.496 1198.22
v 17.3185 -155.386 1198.3
v 17.4477 -155.608 1198.35
v 17.5079 -155.396 1198.43
v 17.2531 -154.952 1198.65
v 17.277 -154.825 1198.9
v 17.4351 -155.188 1198.5
v 17.465 -155.012 1198.75
v 17.4509 -154.914 1199.03
v 17.6109 -155.597 1198.52
v 17.6796 -155.359 1198.65
v 17.6908 -155.203 1199.11
v 17.6285 -155.193 1198.71
v 17.6331 -155.109 1198.89
v 17.6896 -155.657 1198.74
v 17.7244 -155.626 1198.84
v 17.7359 -155.594 1198.93
v 17.7349 -155.532 1199.11
v 17.715 -155.488 1199.22
v 17.7408 -155.535 1198.8
v 17.7642 -155.416 1198.88
v 17.7536 -155.348 1199.07
v 17.7413 -155.277 1198.92
v 17.1709 -155.155 1199.88
v 17.1104 -154.846 1199.74
v 17.2665 -154.777 1199.28
v 17.4945 -155.238 1199.56
v 17.5366 -155.001 1199.17
v 17.6282 -155.426 1199.4
v 17.6286 -155.229 1199.34
v 17.631 -152.426 1207.05
v 17.7735 -152.225 1207.1
v 17.4235 -151.483 1208.96
v 17.6271 -151.622 1208.66
v 17.683 -151.655 1208.4
v 18.0418 -151.741 1208.43
v 17.9815 -151.48 1209.46
v 17.4233 -152.49 1204.26
v 17.5988 -152.371 1204.39
v 17.7149 -152.176 1204.69
v 17.5705 -151.548 1207.99
v 17.7222 -151.621 1208.08
v 17.9664 -151.814 1207.98
v 17.4895 -151.466 1208.5
v 17.9928 -151.585 1208.69
v 17.721 -151.186 1209.31
v 17.739 -151.159 1209.5
v 18.1818 -154.023 1206.82
v 18.4886 -154.474 1203.86
v 17.9835 -153.89 1206.36
v 18.0747 -154.041 1206.5
v 18.3451 -153.85 1207.3
v 18.3746 -153.742 1207.74
v 17.9334 -153.276 1208.55
v 18.6072 -153.704 1207.87
v 17.8856 -152.631 1209.33
v 18.2058 -152.495 1209.17
v 18.6217 -154.205 1203.49
v 18.5587 -152.809 1206.19
v 18.4406 -152.409 1206.74
v 18.8621 -152.502 1206.77
v 18.4557 -151.923 1208.78
v 18.1809 -151.888 1209.3
v 18.2031 -152.221 1209.26
v 18.2977 -151.706 1208.67
v 19.2898 -154.809 1205.52
v 19.4298 -154.728 1203.16
v 19.3209 -155.094 1204.11
v 18.7107 -154.737 1204.16
v 18.7317 -154.706 1204.35
v 18.7547 -154.157 1204.79
v 18.8888 -154.682 1204.46
v 19.0056 -154.368 1204.62
v 19.0292 -154.881 1204.27
v 19.0493 -154.685 1204.51
v 19.0805 -154.493 1204.61
v 19.1452 -154.462 1204.75
v 19.1019 -154.383 1204.63
v 19.1963 -154.277 1204.69
v 19.1441 -154.19 1204.59
v 19.1174 -154.818 1204.45
v 19.1506 -154.676 1204.61
v 19.2147 -154.892 1204.47
v 19.2177 -154.83 1204.55
v 19.2829 -154.841 1204.66
v 19.2294 -154.728 1204.73
v 19.3104 -154.913 1204.58
v 19.3054 -154.851 1204.77
v 19.228 -154.809 1205.01
v 19.0153 -154.222 1204.99
v 18.9929 -154.424 1205.02
v 19.099 -154.599 1204.96
v 18.8669 -153.649 1207.85
v 18.7937 -153.24 1208.25
v 19.2894 -154.281 1203.1
v 18.9667 -153.895 1203.26
v 19.3858 -153.808 1203.22
v 19.281 -153.505 1204.46
v 19.434 -153.792 1204.41
v 19.3948 -153.87 1204.71
v 19.5208 -153.898 1204.43
v 19.5578 -153.726 1204.31
v 19.2485 -152.566 1207.17
v 19.5016 -152.742 1207.23
v 19.1732 -153.145 1204.24
v 19.1811 -153.166 1204.04
v 19.5392 -153.485 1204.12
v 19.3876 -154.939 1204.8
v 19.4857 -155.096 1204.41
v 19.4769 -155.019 1204.71
v 19.5172 -155.017 1204.97
v 19.7675 -155.187 1204.6
v 20.0612 -155.261 1204.74
v 19.8802 -154.833 1205.72
v 20.0082 -155.479 1203.42
v 19.3827 -154.945 1204.7
v 19.7466 -153.706 1207.15
v 19.7859 -154.772 1202.93
v 19.7679 -154.213 1202.94
v 19.9951 -153.74 1203.71
v 20.0623 -153.988 1203.13
v 19.6477 -153.827 1204.37
v 19.7115 -153.831 1204.44
v 19.7573 -153.758 1204.2
v 19.8834 -153.816 1204.41
v 19.8874 -153.823 1204.23
v 19.7768 -153.677 1204.69
v 20.0053 -153.608 1204.78
v 20.19 -153.256 1205.82
v 20.1309 -153.593 1206.79
v 20.0486 -153.313 1206.82
v 20.4327 -153.406 1206.09
v 19.7988 -153.645 1203.56
v 19.6962 -153.541 1203.84
v 20.4944 -155.787 1203.38
v 20.4951 -155.771 1203.6
v 20.8814 -155.933 1203.01
v 20.2738 -154.852 1205.73
v 20.5467 -155.27 1205.02
v 20.19 -155.489 1203.17
v 20.6204 -155.362 1202.66
v 20.5644 -154.654 1205.87
v 20.9058 -154.555 1205.75
v 21.098 -154.277 1205.71
v 20.8143 -155.157 1202.47
v 20.6236 -154.205 1203.06
v 20.4795 -154.016 1203.38
v 20.4297 -153.954 1203.83
v 20.7613 -154.027 1203.91
v 21.0172 -153.933 1204.39
v 21.0753 -156.085 1203.27
v 21.1431 -156.098 1203.05
v 21.1983 -156.055 1203.56
v 21.4609 -156.23 1203.09
v 21.5513 -156.24 1203.22
v 21.2315 -155.856 1202.57
v 21.4227 -156.08 1202.67
v 21.5584 -155.786 1202.3
v 21.0697 -155.018 1202.38
v 21.739 -155.46 1202.13
v 21.2887 -154.325 1203.38
v 21.3743 -153.97 1204.73
v 21.1583 -154.02 1205.57
v 21.6692 -156.241 1202.79
v 21.9047 -156.289 1202.79
v 22.2855 -156.291 1202.79
v 21.7679 -156.293 1203.01
v 21.9506 -156.275 1203.23
v 22.1604 -156.301 1203
v 22.2772 -156.201 1203.38
v 21.6355 -156.087 1203.7
v 21.7141 -155.877 1204.12
v 21.7095 -155.668 1204.42
v 22.0661 -156.11 1203.68
v 22.1775 -155.937 1203.95
v 21.744 -156.023 1202.38
v 21.7967 -155.682 1202.14
v 21.9728 -155.638 1202.07
v 21.9105 -156.208 1202.56
v 21.9973 -155.849 1202.13
v 22.0742 -156.037 1202.26
v 22.2071 -155.901 1202.12
v 22.2117 -155.808 1202.06
v 22.2468 -155.718 1202.03
v 22.3282 -155.835 1202.07
v 22.2992 -156.244 1202.56
v 22.3248 -156.158 1202.38
v 22.4399 -155.751 1202.04
v 22.4609 -156.022 1202.23
v 22.5175 -155.865 1202.11
v 22.6227 -155.78 1202.11
v 22.1117 -155.584 1204.36
v 22.4359 -155.217 1204.34
v 22.008 -155.304 1202.13
v 22.2856 -155.525 1202.04
v 22.317 -155.399 1202.07
v 22.1938 -155.143 1202.29
v 22.5213 -155.347 1202.16
v 22.5738 -155.569 1202.08
v 22.6289 -155.302 1202.27
v 22.5298 -154.804 1203.3
v 22.2781 -154.555 1204.2
v 22.3948 -154.885 1204.39
v 22.3464 -154.677 1204.31
v 22.4906 -156.242 1202.98
v 22.5128 -156.232 1202.66
v 22.5472 -156.116 1202.36
v 22.6897 -155.963 1202.25
v 22.8174 -155.798 1202.21
v 22.721 -156.165 1202.74
v 22.7463 -156.104 1202.51
v 22.8932 -156.061 1202.71
v 22.9382 -155.938 1202.46
v 22.9447 -155.702 1202.29
v 23.1027 -155.823 1202.64
v 22.6078 -156.129 1203.26
v 22.8332 -156.094 1202.93
v 22.9643 -155.959 1203.11
v 23.0418 -155.817 1203.27
v 23.0026 -155.745 1203.45
v 23.0972 -155.868 1202.85
v 23.1705 -155.725 1203.03
v 23.1396 -155.623 1203.29
v 23.2 -155.661 1202.89
v 23.2047 -155.593 1203.08
v 22.496 -155.975 1203.71
v 22.5057 -155.831 1203.91
v 22.5823 -155.559 1204.07
v 22.7144 -155.789 1203.78
v 22.7996 -155.874 1203.57
v 22.8352 -155.591 1203.82
v 22.8125 -155.333 1203.94
v 22.9304 -155.675 1203.64
v 22.9453 -155.435 1203.75
v 23.077 -155.542 1203.49
v 22.7565 -155.689 1202.14
v 22.7937 -155.481 1202.22
v 22.9091 -155.325 1202.47
v 23.0993 -155.669 1202.48
v 23.0615 -155.552 1202.43
v 22.6613 -155.146 1202.56
v 22.8579 -154.988 1203.2
v 22.9217 -155.174 1202.76
v 23.1556 -155.518 1202.63
v 23.0912 -155.395 1202.63
v 23.0958 -155.268 1202.88
v 23.1009 -155.226 1203.16
v 23.178 -155.618 1202.68
v 23.1691 -155.426 1203.25
v 23.1983 -155.438 1202.92
v 22.7165 -154.864 1203.81
v 22.6969 -154.828 1203.62
v 22.8137 -155.043 1203.86
v 23.0201 -155.284 1203.61
v 22.9921 -155.106 1203.46
v -16.6703 -134.61 1204.99
v -16.2278 -135.065 1204.51
v -15.3535 -133.177 1206.29
v -12.9427 -134.395 1208.57
v -13.0642 -134.14 1208.83
v -13.0642 -134.14 1208.83
v -13.0111 -133.8 1208.59
v -11.6594 -133.46 1210.38
v -11.6716 -133.776 1210.63
v -11.2519 -133.421 1210.35
v -10.2374 -132.648 1214.8
v -9.72251 -134.366 1211.15
v -9.73286 -134.212 1211.35
v -9.44389 -133.83 1211.35
v -9.9578 -132.365 1215.08
v -9.21596 -131.737 1215.37
v -9.37729 -131.405 1215.46
v -7.05349 -132.225 1219.79
v -6.96096 -132.153 1219.23
v -6.79741 -132.08 1219.53
v -6.79741 -132.08 1219.53
v -5.20346 -131.879 1235.12
v -5.20346 -131.879 1235.12
v -4.86832 -131.835 1234.97
v -2.54202 -132.711 1232.2
v -2.27995 -132.951 1232.32
v -2.19024 -132.7 1232.15
v -2.19024 -132.7 1232.15
v -2.68388 -132.489 1231.94
v -2.52782 -132.4 1231.89
v -2.45884 -132.073 1229.64
v -2.25757 -132.418 1229.04
v -1.95847 -133.194 1232.25
v -1.42046 -135.726 1220.33
v -0.97882 -142.674 1207.04
v 0.682229 -146.496 1201.85
v 0.937404 -142.027 1207.19
v 1.51468 -144.733 1204.07
v 1.60303 -142.515 1206.87
v 2.02011 -145.131 1206.31
v 2.09726 -143.016 1206.61
v 1.94669 -149.014 1202.21
v 2.66206 -149.025 1202.09
v 2.66206 -149.025 1202.09
v 2.75975 -148.911 1202.18
v 2.75975 -148.911 1202.18
v 2.81984 -148.635 1201.77
v 2.81984 -148.635 1201.77
v 2.81984 -148.635 1201.77
v 2.89603 -148.442 1201.39
v 2.89603 -148.442 1201.39
v 2.91229 -148.414 1201.5
v 2.91229 -148.414 1201.5
v 2.59602 -145.487 1206.19
v 2.73927 -149.124 1202.17
v 2.79519 -149.326 1202.25
v 2.83867 -149.089 1202.34
v 2.92394 -149.213 1202.38
v 3.04767 -148.404 1201.17
v 3.15519 -148.354 1201.26
v 3.01995 -148.371 1201.37
v 3.84602 -144.602 1205.71
v 4.3933 -144.248 1208.95
v 4.58675 -144.257 1209.19
v 4.73678 -143.74 1208.56
v 4.73678 -143.74 1208.56
v 5.0402 -143.676 1208.7
v 4.48283 -138.421 1226.44
v 4.77982 -143.363 1208.66
v 4.77982 -143.363 1208.66
v 4.92628 -147.405 1205.5
v 5.82522 -143.479 1209.8
v 5.82522 -143.479 1209.8
v 5.82522 -143.479 1209.8
v 5.74298 -143.794 1210.1
v 5.76974 -143.685 1210.03
v 5.76974 -143.685 1210.03
v 5.85177 -143.724 1210.16
v 5.83213 -143.598 1210.1
v 5.83213 -143.598 1210.1
v 5.85832 -143.537 1209.98
v 5.85028 -143.438 1209.95
v 5.8454 -143.414 1209.69
v 5.8454 -143.414 1209.69
v 5.94237 -143.324 1209.7
v 5.94237 -143.324 1209.7
v 5.65513 -146.234 1204.87
v 5.69894 -144.009 1210.24
v 5.69894 -144.009 1210.24
v 5.94809 -144.078 1210.36
v 6.07467 -143.316 1209.48
v 6.2211 -150.444 1202.73
v 6.44561 -148.688 1204.9
v 6.30288 -146.874 1204.57
v 7.05039 -148.843 1204.71
v 7.05039 -148.843 1204.71
v 7.10153 -148.825 1202.44
v 6.91678 -148.537 1204.57
v 7.02193 -148.732 1204.7
v 7.01144 -148.564 1204.59
v 7.0517 -148.543 1204.64
v 7.05554 -148.425 1204.35
v 7.05554 -148.425 1204.35
v 7.1132 -148.214 1204.1
v 7.0415 -148.705 1204.79
v 7.44108 -148.239 1203.7
v 7.13769 -148.128 1203.98
v 7.13769 -148.128 1203.98
v 7.22439 -148.118 1204.08
v 7.22439 -148.118 1204.08
v 7.22439 -148.118 1204.08
v 7.25689 -148.158 1203.89
v 7.25689 -148.158 1203.89
v 7.25689 -148.158 1203.89
v 7.35376 -148.076 1203.97
v 7.35376 -148.076 1203.97
v 7.54137 -148.226 1203.79
v 8.01961 -143.509 1218.21
v 8.79196 -151.989 1202.1
v 9.34237 -152.325 1201.96
v 9.63763 -151.896 1200.09
v 9.85545 -151.13 1201.38
v 10.415 -151.508 1201.21
v 10.2801 -145.888 1215.77
v 10.7971 -152.557 1199.78
v 10.9042 -151.876 1201
v 11.089 -146.652 1215.19
v 11.0176 -153.474 1201.38
v 12.538 -150.114 1207.93
v 12.5997 -149.839 1208.16
v 12.6676 -150.082 1208.13
v 12.5024 -149.77 1207.97
v 12.5024 -149.77 1207.97
v 12.5024 -149.77 1207.97
v 12.5767 -149.768 1208.03
v 12.5767 -149.768 1208.03
v 12.4919 -149.477 1207.98
v 12.6218 -149.675 1208.02
v 12.6218 -149.675 1208.02
v 12.6691 -149.659 1208.1
v 12.8643 -149.407 1208.02
v 12.926 -149.238 1207.86
v 12.637 -154.073 1200.75
v 12.637 -154.073 1200.75
v 12.8012 -153.995 1200.77
v 12.8012 -153.995 1200.77
v 12.8012 -153.995 1200.77
v 12.8012 -153.995 1200.77
v 12.845 -154.455 1200.71
v 12.845 -154.455 1200.71
v 12.845 -154.455 1200.71
v 12.8725 -154.211 1200.84
v 12.8725 -154.211 1200.84
v 12.8725 -154.211 1200.84
v 12.8365 -153.734 1200.28
v 12.9354 -153.72 1200.36
v 12.9354 -153.72 1200.36
v 13.092 -153.596 1199.88
v 13.1168 -153.564 1200
v 13.1168 -153.564 1200
v 13.1147 -153.448 1200.03
v 12.7415 -153.613 1200.53
v 12.8185 -153.866 1200.52
v 12.8185 -153.866 1200.52
v 12.8185 -153.866 1200.52
v 12.8178 -153.835 1200.62
v 13.0519 -149.133 1207.82
v 13.0945 -149.163 1207.94
v 13.0945 -149.163 1207.94
v 13.2685 -149.063 1207.8
v 13.266 -149.032 1207.9
v 13.3948 -149.032 1207.68
v 13.5003 -148.93 1207.85
v 15.623 -149.38 1211.61
v 16.194 -151.703 1209.78
v 15.9573 -151.325 1209.89
v 15.9573 -151.325 1209.89
v 15.9573 -151.325 1209.89
v 15.9788 -151.217 1209.91
v 15.9788 -151.217 1209.91
v 16.0693 -151.198 1210.03
v 16.0333 -151.466 1209.84
v 16.0887 -151.467 1209.91
v 16.0764 -151.327 1209.97
v 16.0764 -151.327 1209.97
v 16.0943 -151.234 1209.94
v 16.0943 -151.234 1209.94
v 16.0943 -151.234 1209.94
v 16.0974 -151.15 1209.87
v 16.0974 -151.15 1209.87
v 16.1609 -151.15 1209.91
v 16.2158 -151.087 1209.81
v 16.2158 -151.087 1209.81
v 16.2158 -151.087 1209.81
v 16.2158 -151.087 1209.81
v 16.3076 -151.083 1209.89
v 16.3099 -150.503 1209.05
v 16.3141 -150.923 1209.72
v 17.3097 -151.518 1208.89
v 17.0566 -151.403 1209.19
v 18.8888 -154.682 1204.46
v 19.0056 -154.368 1204.62
v 19.1452 -154.462 1204.75
v 19.1019 -154.383 1204.63
v 19.1963 -154.277 1204.69
v 19.1963 -154.277 1204.69
v 19.1441 -154.19 1204.59
v 19.1441 -154.19 1204.59
v 19.1441 -154.19 1204.59
v 19.5208 -153.898 1204.43
v 19.5208 -153.898 1204.43
v 19.5208 -153.898 1204.43
v 19.5208 -153.898 1204.43
v 19.6477 -153.827 1204.37
f 64 66 3
f 68 64 3
f 66 1 3
f 7 68 3
f 5 68 7
f 4 2 8
f 3 1 4
f 1 2 4
f 2 70 8
f 11 5 7
f 6 11 7
f 75 73 5
f 3 4 6
f 4 12 6
f 3 6 7
f 8 12 4
f 27 12 8
f 70 9 8
f 9 13 8
f 10 11 6
f 10 6 12
f 5 11 75
f 8 13 27
f 11 15 14
f 15 11 10
f 11 14 75
f 80 75 14
f 15 18 19
f 19 20 14
f 14 15 19
f 14 20 16
f 18 10 12
f 18 15 10
f 13 30 27
f 84 85 30
f 91 20 17
f 16 20 91
f 92 91 97
f 19 18 22
f 17 20 19
f 17 19 22
f 85 48 30
f 23 21 22
f 21 17 22
f 21 91 17
f 21 97 91
f 12 26 18
f 12 27 26
f 25 22 18
f 18 26 25
f 23 22 25
f 23 25 28
f 23 28 33
f 33 24 23
f 34 24 33
f 24 21 23
f 24 97 21
f 24 31 97
f 26 29 25
f 26 27 29
f 25 29 28
f 27 40 29
f 28 29 39
f 28 39 33
f 39 29 40
f 27 30 40
f 40 30 45
f 30 48 45
f 48 85 108
f 38 32 37
f 52 112 32
f 32 31 37
f 112 52 113
f 33 41 35
f 35 41 36
f 33 35 34
f 43 36 41
f 31 24 37
f 24 34 37
f 37 34 38
f 34 35 38
f 35 36 38
f 38 36 53
f 53 36 54
f 36 43 54
f 52 38 53
f 52 32 38
f 41 33 39
f 39 42 41
f 39 40 42
f 40 46 42
f 43 41 42
f 42 46 44
f 42 44 43
f 54 43 44
f 55 54 44
f 47 55 44
f 46 47 44
f 45 46 40
f 45 49 46
f 46 49 47
f 45 48 49
f 108 50 48
f 49 51 47
f 48 50 49
f 49 50 51
f 47 51 122
f 108 107 50
f 117 53 54
f 118 117 54
f 117 52 53
f 121 118 54
f 55 47 122
f 121 54 55
f 56 131 129
f 57 56 135
f 56 129 135
f 135 134 57
f 56 60 62
f 60 56 61
f 56 57 61
f 62 131 56
f 62 59 131
f 146 61 57
f 146 152 61
f 66 60 1
f 60 61 1
f 66 58 62
f 62 58 59
f 60 66 62
f 143 65 63
f 143 63 144
f 63 67 144
f 64 65 58
f 64 68 65
f 59 58 138
f 138 58 65
f 143 138 65
f 64 58 66
f 61 2 1
f 70 2 61
f 70 61 152
f 69 73 67
f 69 68 5
f 65 68 69
f 69 63 65
f 63 69 67
f 73 76 71
f 67 73 71
f 72 71 77
f 67 71 72
f 73 69 5
f 70 152 9
f 152 74 79
f 79 74 163
f 82 83 77
f 77 76 82
f 162 72 77
f 162 77 83
f 83 166 162
f 76 75 80
f 73 75 76
f 77 71 76
f 152 78 9
f 78 13 9
f 13 78 30
f 152 79 78
f 83 81 87
f 89 83 87
f 80 14 16
f 76 80 82
f 82 80 81
f 81 80 16
f 83 82 81
f 83 89 166
f 84 30 78
f 78 79 84
f 79 163 84
f 163 85 84
f 165 85 163
f 86 16 91
f 86 92 87
f 86 91 92
f 87 81 86
f 87 92 88
f 88 92 93
f 89 87 88
f 89 88 90
f 88 93 90
f 86 81 16
f 95 92 97
f 95 93 92
f 99 93 95
f 93 94 90
f 94 93 99
f 95 97 106
f 96 94 99
f 99 101 96
f 101 182 96
f 182 174 96
f 85 170 199
f 31 106 97
f 98 95 106
f 99 95 98
f 98 106 100
f 183 98 100
f 99 102 101
f 102 99 98
f 98 183 102
f 184 101 102
f 182 101 184
f 100 203 183
f 85 199 108
f 199 110 108
f 103 105 31
f 105 103 204
f 103 111 204
f 203 100 104
f 105 205 200
f 204 205 105
f 103 31 32
f 112 103 32
f 104 106 31
f 111 103 112
f 104 31 105
f 104 105 200
f 100 106 104
f 50 107 51
f 110 107 108
f 107 110 109
f 109 110 207
f 199 208 110
f 110 208 207
f 213 111 212
f 111 116 212
f 213 212 214
f 219 212 116
f 52 114 113
f 117 114 52
f 113 111 112
f 118 114 117
f 113 114 116
f 116 114 115
f 115 114 118
f 111 113 116
f 115 219 116
f 115 118 120
f 118 119 120
f 120 119 222
f 222 119 125
f 121 55 123
f 121 123 125
f 121 119 118
f 119 121 125
f 222 125 223
f 55 122 123
f 122 124 123
f 123 124 125
f 124 224 125
f 51 126 122
f 122 126 124
f 126 127 124
f 124 127 224
f 107 128 51
f 126 51 128
f 126 128 127
f 128 107 109
f 227 128 109
f 127 128 227
f 135 130 134
f 129 236 135
f 135 236 130
f 129 235 236
f 243 235 129
f 129 132 243
f 134 130 141
f 59 132 131
f 132 133 241
f 245 241 133
f 241 245 248
f 129 131 132
f 146 57 134
f 136 139 137
f 132 59 133
f 138 133 59
f 138 245 133
f 136 245 138
f 134 141 146
f 138 143 139
f 139 140 137
f 139 151 140
f 151 145 140
f 139 136 138
f 141 147 146
f 141 142 147
f 142 257 148
f 142 141 257
f 144 150 151
f 139 143 144
f 139 144 151
f 146 147 152
f 152 147 153
f 147 148 153
f 142 148 147
f 148 257 323
f 149 67 72
f 149 150 144
f 144 67 149
f 149 72 150
f 156 157 145
f 156 145 151
f 157 158 258
f 158 159 258
f 148 154 153
f 153 154 160
f 259 154 148
f 259 260 154
f 154 260 161
f 155 72 162
f 150 72 155
f 155 156 150
f 162 156 155
f 150 156 151
f 158 167 159
f 159 167 265
f 152 153 74
f 74 153 160
f 160 154 161
f 164 160 161
f 161 263 164
f 161 260 263
f 166 156 162
f 166 168 156
f 156 168 157
f 265 261 159
f 74 160 163
f 160 164 163
f 163 164 165
f 164 263 165
f 263 264 165
f 165 264 170
f 89 168 166
f 157 168 169
f 169 158 157
f 265 167 177
f 165 170 85
f 168 89 90
f 171 168 90
f 171 169 168
f 158 169 172
f 167 172 175
f 172 167 158
f 94 171 90
f 96 171 94
f 172 169 171
f 96 174 171
f 171 174 172
f 189 176 174
f 182 189 174
f 172 174 175
f 175 174 176
f 175 176 188
f 176 189 188
f 175 193 177
f 167 175 177
f 177 178 173
f 173 178 179
f 177 196 178
f 178 196 179
f 173 179 280
f 183 203 180
f 203 201 180
f 183 180 181
f 268 270 181
f 181 180 266
f 184 102 185
f 102 183 185
f 184 189 182
f 185 183 181
f 184 185 186
f 185 181 186
f 186 187 184
f 181 270 186
f 270 187 186
f 175 188 193
f 189 190 188
f 184 190 189
f 188 190 191
f 187 190 184
f 191 190 192
f 193 188 191
f 192 190 187
f 177 193 196
f 193 194 196
f 198 196 194
f 193 191 194
f 194 191 195
f 198 194 195
f 195 191 192
f 192 273 195
f 196 197 179
f 196 198 197
f 197 198 274
f 275 198 195
f 205 206 202
f 206 211 202
f 205 282 200
f 201 200 282
f 267 201 282
f 205 202 282
f 202 211 289
f 205 204 206
f 213 204 111
f 213 206 204
f 201 203 104
f 200 201 104
f 213 211 206
f 229 109 207
f 210 208 199
f 207 208 210
f 229 207 209
f 207 210 209
f 209 210 288
f 209 288 301
f 199 507 210
f 289 211 217
f 214 212 215
f 215 212 219
f 216 215 219
f 213 214 211
f 216 219 220
f 214 215 218
f 215 216 218
f 217 214 218
f 217 211 214
f 291 217 218
f 216 294 218
f 220 115 120
f 220 219 115
f 220 294 216
f 221 294 220
f 120 222 221
f 221 220 120
f 232 231 222
f 231 221 222
f 294 221 296
f 296 221 231
f 222 223 232
f 125 224 223
f 223 226 233
f 223 224 226
f 224 225 226
f 233 226 396
f 225 224 127
f 127 227 228
f 225 127 228
f 225 228 298
f 226 225 298
f 109 229 227
f 227 229 228
f 230 229 301
f 229 209 301
f 229 230 228
f 298 228 230
f 231 232 302
f 232 223 233
f 302 232 303
f 303 232 233
f 239 307 310
f 307 239 317
f 237 310 308
f 308 309 240
f 243 244 238
f 235 243 238
f 238 244 234
f 313 234 244
f 236 240 130
f 236 237 240
f 237 308 240
f 237 236 235
f 237 235 238
f 237 239 310
f 317 239 238
f 237 238 239
f 238 234 317
f 240 255 130
f 309 255 240
f 309 321 255
f 242 241 248
f 248 249 242
f 249 315 242
f 244 132 241
f 244 241 313
f 242 313 241
f 244 243 132
f 130 255 141
f 248 245 136
f 248 136 246
f 247 249 246
f 248 246 249
f 247 246 251
f 247 315 249
f 251 319 247
f 319 251 253
f 136 137 250
f 250 137 140
f 136 250 246
f 246 250 251
f 250 252 251
f 140 252 250
f 252 256 253
f 251 252 253
f 256 254 253
f 141 255 257
f 258 256 145
f 140 145 252
f 145 256 252
f 145 157 258
f 323 259 148
f 323 325 259
f 256 258 254
f 258 326 254
f 259 329 260
f 159 261 258
f 258 261 326
f 260 332 263
f 329 332 260
f 326 261 262
f 262 333 326
f 333 262 336
f 265 177 262
f 262 177 173
f 265 262 261
f 262 173 280
f 262 280 336
f 337 170 264
f 336 280 339
f 170 337 199
f 201 266 180
f 266 341 268
f 340 201 267
f 181 266 268
f 269 270 268
f 269 345 270
f 345 344 270
f 270 271 187
f 270 343 271
f 192 187 272
f 273 192 272
f 187 271 272
f 271 359 272
f 343 359 271
f 272 359 286
f 273 275 195
f 273 287 275
f 286 273 272
f 198 275 274
f 275 276 274
f 287 276 275
f 179 197 280
f 197 274 277
f 280 197 277
f 274 278 277
f 276 278 274
f 278 276 279
f 287 279 276
f 280 277 281
f 280 281 339
f 281 277 278
f 347 339 281
f 281 278 347
f 278 346 347
f 346 278 279
f 267 282 283
f 282 202 283
f 283 348 267
f 283 285 348
f 283 202 285
f 284 202 289
f 285 202 284
f 285 284 350
f 284 290 350
f 285 349 348
f 349 285 350
f 351 350 290
f 273 286 287
f 288 210 507
f 375 301 288
f 289 217 291
f 290 289 291
f 284 289 290
f 292 290 291
f 351 290 292
f 351 292 376
f 293 218 294
f 292 291 218
f 292 218 293
f 377 292 293
f 294 296 295
f 293 294 295
f 296 297 295
f 295 297 379
f 298 299 226
f 396 226 299
f 396 299 459
f 230 301 300
f 230 300 298
f 298 300 391
f 298 391 299
f 300 301 375
f 297 296 302
f 296 231 302
f 297 302 392
f 392 302 303
f 233 396 303
f 303 396 460
f 312 305 311
f 398 304 312
f 304 305 312
f 307 317 306
f 467 306 316
f 312 309 308
f 310 312 308
f 310 307 398
f 312 310 398
f 311 321 309
f 312 311 309
f 315 316 314
f 316 234 313
f 313 314 316
f 234 316 306
f 316 315 406
f 315 318 407
f 315 407 406
f 306 317 234
f 247 318 315
f 407 320 408
f 242 315 314
f 314 313 242
f 319 318 247
f 319 253 320
f 318 319 320
f 253 254 320
f 407 318 320
f 408 320 409
f 255 321 257
f 412 322 411
f 320 254 409
f 321 322 257
f 322 323 257
f 411 322 321
f 324 323 322
f 324 325 323
f 409 254 413
f 327 328 413
f 259 325 329
f 254 326 413
f 327 413 326
f 327 331 419
f 327 419 328
f 419 331 421
f 330 326 333
f 327 326 330
f 330 333 334
f 330 331 327
f 332 422 263
f 334 333 336
f 335 334 336
f 336 424 335
f 330 334 331
f 331 334 335
f 335 421 331
f 421 335 425
f 335 424 425
f 263 422 264
f 422 337 264
f 339 424 336
f 338 342 268
f 427 424 339
f 430 199 337
f 496 267 434
f 434 267 348
f 348 431 434
f 349 432 431
f 340 341 266
f 266 201 340
f 268 341 338
f 342 269 268
f 269 437 435
f 342 437 269
f 345 269 435
f 270 344 343
f 279 374 346
f 374 438 346
f 347 440 339
f 347 346 438
f 427 339 440
f 347 439 440
f 349 431 348
f 432 349 433
f 349 352 433
f 441 433 352
f 441 352 353
f 349 350 352
f 350 351 352
f 351 376 353
f 351 353 352
f 451 353 376
f 353 451 442
f 344 360 343
f 356 360 344
f 364 360 354
f 355 364 354
f 386 355 357
f 355 386 388
f 345 356 344
f 360 4069 354
f 354 357 355
f 386 357 385
f 354 4069 358
f 354 358 357
f 358 444 357
f 385 357 444
f 371 286 359
f 360 359 343
f 361 359 360
f 359 361 362
f 362 371 359
f 364 363 360
f 363 365 361
f 363 361 360
f 363 366 365
f 361 365 362
f 371 362 365
f 363 364 366
f 364 355 366
f 366 355 370
f 355 388 370
f 370 388 389
f 367 371 365
f 365 366 368
f 367 365 368
f 366 370 368
f 368 370 369
f 446 367 369
f 367 368 369
f 370 389 369
f 369 389 446
f 286 373 287
f 371 372 286
f 286 372 373
f 367 372 371
f 446 372 367
f 287 373 374
f 372 449 373
f 287 374 279
f 449 450 373
f 373 450 374
f 300 375 525
f 375 288 525
f 288 507 586
f 292 377 376
f 451 376 377
f 378 377 293
f 378 293 379
f 295 379 293
f 451 377 378
f 382 379 380
f 382 380 381
f 382 378 379
f 387 381 380
f 381 387 385
f 297 380 379
f 383 380 297
f 297 392 383
f 393 383 392
f 387 380 383
f 384 383 393
f 383 384 387
f 385 387 384
f 386 385 384
f 386 384 388
f 384 393 388
f 393 390 388
f 390 454 453
f 389 388 390
f 389 390 453
f 299 391 459
f 300 525 391
f 392 303 395
f 393 392 394
f 392 395 394
f 390 393 394
f 454 390 394
f 395 454 394
f 303 460 395
f 396 459 460
f 400 462 461
f 306 397 307
f 467 397 306
f 467 470 397
f 400 307 397
f 397 471 400
f 471 397 470
f 399 401 304
f 304 401 305
f 304 398 399
f 307 400 398
f 398 400 399
f 401 399 402
f 400 402 399
f 400 461 402
f 305 401 404
f 401 405 404
f 405 401 402
f 305 403 311
f 305 404 403
f 404 473 403
f 473 472 403
f 473 404 405
f 469 406 407
f 311 403 410
f 311 410 321
f 403 472 410
f 410 411 321
f 474 408 409
f 476 411 410
f 411 477 478
f 478 412 411
f 413 480 409
f 322 412 324
f 412 414 324
f 412 478 414
f 482 414 478
f 413 416 480
f 416 485 481
f 324 414 325
f 415 325 414
f 414 482 415
f 416 413 328
f 416 328 485
f 325 417 329
f 415 417 325
f 418 420 417
f 415 418 417
f 328 419 485
f 489 419 421
f 485 419 489
f 489 421 492
f 332 329 417
f 420 332 417
f 420 423 332
f 420 490 423
f 492 421 425
f 422 332 423
f 425 424 426
f 424 427 426
f 427 440 495
f 341 340 494
f 341 494 428
f 429 340 267
f 340 429 494
f 429 267 496
f 428 338 341
f 338 428 342
f 342 497 437
f 498 437 497
f 507 199 430
f 431 499 434
f 432 499 431
f 499 432 500
f 432 433 500
f 433 501 500
f 345 435 356
f 435 436 356
f 435 437 503
f 498 503 437
f 503 436 435
f 504 509 445
f 4070 504 445
f 347 438 439
f 438 374 505
f 374 450 505
f 438 505 439
f 439 569 440
f 440 569 495
f 442 502 441
f 441 353 442
f 381 444 509
f 381 509 443
f 445 444 358
f 4070 445 358
f 444 445 509
f 358 4069 4070
f 389 447 446
f 446 448 372
f 446 447 448
f 372 448 449
f 447 510 448
f 510 447 456
f 448 512 449
f 448 510 511
f 512 448 511
f 449 515 450
f 449 514 515
f 515 585 450
f 585 506 450
f 586 596 288
f 288 596 525
f 716 596 586
f 451 378 382
f 382 381 443
f 443 451 382
f 381 385 444
f 452 447 389
f 452 389 453
f 516 453 454
f 453 4071 452
f 456 447 452
f 452 457 456
f 456 457 518
f 457 452 4071
f 454 395 455
f 517 454 455
f 458 395 460
f 395 458 455
f 460 524 458
f 523 458 524
f 524 460 459
f 400 471 462
f 471 526 462
f 461 463 402
f 405 402 463
f 461 462 464
f 405 465 473
f 461 464 463
f 463 530 465
f 405 463 465
f 464 530 463
f 529 530 464
f 530 531 465
f 465 466 473
f 467 406 468
f 467 468 470
f 467 316 406
f 406 469 468
f 470 526 471
f 470 468 526
f 468 469 535
f 468 535 526
f 473 466 472
f 407 408 469
f 469 408 474
f 472 475 410
f 475 476 410
f 466 475 472
f 466 534 475
f 476 475 538
f 476 477 411
f 476 539 477
f 539 479 477
f 477 479 478
f 483 482 478
f 479 483 478
f 482 484 415
f 482 483 484
f 416 481 480
f 481 486 545
f 488 487 484
f 483 546 484
f 485 486 481
f 485 549 486
f 418 415 487
f 487 415 484
f 418 487 490
f 490 487 491
f 491 487 488
f 552 491 488
f 489 549 485
f 418 490 420
f 490 556 423
f 490 491 556
f 553 492 425
f 549 489 492
f 554 492 553
f 553 426 557
f 557 426 427
f 425 426 553
f 557 427 560
f 493 429 496
f 494 429 493
f 563 496 434
f 499 563 434
f 566 563 499
f 500 566 499
f 507 430 757
f 501 433 441
f 502 501 441
f 502 565 501
f 570 565 502
f 573 502 442
f 4070 503 504
f 504 574 509
f 568 504 503
f 568 574 504
f 498 568 503
f 450 506 505
f 569 439 578
f 439 644 578
f 506 644 505
f 505 644 439
f 442 451 508
f 451 443 508
f 573 442 508
f 508 571 572
f 572 573 508
f 509 574 571
f 443 571 508
f 509 571 443
f 511 510 518
f 520 587 511
f 512 511 582
f 582 511 587
f 512 513 449
f 513 514 449
f 580 583 514
f 514 513 580
f 581 580 513
f 581 513 512
f 582 581 512
f 525 596 595
f 518 510 456
f 517 516 454
f 457 519 518
f 4071 519 457
f 594 516 517
f 455 594 517
f 520 511 518
f 521 520 518
f 521 518 519
f 522 521 519
f 4071 590 522
f 4071 522 519
f 516 594 590
f 520 521 587
f 455 458 653
f 458 523 653
f 523 655 653
f 391 525 595
f 459 391 595
f 526 599 528
f 526 535 598
f 526 598 599
f 527 529 464
f 462 526 527
f 464 462 527
f 526 528 527
f 528 529 527
f 529 532 530
f 530 532 531
f 606 531 532
f 532 529 605
f 606 532 605
f 465 533 466
f 531 606 533
f 533 465 531
f 608 466 533
f 608 534 466
f 533 607 608
f 606 607 533
f 474 409 537
f 409 536 537
f 534 538 475
f 476 538 539
f 534 610 538
f 538 611 539
f 539 540 479
f 539 611 540
f 541 536 409
f 536 541 613
f 540 543 479
f 612 543 540
f 612 616 543
f 541 409 480
f 541 542 613
f 541 481 542
f 613 542 614
f 543 483 479
f 483 543 544
f 616 617 543
f 543 617 544
f 480 481 541
f 481 545 542
f 542 545 618
f 614 542 618
f 544 546 483
f 544 619 546
f 619 547 546
f 620 545 548
f 488 484 546
f 546 547 488
f 486 548 545
f 486 549 548
f 548 549 551
f 548 551 623
f 548 623 620
f 623 551 624
f 552 488 547
f 547 803 552
f 803 741 552
f 551 549 550
f 550 549 554
f 555 550 554
f 624 550 555
f 551 550 624
f 491 552 556
f 552 744 556
f 552 741 744
f 492 554 549
f 554 553 555
f 558 555 553
f 624 555 681
f 555 558 681
f 559 423 556
f 558 553 557
f 682 558 557
f 423 559 422
f 422 559 625
f 625 337 422
f 561 626 564
f 626 627 342
f 342 627 628
f 560 427 495
f 562 496 563
f 562 493 496
f 561 428 494
f 494 493 561
f 626 342 428
f 561 564 428
f 428 564 626
f 628 497 342
f 497 628 498
f 498 628 629
f 500 567 566
f 567 500 501
f 565 567 501
f 565 810 567
f 570 810 565
f 566 567 809
f 568 498 686
f 568 688 574
f 757 430 337
f 570 502 573
f 688 571 574
f 572 630 573
f 630 571 688
f 630 572 571
f 583 576 577
f 634 576 575
f 575 576 583
f 584 632 575
f 575 632 634
f 690 576 634
f 690 577 576
f 515 641 585
f 585 642 506
f 578 699 569
f 587 579 582
f 579 587 591
f 579 581 582
f 579 584 581
f 579 591 645
f 579 645 633
f 633 584 579
f 575 580 581
f 583 577 514
f 575 583 580
f 575 581 584
f 514 577 515
f 636 515 577
f 587 521 588
f 588 521 589
f 589 521 522
f 589 522 590
f 591 587 588
f 591 588 592
f 592 588 589
f 592 645 591
f 593 592 589
f 593 589 590
f 594 593 590
f 594 455 649
f 646 592 593
f 647 646 593
f 594 647 593
f 645 592 646
f 652 455 653
f 649 455 652
f 656 523 524
f 524 459 723
f 524 723 722
f 723 459 595
f 657 595 596
f 606 597 660
f 535 600 598
f 535 469 600
f 528 601 529
f 599 601 528
f 599 598 602
f 602 598 600
f 601 599 603
f 599 602 603
f 602 600 604
f 600 666 604
f 537 666 600
f 602 665 603
f 602 604 666
f 606 605 597
f 529 601 605
f 663 605 601
f 605 663 597
f 609 607 606
f 608 607 609
f 606 660 609
f 668 608 609
f 608 668 534
f 469 474 600
f 671 537 536
f 600 474 537
f 537 671 662
f 668 610 534
f 610 611 538
f 610 673 611
f 536 613 671
f 672 671 613
f 611 673 612
f 540 611 612
f 618 615 614
f 615 675 614
f 621 615 618
f 615 621 677
f 622 677 621
f 617 619 544
f 617 739 619
f 545 620 618
f 620 621 618
f 621 620 623
f 622 621 623
f 740 547 619
f 739 740 619
f 624 680 623
f 623 680 622
f 962 624 681
f 681 558 682
f 559 749 625
f 563 685 562
f 493 562 746
f 561 493 746
f 687 557 560
f 566 807 563
f 629 686 498
f 686 688 568
f 810 809 567
f 753 810 570
f 569 631 495
f 753 570 573
f 632 584 633
f 754 689 632
f 635 577 690
f 639 637 635
f 637 636 577
f 635 637 577
f 636 637 638
f 638 640 636
f 639 638 637
f 638 696 640
f 639 694 638
f 638 694 696
f 636 640 641
f 636 641 515
f 640 697 641
f 585 641 642
f 766 642 641
f 642 643 506
f 643 644 506
f 578 644 699
f 569 699 631
f 700 646 647
f 702 700 647
f 769 645 646
f 586 768 716
f 586 507 768
f 594 648 647
f 648 594 649
f 649 650 717
f 650 649 652
f 651 650 652
f 652 654 651
f 652 653 718
f 719 718 653
f 718 654 652
f 655 523 656
f 719 653 655
f 524 722 656
f 595 657 723
f 848 722 723
f 663 658 597
f 664 728 659
f 664 659 663
f 659 658 663
f 658 660 597
f 660 661 609
f 658 661 660
f 727 669 661
f 537 662 666
f 666 665 602
f 671 667 662
f 603 663 601
f 603 664 663
f 664 603 665
f 665 728 664
f 665 666 729
f 662 667 666
f 667 671 672
f 729 666 796
f 669 668 609
f 669 609 661
f 669 733 668
f 669 730 733
f 727 730 669
f 668 670 610
f 670 733 731
f 733 670 668
f 670 673 610
f 674 672 613
f 673 735 612
f 674 613 675
f 675 613 614
f 674 675 734
f 612 735 616
f 736 617 616
f 735 736 616
f 675 615 676
f 615 677 676
f 736 800 617
f 622 679 677
f 679 737 677
f 676 677 678
f 678 677 737
f 800 739 617
f 680 679 622
f 802 679 680
f 962 802 680
f 680 624 962
f 962 681 682
f 559 556 749
f 746 684 561
f 745 562 685
f 745 746 562
f 742 684 746
f 626 561 683
f 627 626 683
f 561 684 683
f 627 683 747
f 628 627 747
f 807 685 563
f 956 685 807
f 629 628 748
f 749 752 625
f 807 566 809
f 750 686 629
f 751 686 750
f 751 688 686
f 560 495 687
f 495 631 687
f 573 630 812
f 688 813 630
f 630 813 812
f 689 755 634
f 337 756 757
f 633 645 759
f 758 754 633
f 645 769 759
f 632 689 634
f 754 632 633
f 755 690 634
f 635 690 691
f 635 691 639
f 691 695 639
f 691 704 695
f 690 692 691
f 704 691 692
f 690 760 692
f 693 704 692
f 690 818 760
f 692 761 693
f 639 695 694
f 696 697 640
f 697 766 641
f 774 763 697
f 763 766 697
f 766 643 642
f 767 643 766
f 643 698 644
f 643 767 698
f 699 644 698
f 507 757 768
f 701 700 702
f 646 770 769
f 646 700 770
f 771 700 701
f 771 770 700
f 702 647 648
f 701 702 648
f 772 701 648
f 703 651 709
f 654 709 651
f 707 4072 705
f 709 707 705
f 705 703 709
f 693 762 704
f 705 762 706
f 762 705 4072
f 706 703 705
f 695 4073 694
f 704 4073 695
f 4073 708 694
f 4074 710 708
f 4075 710 4074
f 710 709 654
f 711 694 708
f 708 712 711
f 708 710 712
f 711 714 696
f 711 696 694
f 720 713 710
f 696 714 697
f 697 714 774
f 712 715 711
f 714 711 715
f 713 712 710
f 715 776 714
f 650 703 717
f 650 651 703
f 649 717 648
f 773 648 717
f 718 710 654
f 720 710 718
f 718 719 720
f 780 720 719
f 713 720 781
f 781 720 782
f 656 722 786
f 655 656 786
f 719 655 721
f 780 719 721
f 721 655 786
f 780 721 783
f 783 721 786
f 848 723 787
f 787 723 657
f 788 657 596
f 596 724 790
f 724 716 768
f 596 716 724
f 658 725 661
f 659 725 658
f 725 728 791
f 726 727 661
f 661 725 726
f 791 726 725
f 726 793 792
f 792 730 727
f 792 727 726
f 728 665 729
f 796 666 667
f 667 672 794
f 667 794 796
f 659 728 725
f 728 729 795
f 795 729 796
f 731 732 670
f 732 673 670
f 799 733 797
f 799 731 733
f 797 733 730
f 799 732 731
f 672 674 794
f 794 674 734
f 676 734 675
f 800 736 1071
f 737 738 678
f 738 676 678
f 738 737 954
f 740 739 801
f 802 737 679
f 747 743 806
f 748 747 806
f 742 683 684
f 683 742 743
f 805 685 956
f 745 685 805
f 747 683 743
f 748 628 747
f 872 962 682
f 744 749 556
f 1191 688 751
f 625 752 756
f 1083 688 1191
f 1083 813 688
f 756 337 625
f 689 814 755
f 816 754 758
f 690 755 818
f 758 633 759
f 761 760 818
f 821 761 818
f 762 822 706
f 762 761 821
f 821 822 762
f 761 692 760
f 693 761 762
f 777 764 763
f 777 765 764
f 764 766 763
f 766 764 765
f 887 767 766
f 698 767 828
f 767 887 828
f 698 829 699
f 699 829 830
f 830 878 699
f 771 701 832
f 772 832 701
f 772 648 773
f 703 833 717
f 773 717 833
f 703 706 823
f 822 823 706
f 823 834 703
f 715 775 776
f 776 775 778
f 713 775 715
f 712 713 715
f 781 775 713
f 776 774 714
f 763 774 777
f 774 776 777
f 775 779 778
f 775 781 779
f 836 778 779
f 779 781 784
f 836 779 846
f 779 784 846
f 777 776 838
f 4077 776 836
f 836 776 778
f 782 720 780
f 785 782 780
f 785 784 782
f 782 784 781
f 785 780 783
f 783 847 785
f 846 784 785
f 847 846 785
f 847 783 919
f 919 783 786
f 786 722 848
f 657 788 850
f 787 657 850
f 787 850 936
f 850 788 851
f 788 596 790
f 789 788 790
f 851 788 789
f 845 790 724
f 791 793 726
f 793 791 853
f 728 795 791
f 794 734 1064
f 798 797 730
f 730 792 798
f 858 798 792
f 799 797 859
f 1064 734 676
f 673 860 735
f 736 735 1071
f 1071 801 800
f 801 739 800
f 803 547 740
f 955 803 740
f 746 745 804
f 804 745 805
f 866 746 804
f 957 804 805
f 805 956 957
f 866 742 746
f 862 742 866
f 861 742 862
f 861 743 742
f 958 748 806
f 865 958 806
f 629 748 808
f 808 750 629
f 748 958 808
f 1079 809 810
f 960 1079 810
f 810 753 960
f 871 682 557
f 752 815 756
f 573 812 753
f 812 811 753
f 873 557 687
f 873 687 631
f 874 873 631
f 815 1092 756
f 1092 757 756
f 816 758 759
f 816 817 754
f 814 754 817
f 689 754 814
f 755 814 969
f 969 818 755
f 874 631 879
f 699 879 631
f 879 699 878
f 819 770 771
f 832 819 771
f 759 769 968
f 769 770 973
f 832 820 819
f 877 884 823
f 884 834 823
f 824 839 825
f 766 765 824
f 826 827 766
f 824 826 766
f 826 824 885
f 886 826 885
f 827 826 886
f 766 827 887
f 887 888 828
f 828 888 902
f 902 910 828
f 828 914 698
f 829 915 997
f 830 829 878
f 768 757 831
f 844 768 831
f 844 831 891
f 892 831 893
f 893 831 757
f 820 832 772
f 820 772 880
f 703 834 833
f 833 835 773
f 880 772 773
f 834 835 833
f 835 880 773
f 897 896 843
f 843 894 897
f 765 777 837
f 837 777 838
f 824 765 837
f 837 838 840
f 4076 840 838
f 839 837 840
f 839 824 837
f 840 4076 841
f 841 836 842
f 842 836 846
f 840 841 843
f 843 841 894
f 841 842 894
f 825 839 840
f 894 4078 917
f 917 4078 847
f 840 843 895
f 768 844 724
f 724 844 845
f 844 891 845
f 4078 846 847
f 847 919 918
f 919 786 923
f 919 923 922
f 923 786 848
f 787 849 848
f 849 787 928
f 787 936 928
f 936 850 939
f 939 850 851
f 845 852 790
f 790 852 1053
f 791 795 853
f 794 1064 796
f 853 795 854
f 796 854 795
f 857 858 792
f 792 793 857
f 793 853 857
f 796 856 854
f 856 796 1064
f 853 854 855
f 941 855 854
f 853 940 857
f 855 940 853
f 941 940 855
f 797 798 859
f 798 946 859
f 858 946 798
f 946 858 945
f 732 860 673
f 948 799 859
f 948 860 799
f 860 732 799
f 676 1165 1064
f 860 1069 735
f 1165 676 953
f 735 1069 1071
f 953 676 738
f 740 801 1075
f 737 802 1186
f 1075 955 740
f 1076 866 804
f 863 861 862
f 861 863 864
f 867 861 864
f 806 867 865
f 865 867 864
f 802 962 1080
f 743 861 867
f 806 743 867
f 741 959 744
f 1078 807 809
f 1079 1078 809
f 1077 808 958
f 1077 750 808
f 1077 1191 750
f 744 964 749
f 811 960 753
f 869 812 813
f 812 868 811
f 868 870 811
f 812 869 868
f 1083 869 813
f 870 868 869
f 870 1081 960
f 870 960 811
f 682 871 872
f 871 875 872
f 965 966 872
f 967 1092 815
f 749 964 752
f 815 752 964
f 967 815 964
f 816 759 1088
f 816 1088 1086
f 817 816 1086
f 1193 969 814
f 817 1193 814
f 970 818 969
f 871 557 873
f 875 871 873
f 873 874 875
f 874 971 875
f 965 872 875
f 971 965 875
f 759 968 1088
f 968 769 973
f 818 1090 821
f 1090 876 821
f 1090 818 970
f 821 877 822
f 877 821 1091
f 878 998 977
f 878 977 879
f 874 879 977
f 977 978 874
f 757 1092 893
f 974 973 770
f 974 770 819
f 1093 880 881
f 881 835 882
f 880 1093 820
f 835 881 880
f 882 834 883
f 883 834 884
f 882 1094 881
f 881 1094 1093
f 1094 882 883
f 834 882 835
f 823 822 877
f 1287 884 877
f 883 884 1287
f 885 824 825
f 886 993 887
f 886 887 827
f 1026 889 996
f 889 888 887
f 899 888 889
f 996 889 887
f 829 890 878
f 997 890 829
f 878 890 998
f 890 997 998
f 892 891 831
f 893 1102 892
f 825 840 895
f 895 843 896
f 897 894 898
f 917 898 894
f 898 917 999
f 1001 999 918
f 1217 898 999
f 917 918 999
f 1000 918 1003
f 1003 918 921
f 899 903 888
f 903 899 900
f 927 935 901
f 889 1026 899
f 1026 1024 899
f 1024 900 899
f 901 900 1025
f 1025 927 901
f 902 911 910
f 904 888 903
f 902 888 904
f 904 911 902
f 904 903 905
f 905 906 904
f 905 903 900
f 904 906 911
f 900 907 905
f 905 907 4079
f 907 909 4079
f 901 907 900
f 901 908 907
f 907 908 909
f 901 935 908
f 910 1035 828
f 912 910 911
f 1035 910 912
f 911 913 912
f 1030 913 911
f 1030 911 906
f 913 1029 912
f 1030 1029 913
f 1030 4079 909
f 1035 914 828
f 1128 914 1035
f 914 829 698
f 914 915 829
f 852 845 916
f 852 916 1053
f 916 845 1037
f 845 891 1037
f 1037 891 892
f 917 847 918
f 918 919 920
f 921 918 920
f 920 919 922
f 921 920 1039
f 923 848 924
f 922 923 1042
f 1042 923 924
f 1042 924 1044
f 848 849 925
f 925 849 929
f 925 929 931
f 848 925 924
f 924 925 926
f 931 926 925
f 931 933 935
f 926 931 927
f 927 931 935
f 924 926 1044
f 1043 926 927
f 926 1043 1044
f 929 849 928
f 930 929 928
f 930 928 937
f 928 936 937
f 933 931 932
f 932 931 929
f 932 929 930
f 932 930 934
f 933 934 938
f 933 932 934
f 935 933 908
f 908 933 938
f 938 934 1046
f 909 908 938
f 934 930 937
f 1046 934 937
f 1050 1047 937
f 1050 937 936
f 936 939 1056
f 790 1053 789
f 1053 851 789
f 1054 936 1056
f 942 854 856
f 942 941 854
f 941 942 1057
f 942 856 1064
f 857 945 858
f 940 943 857
f 943 945 857
f 1057 944 941
f 941 944 940
f 940 944 943
f 1060 945 943
f 943 944 1059
f 943 1059 1060
f 1058 1057 942
f 1064 1058 942
f 945 1061 946
f 946 949 859
f 947 949 946
f 948 859 949
f 950 860 948
f 951 948 949
f 948 951 950
f 947 952 949
f 952 947 1065
f 952 951 949
f 950 1069 860
f 738 954 953
f 1075 801 1072
f 1076 804 957
f 1180 865 864
f 865 1185 958
f 803 955 959
f 1078 956 807
f 962 1085 1080
f 803 959 741
f 1081 869 961
f 1083 961 869
f 751 750 1191
f 872 963 962
f 963 872 966
f 870 869 1081
f 1086 1193 817
f 1195 969 1193
f 967 1206 1092
f 876 1090 1091
f 971 874 972
f 971 1201 965
f 978 972 874
f 1201 971 972
f 972 978 1100
f 974 819 975
f 819 1093 975
f 975 1093 1202
f 820 1093 819
f 1095 1094 883
f 1095 883 1287
f 1091 1287 877
f 876 1091 821
f 982 1096 984
f 998 976 977
f 998 1097 976
f 976 1099 979
f 976 1097 1099
f 977 976 978
f 976 979 978
f 979 1100 978
f 893 1092 1102
f 825 895 1288
f 980 886 885
f 981 886 980
f 982 980 885
f 982 981 980
f 981 982 984
f 984 988 981
f 988 984 985
f 988 985 983
f 1011 1009 983
f 985 1011 983
f 981 986 886
f 987 886 986
f 988 986 981
f 986 988 990
f 991 987 986
f 987 989 886
f 886 989 993
f 990 991 986
f 991 989 987
f 990 988 1015
f 991 990 1015
f 988 4080 1015
f 989 991 995
f 1018 991 1015
f 992 995 991
f 991 1116 992
f 991 1018 1116
f 992 1116 1104
f 995 992 1104
f 994 887 993
f 994 996 887
f 989 995 993
f 995 994 993
f 1106 996 994
f 995 1105 994
f 1026 996 1022
f 1027 1026 1022
f 1108 996 1107
f 996 1108 1022
f 997 1097 998
f 1097 997 1110
f 1112 1217 999
f 1112 999 1001
f 1002 1000 1008
f 1002 1001 1000
f 1010 1114 1008
f 1113 1001 1002
f 1001 918 1000
f 1003 1004 1005
f 1004 1003 921
f 1004 921 1012
f 1005 1004 1013
f 1003 1008 1000
f 1004 1012 1013
f 1005 1013 1006
f 1009 1006 983
f 1007 1006 1009
f 1008 1007 1010
f 1006 1007 1005
f 1003 1007 1008
f 1007 1003 1005
f 1007 1009 1010
f 1009 1011 1010
f 1013 1012 1014
f 1017 1013 1014
f 4081 983 1006
f 1014 1019 1017
f 1019 1014 1039
f 1018 1015 1016
f 1016 1015 1006
f 1017 1016 1006
f 1013 1017 1006
f 1021 1017 1019
f 1020 1018 1016
f 1018 1020 1116
f 1017 1020 1016
f 1017 1021 1020
f 1116 1020 1117
f 1117 1020 4082
f 1118 4082 1019
f 1027 1022 1023
f 1028 1027 1023
f 1025 1144 1043
f 1028 1144 1025
f 1027 1024 1026
f 1024 1025 900
f 1024 1028 1025
f 1027 1028 1024
f 909 1031 1030
f 1030 1031 1033
f 938 4083 909
f 912 1032 1035
f 1029 1030 1033
f 912 1029 1032
f 1029 1033 1032
f 1033 1128 1032
f 1033 1031 1034
f 1034 4083 1048
f 1034 1125 1033
f 1128 1033 1129
f 1125 1129 1033
f 1032 1128 1035
f 1036 915 914
f 1128 1036 914
f 916 1037 1136
f 1136 1037 1137
f 892 1038 1037
f 1037 1038 1137
f 921 1039 1012
f 1041 1039 920
f 920 922 1041
f 1039 1014 1012
f 1040 1039 1041
f 1039 1040 1019
f 1019 1040 1138
f 922 1042 1142
f 1041 922 1142
f 1143 1042 1045
f 1143 1142 1042
f 1042 1044 1045
f 1044 1043 1045
f 1025 1043 927
f 1046 4083 938
f 1046 937 1048
f 1048 937 1047
f 4083 1046 1048
f 1051 1048 1047
f 4085 1047 1050
f 1049 1048 1051
f 4084 1034 1048
f 1145 1125 1034
f 1145 1034 4084
f 1050 936 1054
f 1052 4085 1050
f 1050 1055 1052
f 1054 1055 1050
f 1055 1148 1052
f 4085 1052 1148
f 1056 939 1150
f 1241 1056 1150
f 851 1151 939
f 1150 939 1151
f 1150 1151 1244
f 1151 851 1053
f 1136 1053 916
f 1055 1054 1056
f 1241 1148 1055
f 1059 944 1057
f 1154 1057 1058
f 1064 1158 1058
f 1058 1158 1154
f 945 1060 1061
f 1153 1057 1154
f 1059 1057 1153
f 1061 1063 946
f 946 1063 947
f 1060 1062 1061
f 1061 1062 1063
f 1155 1063 1062
f 1059 1062 1060
f 1153 1062 1059
f 1065 947 1063
f 1064 1165 1158
f 1065 1063 1155
f 1065 1066 952
f 951 952 1066
f 1065 1159 1066
f 1065 1155 1159
f 1068 951 1067
f 1067 951 1066
f 1066 1163 1067
f 1163 1066 1159
f 951 1068 950
f 1168 1067 1163
f 950 1070 1069
f 950 1068 1070
f 1070 1068 1170
f 1167 1170 1068
f 953 954 1261
f 954 1263 1261
f 1175 801 1071
f 1072 801 1175
f 954 737 1186
f 1186 1263 954
f 863 862 1074
f 862 1073 1074
f 1179 864 863
f 1074 1179 863
f 1074 1073 1178
f 1179 1180 864
f 957 1184 1076
f 862 866 1073
f 1073 866 1076
f 1268 1269 1077
f 1191 1077 1269
f 802 1080 1186
f 1499 1078 1079
f 960 1081 1079
f 1077 958 1185
f 1270 1083 1191
f 1080 1085 1277
f 1083 1189 961
f 1082 961 1189
f 961 1082 1081
f 1189 1190 1082
f 1082 1190 1081
f 1187 1081 1190
f 962 963 1084
f 963 966 1084
f 1084 966 1087
f 962 1084 1085
f 1085 1084 1196
f 1088 1198 1086
f 1197 1198 1088
f 969 1274 970
f 972 1200 1201
f 966 965 1087
f 1088 968 1197
f 1089 968 973
f 1197 968 1089
f 1382 1089 973
f 974 1382 973
f 1090 1284 1091
f 972 1100 1200
f 1101 1205 1200
f 1102 1092 1207
f 1207 1092 1206
f 1093 1094 1204
f 1094 1095 1204
f 1204 1095 1287
f 1209 1208 825
f 982 885 1096
f 1208 885 825
f 984 1096 1103
f 1097 1098 1099
f 979 1101 1100
f 979 1099 1101
f 1099 1212 1101
f 1099 1098 1212
f 1212 1205 1101
f 1101 1200 1100
f 1214 1213 896
f 897 1214 896
f 1213 895 896
f 1214 897 1215
f 898 1215 897
f 1217 1215 898
f 984 1103 985
f 1116 1123 1104
f 995 1104 1105
f 1220 1104 1123
f 1221 1105 1104
f 1221 1104 1220
f 1106 1107 996
f 1105 1106 994
f 1106 1297 1107
f 1306 1108 1107
f 1022 1108 1306
f 997 1109 1110
f 1036 1109 915
f 915 1109 997
f 1109 1036 1234
f 1234 1223 1109
f 1223 1111 1109
f 1109 1111 1110
f 1111 1225 1110
f 1110 1225 1097
f 1097 1225 1098
f 1102 1299 892
f 1038 892 1299
f 1038 1299 1137
f 1217 1112 1218
f 1218 1112 1226
f 1113 1112 1001
f 1219 1113 1114
f 1226 1112 1113
f 1008 1114 1002
f 1114 1113 1002
f 1118 1117 4082
f 1118 1019 1119
f 1119 1019 1138
f 1123 1116 1120
f 1120 1116 1117
f 1118 1121 1120
f 1117 1118 1120
f 1118 1122 1121
f 1119 1122 1118
f 1122 1119 1138
f 1140 1122 1138
f 1121 1122 1228
f 1228 1122 1140
f 1124 1120 1121
f 1121 1228 1124
f 1115 1123 1120
f 1120 1124 1115
f 1022 1306 1307
f 1022 1307 1023
f 1307 1028 1023
f 1222 1144 1028
f 1307 1222 1028
f 1126 1125 1145
f 1126 1132 1125
f 1132 1126 1127
f 1127 1126 1146
f 1146 1126 1145
f 1134 1132 1127
f 1128 1129 1131
f 1129 1132 1131
f 1131 1130 1128
f 1036 1128 1135
f 1129 1125 1132
f 1130 1133 1128
f 1131 1134 1232
f 1232 1130 1131
f 1134 1131 1132
f 1232 1133 1130
f 1128 1133 1135
f 1133 1233 1135
f 1135 1234 1036
f 1236 1136 1137
f 1236 1137 1429
f 1040 1041 1139
f 1139 1041 1142
f 1138 1139 1140
f 1040 1139 1138
f 1141 1140 1139
f 1141 1142 1143
f 1142 1141 1139
f 1043 1144 1045
f 1144 1229 1045
f 1045 1229 1143
f 1146 1145 4084
f 1049 1051 1149
f 1049 1149 1147
f 4084 1147 1146
f 1149 4085 1148
f 1241 1150 1242
f 1244 1151 1152
f 1053 1152 1151
f 1053 1136 1152
f 1055 1056 1241
f 1157 1153 1154
f 1155 1062 1156
f 1153 1156 1062
f 1156 1153 1157
f 1157 1161 1156
f 1157 1154 1158
f 1247 1161 1157
f 1157 1158 1162
f 1247 1157 1162
f 1155 1160 1159
f 1160 1164 1159
f 1159 1164 1163
f 1160 1155 1156
f 1161 1160 1156
f 1161 1246 1160
f 1246 1161 1247
f 1160 1246 1164
f 1246 1248 1164
f 1164 1166 1163
f 1248 1166 1164
f 1158 1165 1341
f 1166 1168 1163
f 1167 1068 1067
f 1067 1168 1167
f 1168 1166 1253
f 1254 1168 1253
f 1170 1167 1172
f 1167 1171 1172
f 1167 1168 1171
f 1168 1255 1171
f 1070 1170 1169
f 1169 1069 1070
f 1071 1069 1169
f 1171 1255 1172
f 1170 1174 1169
f 1173 1170 1172
f 1170 1173 1174
f 1172 1255 1257
f 1173 1172 1257
f 1173 1258 1174
f 1257 1258 1173
f 1169 1174 1071
f 1174 1176 1071
f 1071 1176 1175
f 1176 1174 1258
f 1261 1341 1165
f 1261 1165 953
f 1175 1262 1072
f 1177 1076 1184
f 1177 1073 1076
f 1178 1073 1177
f 1182 1180 1179
f 1181 1182 1179
f 1074 1178 1181
f 1179 1074 1181
f 1182 1183 1180
f 1183 1266 1180
f 1266 1185 1180
f 1184 957 956
f 1267 1184 956
f 1267 956 1078
f 865 1180 1185
f 1077 1185 1268
f 1270 1191 1269
f 1075 1072 1192
f 1192 1072 1271
f 1363 1499 1079
f 1079 1509 1363
f 1081 1187 1079
f 1188 1189 1083
f 1270 1188 1083
f 1080 1368 1186
f 1277 1368 1080
f 1075 1192 955
f 955 1192 959
f 1275 1194 1193
f 1193 1194 1195
f 1086 1275 1193
f 1195 1194 1274
f 1274 969 1195
f 1277 1085 1196
f 1087 1196 1084
f 1277 1196 1087
f 1279 744 959
f 1279 964 744
f 1279 959 1192
f 1089 1280 1197
f 1280 1089 1382
f 1275 1086 1198
f 1274 1199 970
f 1090 970 1199
f 1283 1090 1199
f 1090 1283 1284
f 1281 1287 1091
f 1201 1087 965
f 1200 1285 1201
f 1203 1384 1202
f 1203 1548 1384
f 1204 1548 1203
f 1202 1093 1203
f 1204 1203 1093
f 1290 895 1213
f 1213 1289 1290
f 1290 1288 895
f 1209 825 1288
f 1210 885 1208
f 885 1210 1096
f 1294 1408 1103
f 1673 1210 1208
f 1210 1293 1096
f 1293 1103 1096
f 1225 1211 1098
f 1211 1313 1298
f 1211 1212 1098
f 1397 1205 1212
f 1212 1211 1397
f 1396 1397 1211
f 1289 1213 1214
f 1214 1292 1289
f 1214 1215 1292
f 1217 1218 1216
f 1226 1216 1218
f 1010 1011 1407
f 985 1407 1011
f 1407 1114 1010
f 985 1103 1408
f 1408 1407 985
f 1123 1115 1220
f 1105 1221 1297
f 1297 1106 1105
f 1579 1297 1221
f 1107 1297 1306
f 1223 1235 1310
f 1111 1223 1224
f 1234 1235 1223
f 1111 1224 1225
f 1224 1313 1225
f 1225 1313 1211
f 1219 1226 1113
f 1303 1115 1124
f 1124 1227 1303
f 1124 1228 1227
f 1314 1227 1228
f 1303 1227 1304
f 1140 1141 1314
f 1314 1141 1315
f 1141 1143 1315
f 1314 1228 1140
f 1143 1316 1315
f 1229 1316 1143
f 1229 1144 1222
f 1230 1134 1127
f 1231 1134 1230
f 1231 1230 1318
f 1317 1230 1127
f 1318 1230 1317
f 1318 1319 1231
f 1231 1232 1134
f 1231 1319 1232
f 1319 1133 1232
f 1319 1320 1133
f 1133 1320 1233
f 1135 1233 1234
f 1320 1235 1233
f 1235 1234 1233
f 1309 1310 1235
f 1136 1236 1152
f 1152 1236 1429
f 1148 1241 1240
f 1146 1237 1326
f 1147 1237 1146
f 1147 1149 1238
f 1127 1146 1326
f 1237 1147 1238
f 1238 1149 1239
f 1327 1326 1237
f 1237 1238 1327
f 1239 1149 1148
f 1239 1148 1329
f 1329 1148 1240
f 1238 1239 1330
f 1330 1239 1329
f 1240 1241 1332
f 1332 1241 1242
f 1242 1150 1243
f 1150 1244 1243
f 1243 1244 1245
f 1244 1152 1245
f 1245 1152 1337
f 1249 1246 1247
f 1248 1246 1249
f 1162 1158 1252
f 1158 1341 1252
f 1251 1249 1247
f 1247 1162 1252
f 1247 1252 1251
f 1248 1253 1166
f 1250 1248 1249
f 1251 1250 1249
f 1251 1252 1339
f 1341 1339 1252
f 1254 1255 1168
f 1253 1248 1250
f 1250 1342 1253
f 1253 1342 1254
f 1342 1250 1340
f 1251 1340 1250
f 1340 1251 1339
f 1254 1343 1255
f 1257 1255 1256
f 1350 1341 1261
f 1256 1260 1257
f 1258 1257 1259
f 1259 1257 1260
f 1262 1175 1176
f 1176 1258 1354
f 1351 1258 1259
f 1351 1354 1258
f 1353 1350 1261
f 1353 1261 1263
f 1262 1176 1354
f 1181 1357 1182
f 1355 1357 1181
f 1358 1182 1357
f 1182 1358 1183
f 1265 1177 1184
f 1359 1184 1267
f 1265 1184 1359
f 1264 1178 1177
f 1355 1181 1178
f 1264 1177 1265
f 1185 1266 1268
f 1263 1186 1368
f 1078 1499 1267
f 1500 1359 1267
f 1267 1499 1500
f 1072 1262 1271
f 1187 1509 1079
f 1190 1364 1187
f 1364 1190 1189
f 1279 1192 1273
f 1271 1272 1192
f 1273 1192 1272
f 1275 1198 1374
f 1374 1198 1373
f 1194 1365 1274
f 1365 1275 1367
f 1275 1365 1194
f 1199 1276 1283
f 1276 1282 1283
f 1201 1278 1087
f 1277 1087 1278
f 1277 1278 1376
f 1378 1376 1278
f 1377 1378 1278
f 1387 1286 1279
f 1279 1273 1380
f 1387 1279 1380
f 1373 1197 1280
f 1373 1198 1197
f 974 1383 1382
f 975 1383 974
f 1281 1284 1385
f 1287 1281 1385
f 1284 1283 1282
f 1282 1385 1284
f 1281 1091 1284
f 1205 1386 1200
f 1200 1386 1285
f 1278 1201 1285
f 1278 1285 1377
f 1285 1553 1377
f 1553 1285 1386
f 964 1279 1286
f 1286 967 964
f 1392 1208 1209
f 1288 1392 1209
f 1392 1288 1390
f 1390 1288 1391
f 1391 1288 1290
f 1673 1393 1210
f 1210 1393 1293
f 1394 1295 1293
f 1394 1293 1393
f 1397 1398 1205
f 1403 1289 1292
f 1289 1291 1290
f 1289 1403 1291
f 1391 1290 1291
f 1403 1292 1402
f 1293 1294 1103
f 1295 1294 1293
f 1221 1296 1579
f 1220 1296 1221
f 1568 1296 1220
f 1220 1578 1568
f 1411 1306 1297
f 1580 1416 1411
f 1411 1416 1306
f 1298 1396 1211
f 1299 1102 1207
f 1299 1207 1300
f 1402 1292 1215
f 1217 1402 1215
f 1301 1402 1217
f 1301 1217 1216
f 1302 1406 1226
f 1226 1406 1216
f 1219 1114 1414
f 1302 1219 1414
f 1219 1302 1226
f 1415 1115 1303
f 1415 1220 1115
f 1709 1229 1308
f 1416 1410 1305
f 1709 1587 1229
f 1417 1305 1410
f 1417 1308 1305
f 1307 1305 1222
f 1222 1308 1229
f 1306 1416 1307
f 1307 1416 1305
f 1308 1222 1305
f 1325 1311 1309
f 1309 1311 1310
f 1311 1421 1310
f 1310 1312 1223
f 1224 1223 1312
f 1310 1421 1312
f 1421 1422 1312
f 1224 1312 1313
f 1137 1430 1429
f 1137 1299 1430
f 1431 1304 1227
f 1431 1227 1314
f 1432 1431 1314
f 1316 1433 1315
f 1432 1314 1315
f 1315 1433 1432
f 1587 1316 1229
f 1326 1317 1127
f 1434 1317 1326
f 1318 1418 1319
f 1318 1317 1434
f 1434 1419 1318
f 1318 1419 1418
f 1418 1320 1319
f 1436 1320 1435
f 1418 1435 1320
f 1320 1321 1235
f 1436 1321 1320
f 1321 1322 1323
f 1439 1322 1321
f 1321 1309 1235
f 1323 1309 1321
f 1323 1324 1309
f 1309 1324 1325
f 1437 1323 1322
f 1324 1323 1446
f 1445 1324 1446
f 1448 1324 1445
f 1325 1324 1448
f 1311 1325 1421
f 1327 1238 1330
f 1457 1327 1330
f 1328 1457 1330
f 1459 1328 1329
f 1329 1240 1331
f 1331 1240 1332
f 1328 1330 1329
f 1459 1329 1331
f 1332 1242 1461
f 1333 1242 1243
f 1333 1243 1334
f 1461 1242 1333
f 1468 1334 1335
f 1245 1334 1243
f 1334 1245 1338
f 1334 1338 1335
f 1335 1338 1336
f 1467 1335 1336
f 1338 1245 1337
f 1338 1337 1472
f 1336 1338 1472
f 1474 1336 1472
f 1340 1339 1477
f 1339 1341 1477
f 1340 1477 1346
f 1254 1342 1343
f 1340 1344 1342
f 1346 1344 1340
f 1344 1343 1342
f 1343 1256 1255
f 1343 1348 1256
f 1344 1345 1343
f 1345 1348 1343
f 1348 1345 1349
f 1344 1347 1345
f 1346 1347 1344
f 1349 1345 1347
f 1478 1347 1346
f 1347 1481 1349
f 1348 1260 1256
f 1348 1349 1260
f 1349 1484 1260
f 1259 1352 1351
f 1259 1260 1352
f 1484 1352 1260
f 1352 1484 1487
f 1263 1368 1353
f 1351 1352 1489
f 1351 1489 1496
f 1354 1351 1496
f 1355 1178 1356
f 1178 1264 1356
f 1358 1360 1183
f 1360 1358 1501
f 1362 1354 1506
f 1506 1354 1496
f 1492 1359 1500
f 1266 1183 1360
f 1361 1266 1360
f 1268 1266 1361
f 1503 1270 1269
f 1504 1270 1503
f 1262 1354 1362
f 1371 1262 1362
f 1362 1514 1513
f 1506 1514 1362
f 1363 1627 1499
f 1627 1363 1509
f 1509 1187 1364
f 1512 1188 1270
f 1270 1504 1512
f 1371 1271 1262
f 1272 1271 1371
f 1371 1362 1513
f 1512 1189 1188
f 1189 1510 1364
f 1365 1366 1274
f 1367 1519 1365
f 1519 1518 1365
f 1365 1518 1366
f 1366 1375 1274
f 1277 1376 1368
f 1368 1376 1369
f 1368 1369 1523
f 1525 1368 1523
f 1273 1272 1370
f 1370 1272 1371
f 1372 1371 1513
f 1370 1371 1372
f 1372 1543 1370
f 1280 1535 1373
f 1382 1535 1280
f 1517 1374 1373
f 1536 1373 1535
f 1367 1275 1374
f 1199 1274 1375
f 1282 1642 1385
f 1375 1522 1199
f 1276 1643 1282
f 1199 1522 1276
f 1643 1537 1282
f 1642 1282 1537
f 1522 1643 1276
f 1642 1549 1385
f 1379 1376 1378
f 1376 1379 1369
f 1524 1369 1379
f 1273 1370 1380
f 1380 1370 1381
f 1370 1543 1381
f 1384 1383 975
f 1202 1384 975
f 1548 1546 1384
f 1204 1550 1548
f 1550 1287 1549
f 1287 1550 1204
f 1549 1287 1385
f 1386 1554 1553
f 1388 1286 1387
f 1399 967 1286
f 1387 1380 1381
f 1399 1286 1388
f 1381 1388 1387
f 1388 1381 1557
f 1389 1564 1391
f 1564 1389 1565
f 1551 1391 1564
f 1391 1291 1389
f 1394 1395 1295
f 1409 1294 1395
f 1396 1398 1397
f 1398 1396 1687
f 1205 1398 1386
f 967 1399 1206
f 1400 1207 1206
f 1400 1206 1399
f 1400 1399 1569
f 1399 1388 1401
f 1565 1389 1404
f 1565 1404 1566
f 1404 1405 1566
f 1403 1404 1389
f 1291 1403 1389
f 1404 1403 1402
f 1404 1402 1405
f 1402 1301 1405
f 1406 1301 1216
f 1775 1302 1414
f 1295 1395 1294
f 1294 1409 1408
f 1409 1407 1408
f 1578 1220 1577
f 1296 1568 1579
f 1411 1297 1579
f 1416 1580 1410
f 1313 1582 1298
f 1783 1582 1313
f 1298 1582 1396
f 1299 1300 1412
f 1300 1207 1413
f 1775 1406 1302
f 1414 1114 1407
f 1303 1304 1586
f 1577 1220 1415
f 1585 1304 1431
f 1415 1303 1586
f 1417 1709 1308
f 1589 1418 1419
f 1419 1588 1589
f 1435 1590 1436
f 1590 1435 1418
f 1590 1420 1436
f 1590 1599 1420
f 1421 1423 1422
f 1423 1425 1422
f 1424 1422 1425
f 1423 1451 1427
f 1426 1423 1427
f 1426 1425 1423
f 1427 1428 1426
f 1426 1428 1425
f 1601 1428 1427
f 1453 1601 1427
f 1592 1424 1425
f 1591 1425 1428
f 1593 1428 1601
f 1422 1424 1312
f 1424 1313 1312
f 1299 1412 1430
f 1587 1433 1316
f 1597 1326 1327
f 1419 1434 1588
f 1439 1436 1420
f 1420 1599 1439
f 1436 1439 1321
f 1439 1440 1322
f 1440 1437 1322
f 1443 1441 1440
f 1441 1437 1440
f 1438 1437 1441
f 1442 1438 1441
f 1447 1442 1469
f 1443 1440 1439
f 1444 1442 1441
f 1444 1441 1443
f 1442 1464 1469
f 1599 1443 1439
f 1444 1464 1442
f 1443 1599 1444
f 1464 1444 1615
f 1437 1446 1323
f 1447 1445 1446
f 1445 1447 1466
f 1445 1466 1449
f 1469 1466 1447
f 1446 1437 1438
f 1442 1446 1438
f 1447 1446 1442
f 1325 1448 1450
f 1325 1450 1421
f 4086 4088 1423
f 4087 1445 1449
f 4087 1449 4089
f 1466 1470 1449
f 4089 1449 1470
f 1470 1471 4089
f 1423 4088 1451
f 1451 4088 1453
f 1471 1473 1452
f 1452 1473 1455
f 4088 1471 1452
f 1453 1427 1451
f 1452 1453 4088
f 1453 1452 1454
f 1452 1455 1454
f 1453 1454 1456
f 1454 1455 1456
f 1601 1453 1456
f 1455 1475 1602
f 1337 1596 1816
f 1596 1337 1152
f 1328 1459 1457
f 1458 1457 1459
f 1331 1332 1460
f 1331 1460 1608
f 1459 1331 1608
f 1461 1460 1332
f 1610 1462 1465
f 1610 1460 1461
f 1462 1610 1461
f 1333 1462 1461
f 1462 1333 1334
f 1334 1468 1462
f 1468 1469 1463
f 1465 1462 1468
f 1469 1464 1463
f 1616 1463 1464
f 1468 1463 1465
f 1464 1615 1616
f 1616 1611 1463
f 1611 1465 1463
f 1469 1468 1467
f 1467 1466 1469
f 1467 1468 1335
f 1470 1466 1467
f 1470 1467 1336
f 1470 1336 1471
f 1336 1473 1471
f 1474 1473 1336
f 1472 1337 1476
f 1474 1472 1475
f 1473 1474 1455
f 1475 1472 1476
f 1475 1455 1474
f 1475 1476 1606
f 1603 1475 1606
f 1337 1816 1476
f 1606 1476 1816
f 1477 1341 1480
f 1478 1481 1347
f 1346 1477 1479
f 1478 1346 1479
f 1482 1478 1479
f 1350 1353 1480
f 1350 1480 1341
f 1478 1482 1481
f 1480 1479 1477
f 1349 1481 1484
f 1482 1486 1481
f 1482 1479 1483
f 1479 1480 1483
f 1483 1480 1488
f 1481 1485 1484
f 1485 1481 1486
f 1353 1618 1480
f 1617 1486 1482
f 1480 1618 1488
f 1617 1482 1483
f 1483 1488 1617
f 1485 1487 1484
f 1485 1619 1487
f 1485 1486 1619
f 1489 1352 1487
f 1491 1489 1487
f 1491 1487 1490
f 1487 1619 1490
f 1620 1490 1619
f 1497 1496 1489
f 1491 1497 1489
f 1497 1491 1498
f 1490 1498 1491
f 1493 1356 1264
f 1494 1356 1493
f 1264 1492 1493
f 1492 1264 1265
f 1918 1494 1493
f 1355 1495 1357
f 1495 1358 1357
f 1356 1494 1355
f 1494 1495 1355
f 1358 1999 1501
f 1353 1368 1525
f 1496 1497 1507
f 1506 1496 1507
f 1497 1498 1508
f 1508 1507 1497
f 1265 1359 1492
f 1625 1492 1500
f 1626 1500 1499
f 1501 1361 1360
f 1361 1501 1502
f 1361 1502 1268
f 1505 1268 1502
f 1268 1505 1269
f 1503 1269 1505
f 1502 1628 1505
f 1628 1503 1505
f 1629 1503 1628
f 1629 1504 1503
f 1507 1514 1506
f 1515 1514 1507
f 1507 1508 1515
f 1632 1638 1508
f 1632 1508 1498
f 1364 1511 1509
f 1924 1509 1511
f 1511 1364 1510
f 1510 1189 1512
f 1512 1923 1510
f 1508 1638 1516
f 1529 1513 1514
f 1514 1515 1531
f 1531 1529 1514
f 1515 1533 1531
f 1516 1515 1508
f 1515 1516 1533
f 1517 1367 1374
f 1519 1520 1518
f 1520 1366 1518
f 1519 1925 1727
f 1520 1519 1727
f 1520 1727 2103
f 2103 1521 1520
f 1521 1366 1520
f 1366 1521 1375
f 1640 1375 1521
f 1521 2103 1640
f 1522 1375 1640
f 1523 1369 1524
f 1523 1526 1525
f 1526 1523 1524
f 1524 1527 1526
f 1525 1526 1635
f 1528 1526 1527
f 1635 1526 1528
f 1529 1372 1513
f 1529 1530 1372
f 1543 1372 1530
f 1532 1529 1531
f 1532 1530 1529
f 1532 1544 1530
f 1531 1534 1532
f 1534 1544 1532
f 1544 1534 1681
f 1531 1533 1534
f 1517 1373 1536
f 1656 1383 1384
f 1656 1384 1546
f 1641 1642 1537
f 1547 1550 1549
f 1524 1379 1538
f 1524 1538 1540
f 1378 1538 1379
f 1378 1377 1539
f 1378 1539 1538
f 1377 1553 1539
f 1538 1542 1540
f 1538 1539 1542
f 1539 1555 1542
f 1539 1556 1555
f 1555 1661 1542
f 1524 1540 1527
f 1527 1540 1541
f 1660 1541 1540
f 1542 1660 1540
f 1541 1528 1527
f 1528 1541 1659
f 1660 1662 1541
f 1541 1662 1659
f 1543 1558 1381
f 1544 1545 1530
f 1545 1543 1530
f 1558 1543 1545
f 1681 1545 1544
f 1562 1545 1681
f 1546 1548 1547
f 1550 1547 1548
f 1672 1390 1552
f 1552 1390 1551
f 1392 1672 1673
f 1672 1392 1390
f 1673 1208 1392
f 1674 1393 1673
f 1386 1398 1554
f 1553 1554 1556
f 1398 1675 1554
f 1675 1556 1554
f 1398 1677 1675
f 1553 1556 1539
f 1556 1678 1555
f 1381 1558 1557
f 1560 1557 1559
f 1388 1557 1560
f 1401 1388 1560
f 1557 1558 1559
f 1561 1560 1559
f 1560 1561 1570
f 1558 1545 1562
f 1559 1558 1562
f 1561 1559 1562
f 1562 1563 1561
f 1563 1562 1681
f 1575 1561 1563
f 1691 1575 1563
f 1565 1671 1564
f 1551 1564 1671
f 1836 1671 1565
f 1836 1565 1566
f 1566 1405 1834
f 1405 1567 1834
f 1551 1390 1391
f 1578 1753 1568
f 1840 1687 1396
f 1400 1413 1207
f 1400 1569 1571
f 1569 1573 1571
f 1401 1569 1399
f 1401 1573 1569
f 1401 1560 1570
f 1401 1570 1572
f 1574 1570 1561
f 1572 1570 1574
f 1401 1572 1573
f 1561 1575 1574
f 1575 1576 1574
f 1576 1572 1574
f 1572 1688 1573
f 1688 1572 1576
f 1573 1688 1689
f 1691 1692 1575
f 1576 1575 1692
f 1567 1405 1301
f 1406 1567 1301
f 1577 1415 1586
f 1686 1411 1579
f 1411 1755 1580
f 1581 1410 1580
f 1417 1410 1581
f 1581 1709 1417
f 1430 1412 1717
f 1300 1583 1412
f 1300 1584 1583
f 1704 1583 1584
f 1583 1704 1703
f 1400 1571 1413
f 1300 1413 1584
f 1584 1413 1571
f 1706 1571 1689
f 1584 1571 1706
f 1571 1573 1689
f 1586 1304 1585
f 1707 1585 1431
f 1707 1431 1432
f 1432 1433 1707
f 1588 1712 1589
f 1588 1711 1712
f 1588 1434 1711
f 1710 1434 1326
f 1710 1326 1597
f 1780 1589 1712
f 1418 1589 1590
f 1592 1313 1424
f 1592 1425 1591
f 1591 1428 1593
f 1594 1592 1591
f 1591 1593 1595
f 1593 1456 1595
f 1594 1591 1595
f 1715 1592 1594
f 1715 1313 1592
f 1804 1596 1716
f 1596 1152 1429
f 1717 1596 1429
f 1429 1430 1717
f 1597 1327 1598
f 1598 1809 1597
f 1718 1809 1598
f 1803 1600 1599
f 1600 1903 1613
f 1903 1600 1803
f 1903 1612 1613
f 1615 1444 1600
f 1599 1600 1444
f 1613 1615 1600
f 1593 1601 1456
f 1455 1602 1456
f 1603 1602 1475
f 1606 1720 1603
f 1602 1603 1605
f 1604 1456 1602
f 1603 1720 1605
f 1602 1605 1604
f 1604 1595 1456
f 1457 1598 1327
f 1457 1718 1598
f 1718 1457 1458
f 1607 1718 1458
f 1458 1608 1607
f 1719 1718 1607
f 1458 1459 1608
f 1460 1609 1608
f 1723 1609 1614
f 1465 1611 1610
f 1609 1610 1614
f 1614 1610 1611
f 1610 1609 1460
f 1615 1613 1616
f 1612 1616 1613
f 1612 1611 1616
f 1619 1486 1617
f 1619 1617 1620
f 1617 1488 1622
f 1617 1622 1620
f 1488 1618 1623
f 1622 1488 1623
f 1630 1618 1353
f 1621 1492 1625
f 1492 1621 1493
f 1621 1918 1493
f 1358 1495 1999
f 1525 1630 1353
f 1623 1618 1634
f 1618 1630 1634
f 1620 1622 1631
f 1622 1623 1631
f 1620 1631 1624
f 1634 1631 1623
f 1624 1498 1490
f 1490 1620 1624
f 1626 1625 1500
f 1626 1499 1725
f 1627 1725 1499
f 1630 1525 1635
f 1632 1498 1624
f 1633 1624 1631
f 1633 1632 1624
f 1637 1633 1631
f 1924 1510 1923
f 1510 1924 1511
f 1509 1726 1627
f 1629 1512 1504
f 1635 1634 1630
f 1631 1634 1637
f 1637 1634 1635
f 1632 1633 1636
f 1632 1636 1638
f 1633 1637 1645
f 1637 1635 1646
f 1637 1646 1645
f 1633 1645 1636
f 1927 1536 1822
f 1927 1517 1536
f 1639 1536 1535
f 1639 1535 1382
f 1639 1728 1536
f 1639 1730 1728
f 1639 1382 1730
f 2003 1517 1927
f 2103 1643 1640
f 1643 1641 1537
f 1522 1640 1643
f 1635 1528 1644
f 1659 1644 1528
f 1650 1659 1662
f 1650 1644 1659
f 1644 1647 1635
f 1646 1635 1647
f 1645 1649 1636
f 1647 1644 1650
f 1648 1646 1647
f 1646 1648 1651
f 1646 1651 1645
f 1645 1651 1649
f 1648 1647 1650
f 1650 1652 1648
f 1651 1648 1653
f 1651 1653 1649
f 1653 1648 1652
f 1653 1654 1649
f 1729 1652 1666
f 1666 1652 1650
f 1652 1729 1653
f 1638 1655 1516
f 1636 1655 1638
f 1655 1667 1516
f 1655 1636 1649
f 1654 1655 1649
f 1655 1654 1667
f 1730 1382 1383
f 1383 1656 1730
f 1547 1931 1546
f 1547 1823 1931
f 1657 1547 1549
f 1657 1549 1642
f 1672 1658 1673
f 1739 1673 1933
f 1555 1678 1679
f 1555 1679 1661
f 1542 1661 1660
f 1660 1663 1662
f 1664 1663 1660
f 1661 1664 1660
f 1661 1679 1665
f 1664 1661 1665
f 1650 1662 1666
f 1666 1662 1663
f 1679 1748 1665
f 1665 1748 1732
f 1679 1680 1748
f 1733 1666 1663
f 1733 1663 1664
f 1665 1732 1664
f 1732 1733 1664
f 1737 1666 1733
f 4090 1666 1737
f 1533 1516 1668
f 1668 1516 1667
f 1845 1668 1667
f 1681 1534 1669
f 1534 1533 1669
f 1533 1668 1669
f 1668 1750 1669
f 1668 1845 1750
f 1671 1670 1551
f 1672 1670 1731
f 1671 1836 1835
f 1670 1552 1551
f 1672 1552 1670
f 1673 1739 1674
f 1742 1394 1393
f 1674 1739 1393
f 1394 1742 1740
f 1394 1740 1395
f 1395 1741 1409
f 1687 1744 1398
f 1677 1676 1675
f 1675 1676 1678
f 1746 1676 1677
f 1676 1746 1680
f 1676 1680 1678
f 1744 1677 1398
f 1678 1556 1675
f 1678 1680 1679
f 1682 1563 1681
f 1682 1691 1563
f 1683 1681 1669
f 1681 1683 1682
f 1683 1684 1682
f 1749 1683 1669
f 1669 1750 1749
f 1749 1684 1683
f 1406 1775 1567
f 1685 1407 1409
f 1685 1698 1407
f 1411 1686 1755
f 1763 1840 1396
f 1693 1689 1688
f 1689 1693 1690
f 1706 1689 1690
f 1693 1696 1690
f 1798 1706 1690
f 1690 1767 1798
f 1688 1576 1693
f 1576 1692 1693
f 1695 1691 1682
f 1693 1692 1694
f 1684 1695 1682
f 1694 1692 1691
f 1694 1691 1695
f 1696 1693 1694
f 1697 1695 1684
f 1697 1694 1695
f 1769 1696 1694
f 1769 1694 1697
f 1698 1414 1407
f 1414 1699 1775
f 1414 1698 1699
f 1577 1586 1701
f 1586 1700 1701
f 1700 1708 1776
f 1778 1709 1581
f 1702 1581 1580
f 1581 1702 1778
f 1777 1587 1709
f 1777 1709 1778
f 1777 2046 1587
f 1714 1869 1713
f 1760 1396 1582
f 1760 1582 1783
f 1717 1412 1794
f 1808 1717 1794
f 1795 1412 1703
f 1412 1583 1703
f 1584 1706 1704
f 1704 1706 1705
f 1703 1704 1705
f 1798 1705 1706
f 1700 1586 1585
f 1708 1700 1585
f 1708 1585 1707
f 2046 1433 1587
f 1970 1710 1597
f 1711 1434 1710
f 1590 1589 1780
f 1802 1590 1780
f 1802 1599 1590
f 1599 1802 1801
f 1713 1594 1714
f 1714 1594 1595
f 1714 1595 1604
f 1868 1714 1604
f 1713 1715 1594
f 1804 1716 1807
f 1716 1596 1808
f 1808 1596 1717
f 1809 1718 1810
f 1719 1810 1718
f 1719 1607 1722
f 1811 1719 1722
f 1611 1813 1724
f 1811 1723 1812
f 1724 1813 1812
f 1724 1812 1723
f 1612 1813 1611
f 1605 1814 1604
f 1814 1605 1720
f 1606 1721 1720
f 1606 1816 1721
f 1721 1816 1906
f 1722 1608 1609
f 1607 1608 1722
f 1722 1723 1811
f 1723 1722 1609
f 1723 1614 1724
f 1724 1614 1611
f 1918 1621 1919
f 1999 1502 1501
f 2099 1625 1626
f 2002 1725 1627
f 1627 1726 2002
f 1725 2000 1626
f 1922 2002 1726
f 1725 2002 2000
f 1726 1509 1922
f 1924 1922 1509
f 1629 1923 1512
f 1519 2003 1925
f 2003 1519 1367
f 1367 1517 2003
f 1925 1926 1727
f 1926 2103 1727
f 2103 2004 1643
f 1728 1822 1536
f 1821 1822 1728
f 1728 1730 1821
f 1928 1642 1641
f 1643 1820 1641
f 1820 1928 1641
f 2108 1657 1642
f 1928 2108 1642
f 1654 1653 4091
f 1738 4091 4092
f 1654 4091 1738
f 1547 1657 1823
f 1824 1731 1670
f 1658 1672 1731
f 1658 1932 1673
f 1673 1932 1933
f 1739 1933 1825
f 1739 1825 1743
f 1734 1747 1828
f 1734 1732 1748
f 1735 1733 1732
f 1735 1732 1736
f 1736 1732 1734
f 1827 1735 1736
f 1828 1736 1734
f 1736 1828 1827
f 1735 1827 1829
f 1738 1667 1654
f 1733 1735 1737
f 1829 1737 1735
f 4092 1831 1738
f 1832 1667 1738
f 1833 1670 1671
f 1833 1671 1835
f 1741 1395 1740
f 1685 1741 1838
f 1741 1685 1409
f 1739 1742 1393
f 1839 1685 1838
f 1742 1837 1740
f 1743 1742 1739
f 1743 1837 1742
f 1837 1838 1740
f 1740 1838 1741
f 1687 1745 1744
f 1745 1746 1744
f 1744 1746 1677
f 1680 1734 1748
f 1734 1680 1747
f 1746 1747 1680
f 1749 1750 1772
f 1749 1772 1684
f 1845 1855 1750
f 1750 1855 1772
f 1752 1751 1699
f 1699 1751 1775
f 1751 2020 1775
f 1751 1752 2020
f 1839 1698 1685
f 1699 1698 1752
f 1839 1752 1698
f 2329 1577 1846
f 1753 1578 2329
f 2329 1578 1577
f 1753 1754 1568
f 1754 1579 1568
f 2021 1686 1754
f 1754 1686 1579
f 1702 1580 1755
f 1755 1756 1702
f 1757 1702 1756
f 1756 1755 1847
f 1847 1759 1756
f 1756 1759 1757
f 1758 1755 1686
f 1755 1758 1847
f 2024 1757 1759
f 2024 1778 1757
f 1396 1760 1763
f 1761 1763 1760
f 1761 1764 1763
f 1764 1792 1762
f 1840 1763 1766
f 1766 1763 1764
f 1764 1848 1766
f 1764 1765 1848
f 1764 1762 1765
f 1766 1841 1840
f 1766 1848 1850
f 1850 1852 1766
f 1766 1852 1841
f 1767 1690 1696
f 1773 1767 1696
f 1767 1768 1796
f 1768 1767 1773
f 1857 1773 1774
f 1773 1857 1768
f 1771 1769 1697
f 1770 1697 1684
f 1770 1771 1697
f 1696 1769 1773
f 1772 1770 1684
f 1774 1771 1770
f 1771 1773 1769
f 1770 1772 1774
f 1771 1774 1773
f 1772 1855 1862
f 1862 1774 1772
f 1701 1846 1577
f 1707 1776 1708
f 1846 1701 1864
f 1864 1701 1700
f 1700 1863 1864
f 1863 1700 1776
f 1776 1865 1863
f 1865 1776 1707
f 2045 1707 1433
f 1433 2046 2045
f 1757 1778 1702
f 1712 1711 1779
f 1712 1779 1780
f 1781 1713 1869
f 1782 1784 1313
f 1313 1715 1782
f 1782 1786 1784
f 1872 1786 1782
f 1784 1783 1313
f 1785 1790 1783
f 1784 1785 1783
f 1784 1786 1785
f 1785 1786 1787
f 1785 1787 1790
f 1790 1787 1791
f 1786 1788 1787
f 1788 1789 1787
f 1787 1789 1791
f 1788 1786 1875
f 1790 1761 1783
f 1790 1791 1761
f 1762 1791 1793
f 1793 1791 1878
f 1789 1879 1878
f 1791 1789 1878
f 1879 1913 1878
f 1760 1783 1761
f 1791 1792 1761
f 1761 1792 1764
f 1791 1762 1792
f 1793 1884 1762
f 1808 1891 1984
f 1794 1891 1808
f 1891 1794 1892
f 1794 1412 1795
f 1893 1794 1896
f 1795 1896 1794
f 1795 1703 1896
f 1896 1703 1705
f 1896 1705 1797
f 1796 1705 1798
f 1898 1797 1796
f 1796 1797 1705
f 1796 1798 1767
f 1768 1898 1796
f 1809 1900 1597
f 1799 1900 1809
f 1899 1970 1597
f 1899 1597 1900
f 1799 1800 1991
f 1809 1800 1799
f 1810 1800 1809
f 1867 1801 1802
f 1801 1867 1803
f 1801 1803 1599
f 1803 1867 1902
f 1869 1714 1868
f 1868 1604 1905
f 1816 1804 1817
f 1817 1804 1805
f 1805 1804 1806
f 1908 1817 1805
f 1807 1806 1804
f 1883 1805 1806
f 1807 1914 1806
f 1914 1807 1889
f 1716 1808 1915
f 1716 1915 1807
f 1807 1915 1889
f 1915 1808 1980
f 1811 1812 1993
f 1993 1812 1916
f 1901 1719 1811
f 1813 1916 1812
f 1814 1995 1604
f 1995 1905 1604
f 1995 1814 1996
f 1996 1814 1815
f 1814 1720 1815
f 1917 1996 1815
f 1815 1720 1721
f 1721 1906 1815
f 1917 1815 1906
f 1816 1817 1906
f 1804 1816 1596
f 2099 1818 1625
f 1818 1621 1625
f 1919 1621 1818
f 1920 1502 1999
f 1502 1819 1628
f 1819 1921 1628
f 1628 1921 1629
f 1920 1819 1502
f 1819 1920 1921
f 2001 1629 1921
f 2000 2099 1626
f 1923 1629 2001
f 1820 1643 2004
f 1927 1822 2104
f 2104 1822 1821
f 2007 1821 1730
f 1656 2007 1730
f 1823 1657 2108
f 1929 1656 1546
f 1929 1546 1930
f 1930 1546 1931
f 1835 1824 1833
f 1824 1670 1833
f 1934 1932 1658
f 1658 1731 1934
f 1934 1731 1824
f 1743 1825 1935
f 1935 1837 1743
f 1747 1826 1828
f 1828 1826 1830
f 1830 1826 1937
f 1844 1953 1826
f 1826 1938 1937
f 1826 1953 1938
f 1827 1828 1830
f 1827 1830 1829
f 1829 1830 1937
f 1831 4092 1829
f 1831 1832 1738
f 1832 1955 1667
f 1832 1831 2017
f 2017 1955 1832
f 1939 1836 1566
f 1566 1834 1939
f 1936 1838 1837
f 1753 2329 2252
f 2252 1754 1753
f 1840 1842 1687
f 1941 1842 1840
f 1842 1843 1687
f 1842 1941 1843
f 1941 1944 1843
f 1944 1946 1843
f 1687 1843 1745
f 1843 1946 1948
f 1843 1948 1745
f 1948 1952 1745
f 1952 1953 1745
f 1746 1745 1844
f 1745 1953 1844
f 1747 1844 1826
f 1747 1746 1844
f 1667 1955 1845
f 1858 1855 1845
f 1845 1955 1858
f 2018 1567 1775
f 2138 2121 1863
f 1846 1864 2121
f 2329 1846 2121
f 2022 1686 2021
f 1777 1778 2024
f 1847 2024 1759
f 2022 1758 1686
f 1847 1758 2022
f 1765 1849 1848
f 1762 1884 1765
f 1765 1884 1849
f 1848 1849 1851
f 1849 1884 1885
f 1885 1854 1849
f 1850 1848 1851
f 1851 1852 1850
f 1852 1957 1960
f 1957 1852 1851
f 1853 1957 1851
f 1851 1849 1853
f 1854 1853 1849
f 1852 1960 1942
f 1942 1841 1852
f 1854 1957 1853
f 1861 1966 1898
f 1862 1856 1774
f 1856 1857 1774
f 1855 1859 1862
f 1859 1856 1862
f 1857 1856 1860
f 1860 1861 1857
f 1857 1861 1768
f 1768 1861 1898
f 1855 1858 1859
f 1859 1860 1856
f 1860 1967 1861
f 1859 1969 1860
f 1860 1969 1967
f 1967 1966 1861
f 2138 1863 2043
f 1864 1863 2121
f 2044 1865 1707
f 2043 1863 1865
f 2044 2043 1865
f 1711 1710 1970
f 1780 1866 1802
f 1866 1867 1802
f 1869 1868 1972
f 1869 1971 1781
f 2199 1781 1971
f 1871 1713 1781
f 1871 1781 2199
f 1713 1870 1715
f 1871 1870 1713
f 1974 1870 1871
f 1870 1782 1715
f 1872 1782 1870
f 1870 1974 1872
f 1974 1975 1872
f 1911 1874 1907
f 1976 1874 1873
f 1872 1976 1873
f 1976 1977 1874
f 1907 1874 1977
f 1872 1875 1786
f 1875 1876 1788
f 1876 1789 1788
f 1876 1879 1789
f 1872 1873 1875
f 1873 1877 1875
f 1876 1875 1877
f 1913 1879 1876
f 1911 1876 1877
f 1874 1877 1873
f 1877 1874 1911
f 1878 1913 1880
f 1880 1913 1881
f 1880 1793 1878
f 1793 1880 1882
f 1884 1793 1882
f 1880 1881 1882
f 1881 1883 1882
f 1882 1883 1887
f 1885 1884 1887
f 1884 1882 1887
f 1886 1889 1888
f 1887 1883 1886
f 1888 1887 1886
f 1887 1854 1885
f 1890 1854 1887
f 1890 1887 1888
f 1888 1889 1978
f 1915 1980 1889
f 1981 1978 1889
f 1808 1984 1980
f 1892 1984 1891
f 1794 1893 1892
f 1893 1987 1892
f 1893 1896 1894
f 1893 1894 1988
f 1894 1896 1895
f 1797 1897 1896
f 1895 1896 1897
f 1990 1895 1897
f 1990 1897 1989
f 1898 1897 1797
f 1966 1897 1898
f 1966 1989 1897
f 1900 1799 1991
f 1810 1991 1800
f 1991 1810 1992
f 1992 1810 2155
f 2155 1810 1719
f 1903 1904 1612
f 2157 1904 1903
f 1903 1803 1902
f 1973 1868 1905
f 1917 1906 1997
f 1998 1997 1909
f 1906 1817 1909
f 1908 1909 1817
f 1876 1910 1913
f 1997 1906 1909
f 1876 1911 1910
f 1912 1908 1910
f 1908 1912 1909
f 1911 1912 1910
f 1911 1907 1912
f 1913 1908 1881
f 1913 1910 1908
f 1805 1881 1908
f 1883 1881 1805
f 1886 1883 1806
f 1914 1886 1806
f 1886 1914 1889
f 1993 1901 1811
f 1904 1916 1813
f 1904 1813 1612
f 2097 1494 1918
f 2096 1919 1818
f 2098 2001 1921
f 2098 1921 1920
f 2363 1922 1924
f 2003 2101 1925
f 2102 2003 1927
f 1820 2004 2006
f 2005 2108 1928
f 2005 1928 2006
f 1820 2006 1928
f 1656 1929 2007
f 2107 1929 1930
f 2107 1930 2109
f 1931 2109 1930
f 1825 1933 2008
f 2008 2009 1825
f 1935 1936 1837
f 1825 2009 1935
f 1953 2014 1938
f 1953 2010 2014
f 2016 1829 1937
f 1938 2014 1937
f 2014 2182 1937
f 1937 2182 2016
f 2016 1831 1829
f 2017 1831 2016
f 2114 2115 1836
f 2114 1836 1939
f 1939 2116 2114
f 2115 1835 1836
f 1940 1834 1567
f 1939 1834 2116
f 1940 1567 2018
f 1839 1838 2184
f 2184 1752 1839
f 2252 2021 1754
f 1847 2022 2023
f 2024 1847 2023
f 1841 1941 1840
f 2028 1943 1941
f 1841 1942 1941
f 1942 2028 1941
f 2029 1943 2028
f 1943 1944 1941
f 1944 1947 1946
f 1945 1947 1944
f 1945 1944 1943
f 1945 1943 2058
f 2058 2061 1945
f 1946 1949 1948
f 1946 1947 1949
f 1949 1947 1950
f 1947 1951 1950
f 1947 1945 1951
f 1945 1962 1951
f 1951 1962 2065
f 1949 1952 1948
f 1950 1954 1949
f 1950 2033 1954
f 2031 2033 1950
f 1950 1951 2031
f 1954 1953 1952
f 1954 1952 1949
f 1954 2034 1953
f 1954 2033 2034
f 1955 1968 1858
f 2018 1775 2020
f 2047 1777 2024
f 1970 2048 1956
f 1970 1956 1711
f 1956 2049 1711
f 1779 2049 1780
f 1779 1711 2049
f 1866 1780 2049
f 1959 1960 1957
f 1854 1958 1957
f 1890 1958 1854
f 1942 1960 2054
f 1958 1959 1957
f 2054 1960 1959
f 1958 1961 1959
f 1958 1978 1961
f 2052 2054 1959
f 2052 1959 1961
f 1979 1961 1978
f 2052 1961 2053
f 2053 1961 1979
f 2061 1962 1945
f 1964 1963 1986
f 1986 1987 1965
f 1965 1964 1986
f 2077 1965 1987
f 1964 1965 2069
f 1965 2077 2072
f 2072 2069 1965
f 2081 1990 1989
f 2081 1966 1967
f 2082 1967 1969
f 1967 2083 2081
f 2083 1967 2082
f 1968 1969 1859
f 1858 1968 1859
f 2045 2046 2267
f 2084 1970 1899
f 2084 1899 1900
f 2085 2084 1900
f 1973 2087 1972
f 1972 2143 1971
f 1971 1869 1972
f 1973 1972 1868
f 1976 1872 1975
f 1976 2125 1977
f 1977 2146 1907
f 1912 2146 1998
f 1907 2146 1912
f 1890 1888 1978
f 1978 1958 1890
f 1979 1978 2090
f 1981 1889 1980
f 1982 1980 1983
f 1982 1978 1981
f 1982 1981 1980
f 1978 1982 2090
f 1984 1983 1980
f 1983 1984 2093
f 2092 1984 1985
f 1984 2092 2093
f 1892 1987 1986
f 1985 1984 1986
f 1984 1892 1986
f 1987 1893 1988
f 1988 2077 1987
f 1988 1894 1895
f 2078 1988 1990
f 2077 1988 2078
f 1988 1895 1990
f 1966 2081 1989
f 2085 1900 1991
f 1991 1992 2155
f 2086 2085 1991
f 2155 2086 1991
f 1719 1901 2155
f 1916 1904 2157
f 1973 1994 2087
f 1973 1905 1994
f 1994 1905 1995
f 2094 1996 2162
f 2162 1996 1917
f 1909 1912 1998
f 2095 1918 1919
f 1494 2169 2170
f 2170 1495 1494
f 2169 1494 2097
f 1918 2095 2097
f 2098 1920 1999
f 2099 2096 1818
f 2004 2243 2006
f 2006 2243 2005
f 1821 2106 2104
f 2106 1821 2007
f 2111 1824 1835
f 1935 2009 1936
f 1953 2036 2011
f 2010 1953 2011
f 2012 2010 2011
f 2015 2014 2010
f 2015 2010 2012
f 4094 4093 2013
f 2120 4094 2013
f 2019 2117 2116
f 2019 2116 1834
f 2019 1834 1940
f 2019 1940 2018
f 2332 2018 2020
f 2332 2183 2018
f 2185 2122 2021
f 2026 2024 2023
f 2122 2022 2021
f 2025 2022 2122
f 2025 2023 2022
f 2025 2026 2023
f 2334 2024 2026
f 2025 2122 2186
f 2186 2026 2025
f 2047 2024 2334
f 2186 2335 2026
f 2026 2335 2334
f 2027 2054 2056
f 2027 2056 2129
f 2054 2028 1942
f 2027 2028 2054
f 2027 2029 2028
f 2029 2030 1943
f 2030 2058 1943
f 2060 2058 2030
f 2031 2032 2035
f 2038 2032 2067
f 1951 2065 2066
f 1951 2066 2031
f 2031 2066 2032
f 2038 2067 2070
f 1953 2034 2036
f 2031 2035 2033
f 2033 2037 2034
f 2035 2037 2033
f 2035 2032 2038
f 2039 4097 2034
f 4097 2039 4093
f 2037 2039 2034
f 2035 2038 2037
f 2038 2039 2037
f 2039 2038 2040
f 2040 2038 2073
f 2013 4093 2039
f 4095 4098 2133
f 2040 2133 4098
f 2041 2040 2075
f 2133 2040 2041
f 1968 1955 2209
f 2209 2042 1968
f 2042 2082 1969
f 1968 2042 1969
f 2042 2137 2082
f 2045 2044 1707
f 2044 2138 2043
f 2267 2139 2045
f 2046 1777 2140
f 1777 2047 2140
f 2048 2049 1956
f 1866 2049 2141
f 2142 1866 2141
f 2142 1867 1866
f 1971 2051 2199
f 1972 2050 2143
f 1976 1975 4102
f 2055 2052 2053
f 2056 2054 2052
f 2055 2056 2052
f 2055 2053 2088
f 2053 1979 2088
f 2089 2055 2088
f 2129 2056 2057
f 2055 2057 2056
f 2055 2089 2147
f 2055 2147 2057
f 2064 2061 2058
f 2060 2064 2058
f 2168 2092 2059
f 2092 2063 2059
f 2150 2064 2060
f 2150 2168 2059
f 4100 2150 2059
f 2062 1962 2061
f 1963 2063 1986
f 2063 1985 1986
f 2062 2061 2064
f 2059 4099 4100
f 4099 2059 2063
f 2062 2065 1962
f 2065 2062 2068
f 4099 2063 1963
f 2066 2067 2032
f 2066 2068 2067
f 2067 2068 2069
f 2065 2068 2066
f 2068 4099 1964
f 1964 2069 2068
f 1964 4099 1963
f 2067 2069 2070
f 2069 2072 2071
f 2070 2069 2071
f 2071 2072 2074
f 2038 2070 2073
f 2073 2070 2071
f 2073 2071 2074
f 2075 2040 2073
f 2075 2073 2074
f 2075 2074 2041
f 2077 2076 2072
f 2076 2074 2072
f 2076 2077 2153
f 2041 2151 2152
f 2151 2041 2074
f 2076 2151 2074
f 2152 2151 2076
f 2078 1990 2079
f 2153 2078 2079
f 2153 2077 2078
f 2153 2079 2154
f 2081 2079 1990
f 2154 2081 2083
f 2081 2154 2079
f 2083 2080 2154
f 2083 2082 2080
f 2137 2080 2082
f 2158 1903 1902
f 2157 1903 2158
f 2087 2050 1972
f 2162 1997 2163
f 2164 1997 1998
f 2090 2088 1979
f 2165 2089 2090
f 2089 2088 2090
f 2165 2090 2091
f 2090 1982 2091
f 2091 1982 1983
f 2167 1983 2093
f 2091 1983 2167
f 2093 2092 2166
f 2092 2168 2166
f 2063 2092 1985
f 2155 1901 1993
f 2161 2087 1994
f 2161 1994 1995
f 2094 1995 1996
f 2159 2161 1995
f 2159 1995 2094
f 2159 2094 2162
f 2162 1917 1997
f 2096 2095 1919
f 2095 2096 2235
f 2171 2097 2095
f 2238 2235 2096
f 2171 2095 2235
f 2236 2001 2098
f 2000 2237 2099
f 2237 2000 2173
f 2000 2002 2173
f 2238 2096 2099
f 2312 2173 2002
f 2002 1922 2312
f 2236 1923 2001
f 2241 2242 2100
f 2242 1926 2100
f 2100 2101 2241
f 2100 1926 1925
f 2240 1924 1923
f 1923 2239 2240
f 2176 2102 2105
f 2174 2102 2176
f 2100 1925 2101
f 2174 2003 2102
f 2102 1927 2105
f 2174 2101 2003
f 2105 1927 2104
f 2104 2177 2105
f 2177 2104 2178
f 2104 2106 2178
f 2007 2317 2106
f 2106 2317 2178
f 2108 2110 1823
f 1823 2110 1931
f 1931 2110 2109
f 2248 2320 1934
f 2320 1932 1934
f 1934 1824 2248
f 2009 2118 1936
f 2009 2008 2250
f 2112 2014 2015
f 2112 2015 2119
f 2014 2112 2113
f 2112 2119 2181
f 2014 2113 2182
f 2182 2254 2016
f 2254 2017 2016
f 2179 1835 2115
f 2326 2114 2327
f 2115 2114 2326
f 2117 2114 2116
f 2179 2111 1835
f 2332 2117 2183
f 2118 1838 1936
f 2118 2184 1838
f 2333 2122 2185
f 2015 2012 2119
f 4101 4094 2120
f 2120 2134 2205
f 2181 4101 2120
f 2120 2187 2181
f 2205 2187 2120
f 2019 2183 2117
f 2183 2019 2018
f 2138 2190 2121
f 2047 2268 2140
f 2048 2123 2049
f 2123 2124 2049
f 2193 2141 2124
f 2198 2274 2051
f 2199 1974 1871
f 1974 4102 1975
f 2126 2128 2057
f 2127 2027 2129
f 2027 2130 2029
f 2130 2131 2029
f 2129 2057 2128
f 2129 2128 2127
f 2027 2127 2130
f 2131 2202 2203
f 2030 2029 2131
f 2132 2060 2030
f 2131 2132 2030
f 2132 2131 2203
f 2148 2132 2203
f 2041 2135 2133
f 2120 4096 2134
f 2134 4096 2133
f 2135 2134 2133
f 2152 2206 2135
f 2207 2206 2152
f 2152 2153 2207
f 2209 2210 2042
f 2042 2210 2137
f 2191 2138 2044
f 2191 2190 2138
f 2191 2044 2139
f 2139 2044 2045
f 2046 2140 2266
f 2266 2140 2268
f 2214 1970 2084
f 2085 2215 2084
f 2192 2048 1970
f 2195 1867 2142
f 2049 2124 2141
f 2193 2142 2141
f 2195 2218 1867
f 2218 1902 1867
f 2143 2144 1971
f 1971 2144 2051
f 2144 2198 2051
f 2143 2050 2219
f 2219 2050 2220
f 2050 2221 2220
f 2087 2221 2050
f 2196 2144 2143
f 2051 2274 2199
f 1977 2145 2146
f 2125 2145 1977
f 2146 2145 2223
f 2125 2223 2145
f 2228 2166 2149
f 2060 2132 2148
f 2166 2168 2149
f 2149 2168 2150
f 2150 2060 2148
f 2135 2041 2152
f 2153 2152 2076
f 2154 2211 2136
f 2208 2153 2136
f 2153 2154 2136
f 2136 2213 2208
f 2080 2137 2211
f 2080 2211 2154
f 2085 2086 2215
f 2216 2086 2217
f 2230 2156 1993
f 1916 2230 1993
f 2156 2292 2155
f 1993 2156 2155
f 1916 2157 2230
f 2156 2230 2292
f 2160 2087 2161
f 2231 2161 2159
f 2231 2160 2161
f 2159 2162 2232
f 2087 2160 2221
f 2232 2231 2159
f 2221 2160 2231
f 2233 2162 2163
f 1997 2164 2163
f 2146 2164 1998
f 2167 2165 2091
f 2089 2165 2303
f 2225 2303 2165
f 2165 2167 2227
f 2227 2167 2166
f 2225 2165 2227
f 2166 2228 2227
f 2167 2093 2166
f 2169 2097 2171
f 2098 1999 2172
f 2099 2237 2238
f 2312 1922 2363
f 2311 2237 2173
f 2311 2173 2312
f 2314 2175 2174
f 2241 2101 2175
f 2175 2101 2174
f 2103 1926 2242
f 2363 1924 2240
f 2177 2176 2105
f 2316 2176 2177
f 2005 2245 2108
f 2005 2243 2245
f 2007 1929 2107
f 2107 2412 2007
f 2110 2247 2109
f 2109 2247 2107
f 2246 2110 2108
f 2245 2246 2108
f 2111 2248 1824
f 2179 2115 2322
f 2322 2115 2326
f 2321 2111 2179
f 2009 2180 2118
f 2251 2184 2118
f 2118 2180 2251
f 2009 4103 2180
f 2253 2112 2181
f 2182 2113 2323
f 2113 2112 2323
f 2255 2017 2254
f 2114 2117 2327
f 1752 2328 2020
f 2332 2020 2328
f 2328 1752 2184
f 2186 2122 2333
f 2186 2333 2335
f 2259 2261 2209
f 2017 2255 1955
f 2255 2259 1955
f 2259 2209 1955
f 2261 2260 2209
f 2121 2190 2188
f 2262 2121 2188
f 2262 2329 2121
f 2191 2189 2190
f 2190 2189 2188
f 2264 2189 2191
f 2265 2264 2191
f 2265 2191 2139
f 2139 2395 2265
f 2267 2395 2139
f 2046 2266 2267
f 2268 2047 2334
f 2123 2048 2192
f 2142 2193 2194
f 2142 2194 2195
f 2354 2197 2196
f 2197 2144 2196
f 2354 2196 2219
f 2197 2390 2198
f 2144 2197 2198
f 2273 2354 2219
f 2198 2390 2489
f 2219 2220 2273
f 4102 1974 2199
f 2223 2125 2277
f 2201 2200 2128
f 2278 2201 2126
f 2201 2128 2126
f 2147 2126 2057
f 2147 2278 2126
f 2358 2278 2147
f 2256 2127 2200
f 2128 2200 2127
f 2127 2256 2130
f 2256 2131 2130
f 2204 2203 2359
f 2256 2202 2131
f 2148 2203 2204
f 2280 2205 2134
f 2280 2134 2206
f 2134 2135 2206
f 2208 2207 2153
f 2283 2207 2208
f 2283 2208 2348
f 2208 2213 2348
f 2210 2212 2137
f 2284 2211 2212
f 2137 2212 2211
f 2211 2213 2136
f 2209 2260 2210
f 2260 2284 2212
f 2210 2260 2212
f 2213 2211 2284
f 2192 1970 2214
f 2214 2084 2215
f 2215 2086 2216
f 2287 2215 2216
f 2287 2216 2288
f 2216 2217 2288
f 2294 1902 2218
f 2196 2143 2219
f 2220 2221 2296
f 2231 2222 2221
f 2221 2222 2296
f 2146 2234 2164
f 2301 2234 2146
f 2302 2301 2146
f 2146 2223 2277
f 2302 2146 2277
f 2163 2234 2300
f 2224 2147 2089
f 2224 2089 2303
f 2358 2147 2224
f 2303 2405 2224
f 2303 2225 2304
f 2304 2225 2226
f 2226 2305 2304
f 2305 2226 2228
f 2148 2204 2150
f 2226 2225 2227
f 2227 2228 2226
f 2228 2149 2307
f 2229 2150 2279
f 2149 2150 2229
f 2307 2149 2229
f 2217 2086 2155
f 2230 2157 2291
f 2232 2308 2231
f 2162 2233 2232
f 2164 2234 2163
f 2233 2163 2300
f 2589 1495 2170
f 2521 1999 1495
f 2170 2169 2589
f 1923 2236 2239
f 2236 2098 2172
f 2238 2237 2309
f 2309 2237 2311
f 2236 2366 2239
f 2239 2313 2240
f 2174 2316 2314
f 2004 2103 2244
f 2463 2103 2242
f 2004 2244 2243
f 2316 2174 2176
f 2315 2316 2177
f 2315 2177 2178
f 2373 1932 2320
f 1933 1932 2373
f 2110 2246 2247
f 2248 2111 2319
f 2319 2111 2321
f 2320 2248 2318
f 2471 2251 4103
f 2249 2112 2253
f 2323 2325 2182
f 2325 2254 2182
f 2321 2179 2322
f 4103 2251 2180
f 2328 2184 2251
f 2252 2185 2021
f 2378 2185 2252
f 2181 2187 2253
f 2255 2254 2376
f 2384 2262 2263
f 2329 2262 2384
f 2391 2274 2489
f 2391 2337 2274
f 2278 2341 2201
f 2340 2201 2341
f 2340 2200 2201
f 2200 2257 2256
f 2257 2342 2256
f 2342 2202 2256
f 2342 2258 2202
f 2187 2205 2344
f 2205 2343 2344
f 2346 2280 2281
f 2205 2280 2343
f 2346 2281 2282
f 2346 2282 2347
f 2283 2347 2282
f 2261 2331 2260
f 2260 2331 2284
f 2259 2255 2330
f 2330 2261 2259
f 2330 2331 2261
f 2380 2284 2331
f 2263 2262 2188
f 2263 2188 2189
f 2264 2263 2189
f 2349 2263 2264
f 2123 2192 2269
f 2444 2192 2214
f 2446 2192 2444
f 2269 2192 2446
f 2445 2270 2269
f 2269 2446 2445
f 2269 2124 2123
f 2124 2269 2270
f 2270 2193 2124
f 2270 2350 2193
f 2350 2194 2193
f 2271 2218 2195
f 2194 2272 2195
f 2195 2272 2271
f 2194 2350 2272
f 2218 2271 2294
f 2197 2354 2336
f 2273 2220 2399
f 2197 2336 2390
f 2274 2275 2199
f 2199 2275 4102
f 2274 2337 2275
f 2276 4102 2275
f 2276 2275 2337
f 2274 2198 2489
f 2356 2276 2337
f 2276 2356 2277
f 2277 2125 2276
f 2306 2229 2453
f 2203 2202 2258
f 2258 2359 2203
f 2359 2150 2204
f 2279 2150 2359
f 2433 2229 2279
f 2433 2453 2229
f 2280 2206 2281
f 2206 2207 2281
f 2281 2207 2282
f 2282 2207 2283
f 2214 2215 2285
f 2292 2289 2155
f 2287 2285 2215
f 2217 2155 2289
f 2287 2286 2285
f 2286 2287 2288
f 2290 2286 2288
f 2289 2288 2217
f 2289 2290 2288
f 2292 2230 2291
f 2294 2158 1902
f 2293 2157 2158
f 2158 2294 2295
f 2293 2291 2157
f 2295 2293 2158
f 2220 2296 2399
f 2296 2222 2297
f 2297 2222 2231
f 2298 2297 2231
f 2298 2231 2308
f 2298 2308 2299
f 2308 2232 2299
f 2360 2299 2232
f 2233 2300 2410
f 2233 2410 2360
f 2300 2234 2410
f 2301 2402 2410
f 2234 2301 2410
f 2405 2303 2406
f 2303 2304 2406
f 2228 2307 2305
f 2306 2305 2307
f 2229 2306 2307
f 2232 2233 2360
f 2169 2763 2589
f 1999 2521 2361
f 2361 2172 1999
f 2235 2238 2310
f 2309 2310 2238
f 2236 2537 2366
f 2314 2241 2175
f 2240 2364 2363
f 2364 2240 2313
f 2239 2366 2365
f 2365 2313 2239
f 2314 2316 2539
f 2244 2103 2463
f 2369 2244 2463
f 2243 2244 2369
f 2243 2369 2367
f 2367 2368 2245
f 2367 2245 2243
f 2178 2317 2315
f 2007 2412 2317
f 2371 2107 2247
f 2372 2246 2413
f 2371 2412 2107
f 2246 2372 2247
f 2413 2246 2245
f 2368 2413 2245
f 2318 2248 2319
f 2549 2320 2318
f 2545 1933 2373
f 2318 2319 2549
f 2469 2321 2322
f 2472 2249 2253
f 2249 2324 2112
f 2249 2472 2324
f 2112 2324 2323
f 2323 2324 2374
f 2374 2325 2323
f 2332 2328 2790
f 2474 2378 2252
f 2378 2333 2185
f 2379 2431 2257
f 2187 2435 2253
f 2187 2496 2435
f 2496 2187 2344
f 2376 2330 2255
f 2331 2330 2382
f 2383 2384 2263
f 2263 2349 4105
f 2349 2385 4105
f 2385 2349 2264
f 2386 2385 2264
f 2264 2265 2386
f 2386 2265 2395
f 2391 2448 2337
f 2337 2448 2356
f 2357 2356 2492
f 2357 2492 2505
f 2338 2341 2339
f 2341 2278 2339
f 2358 2339 2278
f 2392 2200 2340
f 2341 2338 2340
f 2340 2338 2392
f 2379 2257 2200
f 2392 2379 2200
f 2431 2342 2257
f 2434 2359 2258
f 2436 2496 2393
f 2393 2345 2394
f 2345 2343 2280
f 2345 2280 2346
f 2344 2343 2496
f 2496 2343 2393
f 2393 2343 2345
f 2394 2346 2347
f 2394 2345 2346
f 2497 2394 2347
f 2347 2283 2348
f 2348 2497 2347
f 2213 2381 2348
f 2381 2284 2380
f 2213 2284 2381
f 2387 2267 2266
f 2396 2503 2214
f 2285 2396 2214
f 2447 2272 2350
f 2447 2351 2272
f 2351 2271 2272
f 2351 2352 2271
f 2271 2352 2294
f 2294 2352 2353
f 2356 2357 2277
f 2355 2302 2277
f 2357 2355 2277
f 2505 2355 2357
f 2403 2301 2302
f 2403 2302 2355
f 2224 2404 2358
f 2404 2224 2405
f 2306 2453 2407
f 2305 2306 2451
f 2407 2451 2306
f 2461 2292 2291
f 2291 2408 2461
f 2294 2353 2295
f 2353 2409 2295
f 2409 2293 2295
f 2408 2291 2293
f 2409 2456 2293
f 2456 2408 2293
f 2299 2457 2298
f 2399 2296 2297
f 2457 2299 2360
f 2362 2172 2361
f 2311 2532 2309
f 2362 2236 2172
f 2241 2462 2242
f 2367 2369 2464
f 2533 2311 2312
f 2536 2363 2364
f 2312 2607 2533
f 2312 2363 2607
f 2533 2532 2311
f 2313 2365 2364
f 2465 2368 2367
f 2413 2368 2465
f 2465 2367 2464
f 2316 2315 2370
f 2315 2317 4104
f 2317 2411 4104
f 2411 2317 2412
f 2247 2372 2371
f 2371 2372 2414
f 2466 2372 2413
f 2414 2372 2466
f 2415 2319 2321
f 2321 2469 2415
f 2008 1933 2545
f 2374 2467 2468
f 2467 2374 2324
f 2468 2325 2374
f 2375 2325 2468
f 2375 2376 2325
f 2416 2322 2326
f 2417 2326 2327
f 2327 2420 2417
f 2252 2329 2623
f 2377 2376 2375
f 2376 2254 2325
f 2376 2377 2330
f 2327 2117 2420
f 2383 2421 2384
f 2329 2384 2421
f 2333 2424 2422
f 2424 2333 2423
f 2335 2333 2422
f 2443 2388 2422
f 2342 2431 2432
f 2258 2342 2432
f 2497 2436 2394
f 2382 2437 2331
f 2377 2382 2330
f 2331 2437 2380
f 2440 2386 2395
f 2395 2267 2387
f 2388 2334 2335
f 2422 2388 2335
f 2389 2334 2388
f 2389 2268 2334
f 2443 2389 2388
f 2270 2445 2350
f 2445 2447 2350
f 2336 2570 2390
f 2354 2570 2336
f 2492 2356 2448
f 2429 2339 2449
f 2338 2339 2429
f 2449 2339 2358
f 2358 2404 2449
f 2359 2433 2279
f 2394 2436 2393
f 2397 2398 2513
f 2513 2398 2582
f 2582 2290 2289
f 2396 2397 2502
f 2502 2397 2513
f 2503 2444 2214
f 2397 2396 2285
f 2285 2286 2397
f 2398 2397 2286
f 2290 2398 2286
f 2582 2398 2290
f 2353 2455 2409
f 2352 2455 2353
f 2455 2456 2409
f 2273 2399 2400
f 2399 2297 2298
f 2400 2399 2518
f 2403 2401 2301
f 2401 2402 2301
f 2509 2404 2405
f 2406 2460 2405
f 2460 2406 2450
f 2451 2450 2305
f 2460 2509 2405
f 2406 2304 2450
f 2450 2304 2305
f 2289 2292 2514
f 2516 2292 2461
f 2672 2457 2360
f 2764 2171 2235
f 2235 2593 2764
f 2763 2169 2171
f 2521 1495 2589
f 2236 2362 2524
f 2524 2537 2236
f 2593 2310 2309
f 2593 2235 2310
f 2463 2464 2369
f 2607 2363 2536
f 2536 2364 2604
f 2365 2604 2364
f 2365 2366 2534
f 2534 2604 2365
f 2539 2531 2314
f 2411 2412 2618
f 2465 2679 2413
f 2679 2466 2413
f 2549 2544 2320
f 2373 2320 2544
f 2371 2618 2412
f 2548 2618 2371
f 2414 2548 2371
f 2549 2319 2415
f 4103 2470 2471
f 2472 2467 2324
f 2556 2377 2375
f 2416 2469 2322
f 2417 2418 2416
f 2326 2417 2416
f 2469 2416 2418
f 2417 2420 2419
f 2418 2417 4106
f 2418 4106 2629
f 2629 2419 2420
f 2623 2329 2780
f 2641 2780 2329
f 2475 2378 2474
f 2423 2378 2475
f 2555 2253 2564
f 2564 2253 2435
f 2478 2479 2437
f 2382 2478 2437
f 2479 2566 2380
f 2479 2380 2437
f 2421 2383 2438
f 2483 4107 2439
f 2439 2484 2483
f 2480 2421 2482
f 2421 2438 2482
f 2378 2423 2333
f 2424 2425 2422
f 2424 2423 2558
f 2422 2425 2426
f 2427 2443 2426
f 2422 2426 2443
f 2448 2391 2491
f 2489 2490 2391
f 2490 2491 2391
f 2448 2491 2492
f 2428 2392 2338
f 2429 2428 2338
f 2379 2392 2428
f 2430 2379 2428
f 2429 2449 2510
f 2430 2477 2431
f 2379 2430 2431
f 2428 2559 2430
f 2476 2477 2430
f 2476 2430 2559
f 2562 2434 2432
f 2359 2562 2433
f 2434 2258 2432
f 2359 2434 2562
f 2381 2380 2566
f 2566 2565 2381
f 2385 4107 4105
f 4107 2385 2439
f 2439 2385 2386
f 2386 2484 2439
f 2386 2440 2499
f 2499 2440 2395
f 2442 2266 2268
f 2427 2441 2443
f 2266 2500 2387
f 2500 2266 2442
f 2387 2500 2499
f 2499 2395 2387
f 2441 2389 2443
f 2441 2442 2268
f 2441 2268 2389
f 2396 2502 2503
f 2273 2504 2354
f 2400 2504 2273
f 2504 2570 2354
f 2510 2449 2508
f 2449 2404 2508
f 2452 2451 2407
f 2289 2514 2582
f 2514 2292 2516
f 2454 2456 2455
f 2454 2517 2456
f 2517 2408 2456
f 2455 2352 2660
f 2518 2576 2400
f 2519 2518 2458
f 2519 2458 2457
f 2399 2298 2518
f 2458 2518 2298
f 2458 2298 2457
f 2519 2457 2672
f 2410 2672 2360
f 2401 2520 2402
f 2459 2520 2401
f 2459 2401 2403
f 2515 2516 2461
f 2515 2461 2408
f 2522 2361 2521
f 2361 4110 2362
f 2529 2462 2241
f 2242 2462 2528
f 2463 2242 2528
f 2593 2309 2532
f 2537 2534 2366
f 2546 2539 2316
f 2531 2241 2314
f 2529 2241 2531
f 2547 2316 2370
f 2411 2547 4104
f 2546 2316 2547
f 2549 2415 2770
f 2770 2415 2469
f 2545 2373 2544
f 2250 2008 4108
f 2622 4108 2008
f 2418 2629 2469
f 2622 2553 4108
f 2693 2328 2251
f 2470 4122 2471
f 2623 2624 2252
f 2474 2252 2624
f 2554 2474 2624
f 2473 2472 2253
f 2473 2253 2555
f 2375 2468 2552
f 2377 2556 2478
f 2475 2474 2554
f 2423 2475 2558
f 2475 2642 2558
f 2476 2561 2477
f 2564 2496 2436
f 2435 2496 2564
f 2478 2382 2377
f 2480 2637 2421
f 2481 2480 2483
f 2480 4109 2483
f 4109 4107 2483
f 2641 2329 2421
f 2481 2483 2484
f 2637 2641 2421
f 2484 2386 2569
f 2484 2567 2481
f 2486 2426 2425
f 2486 2488 2427
f 2486 2427 2426
f 2488 2441 2427
f 2485 2424 2558
f 2485 2425 2424
f 2488 2501 2441
f 2487 2425 2485
f 2486 2425 2487
f 2659 2658 2501
f 2659 2501 2488
f 2646 2490 2489
f 2646 2647 2490
f 2490 2647 2491
f 2492 2662 2505
f 2491 2647 2492
f 2494 2495 2650
f 2510 2493 2495
f 2559 2428 2494
f 2494 2428 2429
f 2510 2494 2429
f 2510 2495 2494
f 2433 2562 2746
f 2433 2746 2453
f 2453 2746 2571
f 2497 2573 2436
f 2498 2497 2348
f 2573 2497 2498
f 2501 2442 2441
f 2501 2500 2442
f 2658 2500 2501
f 2952 2660 2352
f 2454 2660 2574
f 2506 2459 2403
f 2459 2506 2577
f 2505 2662 2507
f 2505 2507 2355
f 2507 2506 2355
f 2506 2507 2671
f 2355 2506 2403
f 2508 2404 2509
f 2508 2493 2510
f 2512 2508 2509
f 2493 2508 2511
f 2508 2512 2511
f 2460 2512 2509
f 2460 2450 2579
f 2452 2572 2581
f 2452 2581 2451
f 2451 2579 2450
f 2579 2451 2580
f 2580 2451 2581
f 2453 2452 2407
f 2572 2452 2453
f 2517 2585 2515
f 2583 2514 2516
f 2516 2515 2584
f 2516 2584 2583
f 2454 2455 2660
f 2517 2515 2408
f 2518 2586 2576
f 2518 2519 2586
f 2587 2586 2519
f 2672 2410 2588
f 2578 2588 2410
f 2578 2410 2402
f 2402 2520 2578
f 2577 2578 2520
f 2577 2520 2459
f 2521 2589 2591
f 2590 2521 2591
f 2521 2590 2596
f 2764 2763 2171
f 4110 2523 2362
f 2523 2524 2362
f 2596 2522 2521
f 2525 4110 2596
f 2525 2523 4110
f 2525 2524 2523
f 2597 2525 2596
f 2525 2526 2524
f 2524 2526 2537
f 2538 2531 2539
f 2597 2594 2525
f 2594 2526 2525
f 2527 4111 4123
f 4113 2598 2531
f 4113 2531 2538
f 4114 4115 4112
f 2462 2529 2528
f 2529 2531 2530
f 2529 2530 2528
f 2530 2531 2598
f 2540 2534 2537
f 2540 2535 2534
f 2534 2535 2604
f 2540 2541 2605
f 2536 2608 2607
f 2535 2605 2604
f 2605 2535 2540
f 2539 2546 2543
f 4116 2537 2526
f 2537 4116 2540
f 2542 2538 2539
f 2542 2539 2543
f 2540 4116 2541
f 4117 4120 4118
f 2543 2615 2542
f 2544 2686 2545
f 2615 2546 2547
f 2543 2546 2615
f 2616 2615 2547
f 2617 2547 2411
f 2618 2617 2411
f 2547 2617 2616
f 2688 2618 2548
f 2688 2548 2414
f 2696 2467 2472
f 2696 2550 2467
f 2550 2468 2467
f 2626 2468 2550
f 2696 2627 2550
f 2626 2550 2627
f 2468 2551 2552
f 2626 2551 2468
f 2628 2556 2551
f 2552 2551 2556
f 2471 2693 2251
f 2553 2622 2779
f 4122 2779 2471
f 2556 2375 2552
f 2635 2557 2556
f 2636 2557 2635
f 2557 2636 2566
f 2557 2478 2556
f 2332 2788 2117
f 2420 2117 2788
f 2475 2630 2631
f 2643 2558 2642
f 2558 2643 2485
f 2643 2487 2485
f 2645 2486 2487
f 2650 2559 2494
f 2560 2477 2561
f 2559 2649 2476
f 2561 2476 2649
f 2477 2560 2431
f 2560 2432 2431
f 2560 2562 2432
f 2562 2560 2712
f 2563 2564 2436
f 2563 2436 2573
f 2652 2564 2563
f 2652 2563 2573
f 2653 2652 2573
f 2348 2565 2498
f 2573 2498 2653
f 2478 2557 2479
f 2381 2565 2348
f 2557 2566 2479
f 2863 2565 2566
f 2637 2480 2638
f 2638 2480 2481
f 2640 2638 2481
f 2567 2640 2481
f 2569 2654 2568
f 2567 2568 2654
f 2640 2567 2654
f 2567 2484 2568
f 2568 2484 2569
f 2656 2569 2386
f 2656 2386 2499
f 2879 2445 2446
f 2445 2743 2447
f 2447 2743 2351
f 2351 2952 2352
f 2570 2744 2390
f 2489 2390 2744
f 2647 2661 2492
f 2661 2662 2492
f 2671 2507 2662
f 2493 2664 2650
f 2495 2493 2650
f 2493 2511 2664
f 2663 2511 2512
f 2580 2581 2841
f 2572 2453 2571
f 2759 2581 2572
f 2658 2499 2500
f 2666 2503 2665
f 2444 2503 2666
f 2513 2582 2842
f 2575 2454 2574
f 2454 2575 2517
f 2660 2575 2574
f 2575 2585 2517
f 2577 2975 2578
f 2671 2577 2506
f 2512 2579 2840
f 2512 2460 2579
f 2840 2579 2580
f 2843 2514 2583
f 2515 2585 2584
f 2670 2576 2586
f 2672 2587 2519
f 2596 2590 2599
f 2591 2589 2765
f 2590 2591 2592
f 2599 2590 2592
f 2599 2592 2597
f 2765 2673 2591
f 2591 2673 2592
f 2674 2592 2673
f 2849 2764 2593
f 2849 2593 2684
f 4123 4124 2595
f 2527 4123 2595
f 4125 2527 2595
f 2599 2597 2596
f 2600 2597 2592
f 4126 2595 4124
f 2595 2600 4125
f 2601 2530 2598
f 2601 2528 2530
f 2463 2602 2675
f 2601 4125 2600
f 2602 2528 2601
f 2528 2602 2463
f 2603 2600 2592
f 2603 2601 2600
f 2603 2602 2601
f 2592 2674 2603
f 2603 2674 2602
f 2464 2678 2465
f 2678 2679 2465
f 2684 2593 2532
f 2683 2684 2532
f 2683 2532 2533
f 2685 2683 2533
f 2541 2606 2605
f 2614 4127 4119
f 2608 2604 2606
f 2604 2605 2606
f 2608 2536 2604
f 2608 4127 2610
f 2610 4127 2609
f 2609 4127 2614
f 2615 4128 4129
f 2607 2685 2533
f 2610 2609 2611
f 4128 2615 2611
f 2619 2611 2615
f 2685 2607 2612
f 2612 2607 2608
f 2608 2610 2612
f 2612 2610 2611
f 2619 2613 2611
f 2612 2611 2613
f 2612 2613 2620
f 2612 2620 2685
f 4121 2614 4119
f 2542 2615 4129
f 2621 2545 2686
f 2545 2621 2008
f 2621 2771 2622
f 2620 2613 2619
f 2619 2615 2616
f 2619 2616 2617
f 2620 2619 2617
f 2618 2620 2617
f 2618 2688 2620
f 2689 2414 2466
f 2692 2770 2469
f 2692 2469 2691
f 2621 2622 2008
f 2781 2624 2623
f 2554 2624 2695
f 2472 2473 2625
f 2625 2473 2634
f 2625 2696 2472
f 2626 2628 2551
f 2691 2469 2629
f 2697 2629 2420
f 2697 2420 2787
f 2781 2623 2780
f 2630 2475 2554
f 2554 2695 2630
f 2630 2695 2698
f 2632 2630 2698
f 2632 2631 2630
f 2702 2631 2632
f 2632 2698 2701
f 2632 2701 2702
f 2631 2707 2633
f 2475 2633 2708
f 2709 2649 2648
f 2473 2555 2634
f 2634 2555 2651
f 2566 2636 2863
f 2861 2635 2556
f 2861 2636 2635
f 2638 2639 2637
f 2637 4130 2641
f 2638 2716 2639
f 2716 2638 2640
f 2715 2716 2640
f 2654 2715 2640
f 2713 2641 4130
f 2655 2718 2656
f 2475 2631 2633
f 2475 2708 2642
f 2642 2708 2643
f 2487 2643 2644
f 2644 2643 2740
f 2742 2644 2740
f 2644 2742 2645
f 2645 2488 2486
f 2659 2488 2645
f 2644 2645 2487
f 2879 2743 2445
f 2489 2744 2646
f 2648 2559 2650
f 2709 2648 2650
f 2650 2664 2799
f 2711 2560 2561
f 2648 2649 2559
f 2710 2561 2649
f 2560 2711 2712
f 2710 2711 2561
f 2746 2562 2712
f 2555 2564 2651
f 2748 2564 2652
f 2653 4136 2652
f 4136 2653 2750
f 2749 2750 2653
f 2564 2748 2651
f 2498 2749 2653
f 2890 2565 2863
f 2718 2654 2569
f 2569 2656 2718
f 2657 2656 2752
f 2657 2723 2655
f 2657 2655 2656
f 2656 2499 2753
f 2753 2752 2656
f 2753 2499 2756
f 2659 2833 2658
f 2662 2919 2671
f 2919 2662 2899
f 2662 2661 2899
f 2758 2663 2757
f 2758 2664 2663
f 2663 2664 2511
f 2757 2663 2512
f 2757 2512 2840
f 2840 2580 2841
f 2746 2760 2571
f 2760 2759 2572
f 2571 2760 2572
f 2665 2503 2502
f 2668 2502 2513
f 2668 2513 2842
f 2667 2837 2666
f 2665 2667 2666
f 2665 2502 2667
f 2668 2667 2502
f 2514 2842 2582
f 2842 2514 2843
f 2660 2669 2575
f 2843 2584 2844
f 2575 2844 2585
f 2669 2660 2973
f 2761 2586 2587
f 2761 2670 2586
f 2587 2672 3046
f 3046 2588 2578
f 2671 2919 2577
f 2843 2583 2584
f 2585 2844 2584
f 2672 2588 3046
f 2762 2589 2763
f 2762 2765 2589
f 2847 2762 2763
f 2673 2675 2674
f 2674 2675 2602
f 2767 2680 2675
f 2766 2767 2675
f 2673 2766 2675
f 2677 2463 2675
f 2464 2463 2677
f 2677 2678 2464
f 2680 2677 2675
f 2677 2680 2681
f 2681 2678 2677
f 2682 2679 2678
f 2681 2682 2678
f 2850 2769 2679
f 2680 2767 2676
f 2676 2681 2680
f 2676 2848 2681
f 2681 2848 2682
f 3056 2683 2685
f 2977 2684 2683
f 2683 3056 2977
f 2769 2466 2679
f 2549 2768 2544
f 2544 2768 2686
f 2622 2771 2772
f 2769 2689 2466
f 2689 2687 2414
f 2414 2687 2688
f 2776 2691 2690
f 2776 2690 2697
f 2692 2691 2777
f 2777 2691 2776
f 2776 2697 2778
f 2777 2770 2692
f 4139 2779 2622
f 2773 2627 2696
f 2785 2773 2696
f 2775 2626 2627
f 2785 2696 2625
f 2691 2629 2690
f 2629 2697 2690
f 2788 2787 2420
f 2789 2790 2328
f 2328 2693 2789
f 2780 2641 2791
f 2791 2641 2713
f 2870 2795 2728
f 2701 2698 2699
f 2704 2701 2699
f 2783 2699 2698
f 2727 2704 2700
f 2700 2704 2699
f 2700 2699 2784
f 2728 2724 2700
f 2870 2728 2700
f 2784 2870 2700
f 2705 2631 2702
f 2702 2701 2704
f 2729 2703 2704
f 2703 2702 2704
f 2732 2702 2703
f 4131 2702 2732
f 2729 2732 2703
f 2729 2704 2727
f 2631 4131 2706
f 4131 2737 2706
f 2796 2797 2706
f 2796 4132 2806
f 2707 2708 2633
f 2706 2707 2631
f 2797 2707 2706
f 2707 2797 2708
f 2797 2873 2708
f 2800 2884 2710
f 2709 2800 2649
f 2649 2800 2710
f 2884 2711 2710
f 2712 2802 2746
f 2803 2651 2748
f 2634 2651 3073
f 2714 2713 2716
f 2793 2714 2867
f 2793 2713 2714
f 2713 2639 2716
f 2714 2716 2715
f 2867 2714 2715
f 2718 2720 2717
f 2654 2717 2715
f 2717 2654 2718
f 2719 2720 2723
f 2655 2720 2718
f 2723 2720 2655
f 2725 2721 2719
f 2722 2719 2721
f 2720 2719 2722
f 2795 2721 2728
f 2721 2795 2722
f 2717 2720 2722
f 2717 2722 2795
f 2657 2751 2723
f 2726 2751 2731
f 2719 2723 2725
f 2723 2751 2725
f 2751 2726 2725
f 2724 2727 2700
f 2727 2724 2729
f 2725 2726 2724
f 2729 2724 2733
f 2724 2726 2733
f 2733 2726 2730
f 2726 2731 2730
f 2725 2724 2728
f 2728 2721 2725
f 2733 2730 2735
f 2732 2734 4131
f 4131 2734 2737
f 2729 2733 2732
f 2732 2733 2735
f 2732 2735 2734
f 2735 2730 2736
f 2736 2730 2731
f 2736 2731 2754
f 2738 2734 2735
f 4133 2738 2735
f 2737 2734 2738
f 2806 4132 2737
f 2805 2737 2738
f 2739 2738 4133
f 2826 4135 4134
f 2807 2738 4135
f 2809 4135 2826
f 2893 2645 2742
f 2659 2645 4156
f 2708 2874 2741
f 2643 2708 2741
f 2740 2643 2741
f 2741 2874 2742
f 2741 2742 2740
f 2742 2874 2798
f 2798 2893 2742
f 2446 2444 2822
f 2446 2822 2879
f 2951 2351 2743
f 2952 2351 2951
f 2823 3032 2570
f 2570 3032 2744
f 2882 2647 2646
f 2744 3032 2646
f 2745 2758 2824
f 2709 2650 2799
f 2799 2664 2745
f 2746 2802 2747
f 2746 2747 2760
f 4136 2750 2889
f 2498 2565 2890
f 2749 2889 2750
f 2731 2751 2752
f 2752 2751 2657
f 2752 2754 2731
f 2753 4137 2752
f 2756 4137 2753
f 4134 4138 2826
f 2756 2826 4137
f 2755 2756 2499
f 2499 2658 2755
f 2658 2828 2755
f 2833 2828 2658
f 2822 2666 2837
f 2829 2833 2659
f 2444 2666 2822
f 2576 2918 2839
f 2576 2839 2400
f 2839 2504 2400
f 2900 2758 2757
f 2900 2757 2840
f 2745 2664 2758
f 2581 2759 2841
f 2836 2668 2842
f 2973 2575 2669
f 2976 2975 2577
f 2976 2577 2919
f 2847 2765 2762
f 2763 2764 2846
f 2763 2846 2847
f 2673 2765 2766
f 3116 2764 2849
f 2848 2676 2767
f 2682 2850 2679
f 2853 2769 2850
f 2768 2549 2770
f 2621 2851 2771
f 2686 2851 2621
f 2771 2851 2926
f 2772 2771 2926
f 2773 2774 2627
f 2774 2775 2627
f 3005 2773 2785
f 2860 3005 2785
f 2935 2626 2775
f 2687 2852 2688
f 2930 2770 2777
f 2693 2856 2789
f 2693 2471 2779
f 2779 2856 2693
f 2854 2856 2779
f 2791 3002 2780
f 2781 2782 2624
f 2624 2694 2695
f 2782 2694 2624
f 2695 2783 2698
f 2694 2855 2695
f 2855 2783 2695
f 2857 2783 2855
f 2860 2786 3003
f 2786 3073 3003
f 3073 2786 2634
f 2625 2634 2786
f 2786 2785 2625
f 2860 2785 2786
f 2936 2556 2628
f 2862 2636 2861
f 2863 2636 2862
f 2778 2697 2787
f 2938 2787 2788
f 2788 3064 2938
f 2790 2789 2856
f 2332 2790 2788
f 2713 2793 2792
f 2791 2713 2792
f 2792 2866 2791
f 2793 4155 2792
f 2791 2866 2865
f 2794 2717 2869
f 2717 2795 2869
f 2783 2784 2699
f 2806 2871 2796
f 2874 2708 2873
f 2796 2873 2797
f 2798 2874 2875
f 2798 2875 2893
f 2709 2859 2800
f 2800 2859 2884
f 2709 2799 2886
f 2709 2886 2859
f 2884 2946 2801
f 2802 2712 2801
f 2887 3025 2802
f 2887 2802 2801
f 2887 2801 2946
f 2884 2801 2711
f 2801 2712 2711
f 3144 2651 2803
f 2889 2803 4136
f 2749 2498 2890
f 2804 2867 2715
f 2794 2715 2717
f 2715 2794 2804
f 2806 2737 2808
f 2808 2737 2805
f 2808 2805 2807
f 2807 2805 2738
f 4135 2809 2807
f 2806 2808 2892
f 2807 2809 2810
f 2810 2811 2808
f 2808 2807 2810
f 2810 2809 2812
f 2808 2811 2892
f 2810 2891 2811
f 2891 2810 2812
f 2816 2813 2830
f 2813 2832 2830
f 4140 2834 4151
f 4156 2814 2659
f 2814 2829 2659
f 2822 2837 2821
f 2894 2822 2818
f 2830 2829 2814
f 2818 2822 2821
f 4156 2815 2814
f 2894 2880 2822
f 2830 2814 2816
f 2816 2814 2815
f 2821 2819 2818
f 2817 4157 2895
f 2817 4143 4157
f 2894 2818 2896
f 4144 4143 2817
f 2817 4147 4144
f 2819 4146 2818
f 4145 4148 2820
f 2819 2821 4149
f 4145 2820 4141
f 4149 2821 4142
f 2834 4140 4150
f 2879 2822 2880
f 2897 2504 2839
f 2570 2504 2897
f 2839 2965 2897
f 2661 2647 2898
f 2898 2647 2882
f 2745 2883 2799
f 2824 2883 2745
f 2747 2802 2888
f 2888 2825 2747
f 2747 2825 2760
f 2760 2825 2902
f 2888 2903 2825
f 2756 2755 2826
f 2812 2809 2826
f 2827 2812 2826
f 2755 2827 2826
f 2960 2812 2827
f 2755 2905 2827
f 2828 2831 2755
f 2833 2829 2830
f 2831 2905 2755
f 2830 2832 2833
f 2905 2831 2906
f 2906 2831 2833
f 2828 2833 2831
f 4152 4153 2907
f 2908 2833 2907
f 2833 2832 4159
f 4154 2837 2909
f 2910 2905 2906
f 2906 2833 2908
f 2909 2837 2838
f 2837 2667 2835
f 2835 2667 2668
f 2835 2668 2836
f 2837 2835 2838
f 2835 2836 2838
f 2836 2842 2913
f 2837 4154 2821
f 2913 2838 2836
f 2842 2917 2913
f 2963 2973 2660
f 2576 2670 2918
f 2900 2824 2758
f 2902 2759 2760
f 2841 2759 2902
f 2844 2575 2973
f 2670 2761 2845
f 2670 2845 2974
f 2587 2845 2761
f 2918 2670 2974
f 3046 2974 2845
f 3046 2845 2587
f 2766 2765 2920
f 2920 2767 2766
f 3055 2684 2977
f 3055 3116 2684
f 3116 2849 2684
f 2850 2682 2848
f 2925 2768 2770
f 2925 2770 2979
f 2851 2686 2926
f 2620 2688 2928
f 2853 2689 2769
f 2853 2852 2687
f 2853 2687 2689
f 2928 2688 2852
f 2927 2772 2926
f 4139 4161 2779
f 2932 2854 2779
f 2989 2780 3002
f 2780 2989 2781
f 2694 2782 2855
f 3004 2774 2773
f 3005 3004 2773
f 3003 3005 2860
f 3004 3006 2774
f 3006 2775 2774
f 3006 3063 2775
f 2775 3063 2935
f 2935 2936 2628
f 2935 2628 2626
f 2776 2930 2777
f 2787 2938 2778
f 2856 2939 2790
f 3002 2791 2864
f 2998 3002 2864
f 2795 2940 2941
f 2783 2857 2784
f 2858 2784 2857
f 2858 2870 2784
f 2858 2940 2870
f 3020 2940 2858
f 2947 2862 2861
f 2936 2861 2556
f 2790 2939 2788
f 2948 2865 2866
f 2867 4155 2793
f 2864 2865 2948
f 2791 2865 2864
f 4162 4155 2867
f 2804 2868 2867
f 2867 2868 3016
f 2868 2804 3016
f 2804 2794 3016
f 2940 2795 2870
f 2871 2872 2796
f 2872 2873 2796
f 2871 2806 2892
f 2877 2874 2949
f 2949 2874 2873
f 2875 2874 2876
f 2893 2875 2876
f 2877 2876 2874
f 2878 2876 2877
f 2878 4158 2876
f 2878 2880 4158
f 2880 2896 4158
f 2878 2877 2881
f 2880 2878 2881
f 2949 2881 2877
f 2950 2880 2881
f 2880 2950 2879
f 2950 2951 2879
f 2950 2881 2949
f 2949 2951 2950
f 2879 2951 2743
f 2799 2883 2885
f 2885 2944 2886
f 2885 2883 2944
f 2886 2945 2859
f 2859 3022 2884
f 2946 2884 3022
f 2799 2885 2886
f 3025 2887 2946
f 3025 2888 2802
f 2749 2890 3034
f 2889 3144 2803
f 2889 2749 3034
f 2811 2891 3029
f 2891 2812 2959
f 3029 2891 2959
f 2960 2959 2812
f 2968 2960 2827
f 2876 4158 2893
f 2894 2896 2880
f 4158 2896 4146
f 2896 2818 4146
f 2953 2897 2964
f 2897 2965 2964
f 2570 2897 2823
f 3032 2823 2953
f 2823 2897 2953
f 2898 2899 2661
f 2966 2824 2900
f 2901 3104 2840
f 2901 2841 2904
f 2825 2903 2902
f 2841 2901 2840
f 2888 2958 2903
f 2958 2967 2903
f 2967 2902 2903
f 2902 2904 2841
f 2827 2905 2968
f 2968 2905 2915
f 2968 2915 2969
f 4153 2909 2907
f 2909 2838 2913
f 2905 2910 2915
f 2910 2906 2908
f 2908 2907 2911
f 2911 2907 2912
f 2912 2907 2909
f 2912 2909 2913
f 2915 2910 2914
f 2910 2908 2914
f 2908 2911 2914
f 2916 2914 2912
f 2914 2911 2912
f 2916 2912 2913
f 2917 2969 2916
f 2917 2916 2913
f 2914 2969 2915
f 2969 2914 2916
f 2843 2971 2842
f 2963 2660 2952
f 2918 2965 2839
f 2844 2972 2843
f 3115 2765 2847
f 3167 2765 3115
f 3114 2847 2846
f 2921 2767 2920
f 2921 2920 3167
f 2921 2848 2767
f 2922 2850 2848
f 4160 2922 2848
f 2850 2922 2853
f 2924 2686 2768
f 2925 2923 2768
f 2768 2923 2924
f 2980 2686 2924
f 3057 2686 2980
f 2926 2686 3057
f 2926 3057 2982
f 2927 2926 2982
f 2982 2981 4161
f 4161 2981 2779
f 2989 2988 2782
f 2988 2991 2782
f 2991 2855 2782
f 2978 2685 2928
f 2685 2620 2928
f 2929 2853 3226
f 2853 2929 2852
f 2937 2930 2776
f 2931 2994 2930
f 2937 2931 2930
f 2937 2993 2931
f 2994 2931 2993
f 2932 2995 2999
f 2981 2932 2779
f 2932 2981 2995
f 2989 2782 2781
f 2933 2857 2855
f 3247 2935 3063
f 3133 2936 2935
f 2937 2776 2778
f 2778 2938 2937
f 2937 2938 4165
f 3289 4165 2938
f 3289 2938 3064
f 3009 2939 3007
f 3009 3064 2788
f 2788 2939 3009
f 2856 2932 3011
f 3007 2856 3011
f 3007 2939 2856
f 2932 2856 2854
f 2864 3018 3010
f 2998 2864 3010
f 2864 2948 3018
f 4162 2867 3018
f 2933 2934 2857
f 2795 2941 2869
f 2934 3020 2858
f 2941 2940 3019
f 2857 2934 2858
f 2871 3021 2872
f 2942 2871 2892
f 2942 3021 2871
f 2951 2949 3129
f 2945 3022 2859
f 2886 2944 2943
f 2943 2945 2886
f 3023 2946 3022
f 3073 2651 3026
f 3144 3026 2651
f 2863 3028 3094
f 2890 2863 3094
f 2936 2947 2861
f 2947 3028 2862
f 2862 3028 2863
f 3016 3015 2867
f 2794 2869 3081
f 2794 3081 3016
f 2953 3098 3032
f 2954 2955 2882
f 2955 2898 2882
f 2882 2646 2954
f 2955 2956 2898
f 2899 2898 2956
f 2824 2957 2883
f 2957 2944 2883
f 2957 2824 2966
f 2888 3105 2958
f 3030 2959 2960
f 2968 2961 2960
f 3035 2961 2962
f 3108 2976 3037
f 3039 2976 3108
f 2899 3037 2919
f 3037 2899 2956
f 3037 2976 2919
f 3103 2900 2840
f 3102 2966 2900
f 3102 2900 3103
f 3103 2840 3104
f 3104 2901 3213
f 3213 2901 2904
f 2967 3213 2904
f 2967 2904 2902
f 2961 2968 2969
f 2961 2969 2962
f 2970 2962 2969
f 2917 2971 2970
f 2970 2969 2917
f 3041 2970 2971
f 2917 2842 2971
f 2843 2972 2971
f 3043 2844 2973
f 3209 2918 3044
f 3044 2918 2974
f 2578 3047 3046
f 3044 2974 3045
f 3045 2974 3046
f 3039 2975 2976
f 2920 2765 3167
f 2923 3053 2924
f 3057 2980 3118
f 3056 3055 2977
f 2978 3056 2685
f 3121 3224 2978
f 3170 3226 2853
f 2853 2922 3170
f 3052 2925 2979
f 2923 2925 3052
f 3051 3052 2979
f 3051 2979 3123
f 2982 2984 2981
f 2984 2983 2981
f 2996 4163 3001
f 4167 2981 2983
f 2984 2982 3057
f 2990 3001 4163
f 2986 2984 3057
f 4164 2984 2985
f 2985 2984 2986
f 2990 4163 2985
f 3058 2986 3057
f 2987 2985 2986
f 3057 3054 3058
f 2985 2987 3059
f 4173 2990 3002
f 2989 2990 3059
f 2990 2989 3002
f 3061 3119 2988
f 2988 3119 2991
f 3059 2990 2985
f 2989 3059 3061
f 2988 2989 3061
f 2991 2992 2855
f 2992 3228 3062
f 2978 2928 3121
f 2852 3121 2928
f 3121 2852 2929
f 2994 3233 3123
f 2770 2930 2979
f 3123 2979 2930
f 2930 2994 3123
f 2994 2993 3233
f 3289 4190 4165
f 3000 2932 2999
f 3000 3011 2932
f 2997 4166 2981
f 4170 4166 2997
f 2997 2981 4167
f 3001 4169 2996
f 4169 4168 2996
f 4168 4169 4171
f 4171 3012 4172
f 3012 4171 4169
f 4175 4172 3012
f 2998 4173 3002
f 2992 3062 2855
f 2933 2855 3062
f 3020 3069 3019
f 3062 2934 2933
f 2934 3071 3020
f 3124 3004 3005
f 3003 3132 3005
f 3004 3124 3006
f 2947 2936 3074
f 3007 3013 3008
f 3008 3065 3007
f 3017 3065 4174
f 3065 3009 3007
f 3076 3065 3017
f 4177 2998 3010
f 3007 3011 3013
f 4176 4178 4180
f 4179 3014 4181
f 4177 3010 4183
f 3010 3018 4183
f 4174 4182 3017
f 3017 4182 4184
f 3018 4185 4183
f 3079 2867 3015
f 4185 3018 3077
f 3079 3018 2867
f 3079 3077 3018
f 3016 3079 3015
f 3020 3019 2940
f 2942 3236 3021
f 2949 2873 3085
f 2872 3085 2873
f 3129 2949 3085
f 2952 2951 3185
f 3089 2944 2957
f 3090 3023 3022
f 3089 3088 2944
f 2943 3022 2945
f 3025 3024 3091
f 3025 3091 3092
f 3024 2946 3023
f 3025 2946 3024
f 3026 3093 3073
f 3144 3093 3026
f 3027 2890 3094
f 2890 3027 3034
f 3084 2892 2811
f 3029 3084 2811
f 3029 2959 3030
f 3095 3029 3030
f 3084 3029 3095
f 3098 2964 3031
f 3098 2953 2964
f 3032 3098 3087
f 2954 2646 3032
f 3086 2954 3032
f 3033 2954 3086
f 2955 2954 3033
f 3033 3100 2955
f 2956 2955 3100
f 3038 2956 3099
f 2957 2966 3101
f 2966 3102 3101
f 2958 3212 2967
f 3212 3213 2967
f 3271 2889 3034
f 3030 2960 3036
f 3036 2960 2961
f 2961 3035 3036
f 3153 3040 3155
f 3154 3042 3043
f 2963 3147 2973
f 2964 2965 3031
f 2965 2918 3031
f 2918 3209 3031
f 3039 3048 2975
f 3039 3109 3048
f 3108 3037 3038
f 2956 3038 3037
f 2971 2972 3041
f 2962 2970 3040
f 3040 2970 3041
f 2962 3040 3153
f 3155 3040 3041
f 2972 3042 3041
f 3155 3041 3042
f 3042 3154 3155
f 2972 2844 3043
f 3043 3042 2972
f 3111 3044 3045
f 3112 3111 3045
f 3112 3046 3113
f 3112 3045 3046
f 2578 3048 3047
f 2975 3048 2578
f 3114 2846 2764
f 3049 2847 3114
f 3114 2764 3050
f 3049 3115 2847
f 3167 3165 2921
f 3116 3172 3173
f 3116 3173 3050
f 3050 2764 3116
f 2923 3052 3053
f 2924 3053 3117
f 3117 2980 2924
f 3117 3118 2980
f 3118 3054 3057
f 3120 3116 3055
f 3120 3055 3056
f 2978 3224 3056
f 2929 3226 3122
f 3122 3121 2929
f 3060 3061 3059
f 3060 2987 2986
f 3059 2987 3060
f 3060 3058 3054
f 3060 2986 3058
f 3060 3054 3061
f 3061 3054 3119
f 2992 2991 3119
f 3062 3228 3071
f 3065 3066 3009
f 3009 3066 3064
f 3066 3065 3067
f 3065 3076 3067
f 3064 3066 3125
f 3066 3067 3125
f 3068 3125 3067
f 3126 3068 3078
f 3071 3178 3069
f 3070 3083 2941
f 3019 3070 2941
f 3069 3070 3019
f 3070 3127 3083
f 3062 3071 2934
f 3020 3071 3069
f 3130 3072 3022
f 3072 3194 3090
f 3090 3194 3091
f 3072 3090 3022
f 3003 3196 3132
f 3073 3196 3003
f 3073 3195 3196
f 3124 3005 3132
f 3074 2936 3133
f 3074 3133 3198
f 3198 3075 3074
f 2947 3074 3075
f 3028 2947 3075
f 3077 3076 4185
f 3067 3076 3068
f 3076 3077 3068
f 3068 3077 3078
f 3078 3077 3079
f 3080 3078 3079
f 3079 3016 3080
f 3080 3016 3082
f 3082 3016 3081
f 3126 3078 3080
f 3082 3126 3080
f 3081 2869 3083
f 2941 3083 2869
f 3236 2942 2892
f 2951 3129 3185
f 3098 3031 3137
f 3087 3098 3139
f 3087 3086 3032
f 3033 3086 3188
f 3188 3100 3033
f 3130 3022 4186
f 3189 3130 4186
f 3088 3089 3189
f 2943 2944 3088
f 2943 4186 3022
f 3090 3024 3023
f 3090 3091 3024
f 2888 3142 3105
f 3092 3142 2888
f 3091 3193 3092
f 2888 3025 3092
f 3143 3093 3144
f 3271 3034 3272
f 3272 3027 3094
f 3272 3034 3027
f 3028 3075 3094
f 3097 3095 3030
f 3036 3097 3030
f 3096 3036 3035
f 3153 3096 3035
f 3036 3096 3097
f 2963 3208 3147
f 3099 2956 3100
f 3099 3110 3038
f 3099 3148 3110
f 3100 3148 3099
f 2958 3105 3212
f 3153 3035 2962
f 3106 3043 2973
f 3043 3106 3156
f 3156 3154 3043
f 2973 3147 3106
f 3107 3048 3109
f 3047 3048 3107
f 3158 3113 3107
f 3161 3158 3107
f 3038 3110 3108
f 3108 3109 3039
f 3110 3159 3108
f 3159 3160 3108
f 3160 3109 3108
f 3157 3209 3044
f 3157 3044 3111
f 3216 3157 3111
f 3216 3111 3112
f 3112 3162 3216
f 3047 3113 3046
f 3162 3112 3113
f 3113 3047 3107
f 3050 3164 3114
f 3114 3164 3049
f 3170 2922 4160
f 3172 3116 3171
f 3171 3116 3120
f 3164 3050 3173
f 3052 3051 3174
f 3123 3174 3051
f 3119 3054 3118
f 3232 3224 3121
f 3232 3121 3122
f 3071 3228 3178
f 3178 3179 3069
f 3132 3245 3124
f 3245 3246 3124
f 3006 3246 3063
f 3246 3006 3124
f 3125 3289 3064
f 3126 3181 3125
f 3125 3068 3126
f 3126 3082 3181
f 3083 3182 3081
f 3083 3127 3182
f 3182 3181 3081
f 3081 3181 3082
f 3177 3070 3179
f 3070 3177 3127
f 3179 3070 3069
f 3084 3184 2892
f 3184 3084 3183
f 3184 3236 2892
f 3021 3128 2872
f 3085 3128 3238
f 3085 2872 3128
f 3185 3129 3240
f 3089 3191 3189
f 3130 3131 3072
f 3131 3194 3072
f 3193 3091 3194
f 3073 3093 3195
f 3195 3093 3197
f 3133 2935 3247
f 3201 3200 3097
f 3084 3199 3183
f 3199 3084 3095
f 3097 3200 3095
f 3134 3208 2963
f 2952 3202 2963
f 3136 3135 3186
f 3136 3186 3137
f 3031 3135 3136
f 3136 3137 3031
f 3138 3187 3139
f 3138 3139 3098
f 3098 3137 3138
f 3139 3187 3140
f 3140 3086 3139
f 3086 3087 3139
f 3188 3086 3140
f 2957 3101 3141
f 2957 3141 3089
f 3149 3141 3101
f 3193 3257 3092
f 3142 3092 3257
f 3203 3197 3093
f 3143 3203 3093
f 3144 2889 3145
f 2889 3271 3145
f 3312 3094 3075
f 3201 3097 3096
f 3146 3096 3153
f 3146 3201 3096
f 3206 3146 3153
f 3147 3273 3106
f 3273 3156 3106
f 3031 3209 3135
f 3148 3276 3110
f 3101 3102 3149
f 3102 3103 3149
f 3150 3149 3103
f 3104 3150 3103
f 3151 3150 3104
f 3152 3151 3104
f 3213 3152 3104
f 3323 3151 3152
f 3155 3206 3153
f 3207 3206 3155
f 3207 3155 3154
f 3210 3209 3157
f 3210 3157 3214
f 3214 3157 3216
f 3162 3113 3158
f 3161 3219 3158
f 3107 3109 3161
f 3160 3161 3109
f 3110 3276 3159
f 3159 3211 3160
f 3160 3219 3161
f 3219 3160 3211
f 3164 3173 3382
f 3163 3115 3049
f 3164 3163 3049
f 3163 3167 3115
f 3166 2921 3165
f 3167 3168 3165
f 3170 4160 4187
f 4187 3169 3170
f 3165 4188 3166
f 3165 3168 4188
f 3052 3174 3220
f 3053 3052 3220
f 3117 3221 3279
f 3221 3053 3220
f 3221 3117 3053
f 3171 3056 3223
f 3223 3172 3171
f 3056 3224 4189
f 3123 3457 3174
f 3220 3174 3457
f 3118 3117 3119
f 3175 3119 3117
f 3175 3117 3222
f 3228 2992 3175
f 3119 3175 2992
f 3171 3120 3056
f 3225 3224 3232
f 3181 3176 3347
f 3176 3177 3180
f 3179 3180 3177
f 3238 3128 3021
f 3239 3085 3238
f 3239 3129 3085
f 3240 3129 3239
f 3305 3246 3245
f 3246 3247 3063
f 3248 3133 3247
f 3248 3249 3133
f 3198 3133 3249
f 3235 3289 3125
f 3125 3181 3235
f 3127 3176 3182
f 3182 3176 3181
f 3176 3127 3177
f 3250 3183 3199
f 3183 3250 3184
f 3308 3250 3199
f 3308 3199 3200
f 3185 3295 3202
f 3202 3318 3134
f 2952 3185 3202
f 3135 3297 3186
f 3251 3140 3187
f 3251 3188 3140
f 3189 3241 3130
f 3130 4192 3190
f 3190 3192 3194
f 3193 3194 3192
f 3190 3131 3130
f 3190 3194 3131
f 3260 3198 3249
f 3198 3260 3075
f 3095 3200 3199
f 3314 3201 3146
f 3202 3134 2963
f 3134 3318 3208
f 3252 3263 3148
f 3100 3188 3252
f 3252 3148 3100
f 3148 3263 3379
f 3141 3264 3089
f 3191 3089 3309
f 3141 3149 3264
f 3089 3264 3309
f 3149 3150 3319
f 3150 3322 3319
f 3150 3151 3322
f 3322 3151 3323
f 3142 3257 3267
f 3142 3267 3105
f 3105 3267 3212
f 3268 3203 3204
f 3268 3197 3203
f 3268 3204 3205
f 3269 3268 3205
f 3144 3204 3143
f 3204 3203 3143
f 3204 3144 3205
f 3205 3144 3145
f 3271 3270 3145
f 3269 3205 3270
f 3205 3145 3270
f 3315 3314 3146
f 3206 3315 3146
f 3207 3154 3274
f 3315 3206 3316
f 3316 3206 3207
f 3207 3274 3316
f 3274 3154 3156
f 3274 3156 3273
f 3208 3273 3147
f 3275 3210 3214
f 3211 3159 3276
f 3213 3212 3265
f 3265 3323 3152
f 3213 3265 3152
f 3275 3214 3215
f 3217 3216 3162
f 3215 3214 3216
f 3277 3215 3216
f 3217 3277 3216
f 3278 3277 3217
f 3218 3162 3158
f 3217 3162 3218
f 3158 3219 3218
f 3218 3219 3278
f 3218 3278 3217
f 3383 3163 3164
f 3221 3220 3331
f 3221 3331 3332
f 3332 3279 3221
f 3222 3117 3279
f 3222 3280 3175
f 3228 3175 3280
f 3387 3173 3281
f 3173 3172 3281
f 3281 3172 3223
f 3283 3122 3284
f 3122 3226 3284
f 3227 3123 3233
f 3472 3284 3226
f 3234 3227 3233
f 3226 3170 3472
f 3228 3229 3178
f 3178 3230 3179
f 3230 3178 3229
f 3179 3230 3337
f 3283 3225 3232
f 3122 3283 3232
f 3289 4191 4190
f 3347 3235 3181
f 3176 3180 3348
f 3348 3347 3176
f 3237 3292 3236
f 3021 3236 3292
f 3237 3236 3184
f 3021 3292 3231
f 3231 3238 3021
f 3293 3239 3238
f 3298 3187 3356
f 3254 3241 3189
f 3254 3300 3241
f 3302 3241 3300
f 3242 4192 3302
f 3242 3304 3192
f 3244 3259 3414
f 3414 3243 3244
f 3196 3244 3132
f 3259 3244 3196
f 3245 3132 3243
f 3132 3244 3243
f 3307 3248 3247
f 3306 3246 3305
f 3306 3247 3246
f 3307 3247 3306
f 3313 3260 3367
f 3367 3249 3248
f 3367 3260 3249
f 3201 3308 3200
f 3308 3201 3314
f 3240 3295 3185
f 3318 3202 3296
f 3295 3296 3202
f 3295 3403 3296
f 3137 3356 3138
f 3297 3137 3186
f 3138 3356 3187
f 3251 3187 3298
f 3253 3188 3299
f 3252 3188 3253
f 3299 3427 3253
f 3252 3253 3427
f 3251 3299 3188
f 3189 3191 3254
f 3191 3300 3254
f 3309 3255 3191
f 3242 3190 4192
f 3267 3256 3266
f 3193 3192 3304
f 3242 3192 3190
f 3256 3257 3193
f 3267 3257 3256
f 3258 3259 3195
f 3195 3259 3196
f 3195 3197 3258
f 3312 3272 3094
f 3208 3261 3273
f 3148 3379 3276
f 3263 3252 3379
f 3319 3264 3149
f 3267 3266 3265
f 3323 3265 3266
f 3212 3267 3265
f 3324 3269 3326
f 3271 3326 3269
f 3269 3324 3268
f 3327 3271 3272
f 3269 3270 3271
f 3261 3274 3273
f 3316 3274 3262
f 3261 3262 3274
f 3450 3275 3277
f 3277 3275 3215
f 3219 3377 3278
f 3219 3211 3377
f 3328 3163 3383
f 3328 3167 3163
f 3168 3167 3328
f 3382 3173 3387
f 3457 3331 3220
f 3279 3334 3222
f 3391 3229 3335
f 3280 3335 3228
f 3282 3281 3223
f 4189 3224 4193
f 4193 3224 3338
f 3338 3224 3225
f 3339 3387 3281
f 3339 3281 3282
f 3338 3339 4193
f 3225 3285 3338
f 3225 3283 3285
f 3472 3283 3284
f 3227 3457 3123
f 3286 3227 3234
f 3286 3287 3227
f 3286 3234 3288
f 4191 3289 4194
f 3457 3227 3287
f 3288 3287 3286
f 3290 3287 3288
f 3345 3457 3287
f 3290 3342 3345
f 3287 3290 3345
f 3343 3342 3290
f 3290 3291 3343
f 3290 4194 3291
f 3291 4194 3289
f 3341 3457 3345
f 3344 3343 3291
f 3289 3344 3291
f 3229 3337 3230
f 3179 3349 3180
f 3349 3348 3180
f 3228 3335 3229
f 3337 3349 3179
f 3391 3337 3229
f 3292 3350 3352
f 3292 3237 3350
f 3350 3237 3351
f 3351 3237 3360
f 3231 3292 3352
f 3352 3353 3231
f 3353 3293 3231
f 3293 3238 3231
f 3354 3239 3293
f 3239 3354 3294
f 3346 3289 3235
f 3360 3237 3184
f 3184 3250 3361
f 3360 3184 3361
f 3250 3308 3497
f 3240 3239 3294
f 3240 3294 3295
f 3294 3355 3295
f 3295 3355 3403
f 3298 3364 3299
f 3364 3427 3299
f 3298 3299 3251
f 3366 3365 3302
f 3366 3302 3300
f 3365 3303 3302
f 3302 3303 3242
f 4195 3304 3242
f 3365 3504 3303
f 4195 3504 3304
f 3307 3367 3248
f 3363 3209 3375
f 3135 3363 3297
f 3363 3135 3209
f 3252 3427 3567
f 3191 3301 3300
f 3301 3191 3255
f 3309 3264 3369
f 3266 3256 3512
f 3256 3193 3304
f 3370 3259 3258
f 3258 3310 3370
f 3197 3268 3324
f 3258 3197 3310
f 3324 3310 3197
f 3325 3310 3324
f 3271 3327 3326
f 3327 3272 3311
f 3311 3312 3373
f 3373 3312 3374
f 3311 3372 3327
f 3260 3313 3075
f 3075 3313 3312
f 3313 3374 3312
f 3311 3272 3312
f 3314 3315 3434
f 3434 3315 3316
f 3316 3262 3317
f 3317 3262 3261
f 3435 3434 3316
f 3316 3317 3435
f 3436 3261 3318
f 3317 3261 3435
f 3318 3261 3208
f 3209 3210 3375
f 3375 3210 3441
f 3275 3441 3210
f 3369 3264 3319
f 3369 3319 3444
f 3319 3320 3444
f 3322 3320 3319
f 3320 3322 3321
f 3321 3322 3323
f 3321 3323 3380
f 3323 3266 3380
f 3325 3324 3326
f 3325 3326 3446
f 3450 3277 3278
f 3329 3168 3328
f 3384 3328 3383
f 3384 3456 3328
f 3456 3329 3328
f 3330 4196 4217
f 3168 4196 4188
f 3330 4188 4196
f 3330 3170 3169
f 3333 3279 3332
f 3333 3334 3279
f 3385 3333 3332
f 3333 3465 3334
f 3386 3387 3339
f 3467 3386 3339
f 3334 3336 3222
f 3388 3336 3334
f 3388 3389 3336
f 3280 3222 3336
f 3335 3280 3336
f 3389 3390 3335
f 3391 3335 3390
f 3389 3335 3336
f 3339 3338 3467
f 3285 3392 3338
f 3394 3346 3395
f 3341 3340 3394
f 3345 3342 3340
f 3342 3343 3340
f 3346 3344 3289
f 3340 3341 3345
f 3343 3394 3340
f 3394 3343 3344
f 3394 3344 3346
f 3346 3235 3396
f 3347 3348 3397
f 3398 3350 3351
f 3351 3360 3398
f 3398 3360 3399
f 3352 3350 3401
f 3353 3354 3293
f 3354 3490 3294
f 3353 3490 3354
f 3490 3402 3294
f 3294 3402 3355
f 3403 3355 3402
f 3407 3356 3362
f 3356 3410 3298
f 3365 3503 3504
f 3417 3243 3357
f 3417 3416 3305
f 3417 3245 3243
f 3245 3417 3305
f 3416 3358 3305
f 3359 3358 3418
f 3418 3358 3416
f 3358 3306 3305
f 3358 3307 3306
f 3358 3359 3307
f 3359 3367 3307
f 3360 3361 3399
f 3361 3496 3399
f 3496 3361 3250
f 3318 3296 3422
f 3403 3422 3296
f 3422 3436 3318
f 3375 3510 3363
f 3362 3356 3137
f 3362 3137 3297
f 3252 3567 3581
f 3255 3430 3301
f 3301 3430 3429
f 3365 3366 3503
f 3304 3512 3256
f 3259 3431 3414
f 3414 3415 3357
f 3243 3414 3357
f 3505 3367 3359
f 3313 3367 3368
f 3313 3368 3374
f 3506 3497 3308
f 3506 3308 3314
f 3514 3314 3434
f 3437 3261 3436
f 3437 3435 3261
f 3309 3428 3255
f 3369 3428 3309
f 3532 3444 3320
f 3532 3320 3321
f 3259 3370 3431
f 3325 3371 3310
f 3371 3370 3310
f 3447 3371 3325
f 3373 3374 3534
f 3372 3373 3534
f 3433 3534 3374
f 3327 3372 3326
f 3311 3373 3372
f 3441 3376 3528
f 3375 3441 3510
f 3441 3275 3376
f 3275 3450 3376
f 3211 3378 3377
f 3581 3379 3252
f 3377 3378 3451
f 3379 3451 3378
f 3276 3378 3211
f 3379 3378 3276
f 3164 3382 3381
f 3383 3538 3384
f 3538 3383 3381
f 3584 3381 3382
f 3584 3538 3381
f 3383 3164 3381
f 3170 3330 3454
f 3469 3170 3454
f 3330 4217 3454
f 3331 3385 3332
f 3385 3464 3333
f 3333 3464 3465
f 3461 3331 3457
f 3385 3331 3461
f 3388 3334 3465
f 3467 3392 3468
f 3583 3382 3387
f 3583 3387 3386
f 3341 3455 3457
f 3341 3394 3475
f 3469 3472 3170
f 3482 3389 3388
f 3482 3390 3389
f 3400 3487 3488
f 3400 3401 3486
f 3400 3486 3487
f 3401 3552 3486
f 3550 3487 3486
f 3467 3338 3392
f 3392 3285 3393
f 3393 3285 3283
f 3468 3392 3393
f 3393 3283 3472
f 3395 3346 3494
f 3396 3235 3347
f 3494 3346 3396
f 3494 3396 3347
f 3495 3348 3349
f 3495 3397 3348
f 3495 3349 3337
f 3350 3398 3401
f 3400 3353 3352
f 3488 3353 3400
f 3352 3401 3400
f 3552 3401 3398
f 3404 3403 3402
f 3419 3403 3404
f 3421 3405 3297
f 3420 4200 4197
f 3421 3406 3405
f 3402 3490 3498
f 3498 3404 3402
f 3408 3407 3405
f 3406 3408 3405
f 4199 3420 4197
f 4203 3408 3406
f 3499 3404 3498
f 3407 3408 3500
f 3499 3408 3404
f 3500 3409 3407
f 3408 3499 3500
f 3297 3405 3362
f 3410 3356 3409
f 3407 3362 3405
f 3407 3409 3356
f 3411 3592 3412
f 3298 3411 3364
f 3410 3411 3298
f 3412 3364 3411
f 3567 3427 3566
f 3364 3412 3427
f 3412 3566 3427
f 3366 3300 3413
f 3413 3300 3429
f 3366 3413 3503
f 3357 3597 3417
f 3599 3416 3417
f 3505 3359 3418
f 3367 3505 3432
f 3250 3497 3496
f 3506 3314 3507
f 3436 3422 3438
f 3419 3422 3403
f 3423 4201 4204
f 4205 4202 4206
f 3424 4204 4198
f 3423 4204 3424
f 3406 3421 4208
f 4207 3426 3422
f 3422 3426 3438
f 3424 3425 3423
f 3421 4209 4208
f 4210 3423 3425
f 3508 3438 3426
f 3508 3517 3438
f 4209 3421 3510
f 3297 3363 3421
f 3363 3510 3421
f 3428 3443 3610
f 3301 3429 3300
f 3255 3428 3430
f 3649 3431 3370
f 3368 3367 3432
f 3513 3374 3368
f 3374 3513 3433
f 3507 3314 3514
f 3435 3514 3434
f 3435 3516 3514
f 3437 3516 3435
f 3438 3437 3436
f 3440 3516 3437
f 3440 3437 3439
f 3438 3439 3437
f 3517 3515 3438
f 3515 3439 3438
f 3515 3440 3439
f 3442 3510 3441
f 3530 3442 3441
f 3530 3441 3528
f 3579 3451 3379
f 3449 3451 3579
f 3428 3369 3443
f 3443 3572 3610
f 3531 3572 3443
f 3443 3369 3444
f 3531 3444 3532
f 3443 3444 3531
f 3321 3533 3532
f 3266 3512 3511
f 3511 3380 3266
f 3445 3370 3371
f 3649 3370 3445
f 3649 3445 3535
f 3535 3445 3371
f 3371 3447 3535
f 3535 3447 3536
f 3446 3372 3537
f 3537 3536 3446
f 3446 3326 3372
f 3447 3325 3446
f 3536 3447 3446
f 3372 3534 3537
f 3449 3450 3448
f 3449 3448 3451
f 3377 3451 3448
f 3450 3278 3448
f 3377 3448 3278
f 3583 3584 3382
f 3452 3384 3538
f 3452 3456 3384
f 3453 3456 3452
f 3459 3456 3453
f 3453 3452 3463
f 3463 3452 3539
f 3539 3542 3463
f 3458 3457 3455
f 3454 3480 3469
f 4213 4211 4218
f 4212 4214 4231
f 4232 4215 3481
f 4220 3456 3459
f 3457 4221 3460
f 4222 4216 4219
f 3462 4220 3459
f 3460 4221 3462
f 3457 3460 3461
f 3541 3385 3461
f 3463 3459 3453
f 3462 3459 3463
f 3460 3462 3541
f 3460 3541 3461
f 3541 3543 3385
f 3543 3464 3385
f 3462 3463 3542
f 3465 3466 3388
f 3388 3466 3482
f 3585 3482 3466
f 3585 3466 3465
f 3587 3583 3386
f 3546 3587 3386
f 3386 3467 3546
f 3549 3546 3467
f 3549 3467 3468
f 3468 3476 3547
f 3472 3469 3470
f 3480 3470 3469
f 3479 3341 4229
f 3471 4232 3481
f 4223 4233 4224
f 4234 3479 4225
f 4223 3474 3473
f 4223 4224 3474
f 4227 4225 3479
f 3470 4226 3472
f 4228 4230 3475
f 3472 4226 3476
f 4228 3475 3493
f 3475 3492 3493
f 3474 3477 3473
f 3547 3476 3478
f 3476 4226 3478
f 3473 3477 3478
f 4228 3493 3477
f 4234 3455 3479
f 3479 3455 3341
f 3483 3591 3495
f 3586 3482 3585
f 3391 3484 3485
f 3483 3337 3485
f 3390 3482 3484
f 3391 3390 3484
f 3391 3485 3337
f 3495 3337 3483
f 3552 3551 3486
f 3551 3550 3486
f 3488 3490 3353
f 3550 3553 3487
f 3489 3490 3488
f 3487 3553 3488
f 3489 3488 3553
f 3490 3489 3491
f 3489 3554 3491
f 3554 3501 3491
f 3418 3599 3601
f 3393 3476 3468
f 3476 3393 3472
f 3492 3475 3394
f 3395 3492 3394
f 3492 3395 3564
f 3562 3493 3492
f 3562 3477 3493
f 3494 3347 3397
f 3496 3497 3565
f 3498 3490 3491
f 3491 3499 3498
f 3501 3499 3491
f 3410 3409 3502
f 3501 3502 3500
f 3500 3502 3409
f 3410 3502 3555
f 3501 3500 3499
f 3502 3501 3554
f 3554 3555 3502
f 3555 3411 3410
f 3592 3411 3555
f 3592 3566 3412
f 3558 3503 3413
f 3559 3503 3558
f 3559 3504 3503
f 3431 3649 3414
f 3597 3599 3417
f 3599 3418 3416
f 3418 3601 3505
f 3571 3432 3505
f 3608 3506 3507
f 3506 3604 3497
f 3425 3509 4210
f 4235 3519 3517
f 4235 3509 3519
f 4235 4210 3509
f 4236 4209 3510
f 3649 3535 3573
f 3432 3513 3368
f 3576 3514 3527
f 3609 3514 3576
f 3527 3529 3576
f 3515 3518 3440
f 3517 3518 3515
f 3510 3442 3522
f 3442 3530 3522
f 3518 3524 3516
f 3516 3524 3514
f 3518 3516 3440
f 4237 3520 4238
f 4239 4236 3510
f 3518 3521 3524
f 3521 3518 3517
f 3519 3521 3517
f 3522 4239 3510
f 3521 3523 3524
f 3521 3519 3523
f 4238 3520 3526
f 4241 3522 3525
f 4241 4239 3522
f 3525 3522 3530
f 3528 3525 3530
f 4240 4238 3526
f 3527 3514 3524
f 3526 3529 4240
f 3523 3529 3524
f 3528 4241 3525
f 3527 3524 3529
f 3529 3526 3577
f 3577 4241 3528
f 3577 3528 3578
f 3578 3528 3376
f 3580 3578 3376
f 3580 3376 3450
f 3379 3581 3579
f 3579 3582 3449
f 3572 3531 3532
f 3380 3533 3321
f 3511 3533 3380
f 3573 3535 3574
f 3535 3536 3574
f 3537 3534 3536
f 3449 3582 3450
f 3538 3539 3452
f 3542 3539 3544
f 3540 3544 3539
f 3540 3539 3617
f 3539 3538 3617
f 3545 3464 3543
f 3541 3462 3542
f 3542 3543 3541
f 3544 3543 3542
f 3545 3465 3464
f 3544 3545 3543
f 3545 3544 3540
f 3585 3465 3545
f 3588 3546 3549
f 3587 3546 3625
f 3548 3468 3547
f 3547 3478 3561
f 3468 3548 3549
f 3548 3547 3561
f 3588 3549 3548
f 3562 3561 3477
f 3561 3478 3477
f 3590 3485 3586
f 3586 3484 3482
f 3586 3485 3484
f 3591 3602 3495
f 3483 3485 3591
f 3398 3399 3627
f 3551 3552 3679
f 3679 3628 3551
f 3550 3551 3628
f 3398 3678 3552
f 3679 3552 3678
f 3553 3556 3489
f 3489 3556 3554
f 3554 3556 3555
f 3556 3592 3555
f 3557 3558 3413
f 3429 3568 3557
f 3558 3595 3560
f 3560 3559 3558
f 3560 3504 3559
f 3429 3557 3413
f 3504 3560 3635
f 3414 3596 3569
f 3569 3597 3357
f 3600 3601 3599
f 3570 3505 3601
f 3548 3561 3563
f 3492 3564 3562
f 3563 3562 3564
f 3563 3561 3562
f 3563 3564 3642
f 3564 3395 3642
f 3603 3397 3602
f 3602 3397 3495
f 3644 3605 3565
f 3605 3399 3496
f 3605 3496 3565
f 3497 3604 3565
f 3568 3429 3430
f 3635 3304 3504
f 3304 3648 3512
f 3414 3569 3415
f 3569 3357 3415
f 3570 3571 3505
f 3513 3432 3571
f 3604 3506 3608
f 3507 3514 3609
f 3608 3507 3609
f 3572 3706 3610
f 3572 3532 3611
f 3532 3533 3611
f 3512 3614 3511
f 3512 3648 3614
f 3614 3533 3511
f 3536 3615 3574
f 3534 3433 3575
f 3615 3536 3534
f 3575 3615 3534
f 3513 3651 3433
f 3576 3529 3577
f 3576 3577 3616
f 3616 3577 3578
f 3580 3450 3582
f 3578 3580 3616
f 3538 3584 3619
f 3585 3545 3540
f 3546 3624 3625
f 3546 3588 3624
f 3548 3563 3642
f 3485 3590 3591
f 3590 3586 3589
f 3589 3626 3590
f 3590 3626 3591
f 3643 3602 3591
f 3627 3678 3398
f 3628 3629 3550
f 3629 3553 3550
f 3630 3592 3553
f 3629 3630 3553
f 3553 3592 3556
f 3593 3566 3592
f 3566 3593 3606
f 3568 3631 3594
f 3568 3607 3632
f 3595 3633 3560
f 3633 3635 3560
f 3594 3557 3568
f 3558 3557 3594
f 3594 3595 3558
f 3304 3635 3636
f 3304 3636 3648
f 3598 3597 3569
f 3596 3598 3569
f 3638 3597 3598
f 3638 3637 3597
f 3597 3637 3599
f 3638 3598 3690
f 3598 3596 3690
f 3637 3622 3599
f 3622 3600 3599
f 3688 3690 3596
f 3677 3600 3622
f 3600 3677 3639
f 3600 3639 3601
f 3639 3570 3601
f 3642 3395 3494
f 3494 3397 3603
f 3605 3627 3399
f 3565 3604 3645
f 3604 3608 3645
f 3645 3644 3565
f 3567 3606 3646
f 3606 3567 3566
f 3567 3646 3581
f 3607 3568 3430
f 3430 3428 3607
f 3428 3610 3607
f 3576 3616 3609
f 3572 3611 3707
f 3613 3612 3647
f 3708 3613 3647
f 3613 3708 3611
f 3533 3613 3611
f 3612 3648 3647
f 3612 3613 3614
f 3648 3612 3614
f 3533 3614 3613
f 3580 3654 3616
f 3580 3582 3654
f 3617 3619 3658
f 3617 3658 3661
f 3625 3623 3664
f 3618 3625 3664
f 3659 3619 3584
f 3584 3583 3618
f 3618 3583 3587
f 3618 3587 3625
f 3659 3584 3665
f 3665 3584 3618
f 3619 3617 3538
f 3621 3595 3620
f 3621 3634 3595
f 3675 3638 3690
f 3638 3622 3637
f 3623 3625 3624
f 3749 3624 3588
f 3754 3749 3588
f 3754 3588 3752
f 3626 3643 3591
f 3679 3629 3628
f 3592 3738 3593
f 3738 3592 3630
f 3680 3646 3606
f 3680 3606 3593
f 3631 3620 3594
f 3568 3632 3631
f 3595 3594 3620
f 3595 3634 3633
f 3635 3633 3634
f 3414 3688 3596
f 3640 3570 3639
f 3640 3641 3570
f 3701 3641 3640
f 3571 3641 3702
f 3702 3651 3513
f 3571 3702 3513
f 3641 3571 3570
f 3642 3494 3603
f 3644 3627 3605
f 3644 3757 3627
f 3705 3608 3609
f 3610 3767 3632
f 3632 3607 3610
f 3767 3610 3706
f 3648 3772 3647
f 3647 3772 3708
f 3649 3688 3414
f 3773 3650 3657
f 3773 3649 4242
f 3575 3433 3652
f 3653 3575 3652
f 3651 3652 3433
f 3579 3654 3582
f 3579 3581 3655
f 3655 3654 3579
f 3655 3656 3654
f 3654 3778 3616
f 3654 3656 3778
f 3611 3708 3707
f 3573 4242 3649
f 3650 3573 3657
f 3574 3657 3573
f 3657 3574 3653
f 3575 3653 3615
f 3615 3653 3574
f 3668 3723 3713
f 3659 3658 3619
f 3658 3659 3660
f 3660 3661 3658
f 3661 3660 3711
f 3660 3659 3668
f 3713 3660 3668
f 3713 3711 3660
f 3712 3663 3661
f 3711 3712 3661
f 3661 3663 3617
f 3663 3540 3617
f 3662 3585 3540
f 3663 3662 3540
f 3663 3720 3662
f 3662 3732 3585
f 3665 3618 3664
f 3665 3668 3659
f 3666 3665 3664
f 3666 3664 3623
f 3666 3623 3667
f 3623 3624 3667
f 3669 3665 3666
f 3724 3666 3667
f 3668 3665 3723
f 3669 3666 3724
f 3669 3723 3665
f 3589 3737 3626
f 3586 3736 3589
f 3589 3736 3737
f 3586 3585 3732
f 3670 3620 3631
f 3672 3670 3631
f 3670 3671 3620
f 3671 3621 3620
f 3634 3621 3739
f 3739 3673 3634
f 3674 3673 3739
f 3739 3621 3671
f 3683 3674 3741
f 4243 3675 3697
f 3675 3690 3697
f 3638 3744 3622
f 3638 3675 3743
f 3675 4243 3741
f 3743 3675 3741
f 3677 3622 3676
f 3744 3676 3622
f 3676 3744 3747
f 3747 3677 3676
f 3624 3748 3667
f 3749 3748 3624
f 3724 3667 3748
f 3752 3588 3548
f 3838 3643 3626
f 3756 3627 3757
f 3680 3593 3738
f 3646 3680 3758
f 3632 3682 3681
f 3632 3672 3631
f 3632 3681 3672
f 3673 3635 3634
f 3673 3685 3635
f 3674 3685 3673
f 3691 3685 3674
f 3683 4250 3674
f 3770 3698 3760
f 3710 4260 3770
f 3685 3636 3635
f 3684 3636 3685
f 3684 3648 3636
f 3648 3689 3710
f 3685 3686 3684
f 3684 3686 3687
f 3689 3684 3687
f 3648 3684 3689
f 3691 3686 3685
f 3693 4244 4250
f 3688 4252 3690
f 4253 3694 4245
f 4254 4247 4246
f 4255 4252 3688
f 4248 4256 3695
f 3687 4257 3689
f 4257 3710 3689
f 3692 4250 3683
f 3692 3693 4250
f 4251 3690 4252
f 3695 4256 3696
f 3688 4259 4255
f 3699 3695 3696
f 3699 4261 3695
f 3699 3696 4249
f 4251 4243 3697
f 3697 3690 4251
f 4264 3688 3700
f 4258 4262 4266
f 3701 3640 3677
f 3677 3640 3639
f 3641 3701 3702
f 3642 3703 3548
f 3752 3548 3703
f 3703 3642 3704
f 3704 3642 3603
f 3753 3752 3703
f 3753 3703 3704
f 3757 3644 3763
f 3644 3645 3763
f 3705 3645 3608
f 3646 3758 3581
f 3764 3581 3758
f 3767 3682 3632
f 3768 3767 3706
f 3707 4265 3572
f 3854 3768 4265
f 3709 3708 3771
f 3769 4265 3707
f 3708 3709 3707
f 3708 3772 3771
f 3769 3707 3709
f 3769 3854 4265
f 3648 3710 3772
f 3700 3688 3649
f 3700 3649 3773
f 3775 3657 3653
f 3657 3774 3773
f 3775 3653 3776
f 3653 3652 3776
f 3774 3657 3775
f 3651 3777 3652
f 3777 3776 3652
f 3609 3616 3853
f 3853 3616 3778
f 3765 3656 3655
f 3778 3656 3765
f 3765 3655 3581
f 3723 3725 3713
f 3714 3712 3711
f 3715 3711 3713
f 3714 3716 3712
f 3711 3715 3714
f 3715 3713 3725
f 3715 3717 3714
f 3717 3718 3714
f 3714 3718 3716
f 3718 3722 3716
f 3715 3719 3717
f 3717 3782 3718
f 3717 3719 3782
f 3719 3783 3782
f 3782 3793 3718
f 3718 3793 3722
f 3712 3716 3663
f 3663 3716 3720
f 3721 3720 3716
f 3721 3732 3662
f 3720 3721 3662
f 3722 3721 3716
f 3722 3734 3721
f 3669 3724 3727
f 3723 3726 3725
f 3723 3669 3726
f 3726 3669 3727
f 3726 3727 3730
f 3730 3727 3728
f 3728 3727 3724
f 3724 3750 3728
f 3729 3725 3726
f 3715 3725 3729
f 3729 3726 3730
f 3730 3728 3779
f 3750 3813 3728
f 3715 3729 3719
f 3729 3730 3731
f 3813 3779 3728
f 3731 3730 3779
f 3719 3729 3783
f 3734 3732 3721
f 3733 3732 3734
f 3794 3734 3722
f 3794 3733 3734
f 3737 3797 3837
f 3733 3796 3735
f 3735 3796 3797
f 3733 3586 3732
f 3733 3736 3586
f 3735 3736 3733
f 3737 3736 3735
f 3735 3797 3737
f 3802 3680 3738
f 3801 3630 3629
f 3630 3802 3738
f 3630 3801 3802
f 3681 3804 3672
f 3804 3806 3672
f 3806 3670 3672
f 3807 3804 3681
f 3805 3671 3670
f 3805 3808 3671
f 3808 3739 3671
f 3809 3739 3808
f 3739 3809 3740
f 3740 3741 3674
f 3674 3739 3740
f 3741 3740 3742
f 3741 3742 3743
f 3743 3742 3744
f 3744 3638 3743
f 3745 3747 3744
f 3746 3747 3745
f 3744 3811 3745
f 3811 3746 3745
f 3870 3702 3869
f 3746 3701 3747
f 3701 3677 3747
f 3746 3869 3701
f 3750 3724 3748
f 3748 3749 3750
f 3751 3750 3749
f 3751 3749 3754
f 3814 3813 3750
f 3814 3750 3751
f 3816 3813 3814
f 3751 3815 3814
f 3818 3754 3752
f 3818 3752 3753
f 3818 3753 3819
f 3819 3753 3755
f 3755 3753 3704
f 3704 3603 3755
f 3602 3755 3603
f 3838 3602 3643
f 3755 3602 3839
f 3626 3737 3837
f 3838 3626 3837
f 3678 3627 3756
f 3802 3803 3680
f 3764 3758 3884
f 3758 3680 3803
f 3682 3844 3807
f 3682 3807 3681
f 3848 3770 3759
f 3848 4267 3847
f 4267 3846 3847
f 3760 3698 3761
f 4268 4263 4264
f 4268 4264 3846
f 3770 3760 3759
f 3761 3759 3760
f 4267 4268 3846
f 3869 3702 3701
f 3651 3702 3762
f 3651 3762 3777
f 3877 3762 3702
f 3852 3705 3609
f 3705 3851 3645
f 3705 3852 3851
f 3581 3764 3766
f 3581 3766 3765
f 3857 3770 3848
f 3854 3769 3855
f 3771 3855 3769
f 3710 3770 3772
f 3857 3771 3772
f 3771 3769 3709
f 3846 4264 3700
f 3772 3770 3857
f 3846 3700 3773
f 3860 3775 3776
f 3775 3860 3774
f 3852 3609 3853
f 3731 3780 3783
f 3731 3783 3729
f 3779 3780 3731
f 3781 3780 3779
f 3813 3781 3779
f 3780 3781 3789
f 3782 3784 3793
f 3782 3783 3785
f 3785 3784 3782
f 3795 3793 3784
f 3783 3780 3785
f 3784 3785 3786
f 3784 3786 3787
f 3785 3780 3788
f 3786 3785 3788
f 3786 3791 3787
f 3792 3787 3791
f 3788 3780 3789
f 3788 3789 3828
f 3790 3788 3828
f 3790 3786 3788
f 3786 3790 3791
f 3790 3828 3829
f 3790 3829 3830
f 3790 3830 3791
f 3791 3830 3831
f 3791 3831 3792
f 3792 3831 3832
f 3792 3832 3842
f 3722 3793 3795
f 3795 3794 3722
f 3784 3787 3795
f 3798 3795 3787
f 3798 3794 3795
f 3796 3794 3798
f 3794 3796 3733
f 3796 3798 3799
f 3797 3796 3799
f 3837 3797 3799
f 3798 3787 3800
f 3799 3800 3842
f 3800 3799 3798
f 3787 3792 3800
f 3842 3800 3792
f 3882 3801 3629
f 3882 3629 3679
f 3883 3801 3882
f 3884 3803 3802
f 3863 3804 3904
f 3904 3804 3807
f 3670 3806 3805
f 3806 3864 3805
f 3864 3808 3805
f 3863 3864 3806
f 3804 3863 3806
f 3864 3861 3808
f 3809 3808 3861
f 3810 3740 3809
f 3865 3810 3809
f 3866 3867 3810
f 3742 3740 3810
f 3812 3811 3867
f 3742 3810 3744
f 3810 3867 3744
f 3867 3811 3744
f 3811 3812 3746
f 3812 3869 3746
f 3814 3815 3816
f 3751 3820 3815
f 3781 3813 3816
f 3817 3815 3820
f 3816 3815 3817
f 3823 3789 3781
f 3816 3823 3781
f 3823 3816 3817
f 3754 3820 3751
f 3820 3754 3818
f 3819 3755 3822
f 3820 3818 3821
f 3818 3819 3821
f 3821 3819 3822
f 3821 3822 3827
f 3822 3839 3841
f 3826 3820 3821
f 3826 3821 3827
f 3841 3827 3822
f 3789 3823 3828
f 3823 3824 3833
f 3824 3823 3817
f 3820 3824 3817
f 3824 3820 3826
f 3826 3836 3824
f 3825 3827 3841
f 3827 3836 3826
f 3829 3828 3833
f 3829 3833 3830
f 3823 3833 3828
f 3833 3834 3830
f 3830 3834 3831
f 3831 3834 3835
f 3831 3835 3832
f 3834 3836 3835
f 3835 3836 3825
f 3834 3833 3824
f 3836 3834 3824
f 3827 3825 3836
f 3840 3837 3799
f 3837 3840 3838
f 3839 3602 3838
f 3755 3839 3822
f 3840 3799 3842
f 3843 3838 3840
f 3838 3841 3839
f 3843 3841 3838
f 3843 3842 3832
f 3835 3843 3832
f 3843 3840 3842
f 3825 3843 3835
f 3825 3841 3843
f 3862 3678 3756
f 3803 3884 3758
f 3766 3764 3884
f 3844 3682 3767
f 3845 3767 3768
f 3844 3767 3845
f 3768 3873 3845
f 3858 3847 3846
f 3856 3848 3847
f 3849 3856 3847
f 3776 3777 3850
f 3850 3860 3776
f 3877 3876 3762
f 3702 3870 3877
f 3850 3777 3876
f 3876 3777 3762
f 3875 3860 3850
f 3875 3878 3860
f 3645 3851 3910
f 3853 3778 3919
f 3765 3918 3778
f 3765 3911 3918
f 3911 3765 3766
f 3873 3768 3854
f 3873 3854 3874
f 3874 3854 3855
f 3874 3855 3856
f 3848 3856 3855
f 3771 3857 3855
f 3848 3855 3857
f 3847 3858 3849
f 3878 3916 3858
f 3849 3858 3916
f 3858 3846 3773
f 3859 3774 3860
f 3859 3773 3774
f 3858 3773 3859
f 3858 3859 3878
f 3878 3859 3860
f 3879 3861 3864
f 3927 3861 3879
f 3927 3865 3861
f 3678 3862 3679
f 3801 3883 3885
f 3679 3862 3882
f 3885 3802 3801
f 4269 3884 3802
f 3863 3902 3864
f 3905 3902 3863
f 3904 3905 3863
f 3861 3865 3809
f 3865 3866 3810
f 3868 3867 3866
f 3868 3906 3812
f 3868 3812 3867
f 3906 3869 3812
f 3907 3870 3869
f 3871 3862 3756
f 3871 3756 3757
f 3911 3766 3884
f 3884 3893 3911
f 3872 3844 3845
f 3872 3845 3873
f 3856 3849 3916
f 3875 3850 3876
f 3910 3851 3852
f 3853 3934 3852
f 3919 3778 3918
f 3921 3902 3901
f 3952 3927 3879
f 3927 3868 3866
f 3865 3927 3866
f 3880 3908 3931
f 3880 3953 3862
f 3880 3862 3871
f 3880 3871 3908
f 3882 3881 3887
f 3882 3949 3881
f 3882 3887 3883
f 3887 3885 3883
f 3885 3889 3886
f 3884 4269 4270
f 3884 4270 3893
f 3894 3885 3887
f 3888 3885 3894
f 3888 3889 3885
f 3886 3889 3891
f 3891 4275 3886
f 3894 3895 3888
f 3890 3899 3905
f 3890 3905 3904
f 3895 3889 3888
f 4272 3889 4271
f 3904 3892 3890
f 4273 4272 4271
f 4273 4276 4272
f 4274 3914 4277
f 3922 3896 3887
f 3896 3894 3887
f 3896 3897 3894
f 3895 3894 3897
f 3902 3905 3899
f 3899 3889 3895
f 3899 4271 3889
f 3881 3922 3887
f 3898 3901 3899
f 3899 3901 3902
f 3900 3896 3922
f 3897 3896 3900
f 3898 3897 3900
f 3895 3897 3898
f 3899 3895 3898
f 3900 3929 3898
f 3901 3929 3921
f 3901 3898 3929
f 3807 3903 3904
f 3904 3903 3892
f 3903 3913 3892
f 3869 3906 3907
f 3870 3907 3930
f 3908 3909 3932
f 3932 3909 3645
f 3932 3645 3910
f 3757 3763 3908
f 3908 3871 3757
f 3909 3763 3645
f 3763 3909 3908
f 3911 3893 3912
f 3912 3893 4278
f 3912 3915 3911
f 3913 4279 3892
f 4278 3915 3912
f 3915 3920 3911
f 3935 3937 3915
f 3935 3915 4278
f 3937 3920 3915
f 3920 3933 3947
f 3844 3913 3807
f 3807 3913 3903
f 3844 3940 3913
f 3872 3940 3844
f 3940 3872 3941
f 3873 3941 3872
f 3963 3873 3874
f 3942 3963 3874
f 3942 3874 3916
f 3942 3916 3945
f 3874 3856 3916
f 3878 3917 3916
f 3944 3917 3878
f 3917 3944 3945
f 3877 3944 3876
f 3876 3944 3875
f 3870 3943 3877
f 3877 3943 3944
f 3944 3878 3875
f 3910 3852 3934
f 3853 3946 3934
f 3919 3947 3946
f 3919 3918 3947
f 3946 3853 3919
f 3911 3920 3918
f 3918 3920 3947
f 3949 3926 3925
f 3949 3922 3881
f 3900 3923 3929
f 3921 3929 3923
f 3923 3924 3921
f 3921 3924 3902
f 3949 3925 3922
f 3925 3923 3922
f 3922 3923 3900
f 3924 3925 3926
f 3925 3924 3923
f 3966 3952 3926
f 3902 3924 3864
f 3864 3924 3879
f 3924 3926 3879
f 3926 3952 3879
f 3927 3951 3868
f 3954 3880 3931
f 3954 3931 3958
f 3862 3953 3928
f 3862 3928 3882
f 3882 3928 3948
f 3951 3906 3868
f 3956 3930 3906
f 3930 3907 3906
f 3930 3943 3870
f 3908 3958 3931
f 3972 3932 4007
f 3972 3908 3932
f 3932 3910 4007
f 3910 4010 4007
f 3910 3934 4010
f 3959 3934 3946
f 3934 3959 4010
f 3946 3933 3960
f 3960 3933 3961
f 4280 3936 4282
f 3913 3936 4281
f 3940 3936 3913
f 3935 3939 3937
f 4282 3936 3939
f 3936 3940 3938
f 3939 3936 3938
f 3920 3937 3933
f 3937 3939 3933
f 3962 3938 3940
f 3962 3940 3941
f 3962 3939 3938
f 3939 3961 3933
f 3962 3961 3939
f 3962 3941 3963
f 3941 3873 3963
f 3916 3917 3945
f 3947 3933 3946
f 3949 3882 3948
f 3949 3948 3964
f 3928 3950 3948
f 3949 3966 3926
f 3985 3951 3952
f 3952 3951 3927
f 3951 3985 3986
f 3953 3954 3969
f 3950 3928 3953
f 3953 3880 3954
f 3969 3950 3953
f 3986 3955 3951
f 3986 3956 3955
f 3956 3986 4005
f 3951 3955 3906
f 3955 3956 3906
f 3930 3957 3943
f 3956 3957 3930
f 3972 3958 3908
f 3959 3960 3974
f 3959 3946 3960
f 3962 3960 3961
f 3974 3962 3963
f 3960 3962 3974
f 4014 3963 3975
f 3963 3942 3975
f 3943 3957 3976
f 3943 3976 3944
f 3976 3945 3944
f 3964 3948 3965
f 3948 3950 3965
f 3965 3950 3970
f 3966 3949 3964
f 3967 3964 3965
f 3965 3970 3977
f 3964 3968 3966
f 3966 3968 3984
f 3967 3965 3977
f 3967 3968 3964
f 3967 3977 3980
f 3980 3968 3967
f 3984 3952 3966
f 3984 3985 3952
f 3969 3970 3950
f 3971 3954 3958
f 3969 3989 3970
f 3971 3989 3969
f 3969 3954 3971
f 3990 3971 3958
f 3993 3989 3971
f 3993 3971 3990
f 3973 3990 3958
f 3957 3956 4006
f 3973 3958 3972
f 4007 3973 3972
f 3974 3963 4014
f 3942 3945 3975
f 3957 4016 3976
f 3992 3977 3970
f 3978 3977 3992
f 3992 3999 3978
f 3978 3979 3982
f 3999 3979 3978
f 3999 4019 3979
f 4019 4018 3979
f 3979 4018 3982
f 3984 3968 3981
f 3977 3978 3980
f 3980 3981 3968
f 3980 3982 3981
f 3983 3987 3981
f 3987 3983 4039
f 3978 3982 3980
f 4018 3983 3982
f 3982 3983 3981
f 4029 4039 3983
f 4018 4029 3983
f 3987 3984 3981
f 3985 3984 3987
f 3988 3985 3987
f 4039 3988 3987
f 3988 3986 3985
f 3988 4005 3986
f 3991 3993 3990
f 3991 3990 3973
f 3970 3989 3992
f 3992 3989 3994
f 3989 3993 3994
f 3996 3993 3991
f 3997 3996 3991
f 3995 3994 3993
f 3995 3993 3996
f 3994 4000 3992
f 4000 3994 4002
f 4002 3994 3995
f 3999 3992 4000
f 4002 3995 3998
f 3998 3995 3996
f 3998 3996 3997
f 4003 3998 4001
f 4001 3998 3997
f 4001 3997 4008
f 4003 4002 3998
f 4012 4001 4008
f 4019 3999 4020
f 4020 3999 4000
f 4020 4000 4002
f 4021 4002 4003
f 4001 4004 4003
f 4003 4004 4021
f 4012 4004 4001
f 4004 4012 4049
f 4040 4005 3988
f 4039 4040 3988
f 4041 4005 4040
f 4016 3957 4006
f 4041 3956 4005
f 4041 4006 3956
f 3973 4007 3991
f 3997 3991 4008
f 3991 4007 4008
f 4008 4007 4009
f 4007 4010 4009
f 4009 4010 4011
f 4012 4008 4009
f 4012 4009 4011
f 4010 4013 4011
f 4013 4010 4054
f 4054 4010 3959
f 4012 4050 4049
f 4011 4050 4012
f 4050 4011 4013
f 3974 4014 3959
f 4055 4014 4065
f 3975 4015 4065
f 4065 4014 3975
f 4064 4017 4066
f 4015 4064 4065
f 3976 4017 3945
f 4017 4015 3945
f 3945 4015 3975
f 4016 4017 3976
f 4064 4015 4017
f 4039 4029 4043
f 4020 4024 4019
f 4020 4002 4021
f 4022 4021 4004
f 4022 4004 4049
f 4023 4018 4019
f 4019 4024 4023
f 4021 4024 4020
f 4022 4049 4027
f 4023 4024 4025
f 4023 4030 4018
f 4025 4030 4023
f 4021 4026 4024
f 4026 4021 4022
f 4027 4026 4022
f 4034 4030 4025
f 4024 4026 4025
f 4026 4027 4052
f 4025 4026 4028
f 4061 4028 4052
f 4028 4026 4052
f 4043 4029 4031
f 4018 4030 4029
f 4031 4032 4043
f 4031 4029 4030
f 4032 4033 4043
f 4033 4046 4043
f 4033 4048 4046
f 4030 4034 4031
f 4031 4035 4032
f 4035 4036 4032
f 4032 4036 4033
f 4048 4033 4036
f 4035 4031 4034
f 4025 4028 4034
f 4034 4028 4037
f 4034 4037 4035
f 4028 4061 4037
f 4035 4037 4038
f 4035 4038 4036
f 4037 4061 4063
f 4037 4063 4038
f 4038 4063 4062
f 4038 4062 4036
f 4036 4062 4048
f 4040 4039 4042
f 4016 4006 4045
f 4042 4039 4043
f 4041 4040 4042
f 4006 4041 4045
f 4045 4066 4016
f 4043 4046 4042
f 4046 4044 4042
f 4044 4041 4042
f 4045 4041 4044
f 4045 4067 4066
f 4047 4044 4046
f 4048 4047 4046
f 4044 4047 4045
f 4048 4067 4047
f 4045 4047 4067
f 4048 4062 4067
f 4051 4013 4054
f 4049 4050 4027
f 4013 4051 4050
f 4050 4051 4053
f 4050 4053 4027
f 4027 4053 4052
f 4058 4053 4051
f 4052 4057 4061
f 4052 4053 4057
f 4057 4053 4058
f 4054 3959 4014
f 4055 4065 4068
f 4051 4054 4056
f 4054 4014 4056
f 4059 4058 4056
f 4056 4058 4051
f 4059 4056 4055
f 4056 4014 4055
f 4062 4060 4068
f 4057 4058 4063
f 4059 4060 4063
f 4059 4063 4058
f 4055 4060 4059
f 4068 4060 4055
f 4062 4063 4060
f 4061 4057 4063
f 4016 4066 4017
f 4066 4068 4064
f 4065 4064 4068
f 4068 4066 4067
f 4068 4067 4062
