o FMA7240_BP8648_FJ2436
v -4.26455 -125.169 1235.53
v -4.41137 -127.322 1236.47
v -4.26993 -127.546 1236.48
v -4.69041 -126.769 1236.14
v -4.35072 -126.839 1236.37
v -4.7135 -128.408 1236.35
v -4.98464 -127.792 1236.26
v -5.16791 -127.717 1236.02
v -4.72819 -127.418 1236.37
v -4.88344 -127.986 1236.33
v -4.97164 -128.179 1236.23
v -4.64343 -127.64 1236.44
v -4.54479 -128.106 1236.44
v -5.07419 -127.432 1236.06
v -5.16956 -127.014 1235.68
v -4.90927 -125.809 1235.12
v -5.1532 -128.078 1236.02
v -5.33214 -127.843 1235.68
v -5.00423 -128.438 1236
v -5.28311 -128.144 1235.57
v -5.40325 -127.374 1235.39
v -5.48991 -127.623 1235.11
v -5.5078 -127.8 1234.82
v -5.42208 -126.023 1234.24
v -3.40372 -125.054 1235.85
v -3.49906 -124.608 1235.69
v -3.43865 -124.035 1235.39
v -3.23265 -124.057 1235.45
v -3.47175 -123.639 1235.04
v -3.71811 -126.534 1236.27
v -3.54398 -126.746 1236.11
v -3.87488 -125.634 1236.05
v -4.06288 -125.428 1235.89
v -3.90292 -124.761 1235.61
v -4.07824 -124.539 1235.24
v -4.16879 -127.278 1236.48
v -4.21051 -127.738 1236.43
v -4.01149 -127.406 1236.42
v -4.02968 -127.697 1236.31
v -4.0305 -128.009 1236.21
v -4.08984 -126.872 1236.42
v -3.91193 -127.027 1236.4
v -3.7376 -127.259 1235.88
v -4.59348 -124.395 1234.28
v -4.17925 -123.952 1234.47
v -4.35561 -123.146 1233.1
v -4.19535 -129.127 1236.27
v -4.14025 -129.221 1236.14
v -4.71488 -128.646 1236.22
v -4.14355 -128.957 1236.41
v -3.92998 -128.831 1236.44
v -3.90084 -128.519 1236.29
v -4.19684 -128.072 1236.38
v -3.88347 -127.836 1235.79
v -4.93701 -124.288 1233.4
v -4.87669 -128.687 1235.56
v -4.58653 -128.919 1236
v -4.28074 -129.132 1235.7
v -5.27918 -128.265 1234.99
v -5.76804 -126.171 1233.19
v -5.50951 -124.848 1232.5
v -5.82715 -127.263 1232.69
v -5.87102 -126.64 1232.84
v -5.85646 -125.713 1231.94
v -2.68379 -122.939 1234.81
v -3.11526 -125.116 1235.74
v -2.93524 -124.964 1235.56
v -3.01317 -124.152 1235.46
v -2.7209 -124.093 1235.3
v -2.57032 -124.244 1235.07
v -2.60018 -124.265 1234.77
v -2.79086 -122.365 1234.28
v -2.99799 -125.33 1235.49
v -2.972 -125.082 1235.13
v -3.62074 -122.669 1233.69
v -3.47073 -126.608 1235.7
v -3.79885 -126.861 1235.25
v -3.80136 -126.158 1234.86
v -3.66041 -125.39 1234.44
v -3.39521 -129.622 1235.97
v -2.74294 -129.883 1236.14
v -3.5156 -128.813 1236.24
v -3.65232 -128.274 1235.63
v -3.63971 -128.063 1234.88
v -3.87099 -127.445 1234.84
v -4.04043 -126.985 1234.31
v -4.11105 -125.666 1233.83
v -3.9222 -124.482 1232.95
v -3.87755 -129.208 1235.35
v -4.54725 -128.827 1234.88
v -4.00942 -128.899 1234.65
v -4.44277 -126.52 1233.17
v -4.37066 -126.152 1233.46
v -4.39553 -125.171 1232.49
v -4.48083 -128.724 1233.93
v -4.56469 -126.035 1232.67
v -4.86523 -128.532 1233.34
v -5.63285 -127.771 1232.92
v -5.37746 -128.065 1232.39
v -2.239 -122.815 1234.64
v -2.07781 -123.127 1234.62
v -1.8834 -122.65 1234.37
v -1.67563 -122.66 1234.1
v -1.84399 -122.234 1234.19
v -1.63188 -122.415 1234.09
v -1.94534 -121.604 1233.86
v -1.60859 -121.523 1233.7
v -2.02358 -123.286 1234.42
v -2.15802 -123.302 1234.02
v -2.67362 -120.398 1231.82
v -3.05823 -123.908 1233.67
v -2.02565 -129.798 1236.18
v -1.79128 -129.774 1236.05
v -2.49285 -129.215 1235.77
v -3.7569 -121.056 1231.07
v -2.43083 -129.835 1236.27
v -2.71016 -129.883 1235.62
v -3.19537 -128.684 1235.39
v -3.1246 -128.857 1235.23
v -3.27158 -128.86 1235.07
v -3.12502 -129.006 1235.19
v -3.21659 -129.323 1235.27
v -3.17222 -129.142 1235.18
v -3.06407 -129.483 1235.36
v -2.8044 -129.069 1235.41
v -2.9312 -129.166 1235.26
v -2.97848 -129.387 1235.29
v -2.81346 -129.493 1235.29
v -2.55269 -129.208 1235.46
v -2.62023 -129.224 1235.37
v -2.72264 -129.376 1235.27
v -3.4024 -128.46 1235.19
v -3.47847 -128.373 1234.86
v -3.27871 -128.706 1235.08
v -3.50559 -123.334 1232.17
v -3.85482 -123.253 1231.14
v -3.4394 -129.446 1235.49
v -3.46379 -129.121 1235.12
v -3.35221 -128.982 1235.05
v -3.46423 -128.559 1234.7
v -3.59408 -128.791 1234.67
v -3.72804 -128.738 1234.42
v -3.56116 -128.5 1234.38
v -3.77977 -128.687 1234.13
v -3.577 -128.182 1234.21
v -3.56478 -128.209 1233.76
v -3.63597 -127.944 1233.63
v -3.91771 -127.418 1234.04
v -3.92435 -127.466 1233.47
v -4.10964 -128.773 1234.09
v -4.24217 -128.767 1233.57
v -3.89999 -128.747 1233.68
v -3.64631 -128.578 1233.65
v -4.56864 -126.379 1232.45
v -4.39724 -126.785 1232.6
v -4.65801 -125.562 1231.41
v -4.07996 -128.843 1233.12
v -5.97659 -125.823 1230.35
v -5.8566 -127.193 1230.83
v -5.64862 -127.574 1230.62
v -5.98216 -126.609 1230.76
v -5.92998 -126.514 1229.41
v -1.53737 -122.513 1233.71
v -1.30428 -121.634 1233.52
v -1.1841 -121.83 1233.33
v -1.35636 -121.979 1232.91
v -1.66709 -120.551 1232.97
v -1.18352 -120.79 1232.97
v -1.8211 -120.011 1232.3
v -1.35577 -120.303 1232.72
v -1.72061 -119.431 1231.57
v -2.69836 -122.448 1232.08
v -3.02942 -122.099 1230.93
v -2.65493 -129.685 1235.32
v -2.27441 -129.331 1235.46
v -2.46445 -129.623 1235.23
v -2.33698 -129.33 1235.36
v -2.30262 -129.428 1235.25
v -3.8533 -128.861 1233.26
v -3.46573 -128.25 1233.25
v -3.4394 -128.606 1233.23
v -3.51434 -128.774 1233.21
v -3.61046 -128.936 1233.1
v -3.30324 -128.379 1233.01
v -3.30204 -129.081 1232.97
v -3.09323 -128.849 1233.03
v -3.59883 -127.937 1233.12
v -3.3926 -128.187 1232.93
v -3.42223 -127.966 1232.22
v -3.51964 -129.078 1232.87
v -3.92943 -128.806 1232.19
v -3.81668 -128.674 1231.86
v -4.11428 -128.405 1231.63
v -3.85784 -128.359 1231.65
v -3.7301 -127.611 1231.76
v -3.96195 -127.15 1231.11
v -4.45462 -126.432 1231.29
v -5.25596 -121.721 1227.77
v -4.46699 -128.46 1231.85
v -4.97217 -128.131 1231.03
v -4.35512 -128.226 1231.21
v -4.69899 -125.811 1229.55
v -4.71307 -128.129 1230.41
v -5.72667 -127.264 1229.67
v -5.72466 -122.902 1227.21
v -5.38302 -127.697 1229.51
v -5.88465 -124.572 1227.53
v -0.842897 -120.46 1232.46
v -0.841567 -119.988 1232.12
v -0.931829 -119.494 1231.78
v -0.963818 -121.237 1232.94
v -1.01166 -121.539 1232.79
v -0.964303 -120.873 1232.83
v -0.70255 -120.764 1232.23
v -0.722183 -120.546 1232.32
v -0.573112 -120.009 1231.81
v -0.66837 -120.689 1231.84
v -1.30381 -119.383 1231.76
v -1.36169 -118.813 1230.9
v -0.866322 -118.845 1231.01
v -2.21037 -121.516 1231.16
v -2.09524 -118.35 1229.19
v -2.99368 -118.589 1228.19
v -1.07407 -130.056 1234.88
v -1.2706 -130.356 1234.97
v -1.33432 -130.115 1234.9
v -3.81049 -118.607 1226.56
v -2.07952 -129.536 1232.89
v -3.00292 -128.57 1232.88
v -3.12146 -128.311 1232.64
v -3.52167 -127.9 1231.92
v -3.57 -128.185 1231.69
v -3.2526 -128.154 1231.87
v -3.30932 -128.288 1231.74
v -3.48606 -128.501 1231.73
v -3.6485 -127.84 1231.66
v -3.72257 -128.032 1231.55
v -3.79815 -127.559 1231.25
v -3.9743 -128.183 1231.4
v -3.50848 -127.992 1231.79
v -3.85865 -127.403 1230.72
v -4.5997 -119.711 1226.61
v -3.9466 -127.925 1231.05
v -4.22092 -128.054 1230.65
v -4.02664 -127.925 1230.66
v -3.88058 -127.686 1230.67
v -3.89124 -127.249 1230.25
v -3.9301 -127.838 1230.42
v -4.12072 -128.049 1230.25
v -3.80443 -127.446 1230.26
v -3.81742 -127.641 1230.34
v -3.96897 -127.108 1229.78
v -5.1261 -120.431 1226.28
v -4.95684 -128.039 1229.83
v -4.63426 -128.153 1229.99
v -5.563 -120.833 1225.34
v -5.78892 -125.56 1227.27
v -6.01394 -124.133 1225.75
v -0.514843 -120.139 1231.73
v -0.596317 -119.376 1231.34
v -0.355184 -119.537 1231.06
v -0.671869 -120.336 1231.09
v -0.345077 -119.813 1230.97
v -0.415342 -118.841 1230.56
v -0.780941 -117.981 1229.79
v -1.07911 -117.448 1228.75
v -1.61228 -117.429 1228.09
v -0.732966 -130.047 1234.94
v -2.51679 -117.833 1227.56
v -2.06121 -129.219 1232.82
v -3.20596 -117.821 1226.22
v -1.93352 -129.809 1232.79
v -2.03098 -128.962 1232.51
v -2.16103 -129.172 1231.68
v -3.71126 -127.655 1230.07
v -3.8255 -127.928 1230.06
v -3.71286 -127.434 1229.88
v -3.39643 -127.962 1229.66
v -3.36561 -127.717 1229.47
v -4.36945 -118.063 1223.71
v -3.6032 -128.525 1229.51
v -3.42254 -128.468 1229.6
v -4.00725 -128.215 1229.79
v -4.24203 -128.309 1229.45
v -3.6348 -128.158 1229.72
v -3.7211 -128.323 1229.62
v -3.85993 -128.411 1229.49
v -3.91243 -128.477 1229.26
v -3.67872 -128.603 1229.32
v -4.18422 -126.862 1228.75
v -4.74538 -124.451 1226.95
v -4.72008 -123.189 1226.5
v -5.17121 -119.477 1224.34
v -4.20095 -128.373 1228.53
v -4.93613 -123.668 1225.44
v -5.64448 -120.254 1223.95
v -5.32626 -119.314 1223.13
v -5.44394 -126.602 1226.07
v -5.94135 -124.854 1225.17
v -6.40855 -122.615 1223.25
v -0.442231 -117.796 1229.35
v -0.0115955 -117.947 1228.93
v -0.557529 -117.353 1228.74
v -0.220731 -117.765 1229.07
v -0.29984 -117.329 1228.54
v -0.706611 -116.538 1227.12
v -1.1162 -116.54 1226.74
v 0.293589 -130.894 1234.55
v -1.91611 -119.362 1227.26
v -2.52563 -117.026 1225.64
v -0.779551 -129.812 1232.68
v -1.61745 -130.079 1232.37
v -1.72708 -129.099 1231.84
v -3.20613 -120.207 1226.38
v -3.65824 -117.428 1224.16
v -2.57006 -128.728 1229.61
v -3.24725 -128.299 1229.61
v -3.03164 -128.096 1229.46
v -2.87861 -128.079 1229.18
v -4.08005 -120.857 1225.29
v -3.06714 -128.808 1229.6
v -3.26469 -128.872 1229.46
v -2.83807 -129.127 1229.5
v -2.92591 -129.13 1229.37
v -3.06278 -129.033 1228.97
v -3.76791 -128.581 1228.97
v -3.50034 -128.762 1229.05
v -3.60453 -128.635 1228.87
v -3.43962 -128.699 1228.82
v -3.54755 -128.589 1228.74
v -3.48136 -128.519 1228.64
v -3.2294 -128.391 1228.6
v -3.28989 -128.219 1228.51
v -3.31124 -128.605 1228.68
v -3.35872 -128.43 1228.58
v -3.3584 -128.34 1228.52
v -3.08771 -128.225 1228.63
v -3.2306 -128.492 1228.63
v -2.84922 -128.116 1228.93
v -2.87938 -128.294 1228.69
v -3.07318 -128.594 1228.64
v -3.03062 -128.459 1228.63
v -3.22989 -127.816 1228.72
v -3.59437 -127.48 1228.23
v -3.38805 -127.698 1228.42
v -3.24282 -128.08 1228.52
v -3.29376 -127.908 1228.44
v -3.31095 -128.049 1228.39
v -3.35763 -128.185 1228.39
v -3.3374 -127.91 1228.25
v -3.3401 -128.033 1228.25
v -4.53804 -121.5 1224.77
v -4.27877 -120.612 1223.68
v -3.97962 -128.459 1228.57
v -3.69717 -128.53 1228.68
v -3.69388 -128.441 1228.44
v -3.85026 -128.448 1228.27
v -3.51638 -128.451 1228.56
v -3.70508 -128.421 1228.28
v -3.47452 -128.324 1228.4
v -3.68973 -128.435 1228.11
v -3.87402 -128.48 1227.87
v -3.39112 -128.181 1228.28
v -3.40124 -127.761 1227.97
v -3.507 -128.321 1228.18
v -3.34188 -128.028 1228.09
v -3.36834 -128.157 1228.06
v -3.6063 -128.477 1227.91
v -4.26207 -126.827 1226.92
v -4.47777 -126.301 1226.95
v -4.88747 -124.339 1225.44
v -4.12947 -128.328 1227.31
v -4.44076 -127.988 1226.73
v -5.03277 -122.196 1223.64
v -5.7113 -119.618 1221.52
v -4.75506 -127.668 1226.03
v -5.26517 -123.301 1223.6
v -5.23723 -122.828 1223.42
v -6.20906 -121.143 1222.5
v -6.46587 -122.286 1222.48
v -6.484 -122.848 1222.15
v -6.33346 -121.442 1221.84
v -6.40166 -122.005 1221.72
v -6.39175 -123.812 1222.8
v -0.076046 -117.413 1228.38
v -0.0954857 -118.574 1228.61
v 0.175298 -117.254 1227.66
v -0.324518 -116.689 1227.43
v -0.00181634 -116.754 1227.19
v -0.220519 -116.251 1226.44
v -0.435366 -116.054 1226.07
v 0.128062 -129.948 1232.2
v -2.05805 -118.716 1225.45
v -2.55328 -116.313 1223.62
v -0.842299 -130.422 1232.14
v -0.579191 -130.561 1232.5
v -0.944137 -130.23 1231.85
v -0.788713 -130.11 1231.7
v -0.265419 -129.829 1231.77
v -0.351925 -129.902 1231.68
v -2.73264 -118.813 1224.02
v -3.12243 -116.374 1222.38
v -2.40605 -128.609 1229.5
v -2.41587 -128.434 1229.23
v -3.43715 -119.569 1224.03
v -2.48904 -129.1 1228.67
v -2.47176 -128.894 1228.61
v -2.29272 -128.543 1228.84
v -2.19549 -128.821 1228.62
v -3.29302 -128.153 1227.85
v -3.29756 -127.956 1227.79
v -3.39913 -128.411 1227.84
v -3.50618 -128.559 1227.73
v -3.10706 -128.373 1227.68
v -3.2642 -128.596 1227.68
v -3.01618 -128.154 1227.46
v -3.45305 -127.693 1227.5
v -3.45903 -127.78 1226.95
v -3.32841 -127.924 1226.91
v -3.11221 -128.013 1227.11
v -3.58113 -128.621 1227.53
v -3.74164 -128.489 1227.01
v -3.38004 -128.749 1227.45
v -3.53354 -128.67 1227.13
v -3.43275 -128.656 1226.91
v -4.01888 -128.27 1226.88
v -4.13737 -128.105 1226.61
v -3.84815 -128.219 1226.74
v -3.86849 -127.993 1226.49
v -3.54171 -127.839 1226.74
v -3.64335 -128.018 1226.65
v -3.71735 -127.74 1226.51
v -3.66073 -128.313 1226.77
v -3.52492 -128.206 1226.71
v -3.32017 -128.125 1226.76
v -3.83895 -127.363 1226.84
v -3.97158 -127.202 1226.13
v -3.78018 -127.634 1226.33
v -3.86998 -127.486 1225.83
v -4.241 -127.944 1226.08
v -4.40471 -127.909 1226.03
v -4.07537 -127.885 1226.01
v -4.42102 -127.925 1225.6
v -3.94421 -127.767 1225.98
v -4.21801 -127.934 1225.73
v -4.08436 -127.881 1225.73
v -4.08782 -127.915 1225.58
v -4.20837 -127.964 1225.55
v -3.89994 -127.36 1225.4
v -3.96663 -127.791 1225.66
v -5.26784 -123.771 1223.17
v -5.33545 -122.976 1222.63
v -5.2521 -122.46 1222.5
v -5.2421 -122.55 1222.02
v -4.93941 -121.545 1222.24
v -5.78828 -119.624 1220.27
v -4.84736 -127.65 1224.46
v -6.01721 -120.597 1220.12
v -5.11335 -127.023 1223.95
v -6.05897 -124.906 1222.26
v -6.35057 -123.882 1221.73
v -6.37756 -122.867 1221.39
v 0.252743 -117.601 1227.58
v 0.227473 -117.538 1226.78
v 0.287412 -116.744 1226.48
v -0.064143 -117.601 1226.23
v 0.362598 -117.026 1226.18
v 0.0764823 -116.17 1225.82
v -0.639629 -115.724 1225.11
v -0.302405 -115.664 1224.95
v -0.0562743 -115.785 1225.02
v 0.655033 -131.011 1231.97
v -0.262394 -130.125 1231.64
v -1.38323 -129.495 1229.72
v -1.36668 -129.722 1229.7
v -1.15087 -129.302 1229.58
v -1.43448 -129.884 1229.55
v -1.51181 -129.911 1229.25
v -3.23156 -115.956 1220.54
v -1.91036 -129.598 1228.82
v -2.92575 -129.06 1227.46
v -2.72186 -129.029 1227.54
v -2.98195 -128.205 1226.84
v -2.81122 -129.194 1227.27
v -2.73911 -129.195 1226.8
v -2.45706 -129.413 1226.97
v -3.30116 -128.51 1226.72
v -3.08725 -128.348 1226.71
v -2.996 -128.648 1226.65
v -2.72806 -129.072 1226.64
v -3.87258 -127.643 1225.58
v -4.01659 -128.014 1225.3
v -3.8501 -127.801 1225.33
v -3.77298 -127.638 1225.2
v -3.70131 -127.848 1225.02
v -3.58002 -128.099 1224.79
v -3.7242 -127.589 1224.86
v -4.37181 -126.453 1224.33
v -4.69102 -120.76 1220.34
v -4.21557 -128.097 1225.2
v -4.40458 -128.101 1224.94
v -3.71776 -128.433 1224.69
v -4.01425 -127.15 1224.2
v -5.01723 -124.421 1222.23
v -5.18981 -123.331 1221.86
v -4.46527 -128.15 1224.21
v -4.61829 -127.944 1223.89
v -4.82729 -124.126 1221.41
v -6.02733 -122.309 1220.28
v -5.94176 -120.941 1219.72
v -5.43262 -125.673 1221.17
v -5.965 -124.633 1221.01
v -6.07693 -123.739 1220.7
v -5.79932 -124.107 1220.3
v -5.67069 -122.9 1219.76
v 3.09426 -131.894 1235
v 0.289504 -116.118 1224.89
v 0.372485 -116.358 1224.93
v 1.95942 -132.12 1234.56
v 0.307422 -116.48 1224.36
v 0.0257137 -116.778 1224.15
v 0.0992707 -115.643 1223.9
v 1.69562 -131.068 1232.56
v 1.3952 -131.224 1232.55
v -1.22364 -115.303 1223.23
v 1.14422 -131.242 1232.49
v 1.29142 -131.34 1232.33
v 1.02249 -130.369 1231.7
v -1.67913 -117.531 1222.75
v -0.440141 -130.379 1229.49
v -0.682942 -129.376 1228.99
v -0.975741 -129.649 1228.64
v -0.557163 -130.301 1229.01
v -0.654721 -130.142 1228.8
v -0.36413 -130.092 1228.71
v -1.20746 -129.784 1228.69
v -3.03347 -118.456 1221.52
v -1.81464 -129.67 1227.19
v -1.67348 -129.797 1227.02
v -1.82605 -129.416 1227.35
v -1.48124 -129.175 1227.22
v -2.18997 -128.751 1226.54
v -1.81989 -128.799 1226.83
v -3.63955 -119.004 1220.83
v -2.31328 -128.912 1226.46
v -2.30683 -129.145 1226.44
v -3.48656 -127.923 1224.64
v -3.28769 -128.135 1224.51
v -3.25695 -127.994 1224.29
v -3.57079 -127.707 1224.44
v -4.57719 -116.844 1218.13
v -3.87488 -128.58 1224.41
v -3.37253 -128.428 1224.58
v -3.43594 -128.878 1224.19
v -3.56887 -127.701 1224.06
v -3.77748 -127.548 1223.63
v -3.6254 -127.758 1223.65
v -3.74196 -127.774 1223.45
v -3.29595 -127.941 1223.78
v -3.44493 -127.921 1223.6
v -3.56742 -127.97 1223.44
v -3.95665 -127.064 1223.45
v -3.85607 -127.279 1223.33
v -3.8635 -126.999 1223
v -4.19617 -126.493 1223.18
v -3.82135 -126.754 1222.59
v -4.67472 -121.01 1220.02
v -5.41702 -118.986 1218.35
v -3.84005 -128.673 1224.11
v -3.79067 -128.712 1223.66
v -4.22841 -128.308 1223.66
v -4.3789 -128.035 1223.37
v -4.38301 -127.915 1223.13
v -4.14882 -128.209 1223.42
v -4.22915 -127.99 1223.22
v -4.02742 -128.406 1223.44
v -4.06845 -128.117 1223.33
v -4.198 -127.877 1223.03
v -3.84749 -127.859 1223.31
v -3.94351 -127.913 1223.25
v -3.96478 -128.238 1223.33
v -3.6882 -128.082 1223.33
v -3.78579 -127.994 1223.33
v -3.70899 -128.319 1223.23
v -3.80474 -128.497 1223.25
v -4.65285 -127.631 1223.02
v -3.83497 -127.631 1223.26
v -3.87841 -127.713 1223.19
v -3.94044 -127.758 1223.12
v -4.24676 -127.752 1222.66
v -3.79725 -127.266 1222.96
v -4.0682 -127.749 1222.81
v -3.80388 -127.416 1222.87
v -3.89517 -127.608 1222.85
v -4.1229 -127.707 1222.49
v -4.12699 -125.878 1221.92
v -4.37625 -123.929 1220.61
v -5.49552 -120.19 1218.42
v -4.47665 -127.644 1222.56
v -4.50897 -127.494 1222.27
v -4.26921 -127.668 1222.31
v -5.5152 -124.816 1220.27
v -5.41737 -124.194 1219.83
v 3.01385 -132.721 1234.7
v 3.54264 -131.949 1234.66
v 3.24333 -131.765 1234.17
v 3.47267 -131.916 1234.02
v 2.88795 -132.317 1234.11
v 0.264525 -115.947 1223.8
v 2.41714 -131.565 1232.47
v 2.24003 -131.673 1232.38
v 2.49842 -130.936 1232.2
v -0.0360945 -115.173 1222.24
v -0.406861 -114.727 1221.76
v -0.274486 -114.761 1221.47
v 1.46162 -131.187 1231.77
v 1.69968 -131.076 1231.64
v 2.17192 -130.95 1231.63
v -0.891384 -114.484 1221.16
v -1.51633 -114.701 1220.95
v -1.38633 -114.087 1219.58
v -0.149176 -129.769 1228.75
v -1.38721 -129.88 1227.15
v -0.753229 -130.202 1227.02
v -0.568479 -130.109 1227.19
v -0.683812 -129.357 1226.49
v -3.59268 -115.521 1218.06
v -1.82544 -129.681 1226.54
v -1.14392 -130.027 1226.44
v -3.95467 -115.688 1216.96
v -4.14 -115.935 1216.27
v -3.0924 -128.95 1224.23
v -2.86108 -129.18 1223.92
v -2.48574 -129.149 1224.01
v -3.23134 -128.043 1223.49
v -3.32773 -128.111 1223.32
v -4.25502 -120.989 1219.05
v -4.73457 -117.128 1216.94
v -3.18692 -129.065 1223.76
v -3.40829 -128.874 1223.12
v -3.46011 -128.212 1223.22
v -3.72755 -127.153 1222.73
v -3.99398 -127.676 1222.53
v -3.7084 -127.347 1222.62
v -3.77383 -127.479 1222.61
v -3.9981 -127.7 1222.37
v -3.85014 -127.675 1222.39
v -3.66083 -127.547 1222.42
v -3.49927 -127.317 1222.4
v -3.53435 -127.737 1222.31
v -3.71335 -127.819 1222.23
v -3.40287 -127.545 1222.35
v -3.27817 -127.386 1222.3
v -3.73413 -126.968 1222.65
v -3.60772 -127.048 1222.48
v -3.36273 -127.108 1222.24
v -3.26752 -126.92 1221.99
v -4.19212 -124.717 1220.88
v -4.86975 -117.996 1216.81
v -4.20961 -127.662 1222.04
v -3.90661 -127.779 1222.19
v -3.82797 -127.89 1222.06
v -3.93677 -127.847 1221.97
v -4.24811 -127.565 1221.78
v -5.00218 -123.322 1219.07
v -4.98437 -120.431 1217.54
v -4.23986 -126.719 1220.47
v -4.91394 -125.515 1220.04
v -4.84499 -124.937 1219.6
v 4.09224 -132.502 1234.99
v 4.3821 -132.459 1234.8
v 4.22045 -133.161 1234.92
v 4.37791 -133.3 1234.74
v 4.25293 -133.194 1234.24
v 4.35168 -133.08 1233.98
v 2.95704 -131.299 1232.36
v 2.88852 -131.046 1231.77
v -0.470115 -116.021 1221.22
v -0.168171 -115.589 1221.08
v -0.0658373 -115.334 1221.14
v -0.100182 -115.024 1221.2
v 1.83482 -131.189 1229.95
v 1.47431 -130.599 1229.98
v 1.57839 -130.927 1230.01
v 2.28633 -130.762 1229.94
v 1.45292 -130.28 1229.59
v -0.850164 -114.101 1219.89
v -0.677936 -114.159 1219.83
v -0.56589 -114.223 1219.45
v -1.00419 -113.844 1218.81
v 0.894088 -130.345 1228.78
v 1.37786 -130.757 1228.85
v -1.20863 -113.836 1218.93
v -1.55517 -113.717 1218.16
v -2.00172 -114.034 1218.3
v -2.01647 -113.738 1217.16
v 0.298499 -130.574 1227.13
v -0.386494 -129.88 1227.19
v -0.329576 -129.6 1226.92
v -0.192779 -130.476 1226.79
v -0.747593 -129.373 1226.17
v -0.726215 -129.544 1225.96
v -0.20131 -129.613 1225.92
v -1.08973 -129.918 1226.15
v -2.94163 -117.301 1218.48
v -3.35808 -114.814 1215.65
v -2.32698 -128.631 1223.96
v -1.93321 -128.925 1223.85
v -1.79015 -128.795 1223.6
v -3.41232 -117.615 1217.28
v -3.61245 -118.134 1217.13
v -3.86753 -115.578 1215.62
v -2.29319 -128.932 1224.02
v -2.36164 -128.46 1223.69
v -2.21197 -128.478 1222.95
v -2.30785 -128.523 1222.73
v -3.60107 -120.124 1217.7
v -3.6594 -118.554 1217.17
v -4.49166 -116.965 1216.08
v -4.21598 -116.585 1215.56
v -4.10871 -116.096 1215.64
v -2.5889 -128.892 1222.49
v -3.12932 -128.808 1222.79
v -2.42679 -128.622 1222.61
v -2.52968 -128.778 1222.52
v -3.01793 -128.117 1222.27
v -3.49759 -125.568 1220.79
v -3.5711 -124.293 1220.04
v -4.64516 -118.215 1216.32
v -4.3959 -118.455 1216
v -4.25762 -117.306 1215.55
v -3.18731 -128.389 1222.03
v -3.82775 -127.867 1221.44
v -3.48003 -128.284 1221.76
v -4.5897 -120.703 1217.21
v 4.84878 -133.188 1234.9
v 4.70388 -132.901 1233.74
v 4.88371 -132.587 1233.71
v 3.77743 -131.981 1232.36
v 4.35911 -131.874 1232.27
v 2.77215 -131.199 1230.08
v 2.48178 -130.875 1228.93
v 2.42061 -130.718 1229.06
v -0.387712 -114.607 1219.37
v 1.95345 -131.193 1229
v 1.65116 -130.507 1228.89
v 1.66378 -130.67 1228.85
v -0.668701 -114.161 1218.42
v -0.548274 -114.525 1218.62
v -1.36059 -113.647 1217.89
v -1.08873 -113.746 1218.09
v -0.798497 -113.969 1218.43
v -1.69655 -113.573 1216.97
v -1.41125 -113.607 1217.01
v -1.18523 -113.744 1217.03
v 0.684294 -130.586 1227.21
v 1.05923 -130.967 1226.99
v 1.16485 -130.972 1226.54
v 0.974141 -130.301 1227.14
v -0.0229076 -130.443 1226.05
v -0.139582 -129.77 1225.77
v -0.363226 -129.875 1225.8
v -0.293193 -130.125 1225.83
v 0.543823 -129.841 1225.93
v -2.52823 -113.909 1215.82
v -2.61302 -116.214 1216.15
v -1.08836 -129.296 1223.58
v -1.07097 -129.488 1223.61
v -0.995954 -129.089 1223.22
v -3.07954 -117.091 1216.11
v -2.92888 -116.661 1216.16
v -2.70801 -116.434 1215.68
v -3.56095 -115.332 1214.97
v -1.62479 -129.768 1223.26
v -1.37041 -129.719 1223.57
v -1.7023 -128.66 1222.78
v -1.9482 -128.59 1222.62
v -1.9774 -128.582 1222.45
v -2.00201 -128.538 1222.34
v -2.14056 -128.292 1222.23
v -1.87309 -128.53 1222.33
v -1.89775 -128.459 1222.26
v -1.58896 -128.595 1222.36
v -3.04798 -118.771 1216.44
v -3.33769 -117.785 1216.48
v -3.29513 -118.253 1216.52
v -3.78279 -116.035 1214.96
v -3.90499 -116.647 1215.03
v -2.50441 -129.057 1222.4
v -2.43133 -129.252 1222.42
v -2.36095 -129.128 1222.24
v -2.16397 -129.319 1222.07
v -1.72253 -129.641 1222.35
v -2.28834 -128.668 1222.49
v -2.38096 -128.421 1222.24
v -2.39838 -128.818 1222.41
v -2.41743 -128.557 1222.21
v -2.45198 -128.941 1222.39
v -2.62903 -128.686 1222.07
v -2.15987 -128.62 1222.52
v -2.1581 -128.579 1222.33
v -2.16826 -128.497 1222.26
v -2.25638 -128.618 1222.28
v -2.29608 -128.532 1222.25
v -2.33419 -128.743 1222.3
v -2.3352 -128.663 1222.23
v -2.37688 -128.901 1222.3
v -2.36485 -128.803 1222.21
v -2.40882 -128.712 1222.18
v -2.02986 -128.467 1222.27
v -2.36111 -128.957 1222.16
v -2.42103 -128.91 1222.04
v -2.31478 -129.104 1222.1
v -2.31706 -129.091 1221.94
v -2.22134 -129.203 1221.9
v -2.27883 -129.141 1221.83
v -2.63088 -126.703 1221
v -2.35525 -126.266 1220.18
v -2.36696 -126.054 1219.94
v -2.73021 -125.03 1219.74
v -2.61117 -125.676 1220.05
v -2.44958 -125.763 1219.83
v -2.50249 -125.304 1219.61
v -2.54531 -124.527 1219.3
v -3.70176 -119.024 1215.63
v -4.045 -118.337 1215.55
v -3.59312 -117.941 1215.05
v -3.98985 -117.414 1215.22
v -2.6802 -128.811 1221.86
v -2.39024 -129.039 1221.81
v -2.28967 -129.121 1221.66
v -2.96388 -128.633 1221.49
v -3.04832 -128.349 1221.09
v -2.51057 -128.759 1221.16
v -2.50067 -128.566 1220.92
v -2.78064 -128.026 1220.37
v -3.28863 -125.461 1218.67
v -3.42249 -124.638 1218.33
v -3.61303 -126.688 1219.72
v -3.54825 -125.853 1219.03
v 6.13462 -133.766 1234.64
v 6.55078 -133.56 1234.63
v 5.66764 -132.675 1233.73
v 5.82681 -132.694 1233.88
v 5.88914 -133.818 1234.14
v 4.425 -132.451 1232.24
v 4.55188 -131.817 1232.18
v 4.42333 -131.651 1231.98
v 4.51096 -132.561 1231.89
v 4.51603 -132.444 1231.65
v 3.65524 -131.763 1230.09
v 3.91038 -132.009 1230.03
v 2.68229 -131.148 1228.9
v -0.963109 -114.076 1217.04
v -1.09513 -114.883 1217.4
v -1.0579 -114.323 1216.59
v 0.922889 -130.583 1225.56
v 0.694171 -130.271 1225.54
v 1.00925 -130.169 1225.53
v -1.30457 -114.364 1215.57
v -1.4578 -114.671 1215.58
v -2.14957 -113.629 1215.35
v -1.85942 -113.577 1215.37
v -2.05278 -113.623 1214.9
v -1.42359 -113.89 1215.11
v -1.588 -113.74 1215.02
v -1.89192 -113.678 1214.63
v -2.57678 -113.925 1214.85
v -2.83931 -114.257 1214.64
v -2.53207 -113.944 1214.49
v -2.58931 -114.084 1214.32
v -2.2885 -113.748 1214.62
v -2.25511 -113.823 1214.31
v -2.38551 -113.964 1214.19
v -2.21711 -113.964 1214.06
v -0.280384 -130.019 1223.43
v -0.726481 -129.332 1223.38
v -0.521594 -129.731 1223.49
v -0.525591 -129.536 1223.43
v -0.0546409 -129.841 1223.41
v -2.77844 -117.096 1215.64
v -2.40888 -116.371 1215.22
v -2.25647 -117.059 1215.17
v -2.89802 -114.527 1214.34
v -3.00775 -114.908 1214.27
v -2.53926 -114.221 1214.09
v -2.7695 -114.985 1213.96
v -2.56844 -114.457 1213.96
v -2.36881 -114.215 1213.93
v -0.378157 -130.254 1223.26
v -1.54448 -128.313 1221.85
v -1.09596 -128.56 1221.65
v -2.68397 -119.494 1216.53
v -2.66486 -117.937 1215.75
v -3.27411 -115.788 1214.35
v -1.57629 -128.831 1221.08
v -1.22471 -128.575 1221.36
v -1.89116 -127.754 1221.37
v -1.74086 -128.047 1221.51
v -1.67225 -128.044 1221.34
v -1.68368 -127.868 1221.24
v -1.47823 -128.348 1221.4
v -1.53539 -127.818 1221.09
v -1.5491 -128.292 1221.28
v -1.56161 -128.114 1221.19
v -1.54346 -128.235 1221.19
v -1.46544 -128.038 1221.11
v -1.49938 -128.215 1221.13
v -1.501 -128.474 1221.19
v -1.50966 -128.391 1221.12
v -1.54793 -128.528 1221.11
v -1.52003 -128.691 1221.11
v -1.59435 -128.587 1221.03
v -1.6814 -128.706 1221.05
v -1.65066 -128.627 1220.97
v -1.40394 -128.181 1221.07
v -1.46338 -128.362 1221.06
v -1.51733 -128.491 1221.04
v -1.19978 -127.875 1220.93
v -1.23644 -128.208 1221.03
v -1.2692 -128.384 1221
v -1.44346 -128.487 1220.97
v -1.55418 -128.618 1220.86
v -1.67763 -127.48 1220.94
v -2.05475 -126.589 1220.2
v -1.70242 -126.761 1220
v -1.76821 -126.748 1219.78
v -2.22583 -126.306 1219.88
v -2.29671 -126.199 1219.69
v -2.18237 -126.399 1219.73
v -2.04716 -126.517 1219.86
v -2.03075 -126.574 1219.71
v -2.43034 -125.391 1219.32
v -2.40549 -125.986 1219.49
v -2.38647 -124.912 1219.21
v -2.29249 -124.899 1218.79
v -2.14924 -124.064 1218.72
v -2.07021 -124.528 1218.51
v -3.48773 -116.904 1214.65
v -2.92899 -117.43 1214.48
v -1.92009 -129.366 1221.66
v -2.18113 -129.124 1221.42
v -2.14929 -128.908 1221.11
v -1.80812 -128.875 1221.05
v -2.50583 -128.406 1220.64
v -2.23179 -128.718 1220.98
v -2.22426 -128.589 1220.8
v -1.91832 -128.687 1220.93
v -2.1941 -128.518 1220.57
v -1.7585 -128.649 1220.76
v -1.79205 -128.667 1220.5
v -2.00916 -128.442 1220.19
v -2.47256 -127.677 1219.72
v -2.24184 -127.373 1219.42
v -2.85446 -126.815 1219.39
v -2.49017 -126.321 1219.34
v -2.64232 -126.461 1219.28
v -2.28272 -126.433 1219.53
v -2.451 -126.668 1219.39
v -2.18495 -126.961 1219.42
v -1.90334 -126.844 1219.54
v -2.93868 -125.701 1218.81
v -2.55944 -125.755 1219.11
v -3.02357 -125.113 1218.38
v -2.59984 -125.111 1218.51
v -3.133 -124.636 1218.14
v -2.85637 -124.76 1218.06
v -2.4908 -124.855 1218.19
v -3.18007 -123.182 1217.44
v 7.16186 -133.378 1234.34
v 6.6904 -133.019 1233.98
v 6.75464 -133.053 1233.64
v 6.55996 -133.414 1233.46
v 6.14815 -133.71 1233.7
v 6.25477 -133.552 1233.54
v 5.99027 -133.014 1232.21
v 6.01788 -133.127 1232.09
v 5.93431 -133.098 1231.77
v 4.6019 -131.549 1229.84
v 4.13432 -131.342 1229.2
v 3.70618 -132.067 1229.75
v 3.59003 -132.007 1229.35
v 3.66046 -131.791 1229
v 3.95556 -131.453 1228.98
v 3.00846 -131.575 1227.29
v 3.20429 -131.712 1227.03
v 2.23714 -130.546 1226.86
v -1.34648 -114.079 1215.17
v -1.56811 -113.896 1214.63
v -1.44343 -114.075 1214.71
v -1.41453 -114.257 1214.8
v -1.65301 -114.892 1214.84
v -1.70953 -115.182 1214.64
v -1.52328 -114.724 1214.47
v -1.40836 -115.112 1214.21
v -1.4754 -114.526 1214.78
v -1.48968 -114.484 1214.43
v -1.51313 -114.317 1214.33
v -1.70105 -114.201 1214.01
v -1.46678 -114.654 1214.17
v -1.4946 -114.569 1213.93
v -1.91333 -113.826 1214.26
v 0.687436 -130.108 1223.34
v 0.502977 -130.529 1223.29
v 0.72491 -130.309 1223.38
v 0.400841 -130.611 1223.11
v -0.0456414 -129.649 1223.29
v 0.0000748169 -129.539 1223.05
v 0.703895 -129.849 1223.02
v -1.95612 -117.804 1215.24
v -1.55262 -117.105 1214.79
v -1.66271 -115.682 1214.54
v -2.15657 -114.634 1213.6
v -2.14396 -114.96 1213.52
v -1.99897 -114.247 1213.77
v -0.156542 -130.404 1222.95
v -1.51297 -123.049 1217.83
v -1.36999 -122.251 1217.3
v -2.44443 -115.548 1213.71
v -1.37128 -129.471 1221.29
v -1.27746 -129.395 1221.18
v -0.791405 -128.962 1220.73
v -1.33384 -128.545 1220.92
v -1.44191 -128.663 1220.82
v -1.08536 -127.215 1220.15
v -1.50957 -124.051 1217.9
v -1.60426 -124.233 1217.8
v -1.51159 -123.67 1218.02
v -2.17848 -119.828 1215.17
v -1.56224 -128.735 1220.67
v -1.30058 -128.902 1220.49
v -1.42248 -128.767 1220.14
v -1.6262 -128.259 1219.7
v -2.14424 -124.664 1218.22
v -1.8322 -124.373 1217.56
v -2.45278 -124.063 1217.39
v -1.97376 -124.31 1217.38
v -2.28327 -122.678 1216.68
v 7.48825 -134.309 1234.23
v 7.48334 -134.272 1233.82
v 7.56925 -134.106 1233.5
v 7.65722 -133.557 1233.38
v 6.26119 -132.667 1232.21
v 6.13796 -132.31 1231.8
v 6.33468 -132.453 1232.02
v 6.60622 -132.842 1231.45
v 6.47777 -133.025 1231.48
v 5.33911 -132.469 1230.05
v 5.28312 -132.572 1229.97
v 4.82407 -131.96 1228.92
v 4.64478 -132.31 1229.12
v 3.83943 -131.724 1227.42
v 3.95455 -131.88 1227.35
v 3.64615 -131.842 1227.23
v 2.2666 -130.653 1225.28
v 2.23224 -131.075 1225.45
v 2.20824 -130.826 1225.27
v -1.10336 -115.402 1214.03
v -1.32341 -114.894 1213.94
v -1.3684 -114.769 1213.78
v -1.10026 -115.061 1213.7
v 1.51406 -130.732 1223.43
v 1.19903 -130.921 1222.83
v 0.465009 -129.482 1222.05
v -1.0619 -118.765 1215.27
v -0.92079 -117.692 1214.74
v -1.23495 -115.898 1214.31
v -1.28556 -115.899 1213.29
v -1.60207 -114.637 1213.58
v -1.77579 -114.845 1213.42
v -1.71297 -115.237 1213.33
v -0.989502 -115.178 1213.43
v -1.21346 -115.466 1213.22
v -0.233749 -129.218 1221.38
v -0.246465 -128.297 1220.76
v -0.177215 -128.568 1220.87
v -1.01938 -123.57 1217.68
v -0.708952 -123.487 1217.51
v -0.570629 -123.889 1217.55
v -1.11361 -122.53 1217.23
v -1.01053 -122.933 1217.37
v -0.933696 -122.659 1217.05
v -0.838383 -122.956 1217.09
v -0.576505 -123.233 1217.2
v -0.898266 -122.421 1216.94
v -0.843964 -122.526 1216.78
v -0.297816 -130.065 1221.56
v -0.237835 -129.944 1221.34
v -0.25942 -129.627 1221.24
v 0.206084 -130.04 1221.35
v 0.00590396 -129.092 1220.8
v -0.967051 -127.459 1219.46
v -0.815415 -127.334 1219.67
v -1.21747 -124.155 1217.6
v -1.35278 -124.276 1217.5
v -0.849308 -124.365 1217.46
v -1.14136 -123.82 1217.73
v -1.70882 -123.021 1216.63
v -1.46291 -123.126 1216.64
v -1.25888 -123.052 1216.64
v -0.855568 -122.937 1216.94
v -0.886073 -122.828 1216.9
v -1.0663 -123.222 1216.72
v -0.804527 -123.031 1216.97
v -0.871615 -122.997 1216.85
v -0.928065 -123.052 1216.78
v -0.987367 -122.882 1216.69
v -0.79312 -123.117 1216.87
v -0.799919 -123.242 1216.81
v -1.68698 -122.722 1216.45
v -1.47018 -122.916 1216.54
v -1.14788 -122.757 1216.48
v -0.898579 -122.627 1216.61
v -1.14733 -122.462 1216.22
v -0.920949 -122.388 1216.26
v -0.47711 -129.073 1219.89
v -0.659056 -128.568 1219.48
v -1.08058 -127.705 1219.35
v -1.1752 -124.439 1217.16
v -1.66327 -124.287 1217.28
v -1.62264 -124.098 1216.99
v -1.16665 -124.38 1216.9
v -1.81437 -123.497 1216.83
v -1.31505 -123.683 1216.73
v 7.90835 -133.899 1233.34
v 7.68816 -133.076 1232.19
v 7.53051 -132.865 1232.01
v 7.78907 -133.601 1232.28
v 7.41636 -133.688 1231.98
v 7.7556 -133.745 1232.2
v 7.51812 -133.516 1231.57
v 7.66503 -133.388 1231.47
v 7.1014 -132.756 1231.51
v 7.85583 -132.916 1231.71
v 6.55861 -132.835 1230.05
v 5.89033 -132.853 1229.76
v 4.93969 -131.884 1227.49
v 5.00796 -131.583 1227.2
v 2.00544 -130.607 1223.42
v 1.69576 -130.183 1222.91
v 2.04305 -130.438 1223.26
v -0.4854 -116.102 1214.03
v -0.502137 -116.666 1214.27
v -0.181541 -115.971 1213.68
v 1.74023 -131.064 1223.3
v -0.441632 -115.671 1213.47
v -1.01828 -115.339 1213.27
v 1.13333 -130.783 1222.09
v 1.15432 -129.9 1221.7
v 1.08535 -130.553 1221.63
v 1.13636 -130.329 1221.55
v 0.788901 -129.624 1221.77
v 0.608299 -128.758 1220.75
v 0.619144 -128.985 1220.83
v 0.304501 -128.036 1220.21
v 0.3076 -127.845 1219.82
v -0.119851 -123.489 1217
v -0.591348 -121.596 1216.42
v -0.491848 -121.854 1216.22
v -0.591361 -121.997 1216.11
v -0.199698 -121.264 1216.02
v -0.611839 -120.843 1216.12
v -0.252213 -121.512 1215.47
v -0.741586 -117.063 1213.46
v 0.717349 -129.669 1220.63
v -0.100759 -129.397 1220.13
v 0.433929 -129.416 1219.81
v 0.22672 -128.655 1219.26
v -0.711333 -124.771 1217.04
v -0.522443 -124.837 1217.19
v -0.143663 -123.683 1216.74
v -0.583351 -123.251 1216.94
v -0.665556 -123.37 1216.8
v -0.720478 -123.682 1216.68
v -0.814637 -122.022 1215.9
v -0.95914 -121.555 1215.49
v -1.29107 -119.598 1214.65
v -0.703422 -124.491 1216.68
v 9.75571 -134.141 1234.09
v 9.493 -134.775 1234.11
v 9.16698 -133.765 1233.67
v 9.27664 -133.892 1233.36
v 9.3287 -134.218 1233.25
v 8.51745 -134.005 1231.76
v 7.04005 -132.671 1230.06
v 6.84992 -133.085 1229.95
v 6.52567 -132.106 1229.41
v 6.69927 -132.25 1229.07
v 6.81079 -132.42 1228.98
v 5.2209 -131.422 1226.51
v 4.98404 -132.037 1226.2
v 3.87992 -131.046 1225.16
v 2.2284 -130.272 1222.42
v 1.90853 -129.437 1220.84
v 1.78546 -129.095 1220.65
v 0.463288 -120.728 1215.56
v 0.158094 -120.231 1215.52
v 0.449312 -118.824 1214.75
v 0.0691953 -116.489 1213.14
v -0.073003 -116.077 1213.28
v 1.79731 -130.964 1221.99
v 1.5797 -129.64 1220.83
v 1.64552 -130.166 1220.41
v 1.43354 -128.257 1219.79
v 1.19919 -128.261 1219.44
v 0.541338 -123.964 1217.14
v 0.685056 -123.962 1216.86
v 0.766037 -124.051 1216.71
v 0.027106 -121.358 1215.68
v 0.250748 -121.155 1214.97
v 0.668689 -121.027 1215.33
v -0.0349709 -120.625 1214.61
v 0.19058 -120.956 1214.72
v 0.473735 -129.122 1219.49
v 1.23721 -128.903 1219.22
v 0.514321 -128.132 1219.36
v 0.530064 -125.313 1217.13
v 0.448015 -125.408 1216.91
v 0.0499304 -125.179 1216.75
v 0.0897596 -125.097 1216.62
v 10.2011 -134.657 1234.17
v 9.88172 -134.957 1233.83
v 10.0047 -134.667 1233.23
v 10.1157 -134.903 1233.4
v 9.54454 -133.846 1232.44
v 9.60197 -133.664 1232.35
v 9.65188 -133.51 1232.14
v 9.27635 -134.352 1232.15
v 9.11178 -134.214 1232.34
v 9.17056 -133.326 1231.76
v 9.04548 -133.337 1231.63
v 9.0176 -133.482 1231.51
v 9.0387 -133.682 1231.5
v 7.54061 -133.299 1230
v 7.95724 -133.493 1229.93
v 8.53519 -133.489 1230.09
v 8.40098 -132.931 1230.01
v 8.01934 -132.563 1229.55
v 7.58383 -133.422 1229.49
v 6.36726 -132.724 1227.39
v 6.63303 -131.821 1226.27
v 5.32694 -132.081 1225.78
v 4.89787 -131.928 1225.2
v 5.39886 -131.997 1224.93
v 4.85012 -131.52 1224.95
v 4.46627 -131.258 1223.56
v 4.52704 -132.017 1223.61
v 3.96717 -131.878 1223.25
v 4.17987 -131.064 1223.32
v 4.42115 -131.118 1223.02
v 3.4112 -131.601 1222.58
v 3.34788 -131.446 1222.33
v 3.94249 -131.12 1222.52
v 1.10972 -117.177 1213.77
v 1.05852 -117.015 1213.48
v 2.8881 -131.088 1222.11
v 3.04152 -130.149 1220.98
v 2.87475 -129.744 1220.91
v 2.84544 -129.522 1220.74
v 2.10905 -128.7 1220.14
v 1.13491 -120.588 1215.24
v 1.14538 -120.951 1215.01
v 1.53734 -120.605 1215.1
v 1.43259 -120.76 1215.09
v 1.09182 -120.314 1215.2
v 0.632745 -117.317 1213.15
v 1.21277 -117.332 1213.25
v 1.45316 -128.539 1219.3
v 1.35561 -125.444 1217.19
v 0.637168 -121.104 1215.11
v 1.05081 -120.982 1214.82
v 1.02048 -120.912 1214.59
v 2.04426 -130.225 1220.15
v 1.76549 -129.739 1219.63
v 1.7709 -129.368 1219.31
v 0.893681 -125.516 1216.54
v 1.36727 -125.818 1216.68
v 0.525073 -124.929 1216.41
v 0.754542 -124.694 1216.38
v 0.900946 -125.363 1216.43
v 11.7156 -134.733 1233.97
v 11.2191 -135.204 1233.81
v 10.7348 -134.479 1232.62
v 10.4956 -133.662 1231.79
v 10.3515 -133.672 1231.63
v 10.4291 -133.947 1231.52
v 8.59701 -133.735 1229.75
v 8.52728 -132.697 1229.25
v 8.82734 -132.853 1229.13
v 7.94368 -133.471 1229.17
v 7.85531 -133.315 1228.99
v 8.47123 -133.404 1228.96
v 6.36086 -132.428 1226
v 6.51485 -132.471 1225.68
v 6.03087 -131.721 1225.11
v 6.00008 -132.347 1225.19
v 6.24613 -131.881 1224.87
v 5.00254 -132.045 1223.82
v 4.90108 -131.653 1223.8
v 2.20265 -120.477 1214.9
v 2.37574 -119.186 1214.39
v 1.86492 -118.17 1214.03
v 1.86164 -117.936 1213.78
v 1.83601 -117.845 1213.54
v 3.46803 -130.665 1220.95
v 3.31022 -129.016 1220.1
v 3.45514 -128.933 1219.84
v 3.29763 -128.973 1219.51
v 3.46827 -128.945 1219.66
v 2.50065 -125.494 1217.21
v 2.27181 -124.73 1216.94
v 1.85693 -120.884 1214.91
v 2.03327 -120.724 1214.95
v 1.78861 -121.002 1214.73
v 2.78815 -129.455 1219.28
v 2.48118 -129.056 1219.28
v 2.00483 -126.048 1216.84
v 2.40645 -126.122 1216.97
v 2.36342 -126.216 1216.76
v 1.56345 -124.721 1216.38
v 2.24418 -124.648 1216.69
v 1.11805 -120.564 1214.22
v 1.50032 -120.923 1214.43
v 2.02651 -126.079 1216.73
v 1.66035 -125.812 1216.45
v 1.66986 -125.468 1216.28
v 11.865 -134.426 1233.29
v 11.9923 -134.434 1232.97
v 12.5999 -134.497 1233.16
v 12.0777 -134.379 1232.84
v 11.4558 -135.252 1233.46
v 12.0841 -135.364 1233.1
v 11.552 -134.449 1233.15
v 11.4026 -134.507 1233.11
v 11.437 -135.155 1233.25
v 11.4005 -134.9 1233.1
v 11.3924 -134.766 1233.08
v 11.6536 -134.567 1233.05
v 11.5621 -134.816 1233.02
v 11.6002 -135.177 1233.2
v 11.4878 -135.074 1233.15
v 11.5572 -134.915 1233.05
v 11.4491 -134.747 1232.75
v 11.785 -134.504 1233.05
v 11.7321 -134.536 1232.97
v 11.6554 -134.636 1232.9
v 11.6819 -134.542 1232.85
v 11.6583 -135.11 1233.07
v 11.5802 -134.691 1232.82
v 11.5784 -134.807 1232.84
v 11.5997 -134.959 1232.78
v 11.3851 -134.912 1232.65
v 11.7966 -134.44 1232.84
v 11.619 -135.09 1232.53
v 11.9014 -135.229 1232.79
v 11.122 -134.015 1232.46
v 11.2488 -134.253 1232.64
v 11.5485 -134.504 1232.76
v 11.7192 -134.376 1232.74
v 11.8264 -134.283 1232.67
v 11.0582 -134.864 1232.49
v 10.9822 -134.873 1232.22
v 10.6972 -133.89 1231.56
v 10.2129 -133.76 1230.17
v 10.4222 -134.103 1230.12
v 10.1138 -133.136 1229.68
v 10.138 -133.12 1229.41
v 9.39325 -133.275 1229.02
v 7.79886 -133.11 1227.58
v 8.20956 -133.341 1227.11
v 7.20313 -132.803 1226.21
v 5.53846 -132.359 1222.93
v 5.29938 -131.83 1222.81
v 2.74258 -120.748 1214.8
v 2.58762 -118.613 1213.84
v 2.7694 -118.943 1214.06
v 2.72157 -118.736 1213.67
v 3.86456 -130.966 1220.85
v 3.91417 -131.006 1220.69
v 4.14738 -130.19 1219.56
v 4.07265 -129.618 1219.45
v 2.50307 -121.237 1214.6
v 2.41334 -121.264 1214.37
v 2.80712 -121.162 1214.72
v 2.65867 -121.392 1214.22
v 2.62736 -121.298 1214.06
v 3.08366 -121.461 1214.58
v 2.94309 -121.527 1214.42
v 2.13083 -120.974 1214.06
v 2.41218 -120.644 1213.75
v 2.78139 -125.973 1217.14
v 2.47912 -126.17 1216.46
v 3.20355 -125.348 1216.34
v 2.50703 -124.991 1216.38
v 2.29362 -125.197 1216.28
v 2.24451 -126.136 1216.55
v 2.41507 -126.004 1216.36
v 13.3984 -134.83 1233.64
v 13.6822 -135.104 1233.76
v 12.6524 -135.418 1233.77
v 12.5687 -135.544 1233.41
v 12.9423 -135.567 1233.62
v 12.7819 -135.558 1233.06
v 12.5914 -134.303 1232.36
v 12.0579 -135.172 1232.11
v 12.1416 -134.223 1231.71
v 12.1007 -134.394 1231.6
v 12.5573 -134.27 1231.9
v 11.7982 -134.054 1231.93
v 11.7906 -134.836 1231.69
v 11.0951 -134.451 1230.04
v 10.3646 -134.255 1229.7
v 10.5961 -134.25 1230.05
v 10.0172 -134.125 1229.36
v 10.0727 -133.972 1229.04
v 10.15 -134.104 1229.16
v 9.81061 -133.41 1227.78
v 9.62433 -133.719 1227.48
v 8.74553 -133.505 1227.41
v 8.8211 -132.628 1225.99
v 7.83186 -132.947 1225.93
v 8.58735 -133.182 1226.06
v 7.61593 -133.009 1225.28
v 6.47023 -132.879 1223.45
v 6.26752 -131.993 1223.17
v 6.61575 -132.561 1223.08
v 5.80796 -131.262 1221.41
v 5.96701 -131.013 1221.4
v 5.32608 -129.781 1220.46
v 3.94277 -120.632 1214.52
v 4.08507 -120.411 1214.36
v 5.18264 -129.556 1220.2
v 5.24485 -129.531 1219.99
v 5.27954 -129.588 1219.86
v 5.22638 -129.718 1219.73
v 4.43687 -125.881 1217.2
v 4.34354 -125.572 1216.97
v 3.86788 -121.772 1214.61
v 3.50766 -121.301 1214.66
v 3.73228 -120.841 1214.62
v 3.73497 -119.828 1214.03
v 3.71828 -119.815 1213.69
v 5.29754 -130.239 1219.64
v 4.24705 -126.469 1217.23
v 4.11715 -126.767 1217.06
v 3.64435 -125.211 1216.68
v 3.63178 -125.284 1216.51
v 4.114 -125.723 1216.41
v 3.69312 -122.049 1214.37
v 3.63191 -122.056 1214.2
v 2.7183 -119.396 1213.3
v 3.02589 -120.132 1213.4
v 3.96256 -126.813 1216.86
v 3.44455 -126.595 1216.91
v 3.41147 -126.599 1216.64
v 3.55685 -126.516 1216.47
v 3.27012 -125.842 1216.26
v 3.16681 -126.136 1216.3
v 14.2735 -135.568 1233.7
v 13.4655 -135.688 1233.2
v 13.4856 -135.535 1232.36
v 13.6275 -134.495 1232.37
v 12.8811 -134.973 1231.68
v 12.3585 -134.162 1230.21
v 11.7694 -134.479 1230.24
v 11.8835 -134.668 1230.15
v 11.4683 -134.337 1229.09
v 9.96658 -132.938 1227.24
v 9.91307 -133.71 1227.67
v 9.59025 -133.691 1226.95
v 9.64632 -133.488 1226.3
v 9.87159 -133.393 1226.13
v 9.35328 -132.798 1226.18
v 9.19524 -132.833 1225.89
v 9.46325 -133.041 1225.93
v 9.34007 -133.271 1225.98
v 9.81478 -133.031 1226.14
v 9.57253 -133.232 1225.98
v 9.33631 -133.362 1225.83
v 9.53833 -133.187 1225.87
v 9.53423 -133.089 1225.81
v 9.44952 -132.937 1225.49
v 9.84156 -133.255 1226.07
v 8.8391 -132.68 1225.67
v 8.79478 -133.301 1225.73
v 8.7077 -132.678 1224.94
v 8.63861 -132.732 1224.67
v 8.28517 -133.328 1224.82
v 8.78934 -133.589 1224.93
v 8.63394 -133.478 1224.67
v 8.31321 -133.254 1224.66
v 8.40795 -132.784 1224.57
v 8.40216 -132.901 1224.15
v 8.66959 -132.894 1224.52
v 8.62402 -133.003 1224.49
v 8.56878 -133.329 1224.54
v 8.39459 -133.068 1224.51
v 8.11551 -132.979 1224.18
v 8.75161 -132.937 1224.47
v 8.61845 -133.2 1224.37
v 8.65255 -133.102 1224.38
v 8.63619 -133.382 1224.46
v 8.60737 -133.133 1224.29
v 8.5975 -133.358 1224.32
v 8.53378 -133.241 1224.28
v 8.34145 -133.366 1224.2
v 7.84756 -133.416 1223.66
v 7.50421 -133.271 1223.47
v 6.29825 -131.805 1221.37
v 6.79416 -130.205 1220.53
v 5.82381 -129.75 1220.19
v 5.83358 -129.756 1220.04
v 5.25932 -121.795 1214.75
v 4.82987 -120.818 1214.24
v 6.09687 -131.855 1221.16
v 5.96183 -131.732 1220.81
v 5.22933 -127.137 1217.28
v 5.37879 -125.976 1217.08
v 5.40138 -125.973 1216.87
v 4.29661 -121.42 1214.67
v 3.97595 -120.188 1213.56
v 4.08076 -120.597 1213.46
v 4.3827 -126.533 1216.4
v 4.84653 -125.914 1216.56
v 4.85808 -126.381 1216.46
v 4.17922 -122.414 1214.14
v 3.67146 -121.702 1213.84
v 3.96865 -121.044 1213.51
v 15.1565 -135.495 1233.67
v 15.3217 -135.618 1233.6
v 15.1298 -135.214 1233.68
v 14.5078 -135.733 1233.48
v 14.3334 -135.717 1232.86
v 13.994 -134.542 1232.07
v 13.8515 -134.881 1231.73
v 13.9492 -135.184 1231.8
v 14.2946 -135.335 1231.9
v 13.855 -134.644 1231.8
v 13.4586 -135.324 1231.89
v 13.1237 -134.842 1230.33
v 12.7075 -134.522 1230.32
v 13.5816 -134.316 1230.29
v 12.4297 -133.963 1230.03
v 12.4031 -133.843 1229.62
v 12.6514 -133.939 1229.41
v 12.1587 -134.842 1229.84
v 11.8432 -134.725 1229.41
v 12.589 -134.847 1229.29
v 11.7476 -134.56 1229.16
v 11.0646 -133.496 1227.76
v 11.0952 -134.071 1227.82
v 11.0854 -134.215 1227.5
v 10.8957 -134.095 1227.09
v 10.3602 -133.277 1225.52
v 9.1603 -132.878 1224.67
v 8.79196 -133.594 1224.45
v 9.00191 -133.726 1224.56
v 8.81828 -133.656 1224.32
v 9.09021 -133.841 1224.17
v 8.89601 -132.903 1224.47
v 8.78252 -132.982 1224.34
v 8.65965 -133.46 1224.34
v 8.58937 -133.471 1224.26
v 8.91712 -132.945 1224.33
v 8.81653 -132.926 1224.19
v 8.37284 -133.489 1224.14
v 9.08115 -132.945 1224.36
v 9.09374 -132.952 1224.2
v 8.95972 -132.909 1224.02
v 8.36399 -132.711 1223.93
v 8.84127 -132.955 1223.63
v 8.43462 -133.62 1223.88
v 8.42799 -133.523 1223.51
v 8.41695 -133.39 1223.42
v 8.63164 -133.203 1223.44
v 7.30345 -131.29 1221.47
v 7.03989 -132.28 1221.21
v 6.58256 -130.121 1220.07
v 6.87684 -130.173 1220.31
v 6.6209 -130.284 1219.99
v 6.92696 -127.052 1217.76
v 6.57903 -126.62 1217.49
v 5.39816 -121.433 1214.55
v 5.86568 -121.589 1214.37
v 4.92836 -120.84 1214.02
v 5.57324 -127.416 1217.13
v 6.32344 -127.377 1217.62
v 6.30156 -126.495 1216.97
v 6.20635 -126.954 1216.79
v 5.42311 -126.297 1216.64
v 5.16107 -123.183 1214.41
v 5.28694 -123.221 1214.32
v 5.11058 -122.899 1214.13
v 5.368 -121.836 1213.69
v 4.90674 -120.927 1213.76
v 4.69615 -121.847 1213.7
v 5.45483 -127.352 1216.93
v 15.3613 -134.83 1232.02
v 14.5092 -135.523 1232.14
v 14.6101 -134.85 1231.84
v 14.6363 -135.083 1231.85
v 13.6649 -134.97 1230.36
v 13.4749 -135.043 1230.23
v 13.7286 -134.737 1230.43
v 13.5347 -134.812 1229.32
v 13.619 -134.145 1229.87
v 13.0926 -135.029 1229.6
v 13.115 -134.89 1229.3
v 13.3663 -135.014 1229.44
v 12.7111 -134.123 1229.27
v 12.7316 -134.641 1229.2
v 12.3244 -134.01 1227.98
v 12.3755 -133.864 1227.88
v 12.3307 -134.342 1227.98
v 13.0367 -134.346 1228.11
v 11.9719 -134.443 1227.71
v 11.9051 -134.431 1227.44
v 11.8901 -134.122 1226.7
v 11.2845 -133.44 1226.61
v 11.4748 -133.841 1226.51
v 11.2765 -133.567 1226.47
v 10.5698 -133.933 1225.76
v 10.4241 -134.159 1225.39
v 11.1307 -134.306 1225.59
v 10.4189 -134.277 1224.86
v 9.87315 -133.103 1224.17
v 10.0648 -134.212 1224.07
v 9.50478 -132.635 1222.11
v 8.90525 -132.135 1221.9
v 7.92856 -130.652 1220.44
v 7.86056 -130.724 1220.3
v 8.29685 -130.852 1220.8
v 8.10974 -131.255 1220.24
v 6.88119 -127.927 1217.62
v 6.00803 -122.914 1214.99
v 5.75156 -121.519 1214.05
v 5.80924 -121.648 1213.93
v 6.43547 -122.104 1214.21
v 7.07848 -128.122 1217.39
v 6.63999 -127.766 1217.05
v 6.08359 -127.267 1216.78
v 5.71808 -123.444 1214.77
v 5.67373 -121.855 1213.75
v 5.51264 -121.539 1213.78
v 16.4688 -135.609 1233.57
v 16.794 -134.92 1232.67
v 16.5857 -135.736 1233.44
v 16.5241 -135.709 1232.59
v 16.3581 -134.853 1232.35
v 15.9147 -135.483 1232.18
v 15.6328 -135.057 1232
v 15.3719 -135.157 1230.66
v 14.1291 -134.262 1229.67
v 14.3183 -134.403 1229.54
v 14.8214 -134.622 1229.56
v 14.8257 -134.769 1229.54
v 14.0695 -135.145 1229.78
v 14.8752 -135.158 1229.72
v 13.9448 -134.556 1229.38
v 14.568 -135.061 1229.57
v 13.7465 -134.548 1228.23
v 13.6929 -134.654 1228.13
v 13.1595 -134.129 1228.07
v 12.8738 -134.558 1227.93
v 12.9159 -133.812 1227.64
v 12.7022 -134.601 1227.54
v 12.9448 -134.576 1227.31
v 13.1343 -134.333 1226.94
v 13.0779 -133.792 1227.2
v 13.0165 -133.874 1226.92
v 13.0832 -134.018 1226.86
v 12.4302 -134.381 1226.99
v 12.3519 -134.012 1226.67
v 11.8471 -134.301 1225.71
v 11.724 -134.082 1225.74
v 11.5702 -134.567 1225.32
v 10.6912 -133.706 1223.73
v 10.5151 -133.861 1223.66
v 10.5379 -134.304 1223.82
v 10.4209 -134.118 1223.67
v 10.1805 -132.464 1222.05
v 9.3876 -133.185 1221.93
v 10.3648 -133.398 1222.23
v 9.68316 -132.489 1222.08
v 9.66432 -131.669 1221.36
v 9.22711 -133.205 1221.72
v 8.95621 -133.008 1221.33
v 8.23016 -128.156 1218.19
v 7.51246 -124.029 1215.44
v 7.59688 -123.205 1215.1
v 7.58894 -123.064 1214.83
v 8.43921 -131.747 1220.3
v 8.37906 -128.685 1218.1
v 8.378 -128.806 1218
v 8.11324 -128.379 1217.39
v 7.84798 -127.605 1217.3
v 6.91501 -124.449 1215.07
v 7.08513 -124.42 1214.64
v 7.67717 -123.368 1214.44
v 7.40788 -123.445 1214.24
v 6.51544 -122.391 1214.01
v 6.42151 -122.574 1213.93
v 6.90016 -124.502 1214.91
v 6.46114 -123.344 1214.13
v 6.59351 -123.087 1214.03
v 16.9784 -135.81 1233.03
v 16.8677 -135.102 1232.14
v 16.8053 -135.247 1232.14
v 15.951 -134.559 1230.6
v 15.6881 -135.305 1230.49
v 15.7839 -134.483 1230.24
v 14.6978 -134.17 1228.3
v 15.1094 -134.36 1228.53
v 13.7587 -134.743 1227.97
v 14.1481 -134.757 1228.19
v 14.1783 -134.806 1227.84
v 13.9175 -134.098 1227.01
v 13.825 -134.222 1226.98
v 11.3787 -133.559 1224.22
v 12.5433 -133.887 1224.53
v 12.2233 -134.765 1224
v 11.8235 -134.539 1223.85
v 10.3371 -131.792 1221.16
v 10.3128 -131.897 1220.93
v 9.49434 -128.086 1218.27
v 9.1729 -132.602 1220.75
v 9.39555 -132.437 1220.59
v 8.79244 -127.782 1217.71
v 8.82179 -127.692 1217.89
v 8.55755 -123.951 1215.21
v 7.96586 -123.488 1214.69
v 8.10323 -125.218 1215.59
v 8.2103 -125.508 1215.47
v 8.18514 -125.506 1215.3
v 8.19832 -125.431 1215.14
v 18.8735 -135.794 1233.51
v 19.1791 -135.865 1233.4
v 18.4624 -135.862 1233.35
v 18.6854 -135.531 1233.49
v 18.2453 -135.179 1232.36
v 18.2231 -135.362 1232.24
v 16.3069 -134.688 1229.99
v 15.8731 -135 1228.58
v 15.3049 -134.843 1228.55
v 15.2518 -134.58 1228.62
v 15.0764 -134.096 1227.98
v 15.2515 -134.187 1227.41
v 14.6338 -134.439 1227.17
v 13.2445 -134.9 1225.48
v 13.2119 -135.021 1225.27
v 12.9044 -135.048 1224.47
v 12.5449 -134.265 1223.85
v 12.7399 -134.711 1223.83
v 13.0538 -134.631 1223.79
v 12.5084 -133.968 1224.18
v 12.0867 -134.417 1223.79
v 11.84 -133.111 1222.46
v 12.1184 -132.556 1221.69
v 11.3568 -133.947 1222.13
v 11.2402 -133.862 1221.81
v 8.8527 -125.228 1214.88
v 19.3475 -135.372 1233.15
v 18.2525 -135.174 1231.38
v 18.3184 -135.017 1231.25
v 18.452 -134.963 1231.08
v 18.4412 -135.496 1231.34
v 17.9286 -135.507 1230.82
v 18.2117 -134.911 1230.68
v 18.0466 -135.435 1230.5
v 18.2637 -135.003 1230.34
v 18.2082 -135.071 1230.29
v 17.8441 -135.059 1230.3
v 18.1781 -135.298 1230.33
v 17.7883 -134.933 1230.38
v 17.3356 -135.067 1229.21
v 16.6912 -134.71 1228.99
v 16.8702 -134.565 1228.91
v 17.5285 -134.791 1229.25
v 16.553 -135.01 1228.1
v 15.4644 -134.725 1227.51
v 15.8507 -134.569 1227.46
v 15.7522 -134.243 1227.63
v 15.3286 -134.415 1227.3
v 15.7031 -134.362 1227.43
v 14.6061 -135.059 1225.46
v 14.6814 -135.25 1225.33
v 13.4675 -134.265 1224.04
v 12.4743 -132.844 1221.49
v 11.8602 -133.754 1221.42
v 12.0292 -133.415 1221.21
v 12.1252 -133.663 1221.31
v 12.3334 -133.23 1221.32
v 11.9604 -132.497 1221.45
v 11.244 -129.092 1218.73
v 11.3018 -129.353 1218.48
v 10.8563 -128.905 1218.46
v 11.0013 -126.41 1216.73
v 10.9347 -130.301 1218.7
v 11.438 -130.4 1219.08
v 10.6187 -127.365 1216.06
v 9.5444 -126.643 1215.79
v 9.6083 -126.491 1215.58
v 21.1658 -135.691 1233.37
v 20.9944 -135.882 1233.36
v 20.9106 -135.944 1233.23
v 19.8326 -135.333 1232.55
v 20.1991 -135.39 1232.37
v 20.107 -135.433 1232.26
v 20.0566 -135.608 1232.26
v 20.1068 -135.85 1232.57
v 20.2883 -135.355 1232.24
v 19.9396 -135.455 1231.97
v 20.2112 -135.332 1232.09
v 20.0117 -135.28 1231.92
v 20.3682 -135.295 1232.08
v 20.3304 -135.243 1231.97
v 19.5899 -135.012 1231.34
v 19.5753 -134.912 1230.8
v 18.56 -134.93 1230.5
v 18.3189 -135.393 1230.39
v 18.6672 -135.545 1230.61
v 18.4942 -135.431 1230.28
v 18.9616 -135.594 1230.31
v 18.278 -135.029 1230.19
v 18.3504 -134.975 1230.09
v 18.6793 -134.844 1230.04
v 18.2827 -135.267 1230.21
v 18.374 -135.328 1230.08
v 18.2811 -135.344 1229.78
v 18.6401 -135.502 1229.88
v 17.8277 -134.975 1229.49
v 18.2568 -135.149 1230.03
v 18.2923 -135.04 1230.04
v 18.3149 -134.961 1229.95
v 18.2316 -135.22 1229.88
v 18.1761 -135.048 1229.83
v 18.1717 -134.891 1229.72
v 17.9465 -134.781 1229.42
v 18.0042 -135.262 1229.53
v 18.6739 -134.762 1229.54
v 17.6015 -134.681 1229.14
v 17.3614 -135.204 1228.96
v 17.8591 -135.299 1229.15
v 17.6576 -134.601 1228.67
v 17.5953 -134.7 1228.2
v 17.6058 -134.955 1228.18
v 18.0557 -134.737 1228.49
v 17.8973 -134.833 1228.29
v 14.9299 -135.514 1224.93
v 14.7576 -134.657 1225.24
v 12.3416 -130.394 1219.55
v 12.9069 -130.334 1219.68
v 12.423 -129.846 1219.1
v 12.5328 -129.962 1219.05
v 12.8979 -130.138 1219.43
v 12.4352 -131.169 1219.08
v 12.2764 -129.909 1218.87
v 12.037 -129.61 1218.9
v 11.7647 -127.834 1217.25
v 12.1284 -127.107 1217.02
v 11.1714 -126.228 1216.33
v 11.6051 -130.155 1218.5
v 11.2976 -130.299 1218.45
v 11.5763 -130.63 1218.69
v 11.5886 -128.317 1216.85
v 11.469 -128.099 1217.01
v 10.8491 -126.467 1215.61
v 10.9279 -127.045 1215.77
v 11.1915 -126.558 1215.83
v 21.3203 -135.777 1233.39
v 21.3572 -135.945 1233.3
v 21.4216 -135.67 1233.33
v 21.7951 -135.743 1233.32
v 21.7651 -135.905 1233.34
v 22.0013 -135.604 1233.13
v 21.1048 -135.491 1233.04
v 21.2863 -135.887 1232.16
v 21.0925 -135.107 1231.61
v 19.8055 -135.762 1231.28
v 19.5393 -135.679 1230.3
v 19.4119 -134.877 1229.39
v 18.6888 -135.457 1229.32
v 18.9502 -135.264 1228.85
v 18.902 -135.119 1228.74
v 19.2664 -134.939 1229.07
v 19.2605 -135.025 1228.95
v 16.5501 -135.871 1225.19
v 15.2944 -134.024 1222.75
v 14.2167 -135.012 1222.88
v 14.1696 -135.026 1222.71
v 14.4883 -135.039 1222.44
v 14.5369 -134.875 1222.18
v 13.1724 -130.667 1219.18
v 13.128 -130.286 1219.34
v 13.2676 -128.692 1218.01
v 12.6734 -131.145 1219.01
v 13.0794 -129.512 1217.77
v 12.8199 -129.329 1217.36
v 12.3816 -127.444 1216.55
v 12.4633 -127.786 1216.41
v 12.3262 -127.997 1216.34
v 22.6083 -135.877 1233.31
v 22.7123 -135.754 1233.25
v 22.735 -136.017 1233.26
v 22.5358 -136.061 1232.95
v 21.7088 -135.94 1231.36
v 21.2423 -135.052 1230.57
v 20.298 -135.085 1229.51
v 20.1774 -135.245 1229.34
v 17.2397 -135.518 1225.16
v 17.0717 -135.723 1225.32
v 16.8116 -135.186 1224.59
v 16.2871 -135.947 1224.2
v 16.3116 -135.483 1223.77
v 16.6716 -135.182 1223.99
v 16.5 -135.1 1223.71
v 16.4329 -135.494 1223.67
v 15.2655 -135.272 1223.25
v 15.5318 -135.478 1223.14
v 14.9884 -131.341 1220.4
v 15.4154 -131.668 1220.66
v 15.0224 -131.376 1220.21
v 15.4589 -131.564 1220.49
v 15.4224 -135.464 1222.93
v 15.6444 -135.411 1222.65
v 14.6569 -132.372 1220.31
v 15.1861 -131.568 1220.14
v 14.4133 -132.322 1220.02
v 14.3754 -132.252 1219.85
v 14.2515 -131.916 1219.65
v 14.1577 -130.226 1218.45
v 13.5824 -128.694 1218.08
v 13.6293 -128.483 1217.88
v 13.8055 -128.542 1217.73
v 12.9867 -129.326 1217.25
v 12.8608 -128.762 1216.79
v 23.7267 -135.888 1233.33
v 23.5717 -136.072 1233.35
v 23.9107 -136.197 1233.24
v 23.467 -135.66 1233.06
v 21.9493 -135.829 1230.49
v 21.6476 -135.158 1230.26
v 21.6983 -135.562 1230.01
v 21.8344 -135.309 1230.08
v 20.9627 -135.303 1229.69
v 21.1457 -135.598 1229.9
v 20.8749 -135.411 1229.66
v 17.4106 -136.217 1224.83
v 17.8588 -136.327 1224.42
v 17.7564 -135.368 1224.43
v 17.1717 -135.166 1224
v 16.5901 -134.764 1223.54
v 16.5672 -135.891 1223.76
v 16.5156 -135.715 1223.61
v 16.6396 -135.842 1223.65
v 17.1135 -136.053 1223.73
v 16.1723 -134.404 1222.78
v 16.9179 -134.67 1223.21
v 16.6139 -135.82 1223.46
v 16.4469 -135.675 1223.5
v 16.3631 -135.682 1223.41
v 16.5486 -135.784 1223.17
v 16.4421 -135.428 1222.67
v 16.3574 -134.77 1222.64
v 16.1324 -132.986 1220.99
v 15.5902 -132.116 1220.86
v 14.9677 -130.697 1218.91
v 15.0474 -130.924 1218.9
v 15.368 -131.221 1218.97
v 14.6691 -129.304 1218.41
v 14.5266 -130.643 1218.55
v 14.7515 -130.831 1218.52
v 14.7854 -130.772 1218.35
v 14.1539 -129.967 1217.63
v 14.2617 -129.698 1217.47
v 14.9958 -129.844 1217.91
v 24.3155 -136.024 1233.36
v 24.3514 -136.182 1233.32
v 24.6526 -136.013 1233.29
v 24.5476 -136.252 1233.21
v 24.7319 -136.121 1233.28
v 24.4863 -136.293 1233.06
v 24.945 -136.042 1233.18
v 24.1532 -135.855 1233.26
v 24.3286 -135.931 1233.31
v 24.4163 -135.798 1233.1
v 24.7307 -135.934 1233.2
v 24.6925 -135.768 1232.89
v 24.93 -135.953 1233.11
v 23.6954 -135.508 1232.61
v 23.5393 -135.349 1231.87
v 24.3733 -135.534 1232.32
v 23.4538 -135.358 1230.93
v 22.6558 -135.342 1230.42
v 22.6867 -135.684 1230.33
v 22.2671 -135.768 1230.35
v 22.6356 -135.528 1230.25
v 19.2067 -136.056 1225.11
v 18.1212 -135.137 1223.76
v 17.4195 -133.176 1221.54
v 17.286 -132.551 1221.03
v 16.9356 -130.929 1219.8
v 17.0089 -133.6 1221.09
v 16.3624 -133.296 1220.9
v 16.5141 -133.367 1220.8
v 16.6816 -133.362 1220.74
v 15.8709 -130.673 1219.39
v 15.9184 -130.19 1218.87
v 15.8599 -131.401 1219.33
v 15.3294 -130.75 1218.24
v 24.9611 -136.23 1233.12
v 24.8574 -136.319 1232.96
v 25.0638 -136.292 1232.91
v 25.1275 -136.221 1232.97
v 25.2253 -136.262 1232.61
v 25.0172 -135.871 1232.86
v 25.1641 -136.032 1232.93
v 24.9426 -135.736 1232.51
v 25.1627 -135.918 1232.72
v 25.2638 -136.126 1232.75
v 25.2768 -136.006 1232.56
v 25.0996 -136.329 1232.48
v 25.1654 -135.827 1232.17
v 25.3249 -136.106 1232.24
v 24.798 -136.332 1232.19
v 25.201 -136.268 1232.16
v 24.2541 -135.464 1231.46
v 24.7574 -135.606 1232.01
v 24.729 -135.614 1231.43
v 25.0313 -135.735 1231.78
v 24.3734 -136.254 1231.59
v 24.3274 -136.137 1231.14
v 24.1825 -135.825 1230.64
v 24.1455 -135.522 1230.84
v 24.0104 -135.573 1230.64
v 19.9589 -136.79 1224.99
v 18.7784 -135.269 1223.7
v 19.3161 -135.546 1224.01
v 19.1619 -136.343 1223.69
v 18.9281 -135.972 1223.32
v 18.578 -134.145 1221.87
v 17.9782 -133.13 1221.68
v 17.8215 -132.849 1221.46
v 18.2063 -134.104 1221.45
v 17.7485 -133.877 1221.48
v 18.0348 -131.862 1220.41
v 18.0854 -131.623 1220.12
v 17.1252 -130.959 1219.64
v 17.0442 -132.256 1219.74
v 25.2929 -135.98 1232.05
v 25.1942 -135.856 1231.85
v 25.2787 -136.122 1231.83
v 25.1095 -136.195 1231.61
v 24.925 -136.191 1231.42
v 25.2401 -136.007 1231.64
v 25.1431 -136.114 1231.48
v 25.1161 -135.839 1231.56
v 24.7935 -135.736 1231.06
v 25.1214 -135.958 1231.37
v 24.9532 -136.022 1231.13
v 24.8898 -135.847 1231.05
v 24.555 -135.66 1230.88
v 24.482 -135.755 1230.72
v 24.755 -136.025 1230.98
v 24.6783 -135.762 1230.86
v 24.7605 -135.933 1230.9
v 20.4816 -136.728 1225.24
v 20.6154 -135.925 1224.18
v 19.5795 -135.648 1223.57
v 20.0191 -134.149 1222.47
v 19.7147 -133.823 1221.89
v 19.4752 -134.42 1222.24
v 19.1231 -134.485 1221.94
v 19.519 -134.611 1222.15
v 18.4804 -131.987 1220.01
v 18.1401 -132.852 1220.36
v 18.0305 -132.803 1220.08
v 17.9308 -132.553 1219.78
v 17.6779 -131.894 1219.41
v 21.8038 -136.596 1225.11
v 21.2399 -136.319 1223.83
v 20.3813 -134.001 1222.39
v 20.7938 -134.297 1222.65
v 20.3762 -134.482 1222.05
v 19.9895 -134.824 1222.13
v 19.8622 -133.791 1221.06
v 19.6779 -133.399 1221.19
v 20.1201 -133.858 1221.3
v 19.5841 -133.205 1220.44
v 22.9479 -137.384 1225.27
v 22.3157 -137.311 1224.88
v 22.2213 -135.076 1223.16
v 22.1746 -134.931 1223.05
v 22.1501 -137.028 1224.19
v 21.5343 -136.62 1223.87
v 21.3675 -135.232 1222.87
v 21.4049 -135.407 1222.68
v 21.546 -135.434 1222.58
v 21.2766 -133.584 1221.35
v 20.6266 -134.968 1222.2
v 21.041 -134.355 1221.57
v 21.1351 -134.362 1221.43
v 21.1992 -134.217 1221.28
v 23.6568 -137.53 1225.21
v 23.7892 -137.552 1224.94
v 23.4961 -136.6 1224.48
v 23.3419 -137.112 1224.22
v 22.5048 -135.128 1223.17
v 22.6645 -135.47 1223.35
v 22.796 -135.311 1223.33
v 22.6434 -135.136 1223.04
v 22.5975 -135.12 1222.95
v 23.1013 -135.495 1223.44
v 22.842 -135.218 1223.22
v 22.9994 -135.328 1223.25
v 23.0489 -135.319 1223.14
v 22.8015 -135.365 1222.88
v 22.7148 -135.958 1222.98
v 22.3298 -134.96 1222.88
v 22.556 -135.033 1223.04
v 22.2718 -135.79 1223.02
v 21.8496 -133.826 1221.92
v 24.3608 -137.396 1225.32
v 24.6787 -137.587 1225.29
v 24.9653 -137.034 1225.18
v 23.6659 -137.39 1224.51
v 24.1804 -136.925 1224.33
v 24.187 -137.123 1224.27
v 24.1245 -135.755 1223.26
v 23.6429 -135.553 1223.41
v 23.8069 -135.619 1223.29
v 23.7977 -135.691 1223.2
v 23.9358 -135.126 1222.91
v 23.8444 -137.492 1223.92
v 23.8544 -137.49 1223.92
v 23.851 -137.499 1223.92
v 23.8558 -137.495 1223.91
v 23.8459 -137.497 1223.91
v 23.8491 -137.487 1223.91
v 23.4706 -136.902 1224.19
v 23.2592 -136.076 1223.05
v 23.7976 -136.394 1223.58
v 23.8211 -136.439 1223.45
v 23.7934 -135.514 1222.91
v 22.8546 -134.744 1222.53
v 22.6125 -134.916 1221.85
v 25.6528 -137.328 1225.29
v 25.6725 -136.931 1224.91
v 25.8613 -136.919 1224.77
v 25.3135 -137.682 1225
v 25.6618 -137.561 1225.28
v 25.7076 -137.678 1225.2
v 25.2612 -136.874 1224.8
v 25.0487 -137.463 1224.55
v 25.1791 -137.158 1224.47
v 25.7554 -136.951 1224.68
v 25.6246 -137.139 1224.52
v 25.5586 -137.443 1224.52
v 24.7317 -135.778 1223.56
v 24.9998 -135.568 1223.25
v 24.7102 -136.682 1223.55
v 24.3942 -135.719 1223.45
v 24.1365 -135.9 1223.16
v 24.4802 -135.703 1223.36
v 24.3154 -136.31 1223.22
v 24.32 -136.136 1223.13
v 24.5254 -136.305 1223.15
v 24.5544 -136.187 1222.97
v 24.1988 -135.67 1223.13
v 24.5182 -135.544 1223.21
v 24.4618 -135.132 1222.78
v 24.1046 -135.047 1222.46
v 24.6963 -135.309 1223.01
v 24.6429 -135.314 1222.63
v 25.0072 -135.391 1222.94
v 24.1436 -135.031 1222.64
v 23.8432 -135.097 1222.23
v 26.6239 -137.723 1225.13
v 26.7693 -137.653 1225.23
v 26.1474 -136.945 1224.95
v 26.2047 -136.852 1224.72
v 26.1162 -136.837 1224.58
v 26.2631 -136.761 1224.59
v 26.0022 -136.614 1224.37
v 26.6565 -136.818 1224.77
v 25.9376 -137.56 1224.61
v 25.8698 -136.946 1224.62
v 25.6534 -137.33 1224.47
v 25.8254 -137.053 1224.43
v 25.8232 -136.922 1224.33
v 25.7797 -137.198 1224.42
v 25.8645 -137.161 1224.35
v 25.873 -137.403 1224.46
v 25.725 -137.074 1224.11
v 25.9435 -137.269 1224.32
v 25.9007 -137.205 1224.24
v 25.8883 -137.108 1223.97
v 26.2596 -137.302 1224.18
v 25.2733 -135.575 1223.21
v 25.8328 -135.749 1223.39
v 25.8757 -135.711 1223.21
v 24.6988 -136.034 1222.73
v 25.1033 -135.917 1222.67
v 25.1372 -135.584 1222.73
v 25.3333 -135.593 1222.9
v 27.3178 -137.532 1225.23
v 27.1551 -137.745 1224.94
v 26.5819 -136.108 1223.77
v 26.8253 -136.169 1223.29
v 26.7737 -136.043 1223.48
v 27.0498 -136.474 1223.25
v 28.895 -137.519 1225.08
v 28.7955 -137.383 1225.1
v 28.6478 -137.008 1224.92
v 27.9442 -137.699 1225.12
v 28.4051 -137.6 1225.14
v 28.7496 -137.674 1225.03
v 28.6666 -137.727 1224.95
v 27.2457 -136.924 1223.49
v 28.9466 -137.638 1225.01
v 29.0954 -137.647 1224.87
v 29.1547 -137.261 1225
v 29.2284 -137.025 1224.83
v 29.2229 -137.4 1224.99
v 29.0837 -136.867 1224.64
v 29.4132 -137.225 1224.82
v 29.3782 -136.981 1224.66
v 29.3423 -137.47 1224.81
v 29.4546 -137.342 1224.61
v 29.5014 -137.135 1224.54
v 29.4476 -137.17 1224.18
v 28.855 -136.642 1224.11
v 29.2897 -136.852 1224.48
v 29.4297 -136.923 1224.35
v 29.2488 -136.781 1224.06
v 29.4381 -137 1224.07
v 29.3791 -136.9 1224.04
v 28.8811 -137.699 1224.95
v 28.85 -137.709 1224.79
v 28.4157 -137.403 1224.01
v 28.7219 -137.514 1224.22
v 29.2666 -137.487 1224.43
v 29.0896 -137.326 1224
v 29.3095 -137.249 1224.06
v 28.8115 -136.705 1223.81
v 28.7603 -137.119 1223.76
v 29.0839 -136.939 1223.8
v 29.3491 -136.962 1223.94
v 29.2734 -136.859 1223.93
v 29.2129 -137.127 1223.9
v 29.3866 -137.058 1223.99
v -3.35221 -128.982 1235.05
v -3.59408 -128.791 1234.67
v -3.72804 -128.738 1234.42
v -3.64631 -128.578 1233.65
v -3.64631 -128.578 1233.65
v -3.4394 -128.606 1233.23
v -3.85784 -128.359 1231.65
v -1.33432 -130.115 1234.9
v -3.57 -128.185 1231.69
v -3.6485 -127.84 1231.66
v -3.72257 -128.032 1231.55
v -3.50848 -127.992 1231.79
v -3.39643 -127.962 1229.66
v -3.6348 -128.158 1229.72
v -1.72708 -129.099 1231.84
v -3.24725 -128.299 1229.61
v -2.87938 -128.294 1228.69
v -2.19549 -128.821 1228.62
v -3.29302 -128.153 1227.85
v -3.39913 -128.411 1227.84
v -3.10706 -128.373 1227.68
v -3.01618 -128.154 1227.46
v -3.84815 -128.219 1226.74
v -3.54171 -127.839 1226.74
v -3.64335 -128.018 1226.65
v -3.71735 -127.74 1226.51
v -3.71735 -127.74 1226.51
v -3.78018 -127.634 1226.33
v -2.98195 -128.205 1226.84
v -1.48124 -129.175 1227.22
v -3.74196 -127.774 1223.45
v -4.22915 -127.99 1223.22
v -4.06845 -128.117 1223.33
v -3.94351 -127.913 1223.25
v -3.94351 -127.913 1223.25
v -3.78579 -127.994 1223.33
v 2.24003 -131.673 1232.38
v -0.568479 -130.109 1227.19
v -3.99398 -127.676 1222.53
v -3.85014 -127.675 1222.39
v -3.49927 -127.317 1222.4
v -3.12932 -128.808 1222.79
v 2.48178 -130.875 1228.93
v 0.974141 -130.301 1227.14
v -0.139582 -129.77 1225.77
v -2.50441 -129.057 1222.4
v -2.43133 -129.252 1222.42
v -2.36095 -129.128 1222.24
v -2.28834 -128.668 1222.49
v -2.28834 -128.668 1222.49
v -2.25638 -128.618 1222.28
v -2.25638 -128.618 1222.28
v -2.33419 -128.743 1222.3
v -2.3352 -128.663 1222.23
v -2.36485 -128.803 1222.21
v 6.13462 -133.766 1234.64
v 1.00925 -130.169 1225.53
v -1.501 -128.474 1221.19
v -1.50966 -128.391 1221.12
v -1.54793 -128.528 1221.11
v -1.59435 -128.587 1221.03
v -1.59435 -128.587 1221.03
v -1.6814 -128.706 1221.05
v -1.65066 -128.627 1220.97
v -1.65066 -128.627 1220.97
v -1.65066 -128.627 1220.97
v -1.44346 -128.487 1220.97
v -1.55418 -128.618 1220.86
v -1.55418 -128.618 1220.86
v -1.91832 -128.687 1220.93
v 6.75464 -133.053 1233.64
v -1.8322 -124.373 1217.56
v -1.35278 -124.276 1217.5
v -1.35278 -124.276 1217.5
v -0.886073 -122.828 1216.9
v -0.987367 -122.882 1216.69
v -1.66327 -124.287 1217.28
v 7.1014 -132.756 1231.51
v 7.1014 -132.756 1231.51
v 1.15432 -129.9 1221.7
v -0.119851 -123.489 1217
v 0.541338 -123.964 1217.14
v 0.685056 -123.962 1216.86
v 9.11178 -134.214 1232.34
v 9.04548 -133.337 1231.63
v 3.94249 -131.12 1222.52
v 1.05852 -117.015 1213.48
v 2.27181 -124.73 1216.94
v 2.24418 -124.648 1216.69
v 1.50032 -120.923 1214.43
v 11.6536 -134.567 1233.05
v 11.6536 -134.567 1233.05
v 11.5621 -134.816 1233.02
v 11.5572 -134.915 1233.05
v 11.5572 -134.915 1233.05
v 11.785 -134.504 1233.05
v 11.7321 -134.536 1232.97
v 11.6554 -134.636 1232.9
v 11.6819 -134.542 1232.85
v 11.6583 -135.11 1233.07
v 11.6583 -135.11 1233.07
v 11.5784 -134.807 1232.84
v 11.5784 -134.807 1232.84
v 11.5784 -134.807 1232.84
v 11.5997 -134.959 1232.78
v 11.5997 -134.959 1232.78
v 11.5997 -134.959 1232.78
v 11.9014 -135.229 1232.79
v 13.6822 -135.104 1233.76
v 9.91307 -133.71 1227.67
v 9.19524 -132.833 1225.89
v 9.46325 -133.041 1225.93
v 9.46325 -133.041 1225.93
v 9.46325 -133.041 1225.93
v 9.34007 -133.271 1225.98
v 9.34007 -133.271 1225.98
v 9.34007 -133.271 1225.98
v 9.57253 -133.232 1225.98
v 9.57253 -133.232 1225.98
v 9.33631 -133.362 1225.83
v 9.53833 -133.187 1225.87
v 9.53833 -133.187 1225.87
v 9.53833 -133.187 1225.87
v 9.53833 -133.187 1225.87
v 9.53423 -133.089 1225.81
v 9.53423 -133.089 1225.81
v 8.61845 -133.2 1224.37
v 8.61845 -133.2 1224.37
v 8.61845 -133.2 1224.37
v 8.61845 -133.2 1224.37
v 8.61845 -133.2 1224.37
v 8.65255 -133.102 1224.38
v 8.65255 -133.102 1224.38
v 8.63619 -133.382 1224.46
v 8.60737 -133.133 1224.29
v 8.60737 -133.133 1224.29
v 8.5975 -133.358 1224.32
v 8.5975 -133.358 1224.32
v 8.53378 -133.241 1224.28
v 5.22933 -127.137 1217.28
v 11.0952 -134.071 1227.82
v 8.78252 -132.982 1224.34
v 8.78252 -132.982 1224.34
v 6.92696 -127.052 1217.76
v 5.45483 -127.352 1216.93
v 13.6649 -134.97 1230.36
v 12.3307 -134.342 1227.98
v 13.0367 -134.346 1228.11
v 5.71808 -123.444 1214.77
v 15.9147 -135.483 1232.18
v 15.3719 -135.157 1230.66
v 7.59688 -123.205 1215.1
v 6.90016 -124.502 1214.91
v 12.2233 -134.765 1224
v 8.18514 -125.506 1215.3
v 18.8735 -135.794 1233.51
v 18.2453 -135.179 1232.36
v 18.2231 -135.362 1232.24
v 18.2525 -135.174 1231.38
v 18.4412 -135.496 1231.34
v 18.2637 -135.003 1230.34
v 18.2082 -135.071 1230.29
v 18.2082 -135.071 1230.29
v 18.2082 -135.071 1230.29
v 18.1781 -135.298 1230.33
v 18.1781 -135.298 1230.33
v 17.3356 -135.067 1229.21
v 11.0013 -126.41 1216.73
v 9.5444 -126.643 1215.79
v 21.1658 -135.691 1233.37
v 20.9944 -135.882 1233.36
v 20.9944 -135.882 1233.36
v 20.107 -135.433 1232.26
v 20.107 -135.433 1232.26
v 20.0566 -135.608 1232.26
v 20.0566 -135.608 1232.26
v 20.0566 -135.608 1232.26
v 19.9396 -135.455 1231.97
v 19.9396 -135.455 1231.97
v 20.2112 -135.332 1232.09
v 20.2112 -135.332 1232.09
v 18.278 -135.029 1230.19
v 18.2827 -135.267 1230.21
v 18.2827 -135.267 1230.21
v 18.2568 -135.149 1230.03
v 18.2568 -135.149 1230.03
v 18.2568 -135.149 1230.03
v 18.3149 -134.961 1229.95
v 18.3149 -134.961 1229.95
v 18.1761 -135.048 1229.83
v 21.3203 -135.777 1233.39
v 21.3572 -135.945 1233.3
v 21.2863 -135.887 1232.16
v 21.2863 -135.887 1232.16
v 20.1774 -135.245 1229.34
v 17.2397 -135.518 1225.16
v 17.0717 -135.723 1225.32
v 16.3116 -135.483 1223.77
v 16.3116 -135.483 1223.77
v 16.6716 -135.182 1223.99
v 16.6716 -135.182 1223.99
v 16.6716 -135.182 1223.99
v 16.5 -135.1 1223.71
v 16.5 -135.1 1223.71
v 16.5 -135.1 1223.71
v 16.4329 -135.494 1223.67
v 16.4329 -135.494 1223.67
v 16.4329 -135.494 1223.67
v 14.9884 -131.341 1220.4
v 15.4589 -131.564 1220.49
v 23.5717 -136.072 1233.35
v 21.8344 -135.309 1230.08
v 17.1717 -135.166 1224
v 16.5672 -135.891 1223.76
v 16.5672 -135.891 1223.76
v 16.5672 -135.891 1223.76
v 16.5156 -135.715 1223.61
v 16.1723 -134.404 1222.78
v 14.6691 -129.304 1218.41
v 14.9958 -129.844 1217.91
v 22.6356 -135.528 1230.25
v 22.6356 -135.528 1230.25
v 19.2067 -136.056 1225.11
v 16.9356 -130.929 1219.8
v 16.6816 -133.362 1220.74
v 15.9184 -130.19 1218.87
v 24.9611 -136.23 1233.12
v 25.1275 -136.221 1232.97
v 24.0104 -135.573 1230.64
v 18.9281 -135.972 1223.32
v 17.8215 -132.849 1221.46
v 18.0854 -131.623 1220.12
v 17.1252 -130.959 1219.64
v 25.1214 -135.958 1231.37
v 24.9532 -136.022 1231.13
v 24.482 -135.755 1230.72
v 24.482 -135.755 1230.72
v 24.7605 -135.933 1230.9
v 20.4816 -136.728 1225.24
v 19.5795 -135.648 1223.57
v 21.8038 -136.596 1225.11
v 21.2399 -136.319 1223.83
v 20.3813 -134.001 1222.39
v 20.3813 -134.001 1222.39
v 19.9895 -134.824 1222.13
v 20.1201 -133.858 1221.3
v 22.9479 -137.384 1225.27
v 22.9479 -137.384 1225.27
v 22.1746 -134.931 1223.05
v 21.546 -135.434 1222.58
v 20.6266 -134.968 1222.2
v 23.6568 -137.53 1225.21
v 23.4961 -136.6 1224.48
v 22.5048 -135.128 1223.17
v 22.796 -135.311 1223.33
v 22.6434 -135.136 1223.04
v 23.1013 -135.495 1223.44
v 23.0489 -135.319 1223.14
v 22.3298 -134.96 1222.88
v 22.556 -135.033 1223.04
v 22.556 -135.033 1223.04
v 22.556 -135.033 1223.04
v 21.8496 -133.826 1221.92
v 24.6787 -137.587 1225.29
v 24.6787 -137.587 1225.29
v 24.9653 -137.034 1225.18
v 24.187 -137.123 1224.27
v 24.1245 -135.755 1223.26
v 24.1245 -135.755 1223.26
v 23.8069 -135.619 1223.29
v 23.7977 -135.691 1223.2
v 23.8444 -137.492 1223.92
v 23.8444 -137.492 1223.92
v 23.8444 -137.492 1223.92
v 23.8544 -137.49 1223.92
v 23.8544 -137.49 1223.92
v 23.8544 -137.49 1223.92
v 23.851 -137.499 1223.92
v 23.851 -137.499 1223.92
v 23.851 -137.499 1223.92
v 23.8558 -137.495 1223.91
v 23.8558 -137.495 1223.91
v 23.8558 -137.495 1223.91
v 23.8459 -137.497 1223.91
v 23.8459 -137.497 1223.91
v 23.8459 -137.497 1223.91
v 23.8491 -137.487 1223.91
v 23.8491 -137.487 1223.91
v 23.8491 -137.487 1223.91
v 23.2592 -136.076 1223.05
v 23.7934 -135.514 1222.91
v 22.6125 -134.916 1221.85
v 25.7076 -137.678 1225.2
v 25.2612 -136.874 1224.8
v 25.1791 -137.158 1224.47
v 25.7554 -136.951 1224.68
v 25.6246 -137.139 1224.52
v 25.6246 -137.139 1224.52
v 24.3942 -135.719 1223.45
v 24.1365 -135.9 1223.16
v 24.1365 -135.9 1223.16
v 24.1365 -135.9 1223.16
v 24.1365 -135.9 1223.16
v 24.3154 -136.31 1223.22
v 24.5544 -136.187 1222.97
v 24.5544 -136.187 1222.97
v 24.1988 -135.67 1223.13
v 24.1988 -135.67 1223.13
v 24.5182 -135.544 1223.21
v 24.4618 -135.132 1222.78
v 24.6963 -135.309 1223.01
v 25.0072 -135.391 1222.94
v 25.0072 -135.391 1222.94
v 24.1436 -135.031 1222.64
v 23.8432 -135.097 1222.23
v 26.7693 -137.653 1225.23
v 26.1162 -136.837 1224.58
v 26.0022 -136.614 1224.37
v 26.0022 -136.614 1224.37
v 25.8254 -137.053 1224.43
v 25.8254 -137.053 1224.43
v 25.8254 -137.053 1224.43
v 25.8232 -136.922 1224.33
v 25.8232 -136.922 1224.33
v 25.8232 -136.922 1224.33
v 25.8645 -137.161 1224.35
v 25.8645 -137.161 1224.35
v 25.8645 -137.161 1224.35
v 25.9435 -137.269 1224.32
v 25.9007 -137.205 1224.24
v 25.9007 -137.205 1224.24
v 25.9007 -137.205 1224.24
v 25.1033 -135.917 1222.67
v 25.1372 -135.584 1222.73
v 26.8253 -136.169 1223.29
v 26.7737 -136.043 1223.48
v 27.0498 -136.474 1223.25
v 29.4132 -137.225 1224.82
v 29.3423 -137.47 1224.81
v 28.8115 -136.705 1223.81
f 12 3 2
f 12 2 9
f 36 41 2
f 41 5 2
f 3 36 2
f 5 9 2
f 3 12 13
f 4 14 9
f 5 33 4
f 4 33 1
f 5 4 9
f 41 32 5
f 5 32 33
f 4 1 16
f 44 16 1
f 6 11 49
f 11 19 49
f 13 6 50
f 49 50 6
f 7 14 8
f 14 21 8
f 17 7 8
f 8 18 17
f 14 7 9
f 7 12 9
f 10 6 13
f 13 12 10
f 12 7 10
f 6 10 11
f 11 10 7
f 17 11 7
f 11 17 19
f 14 4 15
f 4 16 15
f 14 15 21
f 8 21 18
f 57 49 19
f 57 19 56
f 20 17 18
f 20 19 17
f 56 19 20
f 56 20 59
f 24 21 15
f 15 16 24
f 22 18 21
f 22 20 18
f 24 60 21
f 20 22 23
f 60 22 21
f 59 20 23
f 26 32 25
f 26 27 34
f 27 29 34
f 27 26 28
f 27 28 65
f 28 26 68
f 68 65 28
f 68 26 25
f 27 65 29
f 41 30 25
f 32 41 25
f 25 30 66
f 31 66 30
f 31 67 66
f 33 34 1
f 32 26 33
f 33 26 34
f 1 34 35
f 1 35 44
f 45 44 35
f 34 29 35
f 45 35 29
f 45 29 75
f 38 42 36
f 36 42 41
f 37 38 3
f 38 36 3
f 53 37 13
f 37 3 13
f 37 39 38
f 37 53 39
f 31 38 39
f 39 53 40
f 39 43 31
f 39 40 43
f 30 41 42
f 42 38 31
f 30 42 31
f 31 43 76
f 44 55 16
f 44 45 46
f 45 75 46
f 51 50 116
f 50 47 81
f 47 48 81
f 81 48 80
f 51 13 50
f 50 49 47
f 57 47 49
f 13 51 53
f 40 53 52
f 52 83 40
f 51 52 53
f 82 52 51
f 52 82 83
f 40 54 43
f 54 40 83
f 55 44 46
f 55 242 61
f 46 242 55
f 48 47 57
f 57 56 58
f 48 57 58
f 58 80 48
f 90 58 56
f 16 55 24
f 55 61 24
f 198 61 242
f 99 56 59
f 22 63 23
f 98 59 23
f 61 60 24
f 60 63 22
f 64 63 60
f 198 64 61
f 64 60 61
f 64 198 205
f 62 98 23
f 63 62 23
f 69 101 100
f 70 101 69
f 65 106 72
f 66 68 25
f 69 66 67
f 69 67 70
f 67 73 70
f 66 69 68
f 68 69 100
f 65 68 100
f 73 74 71
f 73 71 70
f 65 72 29
f 72 75 29
f 75 72 110
f 169 110 72
f 31 73 67
f 73 76 74
f 73 31 76
f 74 111 71
f 75 110 115
f 51 116 112
f 112 113 82
f 76 43 77
f 43 54 77
f 76 77 78
f 76 78 74
f 74 78 79
f 78 87 79
f 79 87 88
f 79 111 74
f 79 88 111
f 75 115 46
f 115 242 46
f 81 116 50
f 89 137 58
f 51 112 82
f 113 114 82
f 82 114 83
f 83 84 54
f 83 132 84
f 118 83 114
f 118 132 83
f 85 77 54
f 77 85 86
f 84 85 54
f 85 148 86
f 84 148 85
f 78 93 87
f 77 93 78
f 94 88 87
f 90 89 58
f 91 89 90
f 89 138 137
f 138 89 91
f 91 90 95
f 150 91 95
f 142 91 150
f 86 92 77
f 92 93 77
f 92 96 93
f 148 92 86
f 93 94 87
f 94 93 96
f 94 96 156
f 97 90 56
f 95 90 97
f 148 155 92
f 92 154 96
f 92 155 154
f 99 97 56
f 99 59 98
f 98 62 159
f 158 161 63
f 64 158 63
f 158 64 205
f 200 97 99
f 63 161 62
f 159 62 161
f 160 98 159
f 70 108 101
f 102 104 100
f 100 101 102
f 102 101 105
f 108 103 101
f 103 105 101
f 100 106 65
f 106 100 104
f 106 104 107
f 104 102 105
f 72 167 169
f 167 72 106
f 71 108 70
f 71 109 108
f 163 108 109
f 71 111 109
f 172 109 111
f 111 88 135
f 172 111 135
f 117 80 58
f 117 58 137
f 117 137 174
f 128 124 127
f 124 128 174
f 125 118 114
f 129 125 114
f 118 125 119
f 118 119 132
f 132 119 134
f 134 119 120
f 174 137 124
f 122 124 137
f 120 139 140
f 114 175 129
f 119 126 121
f 119 121 120
f 122 123 127
f 126 123 121
f 123 139 121
f 121 139 120
f 122 127 124
f 138 123 122
f 138 2252 123
f 123 126 127
f 129 130 125
f 125 126 119
f 126 131 127
f 125 130 126
f 131 128 127
f 175 177 129
f 131 126 130
f 84 132 133
f 140 133 134
f 133 132 134
f 140 134 120
f 88 94 136
f 135 88 136
f 122 137 138
f 2252 138 91
f 141 91 142
f 133 145 84
f 142 150 144
f 145 133 140
f 140 143 145
f 2252 91 141
f 139 2253 140
f 140 2253 143
f 2253 2254 143
f 143 2254 144
f 144 150 152
f 153 143 144
f 152 153 144
f 147 148 84
f 147 84 145
f 145 143 146
f 147 145 146
f 146 180 147
f 146 143 2255
f 149 148 147
f 187 149 147
f 94 352 136
f 352 94 156
f 352 156 292
f 95 151 150
f 152 150 151
f 97 151 95
f 179 152 151
f 151 157 179
f 97 157 151
f 2256 152 182
f 182 152 179
f 2256 181 146
f 187 155 149
f 187 189 155
f 155 148 149
f 155 195 197
f 195 155 189
f 196 197 195
f 154 156 96
f 154 197 156
f 154 155 197
f 292 156 202
f 97 191 157
f 200 199 97
f 160 99 98
f 205 207 158
f 206 200 99
f 159 161 162
f 159 204 160
f 162 204 159
f 158 162 161
f 207 162 158
f 170 168 209
f 168 208 209
f 210 170 209
f 103 165 105
f 103 108 163
f 103 163 165
f 104 164 107
f 164 168 107
f 105 164 104
f 164 213 168
f 105 165 164
f 211 213 164
f 165 211 164
f 211 215 213
f 211 165 212
f 165 163 212
f 107 170 106
f 107 168 170
f 167 218 169
f 106 170 167
f 218 167 170
f 218 170 210
f 169 218 171
f 169 171 110
f 109 172 221
f 109 166 163
f 166 109 221
f 172 173 221
f 171 222 110
f 222 223 110
f 135 173 172
f 519 81 80
f 174 128 176
f 131 176 128
f 519 80 117
f 268 175 114
f 175 268 177
f 178 176 131
f 519 117 225
f 117 174 225
f 268 178 177
f 225 174 176
f 224 178 268
f 178 224 176
f 224 226 176
f 129 177 130
f 178 130 177
f 178 131 130
f 135 136 173
f 242 253 198
f 181 180 146
f 2256 182 181
f 180 188 187
f 183 182 179
f 179 190 183
f 179 157 190
f 180 184 188
f 185 182 183
f 230 188 184
f 181 184 180
f 183 190 185
f 186 2257 182
f 186 182 185
f 229 184 181
f 184 229 230
f 180 187 147
f 188 189 187
f 188 230 189
f 189 231 195
f 190 157 191
f 191 312 190
f 191 199 192
f 193 192 199
f 194 192 193
f 194 193 239
f 2258 239 237
f 195 238 196
f 236 195 231
f 199 191 97
f 201 199 200
f 193 199 201
f 193 201 239
f 202 156 197
f 198 256 205
f 256 198 253
f 254 200 206
f 201 200 203
f 206 99 160
f 203 200 254
f 255 203 254
f 258 207 205
f 206 160 204
f 204 162 298
f 206 204 376
f 298 162 257
f 162 207 257
f 213 208 168
f 208 216 209
f 216 260 209
f 209 260 210
f 212 163 166
f 212 166 262
f 215 208 213
f 215 211 214
f 211 212 214
f 214 259 215
f 214 212 217
f 212 262 217
f 215 216 208
f 215 259 216
f 210 220 218
f 210 260 220
f 218 219 171
f 220 219 218
f 219 220 265
f 220 301 265
f 166 221 262
f 110 223 115
f 225 176 2259
f 115 223 227
f 173 314 221
f 173 136 314
f 115 227 242
f 227 223 271
f 185 190 272
f 228 186 185
f 270 186 228
f 186 229 181
f 229 273 230
f 270 229 186
f 270 273 229
f 233 231 189
f 189 313 233
f 233 240 231
f 2258 237 232
f 234 240 233
f 234 232 240
f 192 194 235
f 232 235 2258
f 234 235 232
f 274 235 234
f 233 2266 234
f 2266 274 234
f 240 236 231
f 2263 2262 2261
f 2261 2262 238
f 236 238 195
f 237 239 243
f 2260 2262 2263
f 238 2262 243
f 238 243 246
f 252 197 196
f 238 241 196
f 247 252 196
f 241 247 196
f 241 238 246
f 242 293 253
f 239 201 243
f 203 244 201
f 244 243 201
f 246 243 245
f 244 245 243
f 245 248 246
f 244 249 245
f 241 246 251
f 250 241 251
f 247 241 250
f 277 247 250
f 246 248 251
f 275 277 250
f 245 249 248
f 251 248 276
f 276 248 249
f 276 275 251
f 275 250 251
f 276 249 283
f 277 252 247
f 292 202 291
f 296 256 293
f 293 256 253
f 294 254 206
f 249 244 203
f 203 283 249
f 255 283 203
f 284 255 254
f 294 284 254
f 255 284 283
f 202 197 290
f 370 202 290
f 376 204 298
f 257 207 299
f 258 299 207
f 258 384 299
f 257 299 298
f 217 262 263
f 216 261 260
f 261 264 260
f 259 261 216
f 263 259 214
f 259 263 261
f 214 217 263
f 260 264 220
f 220 264 301
f 265 266 219
f 265 303 266
f 171 219 222
f 222 219 267
f 219 266 267
f 267 269 222
f 222 269 223
f 223 269 271
f 269 310 271
f 270 311 273
f 221 314 309
f 228 185 272
f 396 272 190
f 312 396 190
f 273 189 230
f 400 274 2266
f 274 192 235
f 227 271 315
f 242 227 280
f 275 276 278
f 285 276 283
f 275 2264 279
f 276 285 278
f 279 277 275
f 2265 317 2264
f 279 252 277
f 317 318 2264
f 279 2264 318
f 279 290 252
f 352 320 136
f 242 280 293
f 289 281 287
f 281 289 322
f 322 321 281
f 286 285 283
f 286 283 287
f 287 283 284
f 2267 285 286
f 287 288 289
f 287 284 288
f 282 286 281
f 282 2267 286
f 286 287 281
f 326 289 288
f 252 290 197
f 291 202 370
f 352 292 374
f 296 293 297
f 288 284 294
f 326 288 294
f 291 295 292
f 295 291 371
f 376 373 206
f 205 300 258
f 256 379 205
f 379 256 296
f 258 300 384
f 205 379 300
f 379 382 380
f 379 380 300
f 263 262 386
f 261 263 463
f 386 463 263
f 463 302 261
f 261 302 264
f 302 304 264
f 304 301 264
f 301 303 265
f 304 305 301
f 301 305 303
f 305 388 303
f 304 385 305
f 304 302 385
f 306 303 388
f 262 221 309
f 386 262 309
f 306 266 303
f 266 307 267
f 266 306 307
f 310 269 267
f 310 267 307
f 525 310 307
f 606 268 114
f 226 224 308
f 225 2259 308
f 466 309 393
f 311 270 228
f 392 313 273
f 189 273 313
f 309 314 393
f 315 310 394
f 395 312 191
f 395 191 397
f 398 397 192
f 274 398 192
f 2266 399 400
f 310 315 271
f 192 397 191
f 314 136 320
f 314 405 401
f 320 405 314
f 227 315 280
f 2267 282 321
f 316 318 317
f 2267 321 316
f 279 318 319
f 319 290 279
f 403 319 318
f 319 339 290
f 404 319 403
f 319 408 339
f 405 320 353
f 405 353 544
f 282 281 321
f 321 322 323
f 322 289 327
f 323 475 321
f 323 322 324
f 324 322 327
f 325 324 327
f 289 326 327
f 327 326 328
f 326 355 328
f 325 327 329
f 327 328 329
f 355 330 328
f 330 329 328
f 330 355 331
f 329 330 334
f 331 334 330
f 358 335 331
f 335 334 331
f 335 358 336
f 337 333 346
f 332 336 337
f 337 336 333
f 338 335 332
f 332 335 336
f 346 333 349
f 335 338 334
f 336 358 360
f 336 360 333
f 333 360 349
f 343 290 339
f 337 340 342
f 343 337 346
f 341 338 342
f 334 338 341
f 342 332 337
f 342 338 332
f 2268 343 339
f 2268 339 408
f 343 340 337
f 342 340 409
f 343 344 290
f 345 344 343
f 343 347 345
f 347 343 346
f 346 348 347
f 347 348 350
f 345 347 350
f 346 349 348
f 350 364 345
f 363 348 349
f 345 364 344
f 350 348 351
f 366 350 351
f 364 350 366
f 348 363 351
f 366 411 364
f 320 352 353
f 280 297 293
f 294 354 326
f 326 354 355
f 355 358 331
f 356 355 354
f 356 354 357
f 294 357 354
f 294 362 357
f 362 294 372
f 358 355 356
f 356 357 359
f 358 356 360
f 356 365 360
f 365 356 359
f 365 359 361
f 361 359 357
f 362 361 357
f 360 365 349
f 372 294 206
f 361 362 368
f 349 365 363
f 351 363 367
f 417 344 364
f 367 365 412
f 363 365 367
f 413 368 362
f 366 351 367
f 365 361 2271
f 2271 361 368
f 2271 368 413
f 290 436 369
f 344 417 290
f 417 436 290
f 290 369 370
f 369 498 370
f 437 498 369
f 369 436 437
f 292 378 374
f 352 374 455
f 352 455 353
f 372 426 422
f 206 373 372
f 426 372 373
f 427 426 373
f 371 291 370
f 371 370 498
f 377 292 295
f 292 377 378
f 374 378 453
f 374 453 455
f 297 375 296
f 295 371 377
f 371 451 377
f 377 452 378
f 378 452 453
f 456 382 379
f 379 296 375
f 456 379 375
f 459 298 299
f 460 299 384
f 381 384 300
f 382 383 380
f 383 381 380
f 380 381 300
f 456 458 382
f 383 382 458
f 383 458 462
f 460 459 299
f 384 461 460
f 384 381 461
f 461 381 462
f 462 381 383
f 385 302 387
f 387 389 385
f 389 305 385
f 463 386 464
f 466 386 309
f 389 388 305
f 302 463 387
f 387 465 389
f 306 388 390
f 388 389 390
f 389 468 390
f 390 391 306
f 112 670 113
f 114 605 606
f 113 605 114
f 307 306 469
f 306 391 469
f 470 391 390
f 470 469 391
f 612 392 311
f 313 392 399
f 311 392 273
f 525 394 310
f 396 312 395
f 395 397 472
f 527 396 395
f 397 616 472
f 527 395 472
f 616 397 398
f 400 473 274
f 274 473 398
f 473 617 398
f 618 473 400
f 401 393 314
f 394 402 315
f 394 525 620
f 620 402 394
f 405 537 401
f 280 315 402
f 402 620 479
f 475 474 321
f 477 323 324
f 316 403 318
f 316 321 474
f 404 476 531
f 403 476 404
f 319 404 408
f 531 408 404
f 408 531 622
f 544 537 405
f 402 479 280
f 480 325 329
f 407 406 334
f 329 406 480
f 334 406 329
f 409 341 342
f 408 2269 2268
f 408 622 2269
f 407 341 409
f 407 334 341
f 415 423 481
f 414 415 482
f 415 481 482
f 481 423 484
f 417 364 411
f 367 410 366
f 366 410 411
f 367 412 410
f 411 410 416
f 417 411 2273
f 2271 414 2270
f 2272 416 410
f 413 415 2271
f 362 421 413
f 362 372 421
f 414 2271 415
f 423 415 413
f 413 421 423
f 420 417 2273
f 543 420 2273
f 418 436 417
f 418 417 420
f 419 418 420
f 420 483 419
f 421 372 423
f 372 424 423
f 422 424 372
f 425 424 422
f 422 433 425
f 425 433 487
f 434 487 433
f 373 440 427
f 428 426 427
f 428 422 426
f 428 429 431
f 429 428 427
f 427 440 429
f 432 436 418
f 432 437 436
f 438 437 432
f 433 422 428
f 431 429 2277
f 419 430 418
f 432 418 430
f 2277 2275 431
f 433 2276 434
f 2274 2276 433
f 2278 444 2279
f 2278 429 444
f 419 435 430
f 2276 435 434
f 435 2276 430
f 439 437 438
f 2279 444 439
f 449 437 439
f 449 498 437
f 375 297 551
f 441 440 373
f 442 444 429
f 440 442 429
f 376 441 373
f 376 443 441
f 441 443 440
f 443 445 440
f 442 440 445
f 448 445 443
f 444 442 446
f 445 446 442
f 445 447 446
f 447 445 448
f 446 450 444
f 447 450 446
f 491 439 444
f 439 491 449
f 492 447 448
f 492 448 500
f 377 451 452
f 498 451 371
f 455 453 499
f 454 453 452
f 454 499 453
f 454 452 505
f 457 376 298
f 376 501 443
f 448 443 500
f 500 443 501
f 459 457 298
f 504 451 498
f 451 504 505
f 451 505 452
f 511 586 459
f 461 512 460
f 460 512 511
f 462 513 461
f 513 462 509
f 509 462 510
f 510 462 458
f 511 459 460
f 461 513 512
f 465 387 463
f 467 465 463
f 463 464 467
f 464 386 466
f 389 465 468
f 467 464 520
f 517 468 465
f 113 516 605
f 390 468 471
f 470 390 471
f 517 471 468
f 469 525 307
f 523 311 228
f 612 848 392
f 529 466 393
f 527 472 849
f 524 228 272
f 528 400 399
f 400 528 618
f 617 616 398
f 618 617 473
f 684 474 475
f 684 683 474
f 316 474 476
f 477 682 475
f 684 475 682
f 478 533 530
f 476 403 316
f 475 323 477
f 324 478 477
f 477 530 682
f 530 477 478
f 324 325 478
f 325 480 478
f 478 480 533
f 534 533 480
f 532 407 409
f 480 536 534
f 536 406 532
f 406 536 480
f 532 406 407
f 532 409 622
f 540 414 482
f 482 481 538
f 481 484 538
f 541 414 540
f 482 538 540
f 2272 2281 416
f 2273 541 543
f 420 543 483
f 2280 542 488
f 543 542 483
f 297 280 551
f 424 484 423
f 484 424 485
f 485 486 484
f 488 487 434
f 489 490 487
f 487 490 425
f 485 424 425
f 488 489 487
f 546 490 489
f 546 489 488
f 490 485 425
f 545 546 488
f 542 545 488
f 2280 488 435
f 419 2280 435
f 488 434 435
f 491 494 449
f 450 493 491
f 450 491 444
f 450 447 492
f 493 494 491
f 492 493 450
f 494 497 449
f 495 493 492
f 493 495 494
f 495 497 494
f 496 547 495
f 547 497 495
f 495 492 496
f 496 492 502
f 498 449 503
f 497 503 449
f 550 503 497
f 454 505 567
f 499 454 567
f 551 456 375
f 501 376 506
f 501 506 569
f 500 501 552
f 501 569 552
f 502 492 500
f 500 552 502
f 570 569 506
f 506 376 457
f 503 562 498
f 562 565 498
f 565 504 498
f 596 504 565
f 504 508 505
f 508 637 505
f 638 568 456
f 568 458 456
f 551 638 456
f 570 506 571
f 506 457 507
f 459 507 457
f 571 506 507
f 586 507 459
f 458 568 510
f 509 510 598
f 509 598 515
f 510 568 598
f 602 512 514
f 512 513 514
f 513 509 515
f 513 515 514
f 112 116 736
f 670 516 113
f 736 670 112
f 465 518 517
f 518 465 467
f 518 467 520
f 522 471 517
f 609 517 518
f 522 517 609
f 604 81 519
f 675 519 608
f 268 607 224
f 608 519 225
f 224 738 308
f 607 738 224
f 466 529 521
f 520 464 521
f 466 521 464
f 521 529 678
f 518 520 609
f 613 522 609
f 525 469 619
f 523 228 524
f 610 524 611
f 610 523 524
f 524 272 526
f 526 272 396
f 526 396 527
f 611 524 526
f 526 527 2288
f 677 392 848
f 392 677 399
f 677 528 399
f 618 528 677
f 529 393 401
f 683 685 476
f 683 476 474
f 537 529 401
f 530 533 982
f 982 533 745
f 532 535 536
f 745 533 534
f 532 691 535
f 743 622 531
f 622 691 532
f 695 479 620
f 536 535 534
f 540 538 623
f 698 541 540
f 538 484 539
f 537 544 705
f 628 486 485
f 539 484 486
f 628 485 490
f 539 486 628
f 544 353 455
f 455 710 544
f 627 551 280
f 550 497 547
f 548 496 553
f 496 548 547
f 547 549 550
f 548 549 547
f 707 549 548
f 707 714 549
f 549 555 550
f 455 499 710
f 554 632 502
f 553 496 502
f 552 554 502
f 552 569 554
f 555 503 550
f 556 503 555
f 549 559 555
f 555 559 557
f 556 555 557
f 559 560 557
f 558 556 557
f 556 558 587
f 549 715 559
f 557 560 561
f 557 561 558
f 715 635 559
f 559 635 560
f 563 503 556
f 562 503 563
f 556 587 563
f 563 564 562
f 564 565 562
f 563 591 564
f 563 587 591
f 565 564 566
f 654 566 564
f 637 567 505
f 570 571 640
f 639 569 570
f 554 569 639
f 571 507 572
f 586 572 507
f 586 573 572
f 573 575 572
f 571 572 574
f 577 574 572
f 577 572 575
f 640 571 576
f 576 571 574
f 2284 2283 580
f 578 575 573
f 2284 580 583
f 640 576 585
f 585 576 581
f 576 574 581
f 2284 583 581
f 577 581 574
f 2285 578 589
f 2285 575 578
f 2287 579 2282
f 2282 579 587
f 587 579 588
f 579 2287 2286
f 579 2285 588
f 588 2285 589
f 582 584 2287
f 584 581 583
f 561 582 2287
f 561 2287 2282
f 641 582 561
f 641 584 582
f 584 585 581
f 573 586 599
f 578 573 590
f 590 573 599
f 587 588 594
f 594 588 589
f 589 578 592
f 590 592 578
f 590 599 601
f 587 594 593
f 642 591 593
f 591 587 593
f 642 564 591
f 592 594 589
f 592 590 643
f 592 643 594
f 590 595 643
f 601 595 590
f 564 642 654
f 642 655 654
f 593 594 645
f 594 643 645
f 657 596 566
f 566 596 565
f 596 508 504
f 508 596 658
f 658 597 508
f 508 597 637
f 598 568 659
f 600 599 586
f 601 599 600
f 660 601 600
f 660 600 664
f 511 664 600
f 600 586 511
f 602 668 511
f 511 512 602
f 669 602 603
f 669 603 665
f 514 515 603
f 602 514 603
f 515 665 603
f 667 511 668
f 668 602 669
f 670 671 516
f 516 671 605
f 672 736 116
f 116 81 672
f 673 81 604
f 81 673 672
f 844 606 605
f 268 606 607
f 308 608 225
f 674 519 675
f 679 520 521
f 520 679 680
f 521 678 679
f 609 520 680
f 609 681 613
f 681 609 680
f 2288 527 849
f 311 523 676
f 676 612 311
f 522 614 471
f 613 615 522
f 522 615 614
f 469 470 619
f 470 471 614
f 619 470 614
f 850 472 616
f 616 617 850
f 620 525 619
f 686 476 685
f 620 621 695
f 619 621 620
f 476 686 531
f 531 686 743
f 535 692 745
f 534 535 745
f 691 692 535
f 678 529 705
f 540 625 698
f 699 541 698
f 541 699 543
f 529 537 705
f 479 627 280
f 2289 623 624
f 623 539 624
f 623 538 539
f 540 623 2289
f 539 700 624
f 701 542 543
f 628 629 539
f 704 629 628
f 704 628 490
f 627 630 551
f 548 553 713
f 713 707 548
f 551 631 638
f 630 631 551
f 631 721 638
f 553 502 713
f 554 639 633
f 634 632 633
f 632 554 633
f 639 774 633
f 502 632 634
f 502 634 713
f 714 715 549
f 560 635 561
f 635 636 561
f 636 641 561
f 715 716 635
f 635 716 636
f 637 728 717
f 637 718 567
f 718 637 717
f 638 659 568
f 638 719 659
f 638 721 719
f 793 639 640
f 639 570 640
f 640 790 793
f 640 723 2298
f 639 793 774
f 723 640 585
f 2293 585 584
f 584 641 725
f 593 644 642
f 642 644 655
f 593 645 644
f 595 646 643
f 661 646 601
f 601 646 595
f 647 645 2290
f 2291 643 646
f 644 649 655
f 644 645 648
f 644 648 2292
f 648 645 647
f 661 2291 646
f 655 649 656
f 652 649 648
f 648 647 651
f 651 2291 661
f 653 649 652
f 653 656 649
f 650 652 648
f 648 651 650
f 653 780 656
f 650 651 726
f 655 566 654
f 655 657 566
f 655 656 657
f 657 656 780
f 727 658 596
f 727 728 658
f 658 728 597
f 727 821 728
f 637 597 728
f 666 515 598
f 659 729 598
f 659 719 729
f 601 660 661
f 662 661 663
f 663 661 660
f 663 660 664
f 661 662 651
f 662 663 734
f 664 734 663
f 651 662 732
f 732 662 734
f 664 511 733
f 667 733 511
f 733 667 833
f 838 669 665
f 838 665 735
f 665 515 666
f 665 666 735
f 671 670 970
f 674 673 604
f 519 674 604
f 674 845 673
f 845 674 974
f 674 675 974
f 843 606 844
f 843 607 606
f 737 308 738
f 675 608 737
f 308 737 608
f 740 847 676
f 523 740 676
f 523 739 740
f 676 847 612
f 612 847 848
f 523 610 739
f 849 472 850
f 610 611 846
f 849 846 2288
f 846 739 610
f 848 1044 677
f 679 678 855
f 744 681 680
f 680 679 749
f 615 689 688
f 614 615 688
f 613 681 615
f 681 689 615
f 744 689 681
f 744 680 749
f 619 614 687
f 851 684 682
f 685 979 686
f 683 684 741
f 749 679 856
f 856 679 855
f 687 614 688
f 619 687 693
f 687 688 690
f 690 693 687
f 690 688 689
f 686 980 743
f 746 747 691
f 746 691 622
f 747 692 691
f 622 743 746
f 855 678 705
f 621 619 693
f 695 621 694
f 693 694 621
f 693 690 750
f 750 694 693
f 750 690 751
f 627 479 695
f 695 694 696
f 753 694 750
f 756 2289 697
f 697 2289 624
f 698 625 756
f 759 698 756
f 697 624 757
f 757 624 700
f 698 2295 699
f 543 699 626
f 696 627 695
f 706 627 765
f 627 696 765
f 629 700 539
f 629 704 760
f 542 702 545
f 626 764 701
f 543 626 701
f 702 542 701
f 703 702 701
f 703 701 764
f 760 704 763
f 630 627 706
f 490 546 704
f 702 762 545
f 545 762 546
f 704 546 763
f 762 763 546
f 705 544 710
f 708 709 707
f 877 708 767
f 877 709 708
f 710 499 711
f 499 567 711
f 711 770 710
f 771 710 770
f 630 706 631
f 706 712 631
f 768 713 634
f 713 768 708
f 634 633 775
f 775 633 774
f 775 768 634
f 708 707 713
f 709 714 707
f 776 715 714
f 714 709 776
f 724 636 716
f 777 716 715
f 777 800 716
f 800 724 716
f 728 893 717
f 567 718 711
f 718 785 711
f 711 785 770
f 631 712 721
f 721 720 719
f 720 721 787
f 720 787 788
f 720 788 731
f 712 773 721
f 721 773 787
f 2298 723 789
f 722 2297 2293
f 722 798 2297
f 724 641 636
f 584 725 722
f 722 2293 584
f 641 724 725
f 726 732 799
f 797 726 799
f 799 732 829
f 724 794 725
f 800 794 724
f 794 796 725
f 722 725 798
f 798 725 796
f 809 797 799
f 652 780 653
f 650 726 652
f 732 726 651
f 780 891 657
f 726 795 780
f 780 652 726
f 797 795 726
f 817 596 657
f 596 817 727
f 817 821 727
f 820 824 728
f 821 820 728
f 598 729 666
f 735 666 730
f 730 666 729
f 735 730 826
f 719 720 731
f 719 731 729
f 729 731 730
f 731 788 828
f 734 664 733
f 732 734 829
f 832 829 734
f 832 734 733
f 831 829 832
f 833 832 733
f 836 833 667
f 667 839 836
f 839 667 668
f 841 736 672
f 2307 672 1039
f 1039 672 673
f 670 842 970
f 842 670 736
f 605 671 970
f 974 675 975
f 737 975 675
f 685 683 741
f 979 685 1185
f 684 851 741
f 682 852 851
f 981 682 530
f 982 981 530
f 742 746 743
f 744 748 689
f 748 744 749
f 690 689 752
f 853 692 747
f 853 747 746
f 2294 853 746
f 749 854 748
f 752 689 748
f 856 854 749
f 752 751 690
f 750 751 754
f 752 755 751
f 755 754 751
f 854 755 752
f 748 854 752
f 750 754 753
f 694 753 696
f 755 866 754
f 700 758 757
f 757 758 986
f 699 987 626
f 2295 987 699
f 696 862 765
f 753 862 696
f 753 754 863
f 760 758 700
f 700 629 760
f 763 857 760
f 703 761 702
f 2296 762 702
f 765 862 868
f 862 872 868
f 863 862 753
f 855 705 766
f 765 868 706
f 868 869 706
f 767 708 768
f 879 767 768
f 877 769 709
f 785 881 770
f 771 770 772
f 705 710 766
f 766 710 771
f 772 766 771
f 770 881 772
f 706 869 712
f 712 869 773
f 884 885 773
f 884 773 869
f 876 768 775
f 775 890 876
f 890 775 774
f 709 1064 776
f 769 1064 709
f 800 777 778
f 715 776 777
f 810 780 802
f 783 778 777
f 781 779 778
f 781 782 779
f 779 782 810
f 810 782 780
f 782 891 780
f 783 777 776
f 783 781 778
f 782 781 783
f 783 891 782
f 1064 783 776
f 899 657 891
f 717 786 718
f 717 784 786
f 717 893 784
f 718 786 785
f 786 881 785
f 786 894 881
f 894 786 784
f 773 885 787
f 828 788 939
f 787 895 788
f 787 885 895
f 2297 798 791
f 2298 789 2299
f 793 790 792
f 792 2298 2299
f 792 2299 813
f 814 792 813
f 815 792 814
f 792 815 941
f 941 815 831
f 792 941 793
f 802 780 795
f 796 2300 805
f 804 795 797
f 807 798 796
f 796 805 807
f 807 791 798
f 812 809 799
f 794 800 778
f 778 779 801
f 778 801 2301
f 801 779 802
f 2300 803 805
f 2301 801 2302
f 801 802 2303
f 802 804 2303
f 804 802 795
f 2303 806 2304
f 797 806 804
f 806 2303 804
f 805 808 807
f 805 2305 808
f 806 809 2306
f 797 809 806
f 807 811 2299
f 807 808 811
f 811 2306 812
f 812 2306 809
f 799 829 812
f 802 779 810
f 813 811 814
f 813 2299 811
f 812 814 811
f 830 814 812
f 812 829 830
f 815 814 816
f 816 814 830
f 831 815 816
f 899 898 657
f 657 898 817
f 900 898 899
f 898 924 817
f 818 821 817
f 818 819 821
f 819 822 821
f 821 823 820
f 822 823 821
f 823 824 820
f 822 933 823
f 823 935 824
f 937 728 824
f 826 825 735
f 730 731 828
f 826 730 828
f 828 827 826
f 825 826 827
f 825 827 1029
f 940 1029 827
f 828 939 827
f 939 940 827
f 829 831 830
f 831 816 830
f 942 831 832
f 942 941 831
f 942 832 834
f 832 833 834
f 833 835 834
f 833 836 945
f 943 834 946
f 946 834 835
f 833 945 835
f 945 836 952
f 955 837 962
f 966 838 735
f 969 735 825
f 839 668 840
f 839 840 955
f 840 669 838
f 668 669 840
f 955 840 837
f 837 840 838
f 971 844 605
f 736 841 842
f 971 605 970
f 607 843 738
f 738 973 737
f 1042 973 738
f 1043 1045 847
f 846 849 977
f 1043 847 740
f 1045 848 847
f 1045 1044 848
f 850 978 849
f 1131 978 850
f 1047 617 1046
f 618 1046 617
f 617 1047 850
f 1047 1131 850
f 686 979 980
f 852 981 1049
f 682 981 852
f 745 1051 982
f 1051 745 983
f 745 692 983
f 692 853 983
f 853 2294 984
f 980 984 743
f 743 984 742
f 984 983 853
f 1050 983 984
f 757 985 697
f 986 985 757
f 626 987 764
f 856 855 860
f 856 988 854
f 988 856 860
f 1056 758 760
f 857 1056 760
f 763 858 857
f 762 858 763
f 859 1057 858
f 1057 857 858
f 2308 761 703
f 858 2296 859
f 2296 858 762
f 860 855 861
f 996 861 992
f 860 861 996
f 863 754 866
f 862 863 864
f 863 866 867
f 863 867 864
f 866 989 867
f 854 865 755
f 988 865 854
f 865 866 755
f 989 1002 867
f 772 992 766
f 855 766 861
f 766 992 861
f 992 772 993
f 868 870 869
f 870 868 872
f 870 871 869
f 871 870 874
f 862 864 872
f 873 874 870
f 874 886 871
f 867 873 872
f 864 867 872
f 873 870 872
f 1002 873 867
f 1002 875 873
f 875 874 873
f 875 889 874
f 889 886 874
f 1015 875 1002
f 878 768 876
f 768 878 879
f 879 877 767
f 878 876 880
f 879 878 880
f 879 1007 877
f 1007 769 877
f 880 1007 879
f 1003 1007 880
f 772 881 882
f 882 993 772
f 883 882 881
f 993 882 1012
f 1012 882 883
f 895 885 887
f 869 871 884
f 884 888 885
f 885 888 887
f 886 884 871
f 886 888 884
f 887 888 1013
f 886 889 888
f 891 783 1064
f 892 891 1064
f 892 902 891
f 1018 893 728
f 1065 893 1162
f 894 784 893
f 893 1010 894
f 1010 893 1065
f 894 883 881
f 1010 883 894
f 939 788 895
f 1019 939 895
f 1019 895 887
f 941 1087 793
f 941 1020 1087
f 892 897 902
f 896 914 912
f 914 896 944
f 896 912 1089
f 1021 943 944
f 900 901 898
f 901 924 898
f 902 899 891
f 905 901 900
f 905 907 901
f 902 904 899
f 907 903 901
f 901 903 924
f 904 900 899
f 904 906 900
f 906 905 900
f 919 903 907
f 909 902 897
f 904 902 909
f 906 908 905
f 908 907 905
f 909 910 904
f 904 910 906
f 906 910 908
f 944 948 914
f 897 912 2309
f 907 908 916
f 917 908 910
f 916 908 917
f 2309 912 911
f 918 910 2311
f 2310 2309 911
f 910 918 917
f 911 912 913
f 918 2312 915
f 2311 2312 918
f 912 914 2313
f 2312 2314 915
f 948 2315 914
f 2321 950 2316
f 919 907 920
f 920 907 916
f 921 916 917
f 920 916 921
f 922 917 918
f 921 917 2318
f 922 918 2317
f 922 2317 923
f 2319 2316 950
f 2318 1023 921
f 1023 2318 1024
f 1024 2318 2320
f 919 924 903
f 924 1025 817
f 926 931 925
f 926 927 931
f 925 817 1025
f 819 929 822
f 925 818 817
f 818 928 819
f 928 929 819
f 931 818 925
f 930 928 931
f 931 928 818
f 930 929 928
f 958 934 929
f 929 930 958
f 932 930 931
f 930 932 958
f 927 961 932
f 927 932 931
f 823 933 935
f 934 822 929
f 933 822 934
f 824 935 937
f 937 935 938
f 936 935 933
f 935 936 938
f 933 963 936
f 936 1034 938
f 937 1017 728
f 937 1026 1028
f 938 1026 937
f 938 1034 1026
f 940 939 1019
f 1020 941 942
f 946 944 943
f 943 942 834
f 1020 942 943
f 943 1021 1020
f 947 946 835
f 835 945 947
f 949 947 945
f 949 945 952
f 946 2321 944
f 2321 946 947
f 2321 947 949
f 949 950 2321
f 949 951 950
f 950 1030 2320
f 950 951 1030
f 951 949 952
f 1024 2320 1030
f 952 836 953
f 952 953 1033
f 836 839 953
f 954 953 839
f 839 955 954
f 960 961 1118
f 953 954 1033
f 1118 954 960
f 962 957 955
f 934 956 963
f 958 959 956
f 934 958 956
f 957 956 959
f 955 957 959
f 954 955 959
f 959 958 960
f 932 961 958
f 958 961 960
f 960 954 959
f 962 963 957
f 934 963 933
f 956 957 963
f 962 837 964
f 963 962 965
f 965 962 964
f 936 963 965
f 965 964 968
f 965 1034 936
f 964 837 966
f 837 838 966
f 966 967 964
f 968 964 967
f 968 1034 965
f 966 735 969
f 966 969 1036
f 969 825 1038
f 825 1029 1038
f 1029 1176 1038
f 1221 1179 842
f 1179 970 842
f 1039 673 845
f 1040 1039 845
f 845 974 1040
f 1041 1040 974
f 972 843 844
f 843 2322 1042
f 843 1042 738
f 971 972 844
f 1041 974 975
f 737 973 975
f 975 1125 1041
f 973 1125 975
f 1043 739 976
f 1043 740 739
f 739 846 976
f 976 846 977
f 977 849 1129
f 1129 849 978
f 1044 1133 677
f 618 677 2329
f 741 1185 685
f 1049 981 1136
f 980 1188 984
f 1136 981 982
f 2295 1138 987
f 697 985 756
f 1192 2308 703
f 1192 703 764
f 859 1055 1057
f 1192 1055 2308
f 989 866 865
f 865 988 990
f 988 860 991
f 990 989 865
f 990 988 991
f 998 990 991
f 991 860 996
f 991 996 997
f 991 997 998
f 992 993 994
f 1012 995 993
f 994 993 995
f 994 995 1000
f 1067 995 1012
f 996 992 994
f 996 994 997
f 989 990 998
f 999 989 998
f 1069 1015 999
f 1000 997 994
f 997 1000 998
f 999 998 1001
f 998 1000 1001
f 1001 1069 999
f 989 999 1002
f 1015 1002 999
f 889 875 1015
f 876 1005 880
f 876 1004 1005
f 880 1005 1003
f 1004 876 890
f 1006 1004 890
f 1003 1009 1007
f 1009 1008 1007
f 1008 769 1007
f 1064 769 1008
f 1008 1009 1064
f 1011 883 1010
f 883 1011 1067
f 1012 883 1067
f 1013 888 889
f 1013 1014 887
f 887 1014 1019
f 1069 1070 1015
f 1070 1013 1015
f 1070 1014 1013
f 1070 1071 1014
f 1071 1019 1014
f 1013 889 1015
f 1006 890 774
f 774 1016 1006
f 1016 774 793
f 892 1064 1152
f 897 892 1152
f 1152 1074 897
f 920 1091 1076
f 920 1076 919
f 1075 1155 919
f 919 1076 1075
f 1017 1018 728
f 1077 1017 1028
f 1080 1018 1017
f 1018 1162 893
f 1177 940 1164
f 1020 1088 1087
f 1088 1021 1089
f 1020 1021 1088
f 944 1089 1021
f 896 1089 944
f 921 1022 1165
f 1089 912 1074
f 1074 912 897
f 1022 1030 1031
f 1024 1022 1023
f 1030 1022 1024
f 1091 920 921
f 921 1023 1022
f 919 1025 924
f 1025 919 1155
f 1025 926 925
f 1093 927 926
f 1093 926 1025
f 927 1093 961
f 1093 1092 961
f 1034 1027 1026
f 1095 1026 1027
f 1035 1027 1034
f 2323 1095 1027
f 937 1028 1017
f 1028 1026 1097
f 1077 1028 1097
f 1038 1110 1098
f 1177 1029 940
f 951 1031 1030
f 1032 1031 951
f 1032 951 952
f 952 1033 1032
f 1116 1032 1033
f 1116 1033 1117
f 1166 1031 1032
f 1166 1032 1116
f 1092 1118 961
f 1037 968 967
f 968 1035 1034
f 968 1037 1035
f 1120 1035 1037
f 1120 2324 1035
f 966 1036 967
f 1036 1037 967
f 1037 1036 1121
f 1121 1120 1037
f 969 1038 1036
f 1121 1036 1123
f 1038 1123 1036
f 1221 842 841
f 1179 971 970
f 1125 973 1042
f 1130 976 977
f 1129 1130 977
f 1128 1126 1043
f 1128 1043 976
f 1128 976 1130
f 1134 1133 1044
f 1045 1043 1126
f 1044 1045 1127
f 1134 1044 1127
f 1184 1129 978
f 1131 1184 978
f 1046 618 2330
f 852 1049 1048
f 1135 1048 1186
f 1186 1048 1049
f 1136 1186 1049
f 1185 741 851
f 1185 851 1048
f 851 852 1048
f 1135 1185 1048
f 980 979 1187
f 1239 1136 1290
f 1290 1136 982
f 1290 1051 1291
f 983 1291 1051
f 1187 1188 980
f 984 1189 1050
f 1290 982 1051
f 1053 1052 985
f 1052 756 985
f 985 1054 1053
f 1137 756 1052
f 1052 1053 1369
f 1054 1369 1053
f 1137 1138 2295
f 756 1137 759
f 1054 985 986
f 987 1190 764
f 1057 1056 857
f 1005 1062 1139
f 1140 1009 1141
f 1003 1005 1139
f 1143 1142 1067
f 1058 1059 995
f 1067 1058 995
f 1058 1061 1059
f 1142 1058 1067
f 1144 1061 1058
f 1000 995 1059
f 1001 1000 1059
f 1059 1060 1001
f 1061 1060 1059
f 1062 1004 1145
f 1145 1004 1006
f 1004 1062 1005
f 1141 1009 1003
f 1016 1063 1006
f 1009 1140 1193
f 1009 1193 1064
f 1064 1193 1152
f 1065 1066 1010
f 1066 1065 1198
f 1011 1010 1066
f 1011 1143 1067
f 1066 1143 1011
f 1060 1069 1001
f 940 1019 1068
f 1068 1019 1071
f 1070 1073 1071
f 1073 1068 1071
f 1147 1069 1072
f 1073 1070 1147
f 1147 1070 1069
f 1072 1060 1061
f 1060 1072 1069
f 793 1063 1016
f 1087 1148 793
f 1090 1150 1088
f 1149 1074 1152
f 1154 1076 1091
f 1154 1153 1076
f 1076 1153 1075
f 1017 1077 1078
f 1078 1081 1017
f 1097 1079 1077
f 1079 1078 1077
f 1206 1084 1078
f 1079 1206 1078
f 1081 1080 1017
f 1082 1085 1080
f 1080 1081 1082
f 1084 1083 1081
f 1081 1083 1082
f 1078 1084 1081
f 1082 1102 1085
f 1083 1102 1082
f 1172 1104 1083
f 1104 1101 1083
f 1102 1083 1101
f 1084 1172 1083
f 1080 1158 1018
f 1085 1158 1080
f 1102 1086 1085
f 1085 1159 1158
f 1159 1085 1086
f 1159 1086 1113
f 1159 1113 1160
f 1158 1162 1018
f 1088 1089 1090
f 2331 1089 1074
f 1165 1022 1031
f 1165 1091 921
f 1165 1031 1203
f 1203 1031 1166
f 1025 1156 1093
f 1156 1025 1155
f 1216 1118 1092
f 1093 1216 1092
f 1094 1026 1095
f 1096 1094 1095
f 1096 2325 2328
f 1096 1097 1094
f 2328 1119 1096
f 1097 1026 1094
f 1079 1097 1096
f 1038 1098 1123
f 1098 1110 1111
f 1124 1123 1099
f 1123 1098 1099
f 1098 1111 1099
f 1103 1124 1099
f 1100 1103 1099
f 1111 1100 1099
f 1105 1102 1101
f 1112 1107 1100
f 1124 1103 1174
f 1103 1100 2327
f 1108 1104 1172
f 1105 1101 1104
f 1105 1104 1108
f 2327 1102 1105
f 1113 1086 2326
f 1108 1109 1105
f 1105 1109 1106
f 1105 1106 2327
f 2326 1107 1113
f 1109 1103 1106
f 1106 1103 2327
f 1112 1113 1107
f 1109 1174 1103
f 1173 1174 1109
f 1111 1110 1114
f 1112 1111 1114
f 1112 1100 1111
f 1115 1114 1175
f 1115 1112 1114
f 1112 1160 1113
f 1114 1110 1176
f 1176 1110 1038
f 1176 1029 1177
f 1214 1116 1117
f 1117 1033 954
f 1119 1120 1122
f 1122 1120 1121
f 1178 1121 1124
f 1122 1121 1178
f 1122 1169 1119
f 1124 1121 1123
f 1221 1281 1179
f 1222 1039 1040
f 972 971 1181
f 971 1179 1181
f 1183 1125 1042
f 1181 1182 972
f 1182 1042 2322
f 1127 1045 1126
f 1130 1129 1228
f 1131 1047 1132
f 1410 1132 1233
f 1131 1132 1410
f 1046 1233 1132
f 1046 1132 1047
f 1187 979 1238
f 1190 987 1138
f 1369 1137 1052
f 1369 1054 1240
f 1054 986 1240
f 1055 1245 1057
f 1141 1003 1139
f 1142 1144 1058
f 1146 1061 1144
f 1006 1063 1145
f 1145 1063 1248
f 1063 1148 1251
f 1193 1149 1152
f 1197 1162 1196
f 1065 1162 1197
f 1197 1198 1065
f 1066 1198 1143
f 1266 1164 1068
f 1146 1072 1061
f 1147 1199 1073
f 1072 1200 1147
f 1147 1200 1199
f 1200 1072 1146
f 1199 1068 1073
f 1199 1266 1068
f 1148 1063 793
f 1087 1150 1148
f 1201 1251 1148
f 1150 1201 1148
f 2331 1253 1151
f 1089 2331 1151
f 1088 1150 1087
f 1151 1150 1090
f 1151 1090 1089
f 1202 1091 1165
f 1154 1091 1202
f 1154 1194 1153
f 1155 1075 1153
f 1204 1155 1260
f 1195 1155 1153
f 1156 1155 1204
f 1204 1205 1156
f 2333 1157 1084
f 1157 2333 1207
f 2334 1208 2332
f 1171 2332 1208
f 1084 1157 1172
f 2332 1171 1172
f 1158 1161 1162
f 1158 1159 1209
f 1158 1209 1161
f 1160 1209 1159
f 1175 1163 1160
f 1160 1163 1209
f 1175 1176 1163
f 1164 940 1068
f 1116 1214 1167
f 1116 1167 1166
f 1167 1273 1166
f 1214 1168 1275
f 1156 1216 1093
f 1156 1205 1216
f 1118 1216 1268
f 1310 1079 1096
f 1096 1119 1170
f 1170 1119 1169
f 1169 1218 1170
f 1172 1173 1108
f 1173 1109 1108
f 1172 1171 1173
f 1112 1115 1160
f 1160 1115 1175
f 1175 1114 1176
f 1212 1176 1177
f 1212 1177 1164
f 1117 1168 1214
f 954 1168 1117
f 1168 954 1118
f 1219 1169 1122
f 1180 1221 841
f 1333 1182 1327
f 2307 1039 1180
f 1222 1180 1039
f 1181 1327 1182
f 1183 1042 1182
f 1223 1041 1125
f 1183 1223 1125
f 1227 1127 1126
f 1128 1283 1126
f 1225 1126 1283
f 1128 1130 1229
f 2335 1130 1228
f 1231 1133 1134
f 1127 1227 1134
f 1227 1230 1134
f 1134 1230 1231
f 2330 1232 1046
f 1232 1233 1046
f 2336 1232 2330
f 1234 1135 1186
f 1135 1234 1236
f 1234 1186 1136
f 1237 979 1185
f 1189 984 1188
f 1188 1289 1189
f 1190 1138 1241
f 758 1191 986
f 1056 1243 758
f 758 1243 1242
f 764 1295 1192
f 764 1190 1295
f 1192 1245 1055
f 1244 1243 1056
f 1244 1056 1057
f 1139 1062 1299
f 1249 1140 1141
f 1249 1193 1140
f 1250 1149 1193
f 1149 1250 2337
f 1301 1142 1143
f 1144 1255 1146
f 2338 1200 1146
f 1063 1251 1248
f 1150 1151 1256
f 1150 1256 1252
f 1257 1194 1202
f 1195 1194 1258
f 1259 1195 1258
f 1259 1260 1195
f 1161 1211 1196
f 1265 1197 1196
f 1211 1264 1196
f 1265 1198 1197
f 1301 1143 1198
f 1252 1251 1201
f 1150 1252 1201
f 1165 1203 1378
f 1305 1202 1165
f 1257 1202 1305
f 1154 1202 1194
f 1153 1194 1195
f 1195 1260 1155
f 1205 1204 1309
f 1268 1216 1205
f 1310 1096 1269
f 1320 1171 1208
f 1079 1311 1206
f 1207 2333 2339
f 1161 1196 1162
f 1209 1211 1161
f 1163 1176 1210
f 1176 1213 1210
f 1209 1163 1270
f 1163 1210 1270
f 1210 1213 1272
f 1210 1272 1270
f 1213 1176 1212
f 1167 1274 1273
f 1274 1167 1214
f 1274 1214 1275
f 1168 1118 1215
f 1215 1275 1168
f 1215 1118 1268
f 1170 1217 1096
f 1218 1217 1170
f 1269 1096 1217
f 1277 1218 1219
f 1218 1169 1219
f 1219 1122 1220
f 1220 1122 1178
f 1178 1278 1220
f 1276 1219 1220
f 1174 1173 1171
f 1178 1124 1278
f 1320 1174 1171
f 1279 1174 1320
f 1279 1124 1174
f 1281 1398 1179
f 1179 1398 1181
f 1282 1222 1331
f 1180 1222 1282
f 1281 1221 1400
f 1221 1180 1400
f 1040 1224 1222
f 1224 1040 1041
f 1223 1224 1041
f 1223 1183 1337
f 1223 1341 1224
f 1283 1128 1229
f 1225 1226 1126
f 1227 1126 1226
f 2335 1228 1361
f 1362 1361 1228
f 1184 1228 1129
f 1230 1285 1231
f 1232 2336 1285
f 1236 1234 1235
f 1235 1234 1136
f 1185 1135 1236
f 1136 1239 1287
f 1235 1136 1287
f 1237 1238 979
f 1238 1288 1187
f 1290 1287 1239
f 1291 983 1050
f 1187 1288 1188
f 1288 1289 1188
f 1417 1137 1369
f 1242 1191 758
f 986 1191 1371
f 1371 1191 1293
f 1242 1293 1191
f 1241 1295 1190
f 1243 1296 1242
f 1244 1296 1243
f 1057 1245 1244
f 1249 1570 1250
f 1298 1062 1145
f 1299 1246 1139
f 1141 1139 1246
f 1247 1298 1145
f 1145 1248 1247
f 1498 1062 1298
f 1498 1299 1062
f 1249 1246 1570
f 1249 1141 1246
f 1250 1193 1249
f 1253 1256 1151
f 1252 1372 1251
f 1253 1373 1256
f 1252 1256 1372
f 1256 1373 1372
f 1301 1302 1142
f 1302 1303 1254
f 1302 1254 1142
f 1142 1254 1144
f 1254 1255 1144
f 1303 1255 1254
f 2338 1267 1200
f 1303 1304 1255
f 1194 1257 1258
f 1429 1306 1259
f 1259 1306 1260
f 1306 1204 1260
f 1262 1264 1211
f 1265 1196 1261
f 1196 1264 1261
f 1265 1261 1263
f 1261 1264 1263
f 1211 1270 1262
f 1271 1262 1270
f 1323 1314 1271
f 1271 1314 1262
f 1312 1264 1262
f 1312 1262 1314
f 1301 1198 1265
f 1266 1451 1452
f 1200 1267 1199
f 1199 1267 1266
f 1165 1378 1305
f 1379 1378 1203
f 1273 1203 1166
f 1273 1379 1203
f 1273 1274 1380
f 1380 1274 1275
f 1308 1205 1309
f 1308 1268 1205
f 1316 1268 1308
f 1316 1215 1268
f 1217 1391 1269
f 1391 1310 1269
f 1318 1217 1317
f 1321 1208 2334
f 2339 2340 1207
f 1270 1211 1209
f 1271 1270 1272
f 1271 1272 1323
f 1272 1213 1322
f 1212 1322 1213
f 2341 1272 1322
f 1212 1164 1322
f 1317 1217 1218
f 1277 1219 1276
f 1325 1276 1280
f 1317 1218 1277
f 1277 1276 1325
f 1324 1317 1277
f 1279 1278 1124
f 1276 1220 1280
f 1220 1278 1280
f 1398 1327 1181
f 1282 1400 1180
f 1224 1331 1222
f 1334 1337 1183
f 1341 1223 1336
f 1337 1336 1223
f 1334 1182 1333
f 1334 1183 1182
f 1283 1357 1225
f 1357 1226 1225
f 1226 1357 1356
f 1226 1356 1227
f 1284 1230 1227
f 1227 1356 1404
f 1227 1404 1284
f 1363 1286 1232
f 1363 1232 1285
f 1233 1232 1286
f 1284 1285 1230
f 1184 1131 1410
f 1185 1236 1237
f 1236 1364 1237
f 1364 1236 1365
f 1235 1287 1236
f 1414 1287 1290
f 1288 1238 1367
f 1288 1367 1289
f 1050 1292 1291
f 1137 1417 1550
f 1138 1137 1550
f 1294 1293 1242
f 1421 1371 1293
f 1294 1242 1296
f 1293 1294 1421
f 1295 1297 1192
f 1296 1244 1488
f 1192 1297 1245
f 1299 1493 1246
f 1424 1248 1251
f 1250 1425 2337
f 1259 1258 1576
f 1576 1429 1259
f 1300 1313 1374
f 1300 1301 1265
f 1301 1376 1302
f 1376 1375 1303
f 1376 1303 1302
f 1303 1375 1304
f 2338 1304 1267
f 1204 1306 1307
f 1204 1307 1309
f 1434 1308 1309
f 1079 1310 1311
f 2339 1446 2340
f 1264 1313 1263
f 1264 1312 1313
f 1265 1263 1300
f 1300 1263 1313
f 1384 1313 1312
f 1382 1312 1314
f 1384 1312 1382
f 1164 1266 1452
f 1451 1266 1267
f 1516 1379 1273
f 1726 1516 1273
f 1273 1380 1726
f 1316 1315 1215
f 1275 1215 1315
f 1275 1315 1380
f 1316 1308 1381
f 1315 1316 1381
f 1318 1317 1319
f 1317 1324 1319
f 1318 1391 1217
f 1324 1396 1319
f 1395 1326 1279
f 1395 1279 1320
f 1320 1208 1394
f 1395 1320 1394
f 2341 1322 1389
f 1322 1390 1389
f 1164 1390 1322
f 1396 1324 1277
f 1280 1326 1325
f 1325 1396 1277
f 1280 1278 1326
f 1326 1278 1279
f 1399 1398 1281
f 1282 1402 1400
f 1282 1331 1401
f 1333 1327 1344
f 1328 1344 1327
f 1327 1398 1329
f 1344 1328 1345
f 1328 1353 2348
f 1329 1328 1327
f 1328 1329 1330
f 1330 1353 1328
f 1360 1353 1330
f 1404 1330 1329
f 1404 1360 1330
f 1335 1331 1224
f 1340 1332 1331
f 1331 1335 1340
f 1348 1332 1340
f 1331 1332 1401
f 1224 1341 1335
f 1338 1334 1333
f 2347 1338 1333
f 1337 2342 1339
f 2342 1337 1334
f 1340 1335 1341
f 1341 1336 1342
f 1337 1339 1342
f 1337 1342 1336
f 2343 1344 1345
f 2344 2343 1350
f 2343 1345 1346
f 2343 1346 1350
f 2348 1347 2349
f 1340 1341 1348
f 1341 1342 1348
f 2344 1350 2345
f 2346 2353 2351
f 1343 1349 1358
f 2354 1349 1343
f 1283 1343 1358
f 1352 2354 1343
f 1283 1352 1343
f 1353 1347 2348
f 2355 1351 2352
f 1349 2354 2349
f 1347 1349 2349
f 1358 1349 2350
f 1354 2356 1352
f 1352 2357 2354
f 1348 2358 1355
f 2359 2356 1354
f 1352 1361 1354
f 1355 1332 1348
f 1405 1355 1354
f 1283 1358 1357
f 1358 1359 1357
f 1359 1360 1357
f 1356 1357 1360
f 1360 1404 1356
f 1353 1359 2350
f 1359 1358 2350
f 1359 1353 1360
f 1409 1284 1404
f 1409 1406 1284
f 1352 1283 1361
f 1361 1283 1229
f 1361 1362 1354
f 1362 1405 1354
f 1405 1362 1228
f 1228 1184 1405
f 1406 1285 1284
f 1286 1410 1233
f 1285 1406 1363
f 1407 1286 1363
f 1406 1407 1363
f 1407 1410 1286
f 1366 1238 1237
f 1413 1236 1287
f 1365 1236 1413
f 1287 1412 1413
f 1412 1287 1414
f 1367 1238 1366
f 1367 1545 1289
f 1610 1289 1545
f 1610 1368 1289
f 1292 1050 1189
f 1289 1368 1189
f 1292 1189 1368
f 1469 1417 1369
f 1419 2361 1369
f 1369 1240 1419
f 1240 1370 1419
f 1370 1240 986
f 1371 1370 986
f 1421 1370 1371
f 1296 1423 1294
f 1244 1491 1488
f 1423 1421 1294
f 1295 1241 1486
f 1486 1487 1295
f 1487 1297 1295
f 1492 1497 1245
f 1492 1297 1487
f 1245 1497 1244
f 1491 1244 1497
f 1492 1245 1297
f 1493 1299 1498
f 1570 1246 1493
f 1425 1373 1253
f 1257 1305 1509
f 1509 1305 1378
f 1378 1515 1509
f 1428 1258 1257
f 1258 1428 1576
f 1435 1308 1434
f 1374 1430 1300
f 1313 1384 1374
f 1374 1384 1439
f 1301 1300 1430
f 1430 1431 1301
f 1431 1376 1301
f 1441 1375 1376
f 1441 1377 1375
f 1377 1304 1375
f 1441 1442 1377
f 1377 1267 1304
f 1377 1521 1267
f 1379 1515 1378
f 1381 1443 1380
f 1435 1381 1308
f 1391 1444 1310
f 1444 1391 1318
f 1310 1436 1311
f 1436 1437 1311
f 1446 2339 1437
f 1446 1447 1321
f 1321 1447 1208
f 1382 1314 1383
f 1383 1314 1323
f 1383 2341 1389
f 1383 1389 1385
f 1386 1389 1527
f 1387 1384 1382
f 1389 1386 1385
f 1387 1382 1388
f 1382 1383 1388
f 1387 1388 1449
f 1527 1389 1390
f 1390 1164 1452
f 1381 1380 1315
f 1454 1445 1318
f 1318 1319 1454
f 1319 1396 1455
f 1325 1326 1397
f 1457 1395 1393
f 1457 1458 1326
f 1397 1326 1458
f 1395 1394 1393
f 1395 1457 1326
f 1447 1394 1208
f 1394 1447 1393
f 1392 1396 1325
f 1397 1392 1325
f 2360 1281 1459
f 1459 1281 1400
f 1402 1282 1401
f 1401 1460 1402
f 1403 1460 1401
f 1460 1403 1461
f 1404 1329 1462
f 1403 1401 1332
f 1332 1405 1403
f 1355 1405 1332
f 1405 1461 1403
f 1404 1534 1408
f 1409 1404 1408
f 1408 1406 1409
f 1463 1410 1407
f 1410 1405 1184
f 1413 1411 1365
f 1365 1411 1466
f 1541 1237 1364
f 1541 1464 1237
f 1543 1237 1464
f 1543 1366 1237
f 1366 1544 1367
f 1367 1544 1545
f 1413 1412 1411
f 1467 1292 1368
f 1610 1467 1368
f 1416 1414 1290
f 1290 1291 1416
f 1415 1416 1291
f 1415 1292 1467
f 1292 1415 1291
f 1468 1138 1550
f 1419 1470 1418
f 1419 1418 2361
f 1241 1138 1468
f 1470 1419 1370
f 1470 1370 1422
f 1241 1420 1484
f 1422 1370 1421
f 1421 1485 1422
f 1423 1485 1421
f 1484 1486 1241
f 1486 1484 1482
f 1296 1488 1423
f 1247 1248 1424
f 1372 1508 1424
f 1372 1424 1251
f 1426 1372 1373
f 1425 1426 1373
f 1509 1427 1257
f 1428 1427 1628
f 1427 1428 1257
f 1428 1629 1576
f 1576 1685 1429
f 1685 1510 1429
f 1511 1512 1433
f 1431 1441 1376
f 1516 1515 1379
f 1429 1432 1306
f 1510 1432 1429
f 1307 1306 1432
f 1511 1432 1510
f 1433 1432 1511
f 1433 1307 1432
f 1309 1307 1433
f 1435 1443 1381
f 1433 1434 1309
f 1433 1512 1434
f 1512 1578 1434
f 1578 1435 1434
f 1438 1439 1387
f 1438 1387 1449
f 1520 1439 1438
f 1430 1374 1440
f 1439 1384 1387
f 1374 1439 1440
f 1520 1440 1439
f 1440 1520 1430
f 1442 1521 1377
f 1522 1451 1267
f 1521 1522 1267
f 1692 1380 1443
f 1445 1444 1318
f 1310 1444 1436
f 1448 1393 1447
f 1446 1519 1447
f 1450 1388 1385
f 1450 1449 1388
f 1385 1526 1450
f 1388 1383 1385
f 1386 1526 1385
f 1386 1527 1526
f 1527 1390 1452
f 1452 1451 1522
f 1454 1319 1453
f 1319 1455 1453
f 1392 1455 1396
f 1445 1454 1453
f 1456 1392 1397
f 1397 1458 1456
f 1456 1455 1392
f 1456 1458 1523
f 1523 1458 1457
f 1455 1456 1597
f 1448 1457 1393
f 2360 1459 1529
f 2360 1529 1531
f 1460 1532 1402
f 1400 1402 1459
f 1402 1532 1459
f 1398 1399 1531
f 1533 1532 1460
f 1460 1461 1533
f 1534 1404 1462
f 1408 1534 1406
f 1539 1405 1410
f 1405 1539 1461
f 1543 1464 1542
f 1465 1365 1466
f 1364 1365 1465
f 1541 1364 1465
f 1412 1546 1411
f 1546 1466 1411
f 1544 1366 1543
f 1546 1412 1547
f 1547 1414 1416
f 1549 1547 1416
f 1415 1549 1416
f 1547 1412 1414
f 1467 1549 1415
f 1549 1467 1611
f 1551 2361 1418
f 1469 2392 1417
f 1552 1418 1470
f 1553 1552 1470
f 1468 1619 1473
f 1473 1619 1477
f 1422 1471 1470
f 1422 1476 1471
f 1472 1471 1476
f 1478 1472 1476
f 1478 1483 1472
f 1241 1473 1420
f 1468 1473 1241
f 1420 1473 1474
f 1420 1474 1484
f 1422 1485 2366
f 1474 1482 1484
f 1477 1474 1473
f 1475 2362 1483
f 1477 1483 2362
f 1478 2363 1483
f 1480 2364 2369
f 2372 2370 2367
f 2373 2368 1479
f 1480 1481 2364
f 2376 1474 2365
f 2371 2366 1485
f 2374 1554 2377
f 1554 1482 2376
f 2376 1482 1474
f 1486 1555 1487
f 1486 1482 1555
f 1560 1487 1555
f 1489 1423 1488
f 1490 1489 1488
f 1625 1489 1557
f 1625 1423 1489
f 1557 1489 1490
f 1490 1488 1491
f 1495 1497 1492
f 1487 1494 1492
f 1494 1495 1492
f 1490 1491 1496
f 1491 1497 1496
f 1493 1498 1565
f 1499 1494 1487
f 1499 1495 1494
f 1495 1499 1501
f 1490 1496 1502
f 1497 1495 1500
f 1497 2378 1496
f 1495 1501 2379
f 1505 1498 1506
f 1560 1499 1487
f 1560 1561 1499
f 2393 1501 1499
f 2394 1565 2383
f 1502 1556 1490
f 2378 1502 1496
f 2384 1503 2380
f 2383 1565 2386
f 1565 1498 2387
f 1556 1502 1562
f 1562 1502 1504
f 2385 2381 2388
f 2382 1505 2389
f 1505 2387 1498
f 2390 2380 1503
f 1563 1562 2389
f 1506 1563 2389
f 1506 2389 1505
f 1506 1566 1563
f 1250 1570 1571
f 1298 1247 1566
f 1507 1247 1424
f 1424 1508 1507
f 1566 1506 1298
f 1506 1498 1298
f 1372 1573 1508
f 1372 1426 1574
f 1574 1573 1372
f 1428 1628 1629
f 1516 1577 1515
f 1579 1511 1510
f 1511 1579 1512
f 1512 1579 1578
f 1578 1580 1435
f 1435 1580 1443
f 1581 1582 1436
f 1430 1520 1513
f 1441 1514 1585
f 1431 1514 1441
f 1633 1443 1580
f 1692 1443 1633
f 2395 1436 1444
f 1587 1444 1517
f 1582 1437 1436
f 1519 1524 1447
f 1518 1437 1582
f 1437 1518 1446
f 1518 1519 1446
f 1438 1635 1520
f 1522 1594 1528
f 1585 1442 1441
f 1595 1442 1585
f 1595 1521 1442
f 1595 1644 1521
f 1521 1644 1522
f 2396 1453 1455
f 1445 1517 1444
f 1453 2391 1445
f 2391 1453 1586
f 2396 1586 1453
f 1448 1525 1457
f 1525 1523 1457
f 1524 1525 1448
f 1525 1641 1523
f 1456 1640 1597
f 1523 1640 1456
f 1641 1640 1523
f 1524 1590 1525
f 1447 1524 1448
f 1593 1526 1527
f 1450 1591 1449
f 1596 1593 1527
f 1591 1450 1526
f 1591 1526 1592
f 1593 1592 1526
f 1527 1452 1528
f 1452 1522 1528
f 1530 1529 1459
f 1532 1530 1459
f 1530 1645 1529
f 1762 1329 1398
f 1706 1532 1533
f 1648 1706 1533
f 1534 1462 1649
f 1461 1599 1533
f 1599 1461 1539
f 1533 1599 1648
f 1648 1599 1650
f 1537 1599 1539
f 1536 1537 1539
f 1535 1601 1536
f 1600 1535 1538
f 1600 1601 1535
f 1534 1538 1406
f 1406 1538 1407
f 1535 1407 1538
f 1410 1463 1539
f 1407 1535 1463
f 1463 1536 1539
f 1536 1463 1535
f 1603 1540 1466
f 1464 1541 1604
f 1540 1465 1466
f 1464 1604 1542
f 1541 1465 1540
f 1606 1543 1542
f 1604 1541 1540
f 1544 1653 1545
f 1606 1544 1543
f 1654 1545 1653
f 1603 1466 1546
f 1607 1546 1547
f 1547 1548 1607
f 1547 1549 1548
f 1607 1603 1546
f 1549 1611 1548
f 1654 1610 1545
f 1467 1610 1611
f 1612 1613 1550
f 1417 1612 1550
f 1551 1418 1552
f 1616 1551 1552
f 1616 1552 1617
f 1470 1471 1553
f 1618 1471 1472
f 1472 1620 1618
f 1620 1472 1483
f 1621 1620 1483
f 1477 1621 1483
f 1485 1622 2371
f 2375 2371 1622
f 1623 1485 1423
f 1623 1423 1625
f 1567 1560 1555
f 1555 1626 1567
f 1482 1626 1555
f 1568 1567 1626
f 1556 1557 1490
f 1556 1558 1557
f 1559 1625 1557
f 1557 1558 1559
f 1627 1625 1559
f 1567 1564 1560
f 1565 2394 1564
f 1561 1560 1564
f 1570 1493 1565
f 1558 1556 1562
f 1562 1563 1558
f 1563 1566 1558
f 1564 1567 1568
f 1564 1569 1565
f 1564 1568 1569
f 1569 1570 1565
f 1566 1572 1558
f 1571 1570 1569
f 1558 1572 1559
f 1626 1569 1568
f 1571 1569 1626
f 1571 1425 1250
f 1571 1575 1425
f 1572 1566 1247
f 1247 1507 1572
f 1573 1507 1508
f 1574 1680 1573
f 1680 1574 1575
f 1574 1426 1575
f 1575 1426 1425
f 1427 1509 1628
f 1629 1685 1576
f 1685 1632 1510
f 1579 1510 1632
f 1687 1577 1516
f 1726 1687 1516
f 1631 1580 1578
f 1729 1518 1582
f 1518 1729 1519
f 1519 1588 1524
f 1588 1519 1729
f 1583 1431 1430
f 1513 1583 1430
f 1583 1584 1431
f 1584 1514 1431
f 1584 1585 1514
f 1584 1636 1585
f 1595 1585 1636
f 2395 1444 1587
f 1634 2391 1586
f 1634 1586 1639
f 1639 1586 2396
f 1640 1639 1597
f 1590 1588 1589
f 1590 1524 1588
f 1438 1642 1635
f 1449 1642 1438
f 2400 1449 1591
f 1643 1594 1522
f 1528 1596 1527
f 1528 1594 1596
f 1643 1522 1644
f 1695 1641 1589
f 1525 1590 1589
f 1589 1641 1525
f 1530 1532 1645
f 1529 1645 1531
f 1647 1532 1706
f 1532 1647 1645
f 1646 1329 1762
f 1329 1646 1462
f 1649 1462 1646
f 1649 1538 1534
f 1598 1600 1538
f 1598 1538 1649
f 1598 1651 1600
f 1650 1601 1651
f 1651 1601 1600
f 1650 1599 1537
f 1537 1536 1601
f 1650 1537 1601
f 1604 1763 1542
f 1604 1602 1652
f 2402 2397 1603
f 1606 1711 1653
f 1540 1602 1604
f 2397 1540 1603
f 1657 1603 1607
f 1657 1607 1609
f 1611 1659 1605
f 1658 1657 1609
f 1660 1658 1609
f 1544 1606 1653
f 1659 1611 1610
f 1607 1548 1609
f 1608 1548 1611
f 1608 1609 1548
f 1605 1608 1611
f 1608 1660 1609
f 1608 1605 1660
f 1614 1664 1615
f 2398 1417 2392
f 2398 1612 1417
f 1612 1663 1613
f 1665 1550 1613
f 1665 1613 1663
f 2398 2399 1612
f 2399 1663 1612
f 1664 1614 1616
f 1666 1664 1616
f 1665 1468 1550
f 1669 1468 1665
f 1468 1669 1619
f 1617 1552 1553
f 1551 1616 1614
f 1666 1616 1617
f 1617 1553 1672
f 1666 1617 1667
f 1672 1667 1617
f 1553 1471 1672
f 1670 1621 1619
f 1672 1471 1618
f 1620 1621 1673
f 1619 1621 1477
f 1675 1622 1674
f 2375 1622 1675
f 1624 1622 1485
f 1623 1624 1485
f 1572 1627 1559
f 1507 1627 1572
f 1679 1627 1507
f 1679 1507 1573
f 1719 1571 1626
f 1719 1677 1571
f 1575 1571 1677
f 1575 1677 1678
f 1680 1575 1678
f 1628 1684 1629
f 1629 1684 1681
f 1632 1630 1579
f 1579 1630 1578
f 1630 1631 1578
f 1631 1630 1724
f 1724 1633 1631
f 1688 2395 1587
f 1513 1690 1583
f 1380 1692 1727
f 1633 1580 1631
f 1634 1587 1517
f 1587 1634 1693
f 1634 1694 1693
f 1729 1728 1588
f 1695 1589 1696
f 1728 1696 1588
f 1588 1696 1589
f 1642 1732 1635
f 2400 1697 1732
f 1513 1520 1635
f 1689 1635 1732
f 1584 1583 2403
f 1701 1638 1699
f 1702 1705 1594
f 1691 1638 1584
f 1636 1637 1595
f 1644 1595 1637
f 1638 1636 1584
f 1638 1691 1731
f 1638 1637 1636
f 1637 1701 1644
f 1644 1701 1643
f 1637 1638 1701
f 1701 1702 1643
f 1594 1643 1702
f 1640 1641 1695
f 1697 2400 1591
f 1593 1698 1592
f 1593 1596 1704
f 1705 1596 1594
f 1531 1739 1398
f 1398 1739 1762
f 1598 1649 1740
f 1708 1650 1651
f 1709 1606 1542
f 2402 1603 1710
f 1711 1606 1709
f 1710 1603 1657
f 1742 1653 1711
f 1654 1653 1742
f 1659 1654 1655
f 1655 1656 1659
f 1655 1654 1742
f 1605 1656 1660
f 1657 1658 1767
f 1660 1773 1658
f 1659 1610 1654
f 1656 1605 1659
f 1615 1661 1745
f 1745 1663 2399
f 1661 1615 1664
f 1661 1664 1662
f 1662 1664 1714
f 1744 1745 1661
f 1712 1665 1663
f 1780 1672 1668
f 1619 1669 1670
f 1746 1669 1665
f 1618 1668 1672
f 1620 1673 1618
f 1671 1673 1621
f 1670 1671 1621
f 1673 1668 1618
f 1673 1671 1668
f 1623 1676 1624
f 1674 1622 1624
f 1676 1623 1625
f 1624 1676 1750
f 1750 1676 1751
f 1751 1676 1625
f 1482 1554 1719
f 1751 1625 1627
f 1627 1679 1751
f 1719 1626 1482
f 1678 1677 1752
f 1756 1678 1752
f 1680 1678 1756
f 1677 1719 1752
f 1679 1573 1680
f 1757 1681 1684
f 1757 1685 1681
f 1515 1682 1509
f 1515 1686 1682
f 1682 1683 1509
f 1628 1509 1683
f 1757 1684 1628
f 1681 1685 1629
f 1632 1723 1630
f 1723 1724 1630
f 1582 1725 1729
f 1687 1760 1686
f 1686 1515 1577
f 1687 1686 1577
f 1760 1687 1789
f 1726 1789 1687
f 1692 1792 1790
f 1792 1692 1633
f 1688 1587 1693
f 1688 1851 2395
f 1635 1689 1513
f 2403 1691 1584
f 1726 1380 1727
f 1634 1639 1694
f 1699 1867 1700
f 1761 1700 1867
f 1705 1700 1761
f 1699 1700 1701
f 1701 1700 1702
f 1700 1705 1702
f 1731 1699 1638
f 1591 1592 1735
f 1698 1735 1592
f 1703 1697 1591
f 2404 1591 1735
f 1698 1593 1704
f 1596 1705 1704
f 1736 1531 1645
f 2407 1645 1647
f 1738 2407 1647
f 1706 1738 1647
f 1810 1738 1706
f 1648 1810 1706
f 1649 1646 1740
f 1650 1708 1741
f 1650 1810 1648
f 1707 1651 1598
f 1707 1598 2408
f 1707 1708 1651
f 1652 1766 1604
f 1542 1764 1709
f 1764 1765 1709
f 2402 1710 2411
f 1767 2411 1710
f 1767 1710 1657
f 1765 1711 1709
f 1765 1768 1711
f 1742 1711 1768
f 1660 1656 2416
f 1776 1777 1713
f 1745 1776 1713
f 1713 1777 1712
f 1713 1712 1663
f 1663 1745 1713
f 1744 1715 1743
f 1715 1744 1661
f 1662 1714 1715
f 1662 1715 1661
f 1664 1666 1714
f 1666 1716 1714
f 1716 1715 1714
f 1666 1667 1716
f 1842 1743 1716
f 1716 1743 1715
f 1746 1665 1712
f 1669 1747 1670
f 1670 1747 1717
f 1718 1668 1671
f 1780 1667 1672
f 1717 1718 1671
f 1670 1717 1671
f 1624 1749 1674
f 1624 1750 1749
f 1554 1720 1719
f 1720 1755 1719
f 1679 1721 1751
f 1679 1722 2405
f 1680 1722 1679
f 1722 1680 1756
f 1632 1685 1723
f 1723 1793 1724
f 1683 1682 1759
f 1686 1759 1682
f 1760 1759 1686
f 1851 1688 1693
f 2395 1851 1852
f 1582 1852 1725
f 1852 1582 1581
f 1729 1796 1728
f 1692 1790 1727
f 1693 1694 1799
f 1513 1689 1690
f 1797 1690 1689
f 1731 1730 1861
f 1730 1691 2403
f 1691 1730 1731
f 1733 1732 1697
f 1733 1697 1703
f 1734 1733 1703
f 1735 2406 2404
f 1802 1735 1761
f 1735 1698 1761
f 1704 1761 1698
f 1704 1705 1761
f 1737 2407 1738
f 1531 1736 1739
f 1810 1805 1738
f 1810 1650 1809
f 1741 1708 1707
f 2409 1707 2408
f 2401 2409 1808
f 1808 2409 2408
f 1542 1763 1764
f 1604 1766 2410
f 2416 1656 1772
f 1768 1774 1742
f 1772 1656 1655
f 1742 1772 1655
f 1772 1742 1774
f 1744 1775 1745
f 1745 1775 1776
f 1744 1743 2418
f 1712 1777 1746
f 1782 1746 1844
f 1782 1669 1746
f 1669 1782 1747
f 1718 1748 1668
f 1668 1748 1780
f 1784 1717 1747
f 1783 1748 1718
f 1783 1718 1717
f 1783 1717 1784
f 1675 1674 1785
f 1785 1910 1675
f 2375 1675 1910
f 1749 1786 1785
f 1785 1674 1749
f 1786 1749 1750
f 1915 1787 1720
f 1787 1755 1720
f 1752 1754 1756
f 1754 1753 1756
f 1719 1755 1752
f 1722 1753 2405
f 1756 1753 1722
f 1757 1758 1685
f 1723 1685 1758
f 1758 1793 1723
f 1683 1917 1628
f 1683 1759 1889
f 1759 1890 1889
f 1760 1890 1759
f 1788 1633 1724
f 1793 1788 1724
f 1791 1789 1726
f 1727 1791 1726
f 1727 1790 1791
f 1694 1798 1799
f 1693 1799 1851
f 1798 1694 1639
f 1864 1798 1639
f 1862 1696 1795
f 1796 1795 1728
f 1728 1795 1696
f 1794 1729 1725
f 1796 1729 1794
f 2403 1861 1730
f 1862 1695 1696
f 1732 1866 1859
f 1732 1733 1866
f 1866 1733 1865
f 1865 1733 1801
f 1732 1859 1689
f 1733 1734 1801
f 2406 1735 2420
f 1802 2420 1735
f 1804 2407 1737
f 1803 1876 1739
f 2421 1736 2422
f 1739 1736 2421
f 1805 1804 1737
f 1876 1762 1739
f 1805 1737 1738
f 1806 1646 1762
f 1806 1740 1646
f 1806 2424 1740
f 1879 2411 1767
f 1817 1765 1764
f 1817 1818 1765
f 1818 1768 1765
f 1819 1768 1818
f 1767 1821 1879
f 1767 1769 1821
f 1771 1772 1770
f 2412 1768 1819
f 1820 1821 1769
f 1773 1820 1769
f 1773 1827 1820
f 2434 2417 1824
f 2417 2413 1824
f 2412 1774 1768
f 1770 1772 1774
f 2412 2433 2414
f 1767 1658 1769
f 1769 1658 1773
f 2415 2416 1772
f 1778 1838 1841
f 1775 1831 1778
f 2418 1743 1842
f 1839 1831 1775
f 2418 1842 1839
f 1776 1778 1777
f 1775 1778 1776
f 1841 1777 1778
f 1746 1777 1841
f 1844 1746 1841
f 1779 1842 1716
f 1845 1784 1782
f 1784 1845 1848
f 1779 1716 1667
f 1748 1783 1781
f 1781 1784 1848
f 1748 1781 1780
f 1780 1779 1667
f 1780 1846 1779
f 1781 1846 1780
f 1848 1846 1781
f 1782 1784 1747
f 1781 1783 1784
f 1785 1911 1910
f 1554 2374 1850
f 1554 1912 1720
f 1786 1750 1849
f 1750 1751 1849
f 2451 1752 1787
f 1721 1913 1751
f 1913 1721 1953
f 1755 1787 1752
f 2465 2405 1753
f 1758 1957 1793
f 2469 1788 1793
f 1788 1964 1792
f 1789 1891 1760
f 1892 1891 1789
f 1790 1792 1963
f 1633 1788 1792
f 1852 1855 1725
f 1855 1794 1725
f 1796 1794 1858
f 1794 1855 1858
f 1796 1858 1795
f 2419 1861 2403
f 1860 1861 2419
f 1639 1640 1864
f 1863 1695 1862
f 1640 1863 1864
f 1689 1859 1797
f 1699 1869 1867
f 1699 1731 1869
f 1695 1863 1640
f 1800 1865 2420
f 1800 1802 1868
f 1802 1800 2420
f 1868 1802 1761
f 1867 1868 1761
f 1871 1870 2423
f 2443 1804 1805
f 2421 2422 2442
f 1810 1905 1805
f 1876 1806 1762
f 1806 1876 1807
f 2424 1806 1807
f 1811 1807 1876
f 1876 1878 1811
f 1878 1815 1811
f 2401 1808 2426
f 2424 1807 1811
f 1813 2427 2425
f 2428 2431 1812
f 1877 1810 1809
f 2429 1877 1809
f 1812 1814 1763
f 1763 1814 1764
f 1766 2430 2410
f 1766 2444 2430
f 1811 2432 2424
f 1815 2432 1811
f 2432 1816 1814
f 1814 1816 1817
f 1814 1812 2431
f 1814 1817 1764
f 1815 1816 2432
f 1878 1816 1815
f 1878 1817 1816
f 2411 1879 2445
f 1878 1818 1817
f 1821 1823 1879
f 1880 1879 1823
f 1826 1819 1818
f 1826 2412 1819
f 1820 1822 1821
f 1820 1827 1822
f 1828 1822 1827
f 1823 1821 1822
f 1822 1830 1823
f 1882 1823 1830
f 2433 2412 1825
f 2433 1825 1833
f 1825 1834 1833
f 1825 2412 1826
f 1825 1826 2439
f 1840 1826 1818
f 2435 2433 1832
f 1828 1827 2436
f 1828 2437 1835
f 1829 1828 1835
f 1830 1828 1829
f 1830 1822 1828
f 1843 1830 1829
f 1843 1882 1830
f 2433 1833 1832
f 1838 1778 1831
f 1833 1834 1832
f 2439 1826 1837
f 2440 1836 2438
f 2440 1837 1836
f 2437 2441 1835
f 1837 1831 1836
f 1839 1829 1835
f 1831 1839 1835
f 1835 1836 1831
f 1837 1838 1831
f 1837 1826 1838
f 1838 1826 1840
f 1840 1841 1838
f 1841 1840 1844
f 1842 1843 1839
f 1843 1829 1839
f 1779 1882 1843
f 1844 1847 1782
f 1782 1847 1845
f 1882 1779 1883
f 1883 1846 1884
f 1884 1846 1848
f 1848 1847 1886
f 1847 1848 1845
f 1779 1843 1842
f 1846 1883 1779
f 1850 2374 2447
f 1850 2447 1912
f 1887 1785 1786
f 1786 1849 1887
f 1887 2448 1785
f 1912 1554 1850
f 1912 1915 1720
f 1849 1751 1913
f 1914 1754 1752
f 1792 1964 1963
f 1920 1855 1852
f 1858 1855 1853
f 1858 1853 1854
f 1855 1894 1853
f 1853 1894 1854
f 1855 2460 1894
f 1894 1857 1854
f 1892 1789 1791
f 1791 1790 1963
f 1856 1798 1864
f 1896 1856 1864
f 1856 1896 1929
f 1862 1857 1893
f 1862 1896 1863
f 1862 1795 1857
f 1858 1857 1795
f 1854 1857 1858
f 1933 1860 2419
f 1934 1861 1860
f 1899 1861 1934
f 1861 1899 1731
f 1896 1864 1863
f 1800 1868 1936
f 1869 1899 1900
f 1901 1868 1867
f 1869 1731 1899
f 2442 1872 2421
f 1872 1876 1803
f 1871 1874 1870
f 1905 2443 1805
f 1874 1873 2442
f 2442 1873 1872
f 1872 1873 1875
f 1875 1876 1872
f 1902 1903 1873
f 1903 1875 1873
f 1873 1874 1902
f 1874 1871 1904
f 1904 2443 1905
f 1990 1876 1875
f 1906 2445 1879
f 1907 1818 1878
f 1840 1818 1907
f 1906 1879 1880
f 1907 1881 1840
f 1880 1823 1882
f 1880 1941 1906
f 1844 1840 1881
f 1885 1908 1886
f 1941 1880 1882
f 1844 1881 1847
f 1885 1847 1881
f 1886 1884 1848
f 1885 1886 1847
f 1948 1849 1913
f 1914 2465 1754
f 2465 1753 1754
f 1952 1757 1628
f 1758 1757 1952
f 1888 1758 1952
f 1758 1888 1957
f 1918 1917 1683
f 1918 1683 1889
f 1966 1852 1851
f 1791 1963 1892
f 1966 1851 1799
f 1894 1927 1857
f 1862 1893 1930
f 1930 1893 1927
f 1857 1927 1893
f 1932 1933 2419
f 1895 1932 1797
f 1895 1797 1859
f 1897 1865 1898
f 1898 1865 1800
f 1897 1866 1865
f 1931 1866 1897
f 1931 1859 1866
f 1935 1800 1936
f 1899 1976 1900
f 1975 1900 2471
f 1901 1900 1975
f 1869 1900 1867
f 1868 1901 1936
f 1900 1901 1867
f 1902 1874 1904
f 1940 1875 1903
f 1940 1990 1875
f 1810 2445 1905
f 1906 1905 2445
f 1878 1876 1990
f 1907 1878 1991
f 1991 1993 1907
f 1881 1907 1942
f 1881 1942 1908
f 1941 1883 1946
f 1908 1885 1881
f 1883 1941 1882
f 1883 1884 1909
f 1908 2446 1886
f 1886 2446 1884
f 1887 1849 1948
f 1910 1911 2067
f 2490 2448 1887
f 1912 2447 1950
f 1951 1915 1912
f 1948 1913 1949
f 1954 2466 1917
f 1916 1628 1917
f 1752 2451 1914
f 2454 1952 1628
f 2449 2452 2457
f 2458 2467 2450
f 2455 2459 2453
f 2456 1915 1951
f 1954 1917 1960
f 1952 1958 1888
f 1917 1918 1919
f 1918 1889 1919
f 1919 1924 1962
f 1962 1924 1925
f 1961 1960 1917
f 1919 1961 1917
f 1919 1962 1961
f 1962 1925 1963
f 1957 1888 1958
f 2469 1964 1788
f 1921 1920 1852
f 1966 1921 1852
f 1922 1894 2460
f 1921 1923 1920
f 2460 2461 1922
f 1922 1927 1894
f 1889 1890 1924
f 1919 1889 1924
f 1890 1891 1924
f 1891 1890 1760
f 1925 1924 1891
f 1892 1925 1891
f 1963 1925 1892
f 1926 1966 1799
f 1926 1799 1798
f 1926 1965 1966
f 2004 1926 1928
f 1928 1926 1798
f 1926 2004 1965
f 1895 1859 2007
f 1970 1933 2007
f 2007 1933 1932
f 1932 1895 2007
f 1934 1933 2470
f 1798 1856 1928
f 1928 1856 1929
f 1930 2006 1929
f 1896 1862 1930
f 1896 1930 1929
f 1933 1934 1860
f 1935 1898 1800
f 1901 1975 1936
f 1978 1977 1938
f 1940 1937 1984
f 2462 1902 1904
f 2462 1904 1939
f 1982 1939 1905
f 1940 1903 1937
f 1902 1937 1903
f 1937 1902 1938
f 1937 1938 1977
f 1904 1905 1939
f 2025 1905 1906
f 1991 1878 1990
f 1907 1993 1942
f 1942 1993 1994
f 1941 1946 1996
f 1996 1946 1943
f 1944 1942 1994
f 1942 1944 1908
f 1945 1908 2463
f 1946 1947 1943
f 1947 1909 1945
f 1908 1945 2446
f 1946 1883 1947
f 1947 1883 1909
f 1947 1945 1943
f 1945 2463 1943
f 2036 2490 1887
f 2036 1887 1948
f 1949 2036 1948
f 1951 1912 1950
f 1999 1951 1950
f 1952 1951 1999
f 1952 1999 1958
f 2037 1957 1958
f 1953 1956 1913
f 1959 1955 1954
f 1955 1953 2468
f 1953 1955 1956
f 1956 1955 1959
f 1956 1949 1913
f 1952 2454 2464
f 1954 1960 1959
f 2469 2069 1964
f 2042 1921 1966
f 1960 1961 1959
f 1961 1962 1959
f 1956 1959 1962
f 1963 1964 2040
f 2004 2045 1965
f 2461 1927 1922
f 2005 2004 1928
f 1928 1929 2005
f 2476 2005 1929
f 1967 1859 1931
f 1968 1931 1971
f 1967 1931 1968
f 1968 1971 1969
f 1968 2009 1967
f 2007 1859 1967
f 1969 2009 1968
f 1899 2008 1976
f 2477 1934 2470
f 2477 1899 1934
f 1972 1969 1971
f 1931 1897 1971
f 1897 1972 1971
f 1972 1897 1898
f 1973 1898 1935
f 1972 1898 1973
f 1974 1973 1935
f 1973 1974 2010
f 1974 1975 2010
f 1974 1935 1936
f 1975 1974 1936
f 1977 1985 1937
f 1978 2462 1939
f 1979 1985 1977
f 1980 1978 1939
f 1977 1978 1981
f 1979 1977 1981
f 1985 1979 1987
f 1979 1981 1983
f 1983 1987 1979
f 1981 1978 1980
f 1982 1980 1939
f 1989 1987 1983
f 1981 2011 1983
f 2478 1981 1980
f 2014 2017 1983
f 1983 2017 1989
f 2478 1980 2012
f 1982 2012 1980
f 1985 1984 1937
f 1986 1940 1984
f 1985 1986 1984
f 1987 1986 1985
f 1940 1986 1990
f 1988 1986 1987
f 1990 1986 1988
f 1989 1988 1987
f 1990 1988 1992
f 2016 1988 1989
f 1989 2017 2016
f 1992 1988 2018
f 2025 1982 1905
f 1990 1992 1991
f 1991 1992 2027
f 1993 1991 2027
f 2028 1992 2018
f 2028 2027 1992
f 1906 2031 2025
f 1941 2032 1906
f 2032 2031 1906
f 1941 1996 2032
f 1995 2033 1996
f 1997 2033 1995
f 2472 2035 2033
f 1994 2480 2473
f 1943 2463 1997
f 1995 1996 1943
f 1997 1995 1943
f 1994 2473 1944
f 1910 2067 1998
f 2447 2474 2068
f 2038 2447 2068
f 1950 2447 2038
f 1999 1950 2037
f 2037 1950 2038
f 2039 1949 1956
f 1958 1999 2037
f 2037 2491 1957
f 2039 1956 1962
f 1966 1965 2000
f 2042 2043 1921
f 1921 2043 1923
f 2461 2482 2001
f 2007 2046 2002
f 2048 2477 2475
f 1963 2039 1962
f 2039 1963 2481
f 2003 2045 2004
f 2005 2003 2004
f 2044 2003 2005
f 2045 2003 2044
f 2005 2476 2044
f 2006 1930 2100
f 2001 1927 2461
f 2001 2071 1927
f 2007 2087 2046
f 2009 2076 2087
f 2009 2087 2007
f 2076 1969 2049
f 2076 2009 1969
f 2002 1970 2007
f 2475 2477 2470
f 2007 1967 2009
f 2049 1969 1972
f 2471 2079 1975
f 2010 1975 2079
f 2014 1983 2011
f 2478 2013 2479
f 2012 2013 2478
f 2014 2020 2017
f 2022 2013 2012
f 2479 2015 2020
f 2015 2479 2013
f 2015 2013 2022
f 1988 2016 2018
f 2016 2017 2019
f 2016 2019 2018
f 2017 2021 2019
f 2019 2023 2018
f 2022 2012 2025
f 2030 2018 2023
f 2020 2021 2017
f 2023 2019 2021
f 2022 2026 2015
f 2025 2026 2022
f 2051 2030 2023
f 2024 2021 2020
f 2020 2015 2024
f 2021 2050 2023
f 2026 2024 2015
f 2050 2051 2023
f 2024 2050 2021
f 2024 2026 2052
f 2028 2018 2030
f 2025 2012 1982
f 2054 2025 2031
f 2027 2028 2029
f 2028 2030 2029
f 2029 2034 2027
f 2057 2029 2030
f 2051 2057 2030
f 2029 2062 2034
f 2054 2031 2032
f 1996 2033 2032
f 2034 2062 2480
f 2034 1993 2027
f 2034 1994 1993
f 2034 2480 1994
f 2063 2033 2035
f 2067 2080 1998
f 2037 2038 2491
f 2039 2091 1949
f 2040 1964 2069
f 2000 2042 1966
f 2042 2083 2043
f 2000 2070 2042
f 2042 2070 2083
f 2082 2043 2083
f 2045 2041 1965
f 2072 2000 1965
f 2100 1930 2084
f 2041 2072 1965
f 2482 2494 2001
f 1927 2071 2084
f 1930 1927 2084
f 2495 2071 2001
f 2475 2046 2047
f 2047 2048 2475
f 2075 2484 2483
f 2476 2502 2044
f 2077 2076 2049
f 1972 2077 2049
f 1973 2077 1972
f 2484 2075 2008
f 2008 2075 1976
f 2079 2471 2075
f 2010 2078 1973
f 2052 2050 2024
f 2052 2055 2050
f 2055 2051 2050
f 2026 2025 2053
f 2025 2054 2053
f 2053 2052 2026
f 2053 2054 2056
f 2054 2060 2056
f 2059 2055 2056
f 2056 2055 2052
f 2053 2056 2052
f 2058 2029 2057
f 2062 2029 2058
f 2062 2058 2065
f 2051 2055 2057
f 2485 2057 2055
f 2485 2061 2057
f 2061 2058 2057
f 2058 2061 2065
f 2056 2486 2059
f 2061 2059 2486
f 2062 2487 2480
f 2033 2064 2032
f 2064 2054 2032
f 2054 2064 2060
f 2065 2061 2066
f 2065 2066 2488
f 2062 2065 2487
f 2033 2489 2064
f 2063 2489 2033
f 2060 2064 2489
f 2061 2486 2066
f 2090 2490 2036
f 2068 2474 2492
f 2068 2492 2125
f 2491 2038 2068
f 2068 2081 2491
f 2493 2040 2069
f 2000 2072 2070
f 2045 2073 2041
f 2041 2074 2072
f 2041 2073 2074
f 2074 2096 2072
f 2073 2045 2044
f 2145 2046 2087
f 2076 2088 2087
f 2099 2075 2483
f 2077 2086 2076
f 2102 2086 2077
f 2078 2102 2077
f 2077 1973 2078
f 2010 2079 2089
f 2089 2078 2010
f 2099 2089 2079
f 2075 2099 2079
f 2068 2125 2106
f 2091 2090 2036
f 2091 2036 1949
f 2481 2094 2039
f 2481 2095 2094
f 2504 2081 2068
f 2095 2040 2493
f 2072 2109 2070
f 2096 2109 2072
f 2495 2119 2071
f 2119 2117 2071
f 2085 2074 2073
f 2117 2084 2071
f 2144 2145 2087
f 2085 2073 2044
f 2086 2101 2497
f 2086 2497 2076
f 2088 2144 2087
f 2101 2086 2102
f 2177 2078 2089
f 2089 2099 2566
f 2067 2517 2080
f 2104 2090 2091
f 2081 2504 2140
f 2142 2109 2096
f 2082 2083 2510
f 2093 2083 2092
f 2083 2500 2510
f 2120 2093 2092
f 2510 2500 2511
f 2094 2091 2039
f 2096 2097 2121
f 2118 2121 2097
f 2098 2118 2097
f 2142 2096 2121
f 2118 2501 2502
f 2092 2070 2109
f 2083 2070 2092
f 2096 2074 2097
f 2085 2097 2074
f 2098 2097 2085
f 2047 2046 2122
f 2483 2514 2099
f 2044 2502 2496
f 2496 2502 2501
f 2103 2078 2177
f 2078 2103 2102
f 2503 2124 2498
f 2153 2106 2125
f 2091 2126 2105
f 2105 2104 2091
f 2094 2126 2091
f 2094 2107 2126
f 2140 2095 2493
f 2095 2107 2094
f 2107 2095 2140
f 2142 2121 2143
f 2114 2108 2092
f 2120 2092 2108
f 2110 2092 2109
f 2110 2109 2113
f 2506 2114 2092
f 2114 2111 2108
f 2507 2512 2505
f 2112 2513 2111
f 2114 2112 2111
f 2508 2130 2115
f 2115 2506 2508
f 2506 2115 2114
f 2114 2115 2116
f 2112 2114 2116
f 2509 2117 2112
f 2115 2130 2116
f 2513 2112 2119
f 2112 2117 2119
f 2046 2145 2133
f 2502 2141 2118
f 2541 2084 2117
f 2100 2084 2541
f 2144 2088 2168
f 2122 2046 2133
f 2101 2556 2497
f 2556 2101 2102
f 2103 2177 2146
f 2103 2543 2102
f 2123 2067 2499
f 2123 2499 2515
f 2067 2123 2517
f 2123 2515 2517
f 2150 2516 2104
f 2105 2150 2104
f 2126 2150 2105
f 2127 2128 2140
f 2504 2545 2127
f 2504 2127 2140
f 2128 2127 2155
f 2546 2127 2545
f 2518 2154 2126
f 2109 2142 2184
f 2142 2190 2184
f 2109 2569 2113
f 2194 2142 2143
f 2161 2194 2143
f 2130 2508 2159
f 2159 2131 2130
f 2131 2159 2162
f 2550 2132 2521
f 2132 2550 2129
f 2163 2132 2129
f 2169 2519 2164
f 2519 2162 2164
f 2551 2520 2558
f 2552 2165 2522
f 2130 2131 2116
f 2521 2117 2509
f 2521 2132 2117
f 2133 2145 2144
f 2553 2133 2144
f 2559 2133 2553
f 2518 2126 2107
f 2136 2135 2134
f 2526 2139 2523
f 2529 2524 2138
f 2525 2538 2535
f 2527 2530 2137
f 2528 2532 2539
f 2533 2531 2536
f 2534 2537 2540
f 2140 2128 2107
f 2118 2143 2121
f 2118 2161 2143
f 2161 2118 2141
f 2555 2541 2117
f 2132 2555 2117
f 2165 2161 2141
f 2557 2554 2542
f 2176 2122 2133
f 2172 2514 2565
f 2172 2566 2099
f 2514 2172 2099
f 2146 2177 2203
f 2147 2214 2517
f 2179 2147 2151
f 2151 2152 2567
f 2214 2180 2125
f 2180 2148 2125
f 2148 2180 2149
f 2156 2148 2149
f 2156 2149 2187
f 2147 2517 2515
f 2154 2186 2126
f 2151 2147 2515
f 2151 2515 2152
f 2186 2150 2126
f 2154 2158 2186
f 2150 2544 2516
f 2148 2153 2125
f 2156 2153 2148
f 2546 2545 2547
f 2518 2546 2154
f 2154 2188 2158
f 2188 2154 2546
f 2157 2546 2547
f 2157 2188 2546
f 2156 2187 2189
f 2189 2548 2156
f 2570 2159 2508
f 2160 2159 2199
f 2175 2160 2199
f 2194 2574 2142
f 2202 2161 2167
f 2162 2159 2164
f 2552 2166 2165
f 2164 2170 2169
f 2556 2166 2552
f 2165 2167 2161
f 2160 2164 2159
f 2160 2170 2164
f 2165 2166 2167
f 2167 2166 2556
f 2202 2167 2556
f 2202 2556 2102
f 2559 2560 2133
f 2171 2176 2133
f 2170 2173 2133
f 2133 2173 2171
f 2565 2561 2172
f 2160 2173 2170
f 2561 2562 2174
f 2561 2174 2172
f 2175 2173 2160
f 2172 2174 2566
f 2562 2563 2174
f 2543 2202 2102
f 2543 2584 2202
f 2178 2567 2152
f 2178 2544 2150
f 2206 2214 2147
f 2147 2179 2206
f 2207 2178 2150
f 2149 2180 2182
f 2149 2568 2187
f 2187 2568 2189
f 2181 2182 2180
f 2182 2181 2183
f 2182 2183 2570
f 2185 2180 2214
f 2185 2181 2180
f 2185 2183 2181
f 2185 2570 2183
f 2570 2208 2159
f 2208 2200 2159
f 2188 2193 2158
f 2193 2186 2158
f 2240 2150 2186
f 2191 2549 2571
f 2191 2188 2549
f 2182 2570 2572
f 2570 2575 2572
f 2191 2193 2188
f 2191 2192 2193
f 2571 2577 2191
f 2573 2196 2578
f 2573 2576 2196
f 2581 2574 2194
f 2193 2192 2195
f 2580 2579 2582
f 2198 2186 2193
f 2198 2193 2195
f 2195 2583 2198
f 2583 2197 2198
f 2194 2197 2583
f 2197 2194 2161
f 2240 2186 2198
f 2219 2240 2198
f 2197 2219 2198
f 2219 2197 2161
f 2202 2219 2161
f 2205 2209 2204
f 2199 2159 2200
f 2199 2200 2201
f 2199 2201 2205
f 2205 2201 2209
f 2199 2205 2564
f 2584 2219 2202
f 2203 2177 2585
f 2174 2563 2204
f 2205 2204 2563
f 2174 2204 2566
f 2207 2215 2178
f 2215 2206 2179
f 2178 2215 2567
f 2214 2206 2213
f 2208 2185 2214
f 2150 2241 2207
f 2150 2240 2241
f 2208 2570 2185
f 2210 2208 2232
f 2210 2200 2208
f 2201 2587 2209
f 2587 2232 2245
f 2587 2245 2209
f 2586 2591 2211
f 2201 2200 2210
f 2219 2584 2588
f 2203 2585 2211
f 2586 2211 2585
f 2220 2212 2217
f 2238 2220 2217
f 2216 2212 2213
f 2212 2216 2217
f 2206 2215 2216
f 2218 2215 2207
f 2217 2216 2215
f 2238 2217 2218
f 2215 2218 2217
f 2213 2206 2216
f 2208 2214 2225
f 2208 2225 2232
f 2240 2219 2246
f 2219 2588 2246
f 2224 2212 2220
f 2221 2224 2220
f 2221 2220 2238
f 2228 2224 2221
f 2221 2242 2590
f 2213 2222 2214
f 2225 2214 2223
f 2222 2213 2224
f 2222 2224 2226
f 2226 2223 2222
f 2222 2223 2214
f 2213 2212 2224
f 2224 2228 2589
f 2227 2225 2223
f 2226 2227 2223
f 2227 2233 2225
f 2228 2229 2589
f 2229 2230 2589
f 2226 2230 2227
f 2234 2233 2227
f 2242 2229 2590
f 2230 2234 2227
f 2242 2231 2229
f 2229 2231 2230
f 2236 2230 2231
f 2244 2231 2242
f 2236 2231 2251
f 2231 2244 2251
f 2233 2232 2225
f 2245 2232 2235
f 2233 2234 2235
f 2235 2232 2233
f 2237 2235 2234
f 2236 2234 2230
f 2237 2234 2236
f 2248 2236 2251
f 2248 2237 2236
f 2235 2237 2249
f 2249 2237 2248
f 2239 2238 2218
f 2241 2239 2207
f 2207 2239 2218
f 2242 2221 2239
f 2239 2221 2238
f 2242 2239 2241
f 2242 2243 2244
f 2243 2242 2241
f 2243 2250 2244
f 2251 2244 2250
f 2247 2211 2591
f 2241 2240 2243
f 2246 2243 2240
f 2249 2245 2235
f 2247 2591 2249
f 2246 2250 2243
f 2250 2247 2248
f 2248 2247 2249
f 2246 2247 2250
f 2588 2247 2246
f 2251 2250 2248
