o FMA7242_BP8614_FJ2420
v 35.0103 -93.2559 1233.61
v 34.6124 -93.1255 1233.5
v 34.7029 -93.4168 1234
v 34.4767 -93.2521 1233.84
v 35.871 -93.7596 1233.37
v 35.477 -93.3659 1233.21
v 35.5417 -93.4661 1233.41
v 35.8783 -93.6673 1233.09
v 35.6706 -93.5026 1232.93
v 35.4772 -93.4779 1232.7
v 35.9383 -93.7342 1232.82
v 35.786 -93.6433 1232.73
v 35.2269 -93.2783 1232.92
v 35.0871 -93.3852 1232.63
v 35.4863 -93.9882 1233.9
v 35.1481 -94.0696 1234.13
v 35.2158 -94.393 1234.1
v 35.1883 -93.4529 1233.78
v 35.5318 -93.6373 1233.66
v 35.0222 -93.7192 1234.08
v 35.0068 -93.1629 1233.21
v 34.5338 -93.1022 1233.26
v 34.6412 -93.1564 1232.99
v 34.1536 -93.1631 1233.15
v 34.4581 -93.2465 1232.79
v 34.3336 -93.4712 1232.49
v 33.9482 -93.3487 1232.77
v 34.1067 -93.6128 1234.31
v 34.4782 -93.8456 1234.39
v 34.2323 -93.1449 1233.53
v 33.7895 -93.3348 1233.87
v 33.7171 -93.2623 1233.52
v 33.5793 -93.3232 1233.22
v 34.2701 -94.3797 1234.62
v 33.8402 -94.1329 1234.71
v 33.5749 -93.9644 1234.6
v 33.8029 -93.5255 1234.19
v 33.3987 -93.4183 1233.73
v 33.2946 -93.5857 1234.04
v 32.9008 -93.6914 1233.84
v 32.9293 -93.596 1233.43
v 32.9419 -94.0876 1234.53
v 36.2423 -94.0481 1232.77
v 36.5785 -94.6028 1233.12
v 36.5106 -94.3942 1232.81
v 36.5936 -94.6077 1232.62
v 36.0139 -93.8662 1232.66
v 35.7712 -93.7896 1232.51
v 36.2506 -94.1919 1232.54
v 36.1609 -94.3981 1232.29
v 35.6013 -94.3231 1232.07
v 36.2013 -94.7373 1233.63
v 36.2957 -94.1437 1233.13
v 36.1778 -94.3778 1233.52
v 35.3899 -93.7843 1232.34
v 34.6439 -93.6832 1232.28
v 35.9731 -94.9161 1233.75
v 34.903 -94.9714 1233.99
v 34.2173 -94.7129 1234.56
v 33.8037 -95.2098 1234.43
v 33.5299 -94.9069 1235
v 33.5517 -95.1084 1234.93
v 32.2198 -94.1681 1234
v 31.6002 -94.2662 1233.13
v 33.0582 -95.4306 1235.27
v 32.5538 -94.72 1234.97
v 32.9916 -95.1071 1235.25
v 32.6736 -95.0734 1235.26
v 32.1507 -95.2787 1235.26
v 31.8565 -94.8145 1234.61
v 31.8183 -95.1753 1234.97
v 32.1264 -95.6259 1235.49
v 36.5137 -94.9014 1232.27
v 35.9828 -95.1687 1231.81
v 36.7674 -95.2677 1233.3
v 35.7668 -95.5406 1233.66
v 35.0757 -95.7979 1233.46
v 33.4036 -94.2391 1231.83
v 34.4279 -95.2016 1233.95
v 34.711 -95.4422 1233.67
v 34.2945 -95.6602 1233.46
v 32.7459 -94.0667 1232.15
v 33.5089 -95.5114 1234.06
v 33.8768 -95.5036 1233.75
v 31.5519 -94.3339 1232.23
v 33.0944 -95.6093 1235.13
v 32.8957 -95.8301 1234.95
v 32.5052 -96.2752 1235.42
v 32.3037 -95.9893 1235.63
v 31.8966 -96.2776 1235.75
v 32.3618 -96.3688 1235.6
v 32.1854 -96.398 1235.72
v 31.6642 -95.848 1235.45
v 31.6608 -96.232 1235.68
v 30.7064 -95.5445 1234.44
v 30.8703 -96.1 1235.14
v 37.1438 -96.3593 1233.29
v 37.4138 -96.3895 1232.94
v 37.5349 -96.9001 1233.05
v 37.298 -95.9771 1232.73
v 37.2266 -96.0803 1232.35
v 36.7397 -95.8354 1232
v 33.9048 -95.1607 1231.11
v 35.5711 -96.1754 1233.42
v 35.1032 -96.3632 1233.19
v 34.5736 -95.9627 1233.24
v 31.9849 -94.7254 1231.23
v 33.0969 -95.9957 1233.12
v 33.3067 -96.238 1232.7
v 32.2009 -96.2337 1233.14
v 32.3339 -96.4491 1235.01
v 31.9241 -96.8649 1235.77
v 31.7348 -96.8394 1235.85
v 31.4311 -96.8307 1235.86
v 31.8266 -97.1454 1235.7
v 31.5526 -97.206 1235.88
v 31.5547 -97.4012 1235.82
v 31.0688 -96.5467 1235.6
v 30.9926 -96.9273 1235.76
v 29.3654 -95.6593 1233.28
v 37.8979 -97.5399 1232.64
v 37.7143 -97.0209 1232.49
v 37.4601 -97.6787 1233.24
v 35.5588 -96.3958 1231.17
v 36.7941 -97.5316 1233.31
v 35.9847 -97.3754 1233.1
v 32.7861 -95.3304 1230.65
v 33.8979 -96.4365 1232.67
v 32.2985 -96.4857 1232.25
v 31.5473 -96.5493 1233.48
v 28.9478 -95.2637 1231.35
v 31.3113 -97.1662 1234.33
v 28.6425 -95.6432 1232.3
v 31.2492 -97.9481 1235.71
v 31.3158 -97.9051 1235.52
v 30.8811 -97.5779 1235.92
v 31.0075 -97.9877 1235.87
v 30.5219 -98.1767 1235.9
v 30.2383 -97.2626 1235.54
v 30.1471 -97.9398 1235.78
v 29.6726 -97.2661 1235.13
v 29.0743 -96.5214 1234.01
v 38.1243 -98.3083 1232.33
v 37.9958 -98.144 1232.16
v 37.5067 -97.4874 1231.98
v 38.0142 -98.081 1232.77
v 37.8606 -98.1778 1233.03
v 37.867 -98.5527 1233.06
v 37.138 -98.0098 1231.67
v 34.1707 -96.2107 1230.6
v 34.1758 -97.7048 1232.08
v 32.9732 -96.955 1231.87
v 32.1891 -96.8412 1231.63
v 28.6423 -95.5619 1229.7
v 29.1656 -95.6894 1229.22
v 30.2278 -96.9502 1232.36
v 30.3728 -97.4565 1233.63
v 30.1684 -97.1501 1232.94
v 31.0983 -97.968 1234.99
v 30.9265 -98.3196 1235.24
v 30.9611 -98.3313 1235.58
v 30.7675 -98.3918 1235.79
v 30.5598 -98.3934 1235.86
v 30.3621 -98.8861 1235.58
v 30.1927 -98.2443 1235.86
v 30.3775 -98.7554 1234.97
v 30.4084 -98.8779 1235.31
v 27.2878 -96.9675 1232.73
v 30.1768 -98.8411 1235.74
v 30.1886 -98.5443 1235.84
v 29.3537 -98.705 1235.62
v 29.5885 -98.9075 1235.72
v 29.2489 -98.4281 1235.49
v 37.8151 -98.7656 1231.8
v 38.2735 -99.2022 1232.05
v 38.1427 -98.8814 1232.83
v 38.2834 -99.1088 1232.59
v 37.4302 -98.9035 1231.67
v 37.2942 -99.1543 1233.07
v 36.209 -99.157 1232.57
v 31.397 -96.3667 1229.03
v 29.8774 -96.1257 1228.56
v 31.7631 -97.496 1230.72
v 30.0499 -97.0804 1230.99
v 30.4768 -97.2745 1230.45
v 28.2787 -97.3871 1231.52
v 28.1754 -97.6161 1231.89
v 29.6687 -98.7946 1234.24
v 26.1217 -96.6599 1230.82
v 29.4834 -99.3092 1235.61
v 29.6103 -99.3837 1235.55
v 26.6045 -97.6873 1232.79
v 27.0944 -98.2033 1233.67
v 38.3927 -99.4393 1232.23
v 38.3199 -100.024 1231.82
v 38.1108 -99.1474 1231.87
v 37.9512 -99.8047 1231.64
v 37.8703 -99.8764 1232.98
v 38.2903 -100.113 1232.74
v 38.1353 -100.187 1232.86
v 36.5152 -99.0874 1231.25
v 35.8882 -98.4006 1230.96
v 34.1241 -97.6938 1230.03
v 35.9398 -99.8248 1232.25
v 35.3682 -99.6075 1231.92
v 34.1049 -98.9892 1231.29
v 32.9739 -97.3039 1229.44
v 28.141 -97.3147 1230.41
v 27.7739 -97.4082 1230.65
v 27.6126 -97.5484 1231.03
v 27.1625 -97.815 1230.96
v 27.7598 -98.5343 1232.5
v 28.1001 -97.9101 1232.24
v 27.6222 -98.0035 1231.87
v 25.0869 -96.9791 1229.83
v 25.7504 -97.1675 1231.17
v 28.4716 -99.7397 1235.37
v 27.3455 -99.211 1234.56
v 25.4466 -97.9808 1231.86
v 27.3889 -99.7091 1234.82
v 38.4983 -100.279 1232.04
v 38.5354 -100.607 1232.25
v 38.4699 -100.633 1232.48
v 38.0891 -101.415 1232.74
v 37.2571 -100.59 1231.51
v 37.0431 -99.9319 1231.49
v 36.7073 -100.142 1231.49
v 36.392 -99.5323 1231.24
v 36.0833 -99.3783 1231.03
v 35.772 -99.2345 1230.8
v 36.4369 -100.352 1232.47
v 36.3717 -100.481 1232.38
v 36.3596 -100.678 1232.21
v 35.9853 -100.101 1231.9
v 35.8416 -100.025 1231.77
v 36.1474 -99.9931 1231.51
v 36.0445 -100.079 1231.68
v 36.1643 -100.303 1232.05
v 36.3898 -100.307 1231.66
v 36.2262 -100.293 1231.81
v 36.506 -100.578 1231.73
v 36.396 -100.635 1231.91
v 36.3401 -99.7669 1231.34
v 36.123 -99.5868 1231.15
v 36.0897 -99.8286 1231.33
v 35.7403 -99.565 1230.84
v 35.9334 -99.9446 1231.44
v 35.8537 -100.016 1231.62
v 35.785 -99.8514 1231.15
v 35.6394 -100.025 1231.5
v 35.407 -100.091 1230.93
v 35.0013 -99.4276 1230.24
v 33.3293 -98.274 1229.29
v 36.1106 -100.036 1232.3
v 35.8497 -99.9076 1232.14
v 35.9613 -100.034 1232.12
v 35.8122 -99.9593 1232.01
v 35.5324 -99.9363 1231.8
v 34.9961 -99.8549 1231.59
v 35.0261 -100.182 1231.37
v 32.316 -98.7522 1230.11
v 28.9134 -97.072 1226.82
v 27.5617 -97.531 1229.37
v 26.9871 -97.738 1230.41
v 26.2329 -97.9308 1229.29
v 26.5445 -98.6067 1231.28
v 26.4911 -98.1072 1230.45
v 26.036 -98.562 1230.52
v 25.1709 -96.7143 1229.12
v 26.6263 -99.3271 1232.03
v 28.6524 -100.29 1235.13
v 28.4316 -100.3 1235.2
v 28.1716 -100.254 1235.22
v 28.6942 -100.344 1234.94
v 28.0773 -100.796 1234.79
v 28.2666 -100.665 1234.61
v 27.6026 -100.374 1235.04
v 27.6291 -100.785 1234.93
v 27.764 -100.867 1234.87
v 27.5831 -100.044 1235.01
v 26.2801 -100.327 1234.28
v 26.0982 -99.6182 1233.79
v 25.634 -98.8506 1232.84
v 38.6108 -101.634 1231.87
v 38.1825 -101.287 1231.45
v 38.5317 -101.489 1231.7
v 38.45 -101.569 1232.47
v 38.303 -101.603 1232.61
v 37.1515 -101.233 1231.5
v 36.9913 -101.772 1232.6
v 36.8172 -101.82 1232.48
v 36.8019 -100.665 1231.58
v 36.6448 -101.012 1232.47
v 36.4775 -100.998 1232.08
v 36.5089 -101.083 1232.28
v 36.8022 -101.037 1231.63
v 36.5984 -101.094 1231.84
v 36.5661 -101.418 1232.16
v 36.941 -101.295 1231.57
v 36.631 -101.752 1232.27
v 36.6191 -101.481 1231.9
v 36.7357 -101.506 1231.7
v 35.3134 -99.9466 1230.55
v 33.9828 -99.6395 1229.44
v 33.6834 -99.528 1229.29
v 33.549 -98.978 1229.26
v 33.1238 -99.0082 1228.93
v 33.3781 -99.4045 1229.17
v 35.2427 -100.239 1231.16
v 34.3331 -100.498 1230.91
v 33.0243 -99.8587 1229.74
v 33.5192 -99.8977 1229.35
v 33.2276 -100.084 1229.71
v 33.0211 -99.2277 1228.89
v 32.8997 -99.7623 1229.61
v 33.1945 -99.7401 1229.33
v 33.0583 -99.6262 1229.22
v 32.8564 -99.5421 1229.01
v 33.0994 -99.8495 1229.51
v 32.9715 -99.7376 1229.39
v 32.8325 -99.6787 1229.25
v 32.7637 -99.7099 1229.47
v 32.6231 -99.6983 1229.3
v 32.7183 -98.9758 1228.58
v 32.6802 -99.2742 1228.56
v 32.1707 -98.7813 1228.15
v 30.5061 -97.6797 1227.4
v 33.2809 -99.8781 1230.25
v 32.9852 -99.7551 1230
v 33.2458 -100.071 1230.07
v 32.767 -99.3937 1230.06
v 32.7534 -99.64 1229.82
v 32.3167 -99.4718 1229.6
v 32.5989 -99.663 1229.5
v 23.7624 -97.0714 1226.91
v 25.8793 -98.2256 1229.54
v 23.3119 -97.4637 1227.65
v 23.3166 -97.8242 1228.56
v 27.6233 -100.768 1233.83
v 27.5107 -101.159 1234.15
v 27.4956 -101.206 1234.48
v 27.1758 -101.249 1234.6
v 27.1247 -101.386 1234.42
v 27.0702 -100.927 1234.76
v 24.2437 -99.1509 1231.65
v 24.0456 -98.7459 1231.01
v 26.5852 -101.398 1234.44
v 26.2211 -101.015 1234.37
v 38.5695 -103.167 1231.96
v 37.8837 -101.791 1231.31
v 37.1161 -101.869 1231.41
v 36.6163 -102.007 1231.91
v 36.8428 -102.029 1231.51
v 36.703 -102.037 1231.66
v 34.7827 -100.733 1230.08
v 34.7213 -100.942 1230.27
v 34.6207 -101.177 1229.79
v 34.6928 -100.674 1229.86
v 34.3944 -100.64 1229.56
v 34.4727 -101.064 1229.57
v 33.9604 -100.407 1229.38
v 34.8585 -100.699 1230.51
v 34.6269 -100.86 1230.67
v 34.6101 -101.093 1230.41
v 34.4639 -101.15 1230.54
v 34.258 -101.159 1230.6
v 34.5242 -101.265 1230.42
v 34.6239 -101.255 1230.22
v 34.4225 -101.346 1230.48
v 33.5899 -100.455 1230.37
v 33.5333 -100.816 1230.14
v 33.3521 -99.9911 1229.45
v 33.4053 -100.356 1230.14
v 33.5506 -100.235 1229.44
v 33.3972 -100.501 1229.91
v 33.6144 -100.748 1229.52
v 33.8806 -100.794 1229.37
v 32.5853 -99.6958 1229.1
v 32.4202 -99.3864 1228.27
v 32.5687 -99.562 1228.67
v 32.4086 -99.7251 1228.72
v 32.299 -99.6658 1228.26
v 32.0484 -100.014 1228.36
v 32.3431 -99.2018 1228.18
v 31.6989 -99.4212 1227.43
v 32.0912 -99.6635 1227.84
v 33.8487 -101.201 1230.48
v 32.3975 -99.7098 1229.21
v 32.2248 -99.8034 1228.94
v 31.8761 -99.8171 1228.92
v 31.4888 -99.7631 1228.71
v 31.8566 -100.035 1228.6
v 31.5884 -100.004 1228.6
v 31.3303 -100.048 1228.4
v 27.1136 -97.5026 1225.23
v 25.5681 -98.0612 1227.75
v 26.1431 -98.1161 1227.38
v 24.375 -96.9322 1225.9
v 24.4815 -98.3655 1227.19
v 23.3352 -97.2168 1225.7
v 24.6803 -98.5043 1228.18
v 22.2763 -98.028 1227.06
v 26.0117 -101.439 1234.24
v 25.4153 -101.188 1233.91
v 25.5785 -101.889 1233.92
v 24.7531 -101.12 1233.43
v 24.0879 -100.163 1232.28
v 23.9425 -101.001 1232.68
v 38.3502 -103.014 1231.18
v 38.5744 -103.731 1231.33
v 38.6291 -103.391 1231.63
v 37.6715 -103.076 1232.55
v 37.3673 -103.648 1232.46
v 36.8905 -102.951 1231.26
v 34.2311 -101.238 1229.36
v 36.9542 -103.151 1232.39
v 34.5331 -101.806 1230.3
v 34.3712 -101.705 1230.44
v 34.1695 -101.767 1230.49
v 33.606 -101.361 1229.82
v 33.7603 -101.794 1229.52
v 31.9063 -100.3 1228.06
v 31.885 -100.642 1227.81
v 32.0306 -100.036 1227.97
v 31.8508 -99.9901 1227.42
v 31.9415 -100.324 1227.69
v 33.65 -101.503 1230.2
v 31.6223 -100.214 1228.42
v 31.7968 -100.292 1228.27
v 31.6094 -100.631 1228.12
v 31.3623 -100.504 1228.17
v 31.1264 -100.614 1227.95
v 31.3388 -100.688 1228.09
v 27.949 -98.2512 1225
v 26.3974 -98.513 1226.36
v 24.3665 -98.4065 1226.11
v 24.7353 -98.3989 1225.89
v 23.742 -98.6102 1226.09
v 24.2542 -99.0004 1228.49
v 23.8612 -98.7359 1227.2
v 21.8478 -97.8399 1225.15
v 21.6932 -97.9979 1225.56
v 24.255 -99.6661 1229.43
v 23.7183 -99.3838 1228.2
v 24.7071 -100.514 1230.8
v 24.7021 -99.9193 1230.3
v 21.7007 -98.5757 1227.16
v 25.8654 -102.124 1233.15
v 25.8712 -101.752 1232.78
v 21.7079 -99.3136 1228.42
v 25.4079 -102.3 1233.58
v 25.6178 -102.341 1233.33
v 22.1774 -100.201 1230.13
v 25.0298 -101.754 1233.7
v 25.0244 -101.993 1233.67
v 24.2306 -101.896 1233.2
v 38.3983 -104.316 1231.99
v 38.1316 -103.911 1232.29
v 37.637 -104.229 1232.36
v 36.6461 -103.759 1231.35
v 36.7744 -103.858 1231.14
v 34.402 -102.095 1229.36
v 34.5382 -102.347 1229.48
v 36.7705 -104.126 1232.08
v 36.5681 -103.486 1231.77
v 34.6548 -102.404 1229.78
v 34.2937 -102.524 1229.27
v 34.0061 -102.262 1229.33
v 31.9135 -100.976 1227.72
v 31.8112 -101.1 1227.88
v 32.0257 -101.286 1227.38
v 32.0484 -101.464 1227.59
v 31.9628 -101.496 1227.78
v 31.6458 -100.51 1227.01
v 31.9266 -100.659 1227.46
v 28.7652 -99.4166 1224.78
v 31.6211 -101.053 1227.99
v 31.5988 -101.533 1227.95
v 31.4155 -101.62 1227.89
v 31.3638 -101.07 1227.96
v 31.0221 -101.322 1227.63
v 27.3606 -99.0704 1225.92
v 24.4434 -97.918 1223.19
v 25.0253 -98.5992 1225.25
v 23.9262 -98.7807 1224.49
v 23.4475 -98.8027 1226.25
v 22.9031 -99.1007 1225.59
v 23.1994 -100.067 1228.13
v 23.1401 -99.4417 1227.12
v 20.7703 -98.691 1225.49
v 23.7856 -100.423 1229.53
v 22.9796 -100.764 1228.49
v 24.2228 -101.48 1230.88
v 23.8627 -101.24 1230.28
v 24.7625 -102.787 1232.94
v 24.675 -102.541 1233.26
v 24.1031 -102.339 1233.08
v 23.5177 -101.953 1232.66
v 22.4398 -101.836 1231.6
v 22.467 -100.914 1231.07
v 38.1168 -104.777 1230.71
v 37.3908 -104.866 1232.22
v 37.12 -104.834 1232.16
v 34.6961 -103.107 1229.58
v 33.82 -103.215 1229.57
v 34.0213 -103.338 1229.31
v 31.9939 -101.888 1227.03
v 29.8841 -100.689 1225.22
v 34.1058 -103.629 1230.32
v 33.8568 -103.551 1230.24
v 34.4336 -103.896 1230.23
v 33.731 -103.15 1230.09
v 31.8604 -102.487 1227.98
v 31.8572 -101.678 1227.91
v 31.7001 -102.512 1227.95
v 28.8538 -100.418 1225.94
v 27.3717 -100.018 1224.85
v 24.8343 -98.4759 1222.47
v 25.1935 -99.0022 1224.35
v 24.2192 -98.9747 1223.95
v 22.8982 -99.0569 1224.16
v 22.8433 -99.0425 1224.9
v 20.3261 -99.2801 1225.84
v 23.693 -101.939 1230.44
v 22.946 -101.711 1229.22
v 20.289 -100.072 1227.1
v 24.3324 -103.102 1232.27
v 24.0989 -102.89 1231.4
v 24.2337 -103.077 1231.84
v 20.4633 -100.866 1228.38
v 23.3792 -103.281 1232.22
v 23.2851 -102.943 1232.4
v 21.2284 -101.142 1229.72
v 21.3778 -101.654 1230.26
v 22.88 -102.682 1232.18
v 22.035 -102.689 1231.44
v 37.701 -105.2 1230.59
v 38.1487 -106.196 1231.71
v 37.8683 -105.883 1231.92
v 37.6234 -106.51 1231.79
v 36.9391 -105.064 1230.76
v 36.6897 -105.467 1230.87
v 37.1774 -106.515 1231.75
v 36.5605 -105.42 1231.52
v 36.5459 -105.493 1231.25
v 34.5356 -103.957 1229.17
v 34.2447 -103.553 1229.18
v 34.1583 -103.815 1229.16
v 33.9819 -103.826 1229.28
v 34.0659 -104.097 1229.12
v 34.3939 -104.207 1229.05
v 34.1702 -104.199 1229.05
v 33.8988 -104.221 1229.19
v 33.9611 -104.289 1229.07
v 32.4 -103.021 1227.8
v 31.4434 -102.172 1226.39
v 33.712 -104.335 1229.85
v 33.7718 -104.434 1229.99
v 33.7341 -104.006 1229.89
v 33.7565 -104.203 1229.51
v 33.749 -104.367 1229.29
v 33.6729 -104.453 1229.48
v 32.2191 -102.921 1227.95
v 31.976 -103.144 1228.03
v 31.82 -103.225 1227.99
v 31.5414 -102.898 1227.81
v 24.7478 -99.7334 1222.82
v 24.0248 -99.6013 1222.55
v 21.9639 -98.5917 1220.78
v 19.5748 -98.94 1223.07
v 20.5286 -102.002 1229.4
v 20.4216 -101.413 1228.84
v 38.3033 -105.757 1230.61
v 36.8425 -106.328 1231.66
v 36.5336 -106.61 1230.78
v 34.8924 -105.184 1229.44
v 34.6087 -104.504 1229.12
v 34.4535 -104.44 1229.02
v 34.8197 -105.093 1229.24
v 34.1122 -104.398 1228.93
v 33.826 -104.374 1229.07
v 34.26 -104.469 1228.91
v 33.8676 -104.429 1228.91
v 33.7572 -104.436 1228.97
v 33.676 -104.466 1228.86
v 34.0315 -104.554 1228.77
v 33.7484 -104.48 1228.78
v 33.5416 -104.455 1228.69
v 34.2288 -104.767 1228.78
v 33.7494 -104.568 1228.6
v 33.9518 -104.881 1228.62
v 33.2574 -104.347 1228.56
v 33.2474 -104.348 1228.28
v 33.2931 -104.595 1228.28
v 33.0418 -104.407 1228.02
v 33.2614 -104.81 1228.42
v 33.0098 -104.65 1228.15
v 32.6117 -103.603 1227.86
v 32.7155 -103.738 1227.66
v 33.0043 -104.176 1228.01
v 32.7693 -104.06 1227.57
v 32.5454 -103.305 1227.54
v 32.5909 -103.663 1227.39
v 32.189 -103.748 1226.92
v 32.5059 -104.007 1227.21
v 31.7055 -102.906 1226.58
v 31.5732 -103.197 1226.61
v 31.8535 -103.703 1226.79
v 31.3304 -102.711 1226.26
v 31.0284 -103.026 1226.32
v 30.808 -102.314 1225.74
v 30.8903 -102.742 1225.94
v 30.7042 -102.975 1225.96
v 30.6565 -102.845 1225.63
v 30.5829 -103.045 1225.79
v 30.2677 -102.125 1225.12
v 30.5433 -102.643 1225.26
v 29.5795 -101.957 1224.48
v 29.9133 -102.37 1224.66
v 29.6084 -102.215 1224.44
v 29.4151 -102.259 1224.35
v 29.1215 -101.516 1224.13
v 29.1032 -101.849 1224.09
v 29.3648 -102.092 1224.29
v 28.732 -101.596 1223.7
v 27.8789 -100.773 1223.14
v 28.3192 -101.382 1223.32
v 33.9752 -105.095 1230.07
v 33.6352 -104.792 1229.76
v 33.7868 -104.931 1229.95
v 33.6377 -104.495 1229.35
v 33.6133 -104.558 1229.49
v 33.6134 -104.605 1229.61
v 33.6303 -104.473 1229.11
v 33.5245 -104.564 1229.27
v 33.4759 -104.479 1228.92
v 33.4365 -104.718 1229.4
v 33.2231 -104.566 1229.06
v 33.1053 -104.728 1229.08
v 33.2901 -104.956 1229.29
v 33.4016 -105.176 1229.39
v 33.1 -104.907 1228.96
v 33.3371 -105.172 1229.22
v 32.8613 -104.28 1228.57
v 32.6409 -104.551 1228.62
v 32.6986 -104.668 1228.6
v 33.1524 -104.887 1228.57
v 32.8108 -104.746 1228.35
v 32.1784 -103.658 1228.11
v 32.4792 -103.772 1228.12
v 32.4025 -103.891 1228.18
v 32.7734 -104.035 1228.21
v 32.5443 -104.043 1228.26
v 32.3728 -104.209 1228.32
v 32.085 -103.941 1228.14
v 32.536 -104.343 1228.49
v 32.3676 -104.377 1228.37
v 32.0219 -104.264 1228.11
v 32.4675 -104.68 1228.26
v 32.2715 -104.532 1228.25
v 31.5475 -103.878 1227.67
v 31.4474 -103.913 1227.45
v 31.1045 -103.09 1227.32
v 31.3429 -103.444 1227.5
v 31.0083 -103.199 1227.08
v 31.3509 -103.366 1226.75
v 31.1414 -103.312 1226.85
v 31.3217 -103.606 1227.25
v 31.4777 -103.575 1226.86
v 30.661 -102.708 1226.93
v 30.6044 -102.951 1226.75
v 30.8282 -103.13 1226.67
v 30.517 -102.984 1226.59
v 30.5429 -103.066 1226.37
v 30.161 -102.793 1226.38
v 30.6242 -103.074 1226.16
v 30.233 -103.006 1226.29
v 29.8004 -102.783 1226.04
v 30.3972 -103.107 1226.18
v 30.1158 -103.042 1226.18
v 29.9303 -103.063 1226.06
v 29.2349 -102.704 1225.44
v 28.7955 -101.954 1225.19
v 28.2464 -101.902 1224.61
v 28.6914 -102.215 1224.94
v 27.7611 -101.184 1224.44
v 24.8673 -99.3695 1221.35
v 25.6732 -100.149 1223.17
v 20.8949 -98.5895 1220.62
v 21.2417 -100.025 1223.1
v 21.2921 -100.181 1223.81
v 21.2636 -100.867 1225.04
v 18.8486 -99.5002 1222.77
v 18.9073 -100.624 1225.17
v 22.3743 -103.472 1229.27
v 19.364 -100.975 1226.6
v 22.9678 -103.871 1230.74
v 22.7505 -104.018 1230.9
v 19.476 -101.996 1227.84
v 22.1792 -103.751 1231.32
v 21.878 -103.584 1231.21
v 22.2172 -103.914 1231.21
v 22.3695 -104.045 1231.04
v 21.4408 -103.491 1230.87
v 20.6741 -102.763 1229.99
v 20.2775 -103.502 1229.73
v 19.8146 -103.007 1229.02
v 36.5627 -106.937 1231.27
v 36.4751 -107.037 1230.98
v 34.7569 -105.856 1228.96
v 34.514 -105.877 1228.81
v 34.1359 -105.741 1228.8
v 34.3017 -106.025 1228.79
v 33.7001 -105.156 1228.68
v 32.8686 -104.661 1227.99
v 32.8752 -104.491 1227.8
v 32.8081 -104.528 1227.66
v 32.7882 -104.743 1227.86
v 32.8023 -104.697 1227.73
v 32.7681 -105.082 1227.74
v 32.7348 -104.807 1227.43
v 32.7827 -105.057 1227.56
v 32.0428 -104.154 1226.82
v 32.2629 -104.975 1226.82
v 30.5839 -102.962 1225.34
v 30.4896 -103.258 1225.6
v 30.6579 -103.625 1225.28
v 30.6862 -103.683 1225.03
v 30.4576 -103.074 1224.85
v 30.1113 -103.378 1224.55
v 29.8517 -102.64 1224.54
v 29.615 -102.917 1224.5
v 29.1952 -102.171 1224.25
v 28.8532 -102.084 1224.05
v 28.4723 -101.677 1223.4
v 28.7165 -101.834 1223.72
v 28.362 -102.106 1223.31
v 27.8672 -101.973 1222.58
v 28.1575 -102.22 1222.91
v 34.1259 -106.608 1229.85
v 33.9048 -106.451 1229.69
v 33.4809 -105.424 1229.26
v 33.5995 -105.68 1229.43
v 33.833 -105.841 1229.8
v 33.68 -105.799 1229.2
v 33.8688 -105.794 1228.96
v 33.926 -106.233 1229.06
v 33.4745 -105.36 1229.09
v 32.7246 -104.747 1228.09
v 32.6422 -105.046 1227.93
v 32.0242 -104.762 1228.04
v 32.34 -105.047 1228.06
v 31.6975 -104.119 1226.92
v 31.5666 -104.155 1227.09
v 31.6507 -104.648 1227.7
v 31.5437 -104.624 1227.37
v 31.8014 -104.764 1226.84
v 31.6104 -104.807 1227.07
v 30.1821 -103.195 1226.04
v 30.0384 -103.175 1226.04
v 30.3402 -103.257 1225.9
v 30.1357 -103.282 1225.97
v 30.0259 -103.276 1225.98
v 29.9054 -103.251 1225.97
v 29.7303 -103.209 1225.9
v 30.3075 -103.455 1225.79
v 30.0309 -103.462 1225.93
v 29.8458 -103.455 1225.91
v 30.2536 -103.725 1225.82
v 30.5021 -103.849 1225.6
v 29.9881 -103.968 1225.9
v 29.8414 -104.113 1225.84
v 29.6176 -103.645 1225.72
v 29.2563 -103.101 1225.15
v 28.9501 -102.583 1224.94
v 29.2673 -102.657 1224.5
v 29.0897 -102.726 1224.74
v 29.3335 -103.093 1224.77
v 29.4924 -103.132 1224.63
v 28.6149 -102.29 1224.47
v 28.7111 -102.336 1224.75
v 28.4405 -102.19 1224.53
v 28.946 -102.367 1224.38
v 28.6698 -102.262 1224.24
v 28.8639 -102.445 1224.59
v 28.1772 -102.16 1224.31
v 28.5479 -102.204 1223.92
v 28.4603 -102.272 1224.12
v 28.3848 -102.258 1224.24
v 27.7557 -101.972 1224.06
v 28.293 -102.332 1223.94
v 28.1018 -102.322 1224.02
v 27.7858 -102.256 1223.94
v 28.3352 -102.314 1223.67
v 27.9435 -102.483 1223.76
v 28.1178 -102.489 1223.66
v 26.9733 -101.905 1223.23
v 25.3009 -100.289 1220.82
v 25.8295 -101.063 1222.46
v 22.9184 -99.3271 1219.84
v 23.5413 -100.352 1221.1
v 22.9653 -100.226 1220.97
v 19.5218 -98.858 1220.08
v 20.3554 -101.064 1223.43
v 20.7647 -101.69 1225.1
v 21.2344 -102.826 1227.14
v 17.9081 -101.615 1224.42
v 21.8523 -104.47 1230.02
v 21.8679 -104.436 1229.59
v 21.5188 -104.211 1230.55
v 21.1707 -104.067 1230.44
v 21.7605 -104.417 1230.27
v 20.0725 -104.01 1229.5
v 38.456 -107.773 1230.54
v 37.7363 -107.365 1230.03
v 38.3095 -107.989 1230.15
v 34.9987 -106.322 1229.48
v 35.0673 -106.808 1229.17
v 34.1638 -106.308 1228.85
v 34.4188 -106.588 1228.74
v 32.5637 -105.278 1227.06
v 32.0675 -104.949 1226.76
v 30.6366 -104.231 1224.74
v 29.9625 -103.85 1224.54
v 28.1887 -102.44 1223.09
v 26.1728 -101.477 1220.86
v 34.5324 -106.693 1229.9
v 34.8567 -106.984 1229.71
v 33.834 -106.439 1229.47
v 33.9508 -107.272 1229.42
v 30.4989 -104.709 1225.8
v 30.3092 -104.712 1225.89
v 29.6554 -103.662 1224.67
v 29.5281 -104.068 1225
v 29.5342 -104.067 1225.37
v 28.133 -102.587 1223.33
v 27.5789 -102.636 1223.54
v 27.9823 -102.713 1223.45
v 27.718 -102.698 1223.55
v 27.9654 -103.006 1223.16
v 27.4315 -102.49 1223.49
v 25.8922 -102.048 1221.83
v 23.9194 -100.452 1219.17
v 24.667 -101.03 1221.18
v 24.2322 -100.712 1221.12
v 18.4939 -99.1743 1219.62
v 20.6296 -104.705 1229.48
v 20.0786 -104.32 1229.41
v 20.1092 -104.651 1229.22
v 18.7055 -103.843 1227.87
v 38.1029 -108.56 1229.82
v 37.1246 -108.483 1229.7
v 36.7152 -108.876 1229.75
v 34.8853 -107.375 1228.69
v 34.5877 -107.65 1228.57
v 34.3908 -107.883 1228.6
v 27.9962 -103.258 1222.6
v 27.8969 -103.192 1222.25
v 27.1798 -102.879 1221.42
v 26.304 -102.297 1220.55
v 25.9442 -102.069 1220.12
v 34.4135 -107.788 1229.72
v 34.784 -108.192 1229.6
v 34.1161 -108.153 1229.5
v 31.6891 -105.6 1226.75
v 31.8845 -105.81 1226.61
v 31.5198 -106.126 1227.01
v 31.5665 -106.298 1226.83
v 31.6988 -106.453 1226.63
v 27.6859 -103.201 1223.24
v 27.4256 -103.196 1223.19
v 27.676 -103.677 1223.04
v 27.454 -103.689 1223.04
v 27.8949 -103.737 1222.84
v 27.2684 -103.083 1223.11
v 25.2534 -101.971 1221
v 31.7548 -106.22 1227.64
v 31.5476 -106.205 1227.37
v 23.4416 -101.343 1219.55
v 22.153 -101.057 1218.87
v 19.9402 -100.758 1219.95
v 19.2047 -101.08 1220.26
v 20.7205 -104.874 1228.08
v 20.3555 -105.134 1228.15
v 20.1972 -105.176 1228.28
v 19.6263 -105.304 1228.04
v 18.4997 -104.603 1227.74
v 18.6811 -104.997 1227.79
v 35.204 -108.679 1229.01
v 35.1147 -108.473 1229.27
v 32.0687 -106.802 1226.45
v 27.9914 -103.769 1222.41
v 28.0501 -104.173 1222.36
v 28.204 -104.733 1222.4
v 27.5808 -103.343 1221.77
v 27.9444 -103.765 1222.17
v 27.4274 -103.717 1221.58
v 27.16 -103.126 1221.36
v 27.1325 -103.448 1221.37
v 26.8505 -102.93 1221.07
v 26.5225 -102.954 1220.79
v 26.5253 -103.142 1220.91
v 26.3516 -103.073 1220.75
v 26.3607 -102.692 1220.52
v 26.1278 -102.567 1220.16
v 26.2929 -102.937 1220.56
v 26.1058 -102.828 1220.17
v 26.0079 -103.032 1220.34
v 34.2909 -108.465 1229.57
v 34.5548 -109.108 1229.47
v 34.1162 -108.324 1228.89
v 31.9481 -107.055 1226.43
v 31.562 -107.175 1226.85
v 31.6597 -107.249 1226.65
v 27.8483 -104.001 1222.86
v 27.6782 -103.99 1222.97
v 27.2869 -103.855 1222.89
v 27.9808 -104.095 1222.64
v 27.788 -104.528 1222.93
v 27.4789 -104.522 1222.91
v 28.0213 -104.685 1222.82
v 27.0732 -104.075 1222.58
v 26.7988 -103.918 1222.19
v 26.3963 -103.216 1221.92
v 26.4095 -103.44 1221.75
v 26.8401 -103.559 1221.33
v 26.5414 -103.612 1221.59
v 26.6815 -103.638 1221.43
v 26.7991 -103.937 1221.76
v 26.752 -103.927 1221.97
v 27.1052 -103.858 1221.53
v 26.928 -103.931 1221.61
v 26.0559 -103.104 1221.31
v 26.2444 -103.299 1221.15
v 26.4061 -103.298 1221.04
v 26.1976 -103.184 1220.83
v 25.6279 -102.835 1220.8
v 26.0783 -103.071 1220.57
v 26 -103.104 1220.64
v 25.7837 -103.023 1220.71
v 25.8446 -103.09 1220.44
v 25.5961 -103.011 1220.48
v 21.3473 -100.582 1216.33
v 31.981 -107.578 1227.49
v 31.6412 -107.382 1227.27
v 19.8925 -100.039 1216.16
v 21.224 -100.944 1218.61
v 20.5187 -100.815 1218.88
v 18.8763 -101.71 1221.29
v 18.7269 -101.416 1220.27
v 19.6342 -105.464 1227.05
v 20.085 -104.816 1226.73
v 18.9042 -105.281 1227.74
v 18.8412 -105.499 1227.42
v 38.3917 -110.39 1230.11
v 38.4187 -110.19 1229.9
v 38.3067 -110.467 1229.47
v 38.255 -110.394 1230.39
v 25.4774 -102.866 1218.63
v 24.9707 -102.683 1218.04
v 32.7975 -107.806 1226.85
v 32.4287 -107.798 1226.43
v 28.1966 -104.861 1222.14
v 27.8189 -104.88 1221.8
v 27.4902 -104.236 1221.67
v 27.8303 -104.471 1221.81
v 25.7672 -103.21 1219.85
v 25.6952 -102.685 1219.24
v 25.8482 -102.962 1219.55
v 25.6906 -103.045 1218.94
v 25.7792 -103.3 1219.15
v 25.6988 -103.421 1219.54
v 25.502 -103.606 1219.54
v 25.3763 -102.472 1218.84
v 24.7996 -102.098 1218.36
v 24.264 -102.298 1217.43
v 34.2946 -109.418 1229.31
v 32.883 -108.414 1227.06
v 32.8054 -108.258 1227.21
v 32.5623 -108.173 1227.4
v 32.3478 -108.31 1227.42
v 31.6598 -107.84 1226.76
v 31.8808 -107.745 1226.42
v 27.6108 -104.878 1221.8
v 27.1182 -104.232 1221.73
v 27.0028 -104.278 1221.91
v 27.0526 -104.471 1222.19
v 27.3499 -104.736 1221.86
v 27.2688 -104.834 1222.04
v 25.0696 -102.937 1219.9
v 25.439 -103.202 1220.02
v 25.1488 -103.478 1219.52
v 24.1741 -102.91 1218.59
v 31.8241 -107.831 1227.35
v 31.6857 -108.022 1227.09
v 31.5785 -107.506 1226.99
v 17.9817 -101.5 1218.57
v 18.0462 -101.407 1217.79
v 16.1689 -100.18 1217.27
v 17.5734 -101.981 1219.06
v 19.1541 -105.516 1225.99
v 18.6115 -105.739 1226.86
v 18.8776 -105.784 1226.66
v 18.1865 -105.704 1226.73
v 17.7803 -105.578 1226.56
v 17.2022 -104.948 1226.14
v 17.3205 -105.481 1226.16
v 37.9917 -111.352 1230.31
v 36.9037 -110.769 1229.12
v 25.706 -103.51 1218.48
v 25.8235 -103.622 1218.75
v 25.507 -103.488 1218.16
v 25.3598 -103.599 1217.97
v 25.1763 -103.67 1217.92
v 24.6552 -102.703 1217.69
v 25.0958 -103.034 1217.97
v 24.9461 -103.168 1217.86
v 23.5996 -102.343 1216.48
v 23.6908 -102.616 1216.53
v 37.4277 -111.423 1230.33
v 36.6302 -110.681 1230.3
v 36.8345 -111.57 1230.13
v 36.4803 -110.411 1229.59
v 36.4081 -110.596 1229.77
v 36.4526 -110.968 1230.04
v 31.3625 -107.618 1224.84
v 31.0709 -107.487 1224.61
v 28.2864 -105.536 1222.02
v 28.0979 -105.585 1221.91
v 25.6727 -104.095 1219.28
v 25.9972 -104.147 1218.87
v 25.9684 -104.319 1219.08
v 25.8251 -104.323 1219.21
v 25.6598 -103.699 1219.39
v 25.8393 -103.711 1218.96
v 25.7923 -103.854 1219.17
v 25.4144 -104.037 1219.33
v 25.1494 -104.319 1218.99
v 24.9618 -104.111 1218.79
v 24.7649 -103.819 1218.56
v 24.9903 -103.683 1217.96
v 24.8866 -103.826 1218.14
v 24.6356 -102.919 1217.71
v 24.1153 -103.055 1218.07
v 24.4858 -103.027 1217.73
v 24.3914 -103.179 1217.9
v 24.5337 -103.457 1218.28
v 24.8798 -103.426 1217.92
v 24.7068 -103.483 1218.02
v 24.3067 -102.5 1217.41
v 24.4034 -102.682 1217.51
v 24.2581 -102.588 1217.36
v 24.0929 -102.463 1217.18
v 24.2413 -102.741 1217.44
v 23.9594 -102.95 1217.77
v 24.0154 -102.647 1217.15
v 23.9223 -102.763 1217.17
v 24.0988 -102.939 1217.61
v 23.7439 -102.883 1217.54
v 23.8714 -102.876 1217.38
v 23.7444 -102.875 1217.21
v 23.4875 -102.039 1216.62
v 23.8908 -102.349 1216.94
v 23.8854 -102.646 1216.95
v 23.7524 -102.828 1216.93
v 23.4763 -102.905 1217.19
v 34.9029 -110.493 1229.15
v 34.5525 -110.683 1229.09
v 35.1841 -110.773 1228.92
v 32.3334 -108.344 1226.28
v 32.1943 -108.418 1226.27
v 31.8887 -108.487 1226.49
v 31.2852 -108.53 1225.75
v 30.4047 -107.667 1224.67
v 28.5756 -106.209 1222.98
v 28.5718 -105.818 1222.67
v 28.0582 -106.04 1221.97
v 27.8022 -106.072 1222.16
v 27.7387 -106.319 1222.66
v 25.1513 -103.834 1219.28
v 24.4518 -103.186 1218.76
v 24.4616 -103.35 1218.55
v 24.7411 -103.62 1218.81
v 23.5394 -102.636 1217.96
v 22.6311 -102.234 1217.35
v 23.3181 -102.776 1217.39
v 30.4383 -108.157 1225.71
v 28.0073 -106.297 1223.11
v 17.0688 -100.048 1214.86
v 16.2769 -100.082 1215.33
v 15.4701 -100.372 1215.71
v 17.0304 -102.938 1219.52
v 18.2794 -106.014 1225.4
v 17.8073 -105.984 1225.97
v 18.0113 -106.05 1225.85
v 17.4959 -105.916 1225.88
v 18.0226 -106.128 1225.39
v 16.0094 -105.637 1224.55
v 37.8062 -111.788 1228.77
v 37.7905 -112.546 1229.99
v 26.3955 -104.945 1218.91
v 26.6037 -105.276 1218.73
v 26.0653 -104.244 1218.57
v 26.0707 -104.4 1218.33
v 25.8102 -104.356 1217.9
v 25.7556 -104.578 1217.68
v 25.5887 -103.886 1217.99
v 25.4071 -103.917 1217.9
v 25.2951 -104.031 1217.9
v 25.5589 -104.167 1217.85
v 25.4332 -104.362 1217.79
v 23.6046 -102.704 1216.26
v 23.567 -102.988 1215.96
v 23.5869 -103.338 1215.94
v 23.3915 -103.014 1215.46
v 35.297 -110.289 1228.28
v 33.1837 -110.248 1226.62
v 33.0973 -110.084 1226.42
v 32.6784 -109.62 1226.18
v 31.6209 -108.457 1224.98
v 31.493 -108.613 1224.74
v 31.3048 -108.55 1224.58
v 30.9612 -107.898 1224.49
v 29.0786 -107.195 1222.62
v 28.5805 -106.92 1222.05
v 29.005 -107.134 1222.3
v 26.3104 -105.151 1219.2
v 26.1362 -105.205 1219.3
v 25.5067 -104.506 1219.24
v 25.9013 -105.33 1219.32
v 25.5822 -105.196 1219.15
v 25.1512 -104.863 1218.57
v 25.1157 -104.056 1218.01
v 25.0298 -104.363 1218.38
v 23.6543 -102.827 1216.49
v 23.4433 -103.019 1216.82
v 23.0426 -102.913 1216.86
v 23.522 -103.052 1216.57
v 23.437 -103.097 1216.62
v 23.4645 -103.151 1216.48
v 23.2976 -103.181 1216.55
v 23.5456 -103.161 1216.26
v 23.0845 -103.272 1216.42
v 23.45 -103.357 1216.25
v 23.2716 -103.388 1216.32
v 22.7612 -102.979 1216.45
v 32.4124 -109.419 1226.18
v 32.2982 -109.442 1226.23
v 31.5 -108.215 1225.51
v 30.7362 -108.32 1224.51
v 28.6457 -106.908 1223.16
v 29.0246 -107.237 1222.87
v 28.8982 -107.198 1223.07
v 28.3918 -106.828 1223.21
v 18.4047 -100.785 1212.99
v 32.0146 -109.796 1226.73
v 32.148 -110.002 1226.96
v 31.0884 -108.79 1225.88
v 30.2419 -107.966 1225.39
v 30.4002 -108.586 1225.11
v 28.3198 -107.272 1223.21
v 28.0861 -107.105 1223.05
v 19.0609 -101.956 1214.55
v 17.8703 -100.52 1213.29
v 15.9614 -100.488 1212.35
v 14.9857 -100.503 1213.09
v 14.6256 -100.834 1215.1
v 14.2025 -101.403 1215.34
v 17.2099 -105.928 1223.07
v 15.7109 -104.999 1223.88
v 16.1 -105.983 1224.43
v 38.449 -112.738 1229.14
v 38.1268 -113.037 1229.72
v 25.6146 -104.755 1217.56
v 25.4136 -104.937 1217.57
v 23.6212 -103.377 1215.65
v 23.6337 -103.704 1215.85
v 21.5957 -102.118 1214.15
v 36.5298 -112.875 1229.54
v 35.4267 -111.738 1228.15
v 35.382 -111.867 1227.94
v 32.9414 -110.077 1226.21
v 31.8898 -109.653 1224.99
v 31.6737 -109.544 1224.64
v 29.2037 -107.633 1222.43
v 28.9098 -107.266 1222.14
v 26.6714 -106.306 1219.57
v 26.8265 -105.901 1219.32
v 26.5418 -106.46 1219.61
v 25.4466 -105.468 1218.8
v 25.1659 -105.04 1218.28
v 25.2839 -104.627 1217.85
v 25.2868 -104.959 1217.77
v 23.5099 -103.512 1216.09
v 23.4109 -103.639 1216.11
v 23.5126 -103.738 1216.01
v 23.133 -103.678 1216.09
v 23.267 -104.025 1215.95
v 23.1157 -104.013 1215.87
v 23.5139 -104.183 1215.87
v 22.8729 -103.671 1215.86
v 22.0291 -103.258 1215.08
v 21.1576 -102.804 1214.61
v 18.8388 -101.317 1212.25
v 34.8951 -112.208 1228.73
v 32.8755 -111.191 1226.99
v 31.7739 -109.765 1225.63
v 31.8484 -109.417 1225.33
v 29.3427 -108.43 1222.98
v 29.0434 -108.174 1223.2
v 28.7909 -108.079 1223.26
v 28.1834 -107.75 1222.65
v 28.505 -108.086 1222.28
v 20.3539 -102.56 1214.17
v 19.4397 -102.5 1213.57
v 32.4907 -110.335 1227.11
v 32.3124 -110.306 1227.02
v 31.0933 -109.625 1225.89
v 31.0434 -110.275 1225.76
v 30.8191 -110.183 1225.36
v 28.4536 -108.053 1223.16
v 28.1924 -107.775 1222.86
v 16.4437 -100.802 1211.27
v 18.1755 -101.866 1214.51
v 15.7341 -102.347 1215.66
v 15.4326 -102.273 1214.49
v 14.0816 -100.933 1213.46
v 13.4095 -101.93 1214.25
v 16.8472 -106.309 1223
v 16.4987 -106.582 1223.09
v 16.2365 -106.381 1223.98
v 16.4013 -106.503 1223.82
v 16.4226 -106.609 1223.36
v 15.492 -106.437 1223.16
v 14.7521 -105.375 1222.41
v 14.2516 -105.046 1220.92
v 14.9309 -105.705 1222.96
v 15.2707 -106.035 1223.38
v 38.4057 -113.113 1228.76
v 38.2715 -113.06 1228.58
v 23.8392 -104.127 1215.05
v 23.7247 -104.125 1214.8
v 23.076 -104.095 1213.94
v 27.7777 -107.484 1219.73
v 27.322 -106.667 1218.87
v 27.389 -107.091 1218.78
v 26.8786 -106.326 1218.39
v 26.6835 -106.193 1218.07
v 26.7316 -106.73 1218.1
v 26.9196 -106.904 1218.45
v 26.7936 -106.815 1218.3
v 26.8456 -107.017 1218.45
v 25.337 -105.97 1217.17
v 25.5082 -105.892 1216.92
v 23.9148 -104.876 1215.49
v 23.7486 -104.89 1215.62
v 23.694 -104.281 1215.76
v 23.9873 -104.588 1215.22
v 22.1411 -103.208 1213.59
v 22.2784 -103.682 1213.39
v 21.9927 -103.528 1213.19
v 21.2372 -102.877 1212.82
v 21.3808 -103.206 1212.7
v 36.4082 -113.46 1229.11
v 35.4644 -112.78 1227.76
v 32.3346 -111.021 1225.16
v 32.3123 -111.022 1224.98
v 29.7433 -109.411 1222.43
v 29.3269 -108.422 1222.25
v 29.0984 -108.305 1222.15
v 27.5074 -107.731 1220.1
v 27.7082 -107.606 1219.93
v 26.4488 -106.724 1219.56
v 26.3761 -106.82 1219.43
v 26.4427 -107.075 1219.31
v 26.4833 -107.208 1219.06
v 25.934 -106.549 1218.85
v 26.2624 -106.853 1219.13
v 26.3428 -107.07 1218.77
v 25.2861 -106.319 1217.69
v 25.3904 -106.427 1217.92
v 23.2494 -104.746 1215.56
v 21.2935 -103.243 1214.13
v 21.4673 -103.692 1213.85
v 20.6276 -103.144 1213.54
v 19.8039 -103.082 1212.92
v 19.0722 -101.69 1211.86
v 34.574 -112.41 1227.81
v 31.8074 -111.126 1225.88
v 32.224 -111.338 1225.66
v 31.9133 -110.777 1225.79
v 32.2608 -111.066 1225.48
v 28.8854 -108.442 1222.16
v 16.8617 -101.313 1210.42
v 14.9924 -102.577 1214.37
v 14.602 -103.037 1214.32
v 15.2905 -102.801 1215.57
v 14.9295 -104.072 1216.66
v 12.9852 -102.611 1214.13
v 16.1503 -105.458 1220.78
v 15.7809 -106.668 1222.91
v 15.4774 -106.801 1222.1
v 15.0443 -106.682 1222.14
v 14.7981 -106.467 1222.26
v 14.3847 -106.382 1221.75
v 14.1401 -105.904 1221.53
v 14.299 -106.125 1221.81
v 13.9226 -105.683 1220.93
v 26.5269 -106.723 1217.24
v 25.9605 -106.196 1216.73
v 25.8439 -106.644 1216.43
v 23.9764 -104.797 1214.65
v 22.8396 -104.298 1213.59
v 22.6571 -104.29 1213.53
v 23.1896 -104.659 1213.69
v 23.181 -104.961 1213.64
v 28.4238 -108.482 1219.72
v 28.1385 -108.199 1219.17
v 28.3888 -108.581 1219.3
v 26.9768 -107.136 1218.56
v 26.9984 -107.363 1218.68
v 27.2388 -107.47 1218.73
v 27.1508 -107.636 1218.79
v 26.7814 -106.974 1218.38
v 26.6982 -106.989 1218.29
v 26.8168 -107.151 1218.53
v 26.6834 -107.083 1218.4
v 26.6077 -107.117 1218.3
v 26.6392 -107.071 1218.17
v 26.5493 -107.155 1218.38
v 26.5629 -107.186 1218.21
v 26.4903 -107.214 1218.28
v 26.5057 -107.322 1218.11
v 26.6183 -107.311 1217.9
v 26.684 -107.029 1217.51
v 25.6896 -105.95 1216.8
v 25.4984 -106.531 1216.68
v 25.6433 -106.557 1216.52
v 25.4202 -106.772 1216.83
v 24.1414 -105.42 1215.1
v 24.1403 -105.788 1215.13
v 22.5275 -104.788 1214.45
v 22.4944 -104.521 1213.62
v 22.5508 -104.782 1213.78
v 22.1327 -103.959 1213.33
v 21.7703 -103.982 1213.38
v 22.3242 -104.259 1213.51
v 22.1258 -104.333 1213.7
v 21.628 -103.438 1212.88
v 21.9388 -103.729 1213.18
v 21.6698 -103.58 1212.95
v 21.5533 -103.516 1212.82
v 21.4992 -103.661 1212.88
v 21.6439 -103.809 1213.12
v 21.399 -103.797 1213.04
v 21.5374 -103.882 1213.31
v 21.3355 -103.456 1212.56
v 21.2463 -103.648 1212.54
v 21.1335 -103.8 1212.69
v 21.0287 -103.493 1212.08
v 21.0791 -103.7 1212.2
v 21.0093 -103.864 1212.37
v 20.6442 -103.129 1211.86
v 19.7312 -102.437 1211.59
v 19.3581 -102.899 1210.72
v 36.666 -114.525 1229.08
v 36.4348 -113.703 1228.78
v 36.5296 -113.595 1228.59
v 36.4727 -114.45 1228.91
v 35.3101 -112.898 1227.57
v 34.9824 -112.806 1227.53
v 33.5511 -112.482 1226.16
v 33.3089 -112.115 1225.9
v 32.0361 -111.26 1224.48
v 29.8091 -109.834 1222.31
v 29.7486 -110.033 1222.2
v 28.5068 -108.868 1220.3
v 27.0384 -108.06 1219.9
v 26.8873 -107.925 1219.6
v 26.9607 -107.989 1219.23
v 27.1113 -108.064 1219.05
v 26.7923 -107.359 1218.74
v 26.8453 -107.567 1218.9
v 26.5382 -107.214 1218.8
v 26.163 -107.015 1218.65
v 26.5973 -107.172 1218.58
v 26.3847 -107.159 1218.48
v 26.3522 -107.308 1218.24
v 26.0836 -107.269 1218.27
v 26.1162 -107.553 1218.06
v 25.8865 -107.086 1218.26
v 25.2966 -106.39 1217.29
v 21.8521 -104.034 1214.01
v 21.4937 -103.86 1213.57
v 21.0397 -103.601 1213.41
v 21.218 -103.768 1213.26
v 20.6829 -103.677 1212.97
v 20.8679 -103.821 1212.83
v 19.6682 -103.509 1212.32
v 18.5846 -102.094 1210.86
v 16.8288 -101.665 1209.83
v 34.6187 -113.443 1228.29
v 32.7721 -112.338 1226.76
v 32.8561 -112.059 1225.9
v 32.549 -112.138 1226.26
v 32.6604 -112.462 1226.62
v 32.595 -112.519 1226.44
v 32.4791 -112.35 1225.66
v 29.4885 -109.911 1223.19
v 29.454 -110.367 1223.16
v 16.7655 -102.61 1211.79
v 17.3638 -102.743 1211.87
v 14.2385 -100.89 1208.62
v 13.9429 -100.783 1208.81
v 16.3785 -102.424 1212.15
v 13.4478 -100.719 1209.36
v 13.0199 -100.818 1208.94
v 15.0071 -102.364 1212.47
v 13.0134 -100.907 1209.86
v 14.3752 -102.591 1212.27
v 14.209 -104.494 1215.53
v 15.1512 -106.846 1221.18
v 15.0149 -106.688 1220.32
v 13.1242 -105.665 1218.86
v 14.3987 -106.853 1220.82
v 13.8849 -106.737 1220.35
v 13.271 -106.088 1219.66
v 13.4633 -106.349 1220.06
v 26.1237 -107.317 1216.14
v 25.9341 -107.42 1216.11
v 24.2552 -105.673 1214.73
v 23.9283 -105.541 1213.99
v 23.8711 -105.805 1213.78
v 23.6433 -105.725 1213.68
v 23.3922 -105.69 1213.68
v 20.6198 -103.881 1211.13
v 38.0267 -115.344 1229.05
v 36.8168 -114.444 1228.12
v 28.9838 -109.606 1219.74
v 28.256 -108.602 1219.1
v 28.1501 -108.846 1218.92
v 27.8826 -108.328 1218.96
v 27.4326 -108.213 1218.93
v 27.6535 -108.526 1218.93
v 27.4705 -108.629 1218.99
v 26.5321 -107.604 1217.88
v 26.3771 -107.643 1217.98
v 26.3738 -108.251 1217.63
v 25.4474 -107.186 1216.94
v 25.7648 -107.403 1216.22
v 24.0634 -105.873 1215.19
v 23.8624 -105.884 1215.28
v 23.5698 -106.137 1215.08
v 23.0273 -105.647 1214.67
v 22.8813 -105.593 1214.3
v 23.1509 -105.54 1213.76
v 22.9091 -105.54 1214.03
v 22.5957 -105.031 1214.06
v 22.8879 -105.059 1213.72
v 20.7902 -104.035 1212.37
v 20.9551 -103.89 1211.75
v 20.8561 -104.148 1212.09
v 20.6976 -104.194 1212.22
v 20.8196 -104.438 1211.95
v 20.6568 -104.443 1212.07
v 20.9689 -104.46 1211.65
v 20.8381 -103.686 1211.59
v 18.9993 -103.289 1210.07
v 37.6718 -115.65 1228.99
v 36.4614 -114.87 1228.61
v 33.5445 -112.659 1226
v 33.2425 -112.56 1225.78
v 33.1841 -112.887 1225.69
v 32.6898 -112.437 1225.07
v 32.6173 -112.48 1224.77
v 32.4829 -112.417 1224.58
v 30.0646 -110.446 1222.61
v 30.1893 -110.881 1222.37
v 30.0964 -110.832 1222.25
v 29.7069 -110.478 1222.15
v 28.6152 -110.045 1220.99
v 28.7295 -109.664 1220.78
v 28.9906 -109.927 1220.64
v 27.1096 -108.531 1219.51
v 27.2349 -108.84 1219.74
v 27.2386 -108.592 1219.2
v 25.9207 -107.595 1217.89
v 20.5735 -104.042 1212.42
v 20.4679 -104.271 1212.21
v 20.1392 -104.049 1212.25
v 17.7215 -102.834 1209.52
v 17.3179 -102.41 1209.47
v 17.1798 -102.562 1209.25
v 34.5032 -113.582 1228.09
v 34.6081 -114.421 1228.02
v 33.1538 -113.663 1226.64
v 33.3692 -113.531 1226.62
v 32.6775 -113.143 1226.38
v 32.6936 -112.578 1225.97
v 32.6333 -112.627 1226.07
v 32.3189 -112.354 1225.78
v 32.611 -112.731 1226.25
v 32.6635 -112.672 1225.92
v 32.5899 -112.709 1225.82
v 32.5364 -112.644 1225.75
v 32.6111 -112.712 1225.99
v 32.4459 -112.668 1225.82
v 32.9198 -112.722 1225.75
v 32.795 -112.781 1225.72
v 32.5127 -112.744 1225.87
v 32.5663 -112.851 1226.06
v 32.4893 -112.882 1225.96
v 32.403 -112.848 1225.9
v 32.9473 -112.925 1225.64
v 32.7613 -112.843 1225.55
v 32.5889 -113.157 1226.16
v 32.4685 -113.157 1226
v 32.3152 -113.129 1225.89
v 32.8805 -113.05 1225.47
v 32.599 -112.381 1225.47
v 29.9596 -110.953 1223.09
v 29.4048 -110.87 1222.97
v 29.2055 -110.563 1222.75
v 29.4304 -110.338 1222.2
v 29.231 -110.507 1222.5
v 14.4146 -101.091 1208.29
v 14.7921 -101.374 1208.14
v 14.2147 -101.316 1207.72
v 32.8949 -113.469 1226.58
v 32.0771 -112.685 1225.82
v 15.989 -102.957 1210.47
v 13.2438 -100.851 1208.4
v 13.6744 -100.959 1208.09
v 13.7162 -101.149 1207.74
v 13.3226 -101.093 1207.8
v 12.9728 -101.161 1207.81
v 12.6474 -101.003 1208.93
v 12.7765 -100.984 1208.43
v 12.4772 -101.179 1208.48
v 12.8989 -101.053 1208.06
v 12.6725 -101.157 1208.11
v 12.4411 -101.303 1208.24
v 14.5246 -102.513 1210.81
v 13.9882 -102.593 1210.49
v 12.4063 -101.328 1209.62
v 12.2798 -101.346 1208.85
v 12.0879 -101.669 1209.34
v 12.2775 -101.409 1208.5
v 12.0384 -101.737 1209
v 12.2431 -101.751 1210.21
v 11.9774 -102.299 1210.24
v 14.2481 -106.471 1218.26
v 14.0025 -106.906 1218.6
v 13.9431 -107.003 1219.5
v 13.4997 -106.878 1219.28
v 13.9262 -107.011 1218.97
v 13.622 -107.01 1218.86
v 12.9916 -106.299 1218.91
v 13.1304 -106.674 1218.91
v 12.6299 -106.171 1217.8
v 13.2337 -106.501 1219.43
v 13.3731 -106.664 1219.53
v 37.7452 -115.463 1227.6
v 29.2817 -110.501 1219.36
v 28.5777 -109.626 1218.74
v 26.8155 -108.182 1216.95
v 26.8229 -108.287 1216.44
v 26.3276 -107.589 1216.14
v 24.4278 -106.929 1214.51
v 24.5004 -106.943 1214.08
v 23.5785 -106.422 1213.64
v 23.549 -106.681 1213.68
v 24.27 -106.779 1213.68
v 20.9712 -104.355 1211.27
v 19.767 -104.022 1210.2
v 29.4472 -110.815 1220.41
v 29.4355 -110.729 1219.75
v 28.9802 -109.699 1219.39
v 27.696 -109.159 1218.87
v 26.1083 -108.358 1217.54
v 26.6744 -108.399 1217.34
v 26.45 -109.039 1217.3
v 25.9708 -108.513 1217.28
v 25.7014 -107.818 1216.34
v 24.3102 -106.84 1214.71
v 24.1663 -107.062 1214.77
v 23.4567 -106.53 1214.71
v 23.2996 -106.38 1213.95
v 23.2711 -106.515 1214.24
v 23.386 -106.646 1214.5
v 23.3421 -106.118 1213.78
v 20.5142 -104.647 1212.01
v 20.7434 -104.753 1211.91
v 20.8946 -104.787 1211.77
v 20.6849 -105.36 1211.78
v 19.61 -104.196 1210.04
v 18.5803 -103.808 1209.87
v 18.6487 -104.073 1210.01
v 18.1602 -103.139 1209.66
v 37.0107 -115.59 1228.87
v 36.6642 -115.894 1228.56
v 36.5524 -115.827 1228.41
v 36.5372 -115.676 1228.26
v 36.6277 -115.875 1227.98
v 36.7615 -115.96 1227.77
v 35.6088 -114.689 1227.5
v 35.5186 -114.822 1227.24
v 35.4132 -115.029 1227.11
v 33.7828 -114.082 1225.88
v 33.6735 -113.935 1225.71
v 33.428 -113.953 1225.46
v 32.8415 -113.027 1225.24
v 33.1749 -113.411 1225.5
v 33.0059 -113.471 1225.26
v 32.9271 -113.55 1224.92
v 29.2121 -110.674 1221.02
v 29.0896 -110.777 1221.17
v 29.4754 -111.081 1220.89
v 27.3819 -109.401 1219.24
v 27.5096 -109.222 1218.98
v 20.1333 -104.694 1211.89
v 20.4338 -105.559 1211.72
v 19.2349 -104.802 1211.13
v 18.9188 -104.643 1210.9
v 18.3798 -104.028 1210.92
v 18.0852 -104.037 1210.55
v 18.0943 -104.008 1210.23
v 17.6947 -102.932 1209.49
v 17.7901 -103.371 1209.64
v 17.8134 -103.686 1209.89
v 17.2117 -103.385 1209.58
v 17.3643 -102.811 1209.31
v 17.0144 -102.835 1209.02
v 17.3523 -103.064 1209.37
v 16.9986 -103.132 1209.16
v 16.7842 -103.172 1208.83
v 16.6194 -102.6 1208.7
v 16.7745 -102.984 1208.73
v 16.4451 -102.865 1208.33
v 34.7957 -115.324 1227.93
v 34.724 -115.595 1227.76
v 34.6351 -115.149 1227.78
v 34.6135 -114.927 1227.66
v 30.0689 -111.797 1223.09
v 29.9132 -112.123 1223.01
v 30.0746 -112.236 1223.06
v 28.2677 -110.143 1220.87
v 17.2352 -103.432 1210.66
v 16.752 -103.432 1210.14
v 17.5095 -103.711 1210.17
v 17.183 -103.559 1209.96
v 16.7703 -103.468 1209.68
v 16.3937 -103.48 1209.69
v 16.7769 -103.417 1209.37
v 16.4783 -103.535 1209.45
v 14.7573 -101.905 1207.5
v 13.8525 -101.422 1207.4
v 14.1276 -101.581 1207.34
v 13.4728 -101.759 1207.08
v 13.9178 -101.883 1207
v 15.8623 -103.347 1209.72
v 14.8473 -103.125 1209.25
v 13.0541 -101.352 1207.52
v 13.4593 -101.44 1207.34
v 13.2473 -101.52 1207.3
v 13.2314 -101.841 1207.1
v 12.9513 -101.88 1207.23
v 12.9135 -101.539 1207.43
v 12.7026 -101.716 1207.49
v 14.1434 -102.697 1209.8
v 14.4475 -102.867 1209.47
v 12.3043 -101.566 1208.15
v 12.1949 -101.891 1208.16
v 12.7379 -101.328 1207.77
v 12.5433 -101.451 1207.86
v 12.3909 -101.782 1207.84
v 12.6525 -101.953 1207.47
v 13.1595 -103.054 1210.24
v 13.3171 -102.851 1209.91
v 13.478 -102.787 1209.46
v 13.0611 -102.972 1209.24
v 12.1521 -101.684 1208.43
v 11.9741 -102.029 1208.73
v 11.9443 -102.361 1208.7
v 13.4362 -103.193 1211.37
v 11.763 -102.904 1210.02
v 11.7964 -102.638 1209.29
v 11.9383 -102 1209.33
v 11.973 -103.629 1212.06
v 11.8 -104.003 1211.82
v 12.0658 -104.624 1214.16
v 12.2097 -105.211 1215.56
v 11.9217 -105.357 1214.65
v 12.8272 -106.799 1217.58
v 13.2145 -106.963 1217.52
v 12.9892 -106.919 1217.39
v 13.2286 -106.919 1217.21
v 12.4615 -106.568 1216.88
v 12.3251 -105.753 1216.56
v 12.0909 -105.812 1215.74
v 12.2363 -106.296 1216.28
v 12.6739 -106.497 1217.8
v 38.5158 -116.37 1228.16
v 29.2437 -110.747 1218.91
v 28.4823 -110.484 1218.25
v 26.898 -109.05 1216.88
v 27.1318 -109.415 1216.2
v 26.4609 -108.581 1215.71
v 26.2141 -108.787 1215.69
v 24.4485 -107.372 1214.53
v 24.6753 -107.658 1214.38
v 24.9629 -108.118 1214.42
v 24.7578 -108.206 1214.63
v 24.6089 -107.374 1214.26
v 24.7522 -107.577 1214.03
v 24.1393 -107.145 1213.4
v 23.8247 -107.233 1213.45
v 23.6949 -107.337 1213.6
v 21.1479 -105.404 1210.68
v 21.4035 -105.866 1210.98
v 20.3784 -105.014 1210.16
v 20.3807 -105.34 1210.08
v 29.5061 -111.135 1219.68
v 29.3988 -111.366 1219.58
v 29.5889 -111.627 1219.72
v 29.4126 -110.919 1219.55
v 29.3767 -111.122 1219.32
v 29.3148 -111.391 1219.46
v 27.879 -110.109 1218.59
v 27.7246 -110.226 1218.75
v 26.7281 -109.08 1217.15
v 26.2717 -109.176 1217.2
v 25.8808 -108.863 1216.7
v 24.4375 -107.599 1214.57
v 24.6066 -108.396 1214.68
v 24.2754 -107.42 1214.63
v 23.992 -107.307 1214.68
v 23.8694 -107.384 1214.59
v 24.1709 -107.74 1214.59
v 23.91 -107.918 1214.33
v 23.6971 -107.676 1214.1
v 23.6447 -107.49 1213.82
v 20.901 -106.242 1211.58
v 21.0483 -105.487 1211.57
v 19.8393 -104.837 1210.09
v 19.5962 -105.156 1210.27
v 19.1766 -104.343 1210.05
v 19.0142 -104.576 1210.26
v 35.1559 -115.551 1226.98
v 33.9961 -115.326 1225.58
v 32.8779 -114.128 1224.51
v 32.6287 -114.152 1224.33
v 30.9236 -113.168 1222.6
v 28.3728 -111.321 1220.34
v 27.6522 -110.577 1219.01
v 20.1109 -105.928 1211.35
v 19.6376 -105.633 1211.01
v 19.2745 -105.13 1210.89
v 19.3695 -105.212 1210.58
v 18.9042 -104.69 1210.57
v 16.6812 -103.404 1208.96
v 16.5525 -103.596 1208.89
v 16.5927 -103.755 1208.58
v 16.508 -104.051 1208.66
v 16.6334 -103.149 1208.45
v 16.6468 -103.313 1208.49
v 16.6293 -103.471 1208.71
v 16.5841 -103.429 1208.16
v 16.6376 -103.564 1208.32
v 16.484 -103.536 1207.88
v 16.681 -103.906 1208.32
v 16.1006 -103.154 1207.75
v 14.3826 -102.242 1206.93
v 14.9633 -102.881 1206.96
v 35.3605 -116.298 1227.76
v 35.0468 -115.703 1227.93
v 33.1746 -114.914 1226.37
v 33.9122 -114.89 1226.01
v 32.1425 -113.886 1224.46
v 30.7422 -113.045 1222.85
v 29.8573 -112.028 1222.17
v 29.7955 -112.225 1222.32
v 29.0976 -111.655 1221.39
v 28.6897 -111.296 1221.1
v 28.7055 -111.664 1220.86
v 16.5629 -103.527 1209.19
v 16.2996 -103.588 1209.4
v 16.3424 -103.633 1209.26
v 16.4388 -103.661 1209.06
v 16.1818 -103.704 1209.22
v 16.2482 -103.773 1209.1
v 16.4471 -103.797 1208.87
v 16.2564 -104.084 1208.85
v 15.9236 -103.612 1209.37
v 15.9639 -103.901 1209.05
v 15.7274 -103.896 1209.03
v 13.65 -102.055 1206.9
v 14.0329 -102.261 1206.8
v 14.2798 -102.532 1206.74
v 13.8994 -102.464 1206.74
v 13.5568 -102.436 1206.83
v 32.993 -115.311 1226.1
v 32.7034 -114.466 1226
v 32.3276 -114.428 1225.67
v 15.6441 -103.568 1209.3
v 15.3354 -103.714 1208.95
v 13.662 -103.345 1208.05
v 13.3188 -102.127 1206.97
v 13.0797 -102.28 1207.1
v 13.0313 -102.587 1207.24
v 13.1387 -102.879 1207.34
v 13.182 -103.007 1208.61
v 13.3675 -103.056 1208.48
v 13.1878 -103.088 1208.22
v 12.9181 -103.015 1208.27
v 12.9958 -103.017 1208
v 12.3406 -102.237 1207.91
v 12.574 -102.227 1207.59
v 12.5725 -102.555 1207.78
v 12.6451 -102.886 1208.13
v 12.7992 -102.786 1207.73
v 12.8299 -103.135 1209.24
v 12.8459 -103.058 1208.78
v 12.4078 -102.982 1208.5
v 12.5342 -103.187 1208.87
v 12.629 -103.041 1208.52
v 12.2769 -102.634 1208.25
v 12.6533 -103.525 1209.72
v 11.8983 -102.98 1209.07
v 12.0167 -103.276 1209.15
v 12.2703 -103.492 1209.25
v 12.4574 -104.486 1210.75
v 11.7217 -103.519 1210.18
v 11.7808 -103.589 1209.88
v 11.752 -104.091 1210.61
v 11.8835 -103.823 1209.88
v 12.2938 -104.169 1210.14
v 11.8631 -104.229 1210.43
v 12.8203 -104.919 1212.13
v 11.7277 -104.738 1211.99
v 11.7761 -105.174 1212.31
v 12.9308 -105.939 1214.34
v 12.6244 -106.277 1214.48
v 11.7897 -105.414 1213.94
v 11.843 -105.787 1213.54
v 11.9919 -106.078 1213.96
v 11.7536 -105.313 1213.11
v 13.247 -106.726 1216.58
v 12.8432 -106.745 1216.08
v 12.2656 -106.442 1215.05
v 11.9839 -106.108 1215.05
v 12.0375 -106.224 1214.75
v 12.3267 -106.382 1214.61
v 11.8179 -105.754 1214.2
v 11.8944 -106.003 1214.37
v 12.862 -106.86 1216.64
v 12.5966 -106.753 1216.52
v 12.5774 -106.71 1215.98
v 12.2619 -106.478 1215.88
v 27.0066 -109.671 1215.53
v 26.7747 -109.485 1215.43
v 25.482 -108.856 1213.94
v 25.3367 -108.528 1213.99
v 25.2393 -108.65 1213.63
v 25.4066 -108.884 1213.8
v 24.742 -107.862 1213.5
v 24.9047 -108.52 1213.2
v 38.466 -116.896 1227.42
v 38.5513 -116.995 1227.61
v 29.4954 -111.57 1218.79
v 29.5013 -112.007 1218.94
v 29.019 -111.206 1218.01
v 29.2536 -111.437 1218.11
v 27.1079 -109.937 1216.68
v 26.2731 -109.586 1215.54
v 26.5487 -109.652 1215.35
v 26.1647 -109.883 1215.75
v 25.4373 -109.126 1214.82
v 25.2032 -109.063 1214.87
v 20.5091 -105.783 1210.03
v 20.7374 -105.872 1210.06
v 20.3495 -106.26 1210.02
v 20.1923 -105.444 1210.08
v 38.3886 -117.034 1228.26
v 29.9994 -112.375 1220.04
v 29.8705 -112.653 1219.9
v 29.5031 -112.6 1219.96
v 29.7036 -112.616 1219.88
v 29.3001 -111.556 1219.55
v 29.3327 -111.771 1219.68
v 29.2618 -111.744 1219.62
v 29.3884 -111.878 1219.73
v 29.3017 -111.943 1219.78
v 29.2521 -111.869 1219.74
v 29.1768 -111.818 1219.66
v 29.0182 -111.881 1219.78
v 29.2077 -111.8 1219.41
v 29.4724 -112.061 1219.78
v 29.0066 -111.883 1219.59
v 29.262 -112.185 1219.97
v 29.2849 -112.012 1219.21
v 29.3735 -111.425 1219.22
v 29.2976 -111.669 1219.33
v 28.9975 -111.988 1219.37
v 28.7324 -112.045 1219.35
v 26.9663 -110.344 1216.85
v 26.5505 -110.509 1216.77
v 26.7341 -110.589 1216.83
v 25.1049 -109.245 1214.91
v 24.4582 -108.506 1214.63
v 24.5373 -109.085 1214.51
v 21.3963 -106.446 1211.29
v 21.2466 -106.512 1211.43
v 19.9714 -105.736 1210.23
v 19.7774 -105.964 1210.68
v 20.0483 -106.619 1210.6
v 16.8762 -104.298 1207.94
v 16.8398 -104.297 1207.77
v 36.7135 -117.054 1228.08
v 35.6748 -116.309 1227.49
v 33.8987 -115.313 1225.37
v 33.4854 -115.21 1224.86
v 31.0369 -113.374 1222.35
v 31.0178 -113.444 1222.12
v 30.912 -113.474 1221.98
v 30.3439 -113.144 1222.03
v 29.9121 -112.538 1221.4
v 29.7098 -112.713 1221.56
v 29.2258 -112.572 1220.29
v 29.1705 -112.856 1220.88
v 28.6214 -111.778 1220.11
v 28.7842 -111.912 1220.41
v 28.8752 -111.905 1220.07
v 28.948 -112.028 1220.25
v 28.9108 -112.111 1220.52
v 29.087 -111.973 1219.96
v 28.3734 -111.654 1219.83
v 28.7461 -111.856 1219.78
v 28.536 -111.82 1219.68
v 28.7516 -111.891 1219.6
v 28.2807 -111.731 1219.51
v 28.296 -111.954 1219.25
v 27.9176 -111.526 1218.9
v 16.5435 -104.492 1208.59
v 16.8222 -104.464 1208.3
v 16.6736 -103.82 1207.98
v 16.4217 -103.801 1207.63
v 14.8689 -103.444 1206.71
v 35.2604 -116.814 1227.65
v 34.8201 -116.313 1227.13
v 34.9483 -116.262 1226.94
v 34.816 -116.767 1227.29
v 35.0331 -117.036 1227.52
v 34.8979 -117.123 1227.34
v 33.8887 -115.364 1226.17
v 33.7057 -115.9 1226.23
v 30.7191 -113.763 1222.93
v 30.5927 -114.058 1222.87
v 30.2692 -113.49 1222.16
v 29.413 -112.777 1221.53
v 29.6589 -113.103 1221.61
v 29.2007 -112.742 1221.3
v 16.0305 -104.313 1208.79
v 15.6318 -104.361 1208.65
v 14.443 -103.294 1206.67
v 13.7365 -103.256 1206.94
v 14.3723 -103.836 1206.81
v 13.5338 -102.775 1206.88
v 13.8658 -102.904 1206.73
v 32.2996 -115.244 1225.32
v 14.6958 -104.298 1207.92
v 13.2931 -103.147 1207.53
v 13.8338 -103.567 1207.12
v 12.1574 -104.7 1210.82
v 12.0628 -104.212 1210.16
v 12.4164 -105.214 1211.82
v 12.2569 -105.44 1212.06
v 11.8928 -105.059 1211.67
v 12.108 -105.285 1211.77
v 12.0349 -104.841 1211.08
v 12.493 -105.617 1212.69
v 12.0769 -105.556 1212.3
v 12.1975 -105.715 1212.62
v 11.9512 -105.41 1212.19
v 12.3402 -106.163 1213.86
v 12.1277 -106.16 1213.92
v 12.1892 -106.058 1213.51
v 11.8473 -105.602 1212.93
v 12.0209 -105.853 1213.09
v 27.7763 -111.224 1215.56
v 27.132 -110.364 1215.11
v 26.965 -109.944 1215.27
v 26.7848 -109.9 1215.23
v 26.7663 -110.057 1215.07
v 26.9091 -110.152 1215.05
v 26.5243 -110.122 1214.84
v 26.3853 -110.093 1214.69
v 26.779 -110.252 1214.81
v 26.5779 -110.279 1214.51
v 25.8887 -109.427 1214.33
v 26.0029 -109.671 1214.27
v 25.9931 -109.87 1214.19
v 26.2881 -110.049 1214.34
v 25.7365 -109.32 1214.13
v 25.5303 -109.174 1213.94
v 25.5483 -109.328 1213.99
v 25.3822 -109.176 1213.78
v 25.2832 -108.962 1213.58
v 25.3054 -109.233 1213.66
v 25.1753 -109.102 1213.28
v 25.2498 -109.458 1213.33
v 24.7532 -108.608 1212.98
v 38.2674 -117.501 1226.99
v 29.6544 -112.199 1218.12
v 27.6692 -111.24 1216.17
v 26.5459 -109.874 1215.25
v 26.3769 -109.898 1215.35
v 26.2557 -109.962 1215.52
v 26.5143 -109.958 1215.19
v 26.3493 -109.99 1215.3
v 26.2887 -110.021 1215.38
v 26.2115 -110.11 1215.58
v 26.4597 -110.019 1215.09
v 26.2959 -110.046 1215.2
v 26.2439 -110.088 1215.3
v 26.2095 -110.15 1215.41
v 26.3261 -110.062 1214.93
v 26.2427 -110.021 1214.86
v 26.1683 -110.076 1215.06
v 26.0953 -110.018 1215
v 26.1522 -110.199 1215.32
v 26.1544 -110.136 1215.2
v 26.0122 -110.168 1215.16
v 25.9998 -110.29 1215.26
v 26.1181 -110.405 1215.54
v 25.7972 -110.268 1215.17
v 26.0407 -110.437 1215.42
v 25.8703 -110.462 1215.28
v 25.7262 -110.385 1215.16
v 25.8241 -110.574 1215.26
v 25.9475 -109.79 1214.89
v 26.131 -109.816 1214.62
v 25.8124 -110.032 1215.09
v 25.6091 -110.074 1215.1
v 25.4551 -110.123 1214.64
v 25.8181 -109.987 1214.19
v 25.6355 -110.419 1215.06
v 25.5718 -109.487 1214.06
v 25.367 -109.348 1213.85
v 25.4113 -109.501 1214.02
v 25.0228 -109.644 1214.47
v 25.2787 -109.414 1213.75
v 25.4579 -109.691 1214.17
v 25.2549 -109.571 1213.98
v 25.311 -109.662 1214.17
v 25.3014 -109.747 1214.3
v 25.2363 -109.693 1214.23
v 25.1618 -109.696 1214.29
v 25.2134 -109.768 1214.51
v 25.1038 -109.687 1214.38
v 25.0234 -109.68 1214.3
v 24.8569 -109.629 1214.34
v 25.5527 -109.981 1214.31
v 25.1613 -109.682 1214.15
v 25.0806 -109.698 1214.21
v 24.9105 -109.747 1214.13
v 24.6922 -109.716 1214.15
v 25.2041 -109.757 1213.68
v 25.15 -109.729 1213.81
v 25.044 -109.784 1213.96
v 24.0346 -109.073 1213.56
v 21.9526 -107.677 1210.25
v 30.6803 -113.924 1221.01
v 30.0031 -113.685 1220.02
v 29.0524 -112.373 1219.16
v 28.7339 -112.583 1219.03
v 28.4061 -112.762 1218.65
v 28.2611 -112.183 1217.75
v 26.1511 -110.269 1215.92
v 26.2821 -110.502 1216.32
v 26.116 -110.706 1215.69
v 25.9563 -110.631 1215.41
v 25.1468 -109.513 1214.91
v 24.9652 -109.405 1214.79
v 25.1627 -109.694 1214.8
v 25.022 -109.588 1214.67
v 24.787 -109.481 1214.51
v 24.2799 -109.202 1214.12
v 24.4908 -109.569 1214.14
v 20.1789 -106.802 1210.86
v 20.13 -106.523 1210.28
v 17.0969 -104.745 1207.77
v 17.2509 -105.074 1207.99
v 17.3494 -105.318 1207.56
v 35.9449 -117.509 1226.91
v 35.846 -117.193 1226.72
v 35.8466 -117.652 1226.49
v 35.7068 -117.161 1226.6
v 35.2959 -117.293 1226.55
v 35.5081 -117.288 1226.51
v 35.7571 -117.793 1226.39
v 33.2724 -115.727 1224.34
v 31.2576 -114.344 1222.01
v 31.4478 -114.713 1222.14
v 30.7041 -114.416 1221.9
v 30.6426 -114.491 1221.96
v 30.8168 -114.619 1221.81
v 30.7399 -114.657 1221.71
v 30.6817 -114.571 1221.66
v 30.732 -114.705 1221.84
v 30.6047 -113.956 1221.46
v 29.7085 -113.615 1220.17
v 16.9888 -104.986 1208.31
v 16.7623 -105.074 1208.48
v 35.5771 -118.106 1227.28
v 34.9703 -117.542 1226.91
v 33.8945 -117.234 1225.95
v 32.4172 -116.013 1225
v 32.7237 -116.441 1225.33
v 31.0908 -114.446 1222.82
v 30.5239 -114.627 1222.35
v 30.6443 -114.816 1222.62
v 29.7607 -114.164 1221.56
v 16.4716 -105.336 1208.51
v 16.0995 -105.342 1208.39
v 14.4569 -104.303 1207.46
v 14.7068 -104.476 1207.01
v 27.9117 -111.699 1215.76
v 27.2642 -111.035 1214.69
v 26.8013 -110.533 1214.49
v 26.6511 -110.558 1214.3
v 26.9318 -110.928 1214.33
v 26.3869 -110.353 1214.22
v 25.1566 -109.43 1212.94
v 24.571 -109.802 1212.62
v 37.722 -118.388 1226.62
v 27.5671 -111.575 1216.4
v 27.4254 -111.756 1216.49
v 26.0026 -111.272 1215.15
v 26.0616 -111.406 1214.93
v 25.0222 -109.881 1213.91
v 24.9326 -109.886 1213.96
v 24.7297 -109.882 1214
v 24.9316 -110.048 1213.89
v 25.0996 -110.054 1213.77
v 24.7083 -110.092 1213.89
v 24.6493 -110.379 1213.73
v 24.5141 -109.912 1213.91
v 24.4604 -109.936 1212.75
v 21.9758 -108.162 1211.01
v 22.1626 -107.984 1210.51
v 20.7061 -107.381 1209.73
v 21.0901 -107.458 1209.66
v 21.3958 -107.617 1209.75
v 30.7795 -114.673 1220.3
v 30.2838 -113.968 1220.06
v 28.1475 -112.306 1217.98
v 27.1969 -111.709 1216.54
v 26.3972 -111.351 1215.93
v 26.0584 -111.144 1215.44
v 24.2417 -109.661 1213.7
v 24.4395 -109.966 1213.81
v 20.446 -107.969 1210.22
v 17.9352 -106.476 1208.06
v 17.9253 -106.177 1207.72
v 17.1961 -105.517 1207.3
v 36.8928 -118.819 1227.44
v 37.0528 -118.999 1227.61
v 36.9455 -119.065 1227.11
v 36.0435 -118.448 1226.91
v 36.1979 -118.687 1226.33
v 34.564 -117.71 1225.28
v 34.3733 -117.367 1224.92
v 33.5812 -117.089 1224.11
v 31.5001 -114.964 1221.97
v 31.3887 -114.828 1221.86
v 31.2242 -114.771 1221.77
v 31.4048 -115.002 1221.74
v 30.6539 -114.752 1221.73
v 30.3937 -114.65 1221.68
v 31.1409 -114.849 1221.48
v 30.6358 -114.998 1221.92
v 30.6114 -115.368 1221.92
v 30.4558 -115.226 1221.78
v 29.8814 -114.837 1220.57
v 29.6491 -114.428 1220.97
v 16.9923 -106.731 1208.35
v 35.8345 -118.551 1227.1
v 35.3778 -118.372 1227.17
v 35.1156 -118.168 1227.08
v 35.1043 -118.316 1226.88
v 35.1587 -118.098 1226.57
v 33.5202 -117.198 1225.82
v 32.7999 -117.225 1224.92
v 33.1413 -117.597 1225.21
v 32.7111 -116.361 1224.33
v 32.6509 -116.693 1224.59
v 32.7922 -117.279 1224.74
v 30.6803 -115.264 1222.17
v 30.6177 -114.827 1222.13
v 30.2217 -114.953 1221.67
v 30.1075 -115.088 1221.6
v 30.3902 -115.418 1221.71
v 29.8214 -114.758 1221.38
v 15.8047 -105.675 1207.95
v 15.4181 -105.491 1207.52
v 29.6318 -113.399 1216.84
v 29.4253 -113.465 1216.69
v 27.1862 -111.775 1214.16
v 26.7333 -111.458 1214.17
v 25.5815 -110.695 1212.7
v 25.5081 -110.966 1213.22
v 24.7849 -110.019 1212.46
v 22.4139 -108.689 1210.18
v 22.5125 -109.012 1210.35
v 21.3841 -108.54 1209.34
v 29.7159 -114.354 1218.37
v 28.7811 -112.781 1217.19
v 28.7078 -113.71 1216.93
v 27.9468 -112.284 1215.97
v 27.7146 -112.456 1216.22
v 27.4898 -112.532 1216.27
v 27.2299 -112.716 1216.14
v 27.0633 -112.735 1215.96
v 26.275 -111.2 1214.36
v 26.3073 -111.69 1214.63
v 25.0661 -110.985 1213.57
v 25.3526 -111.069 1213.42
v 24.8764 -111.057 1213.52
v 24.775 -111.188 1213.4
v 24.68 -111.296 1213.17
v 21.9065 -108.942 1211.04
v 22.1982 -109.25 1210.89
v 22.3856 -109.372 1210.74
v 22.3604 -108.809 1210.62
v 20.5839 -107.952 1209.77
v 38.3216 -119.926 1227.42
v 37.3549 -119.095 1226.56
v 36.169 -118.979 1226.08
v 31.508 -115.68 1221.23
v 28.5344 -113.601 1218.05
v 28.5383 -113.773 1217.45
v 21.8773 -109.533 1210.91
v 20.8529 -108.855 1210.44
v 20.6331 -108.562 1210.28
v 36.0806 -119.305 1225.87
v 34.7495 -118.278 1224.98
v 33.2975 -117.417 1224.03
v 31.8659 -116.067 1222.09
v 30.6068 -115.663 1221.84
v 30.5409 -116.271 1221.55
v 17.6196 -107.003 1208.38
v 16.7582 -106.911 1208.13
v 16.5511 -107.002 1207.86
v 34.195 -118.768 1225.56
v 33.6809 -118.483 1225.32
v 33.1692 -117.85 1224.19
v 27.749 -112.922 1214.04
v 25.5392 -110.998 1212.25
v 30.419 -114.61 1217.49
v 30.391 -114.369 1217.07
v 29.1679 -113.701 1216.56
v 28.2844 -113.706 1215.55
v 28.4559 -113.558 1215.21
v 25.3398 -110.821 1212.19
v 24.8077 -111.137 1212.31
v 25.1799 -111.483 1211.94
v 21.8208 -109.445 1209.09
v 38.6393 -120.157 1226.39
v 38.449 -120.166 1226.11
v 30.0659 -114.832 1218
v 29.4873 -114.646 1218.25
v 26.9566 -113.108 1215.46
v 26.8115 -113.059 1215.08
v 24.5982 -110.989 1212.74
v 24.6213 -111.235 1212.91
v 20.797 -109.401 1209.35
v 21.1667 -108.758 1209.25
v 20.8938 -108.86 1209.33
v 20.7646 -108.905 1209.49
v 20.9685 -109.326 1209.11
v 20.8926 -109.337 1209.18
v 21.1528 -109.361 1209.01
v 20.962 -109.426 1209.06
v 20.8815 -109.441 1209.12
v 19.2124 -108.279 1207.88
v 19.5581 -108.717 1207.96
v 38.0203 -120.528 1227.33
v 37.6586 -120.635 1227.26
v 37.1578 -119.595 1226.65
v 29.2638 -114.727 1218.06
v 28.9973 -114.726 1217.74
v 21.5945 -109.588 1210.77
v 20.6949 -109.037 1209.98
v 20.7492 -109.463 1209.66
v 20.8047 -109.564 1209.86
v 20.6944 -108.977 1209.69
v 19.0577 -108.468 1208.28
v 19.4656 -108.81 1208.27
v 18.5971 -108.473 1208.41
v 37.2276 -120.362 1227.15
v 37.1344 -120.296 1227.06
v 36.4007 -120.401 1226.41
v 35.8897 -119.444 1225.81
v 34.0356 -118.844 1223.87
v 33.7612 -118.842 1223.91
v 32.0246 -116.821 1222.4
v 31.928 -117.804 1222.53
v 18.4473 -108.646 1208.4
v 16.7096 -107.355 1207.72
v 33.3784 -118.835 1224.58
v 33.5034 -118.994 1224.75
v 33.161 -118.165 1224.39
v 31.1987 -117.01 1222.24
v 29.8076 -114.534 1215.93
v 28.0123 -113.147 1214.07
v 25.8089 -112.234 1211.66
v 25.658 -112.233 1211.61
v 30.5026 -115.501 1217.34
v 29.4718 -114.323 1216.02
v 29.323 -114.59 1215.9
v 28.2157 -113.928 1215.61
v 27.5286 -113.186 1214.04
v 27.2933 -113.119 1214.19
v 27.2828 -113.68 1214.44
v 25.8089 -112.872 1212.92
v 25.0696 -111.613 1211.98
v 21.545 -109.527 1208.93
v 21.5592 -109.851 1208.71
v 21.1172 -109.878 1208.4
v 20.7192 -109.755 1208.09
v 38.2438 -120.885 1225.72
v 29.9024 -115.367 1217.91
v 30.1032 -115.459 1217.8
v 28.999 -115.201 1217.19
v 28.0484 -114.132 1215.63
v 27.7062 -114.066 1215.65
v 27.2859 -114.062 1214.83
v 27.6593 -114.42 1215.38
v 27.4289 -114.322 1215.07
v 25.6364 -112.898 1213
v 25.2792 -112.743 1213.04
v 25.1163 -112.777 1212.89
v 20.7617 -109.653 1209.38
v 20.7641 -109.8 1209.45
v 20.7065 -109.962 1209.27
v 21.1201 -109.494 1208.92
v 20.9324 -109.504 1209
v 20.8537 -109.527 1209.06
v 20.8029 -109.558 1209.16
v 20.8872 -109.565 1208.92
v 20.8023 -109.589 1208.98
v 20.7626 -109.622 1209.07
v 20.7338 -109.706 1209.19
v 21.0511 -109.631 1208.77
v 20.7732 -109.627 1208.77
v 20.6845 -109.646 1208.86
v 20.5967 -109.63 1208.74
v 20.4056 -109.511 1208.54
v 20.896 -109.69 1208.57
v 20.6825 -109.624 1208.51
v 20.5043 -109.877 1209.02
v 20.329 -109.735 1208.84
v 19.965 -109.166 1208.29
v 20.3047 -109.38 1208.16
v 19.6941 -108.851 1207.8
v 19.6695 -108.899 1207.63
v 19.3111 -108.446 1207.59
v 19.0286 -108.535 1207.23
v 18.314 -108.297 1207
v 32.645 -118.306 1221.57
v 31.6869 -116.959 1220.58
v 31.6831 -117.557 1220.23
v 31.3453 -116.715 1220.22
v 31.173 -116.607 1220.13
v 30.919 -116.826 1220.09
v 21.1075 -110.43 1209.86
v 20.845 -110.205 1209.54
v 20.6794 -110.395 1209.29
v 20.54 -110.282 1209.16
v 20.0346 -110.076 1208.91
v 19.9778 -109.508 1208.66
v 19.2259 -108.958 1208.45
v 19.163 -109.464 1208.56
v 17.6821 -108.332 1207.13
v 17.6493 -108.581 1207.32
v 18.2159 -108.579 1207.01
v 36.3587 -120.991 1226.32
v 36.0901 -120.633 1226.47
v 35.9349 -120.929 1226.33
v 35.749 -121.013 1226.09
v 34.8856 -119.555 1225.24
v 35.2132 -120.169 1224.93
v 33.619 -119.162 1224.12
v 31.8279 -118.33 1222.37
v 32.7913 -118.83 1222.09
v 30.7261 -117.383 1220.99
v 18.5127 -109.256 1208.3
v 18.1032 -109.126 1208
v 17.5539 -108.56 1207.6
v 35.7052 -120.544 1226.36
v 34.319 -119.801 1225.2
v 34.2137 -120.233 1224.84
v 33.5144 -119.159 1224.41
v 30.9256 -115.794 1216.36
v 30.8314 -115.75 1216.07
v 29.7718 -115.538 1215.16
v 28.5747 -114.327 1213.82
v 28.615 -114.096 1214.09
v 28.2356 -114.274 1213.73
v 27.962 -114.028 1213.85
v 28.0806 -114.537 1213.73
v 26.3221 -113.047 1211.82
v 23.3669 -111.589 1209.43
v 30.3245 -116.485 1217.22
v 30.6741 -116.748 1216.85
v 29.1327 -115.819 1215.96
v 27.653 -114.465 1214.22
v 27.8813 -114.411 1213.89
v 25.2057 -113.097 1211.78
v 25.0983 -113.268 1212.12
v 23.107 -111.399 1210.05
v 23.2218 -111.314 1209.78
v 23.0371 -111.803 1210.17
v 23.0953 -110.965 1209.39
v 21.7929 -110.484 1208.43
v 21.509 -110.664 1208.17
v 22.0224 -111.002 1208.33
v 21.1626 -110.05 1208.24
v 21.154 -110.39 1208.04
v 20.8982 -110.396 1207.83
v 20.7937 -110.406 1207.72
v 21.2066 -110.74 1208.04
v 21.0324 -110.707 1207.94
v 20.4767 -109.808 1207.73
v 38.0248 -122.019 1225.27
v 37.8093 -121.27 1225.62
v 30.0799 -116.339 1217.33
v 29.8354 -116.251 1217.3
v 29.5429 -116.283 1216.94
v 28.9835 -115.454 1216.67
v 25.4961 -113.324 1212.87
v 25.3014 -113.25 1212.8
v 25.157 -113.257 1212.59
v 25.0613 -113.193 1212.38
v 22.0559 -111.717 1210.06
v 20.0901 -109.634 1207.48
v 37.3191 -121.727 1226.3
v 37.4559 -122.296 1226.29
v 37.4693 -121.323 1225.83
v 37.3681 -121.487 1225.97
v 36.9471 -121.721 1225.57
v 36.4366 -121.448 1225.07
v 35.338 -120.559 1224.05
v 32.1615 -118.254 1220.51
v 31.5423 -117.688 1220.08
v 31.3943 -117.679 1220.03
v 20.8229 -110.686 1209.41
v 20.4132 -110.677 1209.09
v 20.9914 -111.107 1209.41
v 20.5946 -111.123 1209.02
v 20.2194 -110.98 1208.79
v 19.6482 -110.735 1208.5
v 36.0505 -121.223 1225.29
v 34.1467 -120.594 1224.39
v 32.5791 -118.836 1222.34
v 30.8793 -117.46 1220.3
v 30.9166 -117.837 1220.54
v 34.2215 -120.637 1224.54
v 30.3654 -116.046 1214.94
v 29.68 -116.014 1214.96
v 28.9924 -114.962 1214.09
v 28.987 -115.439 1214.48
v 26.4596 -113.924 1212.18
v 26.2641 -113.193 1211.44
v 26.5566 -113.709 1211.81
v 26.6206 -113.906 1211.35
v 26.1422 -113.45 1211.13
v 25.8031 -113.404 1211.15
v 25.7697 -113.85 1211.08
v 38.8367 -122.549 1225.56
v 38.6887 -122.281 1225.4
v 38.4714 -122.496 1225.13
v 29.3926 -115.981 1215.33
v 28.6868 -115.455 1214.9
v 28.5954 -116.056 1214.76
v 27.9256 -115.412 1214.8
v 27.9152 -115.577 1214.43
v 26.2454 -114.581 1212.38
v 26.3771 -114.406 1212.34
v 25.2907 -113.841 1212.26
v 25.7832 -114.255 1212.5
v 25.2733 -113.889 1212.08
v 25.6422 -114.243 1212.4
v 25.3758 -114.023 1211.71
v 23.5494 -112.445 1209.65
v 23.4882 -112.872 1209.83
v 22.046 -111.431 1208.23
v 21.3981 -110.987 1208.12
v 21.0801 -110.963 1208.05
v 21.5583 -111.518 1208.26
v 20.8338 -110.64 1207.7
v 20.8755 -110.779 1207.74
v 20.8385 -110.828 1207.6
v 20.7325 -110.82 1207.4
v 20.9289 -111.094 1207.69
v 20.9241 -111.095 1207.48
v 20.9699 -111.253 1207.36
v 21.0638 -111.358 1207.57
v 20.6488 -110.467 1207.52
v 20.0218 -110.496 1207.03
v 38.7824 -122.372 1226.1
v 37.6107 -122.143 1225.37
v 37.6773 -122.538 1225.04
v 37.392 -122.545 1225
v 32.8639 -119.525 1220.57
v 22.9217 -112.251 1210.18
v 22.4695 -112.211 1210.12
v 22.771 -112.374 1210.16
v 22.2232 -112.388 1209.81
v 20.7884 -111.392 1208.91
v 21.1189 -111.193 1208.19
v 20.8887 -111.494 1208.7
v 20.9552 -111.23 1208.15
v 21.1755 -111.504 1208.38
v 21.0151 -111.352 1208.32
v 21.037 -111.477 1208.44
v 20.8637 -111.356 1208.32
v 20.7067 -111.375 1208.46
v 20.4379 -111.4 1208.43
v 20.8059 -111.448 1208.2
v 20.7225 -111.474 1208.27
v 20.9364 -111.635 1208.08
v 20.7422 -111.612 1208.23
v 20.5046 -111.81 1208.28
v 20.956 -111.372 1207.93
v 19.7378 -110.795 1206.97
v 19.461 -110.921 1207.08
v 38.4222 -122.87 1226.36
v 37.7141 -122.711 1226.37
v 37.4795 -122.094 1225.57
v 37.3914 -122.198 1225.74
v 37.372 -122.316 1225.95
v 37.4422 -122.305 1225.45
v 37.3361 -122.37 1225.61
v 37.3251 -122.443 1225.75
v 37.2548 -122.466 1225.65
v 37.2379 -122.596 1225.74
v 37.1228 -122.604 1225.69
v 37.3332 -122.748 1225.95
v 37.2132 -122.775 1225.81
v 37.1463 -122.726 1225.75
v 37.0323 -122.722 1225.71
v 37.4686 -123.096 1226.06
v 37.2734 -122.975 1225.91
v 37.1108 -122.955 1225.78
v 36.976 -122.844 1225.71
v 36.9403 -121.793 1225.22
v 36.8987 -121.967 1225.76
v 37.3463 -122.363 1225.46
v 37.2688 -122.397 1225.52
v 37.1299 -122.331 1225.54
v 37.4924 -122.356 1225.3
v 37.2367 -122.372 1225.41
v 37.1617 -122.277 1225.29
v 37.1216 -122.451 1225.63
v 37.4264 -122.418 1225.24
v 37.2651 -122.394 1225.21
v 36.9485 -122.588 1225.71
v 37.1699 -122.419 1224.95
v 36.7464 -121.753 1224.99
v 36.3937 -122.008 1224.79
v 36.1542 -122.065 1224.95
v 36.8118 -122.269 1224.69
v 36.3243 -122.18 1224.62
v 36.2186 -122.17 1224.68
v 36.1577 -122.212 1224.58
v 36.099 -122.236 1224.82
v 36.5951 -122.272 1224.56
v 36.0016 -122.277 1224.69
v 35.872 -121.639 1224.15
v 36.0295 -122.118 1224.46
v 35.8603 -122.095 1224.61
v 32.0316 -118.639 1220.08
v 31.9503 -118.951 1219.95
v 31.4657 -118.941 1220.19
v 31.7227 -119.027 1219.97
v 20.4412 -111.211 1208.71
v 20.0673 -111.173 1208.53
v 19.9181 -111.404 1208.32
v 20.1184 -111.511 1208.35
v 19.0265 -110.813 1207.69
v 19.1983 -110.871 1207.27
v 36.7957 -122.383 1225.77
v 36.8548 -122.784 1225.7
v 36.5855 -122.523 1225.76
v 36.0067 -121.867 1225.33
v 36.0116 -122.113 1225.47
v 36.0706 -122.257 1225.1
v 36.0339 -122.385 1224.91
v 35.98 -122.395 1224.79
v 35.8489 -122.29 1224.68
v 35.3493 -121.468 1224.83
v 35.6264 -121.501 1224.66
v 35.1854 -121.704 1224.79
v 35.5762 -122.094 1224.71
v 34.4766 -120.843 1223.8
v 34.3454 -120.881 1223.97
v 32.6499 -120.327 1222.2
v 32.2538 -119.802 1222.09
v 31.9603 -119.549 1221.78
v 31.4666 -117.34 1215.45
v 30.3528 -116.815 1214.24
v 29.4935 -116.449 1213.76
v 29.2487 -116.051 1213.03
v 29.5047 -116.252 1213.37
v 28.9306 -115.861 1213.05
v 28.9365 -116.268 1212.88
v 26.5364 -114.198 1210.89
v 26.301 -114.213 1210.79
v 25.7439 -114.314 1211.1
v 23.7578 -112.677 1208.94
v 23.3299 -112.365 1208.67
v 23.5971 -112.961 1208.55
v 23.1408 -112.942 1208.47
v 23.8591 -113.241 1208.57
v 23.2121 -112.517 1208.51
v 22.7879 -112.457 1208.41
v 38.9085 -123.551 1225
v 38.6408 -123.19 1224.9
v 38.3907 -123.163 1224.79
v 30.2118 -117.455 1216.48
v 30.0363 -117.45 1216.32
v 29.5833 -117.072 1215.99
v 29.6793 -117.464 1215.5
v 29.4085 -116.839 1215.81
v 29.3971 -116.798 1215.52
v 29.5268 -116.832 1215.08
v 28.5307 -116.313 1214.63
v 28.478 -116.513 1214.44
v 28.3546 -116.453 1214.29
v 25.6869 -114.533 1211.26
v 25.7552 -114.874 1211.89
v 25.7081 -114.874 1211.52
v 22.9033 -113.1 1208.59
v 22.6609 -112.67 1208.49
v 22.411 -113.003 1209.02
v 22.5446 -112.872 1208.67
v 21.5809 -112.281 1207.24
v 20.8459 -111.292 1207.17
v 39.0032 -123.931 1225.32
v 37.9331 -122.845 1224.84
v 37.8218 -123.445 1224.46
v 37.1586 -122.673 1224.68
v 37.5714 -123.03 1224.63
v 22.9928 -113.188 1209.88
v 22.6265 -113.041 1209.71
v 22.6147 -113.285 1209.28
v 22.0082 -112.582 1209.31
v 38.1193 -123.575 1226.11
v 37.5221 -123.844 1225.79
v 37.0443 -123.345 1225.71
v 36.3394 -122.352 1224.3
v 36.7404 -122.572 1224.38
v 36.1854 -122.256 1224.18
v 36.0826 -122.219 1223.97
v 36.3012 -122.602 1223.95
v 20.1339 -111.753 1208.25
v 20.2171 -112.35 1207.99
v 19.5593 -111.495 1207.94
v 36.6704 -122.962 1225.62
v 36.4438 -122.826 1225.59
v 36.2683 -122.795 1225.48
v 36.1941 -123.122 1225.16
v 36.6061 -123.434 1225.41
v 35.9988 -122.493 1224.88
v 35.9089 -122.382 1224.72
v 36.0698 -122.608 1225.13
v 35.9172 -122.541 1224.79
v 35.8392 -122.489 1224.72
v 36.0205 -122.836 1224.93
v 35.8997 -122.764 1224.78
v 35.6582 -122.644 1224.64
v 36.019 -123.158 1224.85
v 35.6735 -123.044 1224.55
v 35.6052 -122.406 1224.67
v 35.1817 -122.353 1224.47
v 35.1398 -122.594 1224.22
v 31.9465 -120.263 1221.02
v 31.8763 -120.352 1220.55
v 31.7347 -117.899 1214.57
v 31.391 -117.521 1214.41
v 30.8673 -117.634 1213.66
v 30.8625 -117.218 1214.1
v 30.6684 -117.37 1213.86
v 30.4172 -117.495 1213.8
v 30.6474 -117.688 1213.59
v 29.9684 -117.196 1213.16
v 29.8971 -117.383 1213.48
v 27.2957 -115.469 1211.33
v 27.6496 -115.883 1210.72
v 30.992 -118.309 1215.87
v 30.9036 -118.73 1215.57
v 30.6117 -118.523 1215.64
v 30.2612 -118.478 1215.11
v 29.3087 -116.932 1214.16
v 29.044 -117.103 1214.25
v 28.913 -117.161 1214.21
v 28.9896 -117.522 1213.92
v 28.8348 -117.456 1213.77
v 28.5116 -116.872 1213.61
v 28.5951 -117.089 1213.77
v 28.5592 -116.339 1213.2
v 28.697 -116.337 1213.02
v 24.4623 -114.404 1209.25
v 23.4714 -113.207 1208.44
v 23.2686 -113.337 1208.48
v 23.7945 -113.56 1208.39
v 23.6108 -113.744 1208.37
v 30.6192 -118.043 1216.11
v 30.1652 -117.963 1215.82
v 29.673 -117.488 1215.12
v 26.4233 -115.692 1211.94
v 26.4078 -115.988 1211.62
v 23.7944 -113.977 1209.66
v 22.8238 -113.407 1208.88
v 22.8885 -113.657 1209.36
v 23.0664 -113.615 1208.72
v 23.0739 -113.911 1208.97
v 21.6845 -113.126 1207.93
v 22.0471 -113.041 1207.5
v 21.3165 -112.325 1206.92
v 21.0735 -112.168 1206.87
v 21.1805 -112.68 1206.75
v 38.965 -124.253 1225.46
v 37.3344 -123.457 1224.22
v 36.1492 -122.845 1223.63
v 34.2133 -122.059 1221.13
v 21.4133 -113.279 1208.03
v 21.0548 -113.283 1207.99
v 20.0019 -112.454 1207.53
v 20.0891 -112.519 1207.3
v 35.5405 -123.239 1223.67
v 35.8192 -123.127 1223.48
v 34.0363 -121.71 1221.57
v 32.2915 -120.702 1219.82
v 20.0485 -112.413 1207.75
v 36.9509 -123.915 1225.44
v 36.0535 -124.026 1224.5
v 35.2888 -122.948 1223.93
v 35.5351 -123.237 1224.33
v 31.3097 -117.986 1213.55
v 31.8229 -118.551 1213.38
v 30.7898 -117.839 1213.41
v 30.6716 -117.835 1213.44
v 30.8401 -117.912 1213.3
v 30.6338 -117.9 1213.35
v 31.023 -117.978 1213.25
v 30.5525 -117.939 1213.14
v 31.0205 -118.145 1212.87
v 30.669 -117.974 1212.65
v 30.0317 -117.241 1212.75
v 30.2784 -117.615 1212.92
v 30.1796 -117.554 1212.4
v 30.2414 -117.709 1213.85
v 30.131 -117.822 1213.99
v 30.4875 -117.838 1213.55
v 30.2737 -117.91 1213.71
v 30.0157 -117.888 1213.54
v 29.7944 -117.786 1213.68
v 30.5255 -117.908 1213.42
v 30.2168 -117.999 1213.6
v 30.1408 -117.978 1213.54
v 30.1849 -118.025 1213.75
v 30.148 -118.105 1213.92
v 29.9138 -117.952 1213.62
v 30.1327 -118.143 1213.75
v 30.1137 -118.076 1213.65
v 30.0194 -118.044 1213.61
v 30.1383 -118.26 1214
v 30.0262 -118.189 1213.66
v 29.911 -118.147 1213.63
v 30.1378 -118.34 1213.91
v 30.0223 -118.419 1213.69
v 29.8485 -118.347 1213.59
v 29.2653 -117.225 1212.45
v 29.1394 -117.382 1212.56
v 29.1077 -117.898 1212.84
v 27.3251 -115.821 1210.15
v 26.825 -115.7 1210.17
v 26.6728 -115.868 1210.23
v 24.8197 -114.578 1208.6
v 25.0583 -115.063 1208.89
v 24.7554 -114.88 1208.11
v 30.5504 -118.736 1215.27
v 30.9627 -119.28 1214.95
v 30.1266 -118.409 1214.65
v 30.2263 -118.67 1214.2
v 30.3512 -118.853 1214.45
v 30.0268 -118.06 1214.37
v 29.6515 -117.962 1213.7
v 29.5319 -118.129 1213.62
v 28.9624 -117.815 1213.27
v 29.4072 -118.213 1213.49
v 27.3729 -116.307 1211.58
v 27.2555 -116.466 1211.66
v 26.3785 -115.583 1210.51
v 26.2858 -115.824 1210.76
v 24.9131 -115.155 1209.14
v 24.7704 -115.315 1209.28
v 23.85 -114.815 1208.38
v 24.0955 -114.791 1208.17
v 23.5605 -114.1 1208.4
v 22.1899 -113.793 1206.64
v 39.1759 -124.875 1224.63
v 39.2343 -125.364 1224.76
v 38.7064 -124.696 1224.17
v 39.0932 -124.864 1224.39
v 24.2419 -115.221 1209.38
v 23.5774 -114.667 1209.32
v 23.5566 -114.81 1209.03
v 23.6846 -114.979 1208.81
v 22.1545 -114.202 1207.9
v 22.5161 -114.432 1207.8
v 21.8005 -114.372 1207.87
v 34.1946 -122.446 1220.28
v 33.5208 -121.738 1219.68
v 20.5112 -112.973 1207.07
v 37.93 -125.446 1225.2
v 33.7339 -123.041 1221.81
v 32.3935 -121.379 1220.03
v 36.4511 -124.326 1224.78
v 32.399 -119.714 1213.58
v 31.3839 -118.651 1212.44
v 32.1512 -119.586 1214.13
v 30.6962 -118.167 1212.19
v 30.1666 -117.936 1211.95
v 29.8549 -117.977 1211.95
v 29.707 -118.134 1212.02
v 27.9278 -117.096 1209.52
v 26.1124 -116.268 1208.41
v 31.8004 -119.705 1214.6
v 31.6961 -119.891 1214.56
v 31.3308 -119.731 1214.62
v 31.1695 -119.82 1214.28
v 30.2242 -118.812 1213.97
v 30.4537 -119.199 1214.01
v 30.3768 -119.358 1213.54
v 30.024 -118.65 1213.66
v 29.7087 -118.487 1213.47
v 30.1587 -118.988 1213.66
v 29.9872 -118.978 1213.36
v 29.5242 -118.385 1212.3
v 29.569 -118.765 1212.55
v 28.3104 -117.361 1210.88
v 28.1049 -117.614 1211.18
v 25.6808 -116.213 1209
v 25.8359 -116.11 1208.77
v 25.51 -115.654 1208.1
v 22.9884 -114.394 1206.84
v 30.6936 -119.204 1214.65
v 29.3655 -118.412 1213.16
v 27.4847 -117.323 1211.39
v 27.4144 -117.522 1211.22
v 26.9068 -117.122 1210.88
v 27.4225 -117.777 1210.91
v 26.7363 -116.774 1210.54
v 25.4256 -116.174 1209.14
v 25.2805 -116.392 1209.19
v 23.1343 -114.765 1207.46
v 23.3736 -114.841 1207.17
v 39.2483 -126.119 1224.73
v 22.8336 -115.422 1207.79
v 22.0006 -115.159 1207.54
v 21.4116 -114.463 1207.03
v 21.4037 -114.54 1207.43
v 21.3377 -114.488 1207.26
v 21.7237 -114.471 1206.77
v 21.5773 -113.824 1206.67
v 39.0708 -125.772 1225.01
v 38.9042 -125.996 1225.04
v 38.4003 -126.339 1224.91
v 33.3939 -122.012 1219.48
v 33.2831 -122.218 1219.43
v 21.436 -114.395 1207.63
v 36.9974 -125.601 1224.58
v 36.5358 -125.228 1223.26
v 34.0756 -123.372 1221.88
v 33.7818 -123.616 1221.48
v 33.4 -123.317 1220.95
v 31.7276 -119.46 1211.6
v 32.9021 -120.51 1212.66
v 32.6667 -120.716 1213.38
v 32.5274 -119.71 1212.98
v 31.2505 -119.176 1211.42
v 30.4831 -119.126 1211.37
v 31.1867 -119.374 1211.18
v 27.9647 -117.527 1209.34
v 27.3467 -117.226 1209.75
v 27.7859 -117.667 1209.42
v 25.7125 -116.505 1207.63
v 31.7209 -120.434 1214.05
v 27.2206 -117.415 1210.01
v 25.187 -116.087 1207.77
v 24.9385 -116.249 1207.92
v 23.82 -115.382 1206.84
v 23.6251 -115.431 1206.51
v 23.4736 -115.558 1206.37
v 25.0922 -116.556 1209.13
v 24.7239 -116.538 1208.75
v 24.6417 -116.461 1208.59
v 24.8053 -116.562 1208.28
v 23.0737 -115.421 1206.4
v 22.7821 -115.343 1206.47
v 39.483 -126.416 1223.92
v 39.0558 -126.397 1223.42
v 34.5425 -123.94 1219.56
v 21.8499 -115.164 1207.28
v 22.4432 -115.754 1206.88
v 37.0649 -125.497 1223.16
v 36.8323 -126.153 1223.11
v 33.4235 -122.947 1219.39
v 33.39 -123.437 1219.58
v 36.8468 -126.322 1223.98
v 36.6624 -126.177 1223.81
v 36.3319 -125.319 1223.49
v 36.5256 -125.969 1223.6
v 34.596 -124.808 1221.73
v 33.529 -124.062 1220.27
v 32.8219 -120.449 1211.99
v 32.4652 -120.255 1211.56
v 30.9336 -119.301 1211.19
v 31.0572 -119.773 1210.98
v 30.892 -119.892 1211.07
v 29.398 -118.819 1210.27
v 29.7828 -119 1209.81
v 30.2524 -119.813 1212.02
v 30.2858 -119.706 1211.77
v 30.5509 -119.796 1211.41
v 29.6116 -119.593 1210.35
v 29.0532 -119.41 1210.6
v 28.0333 -118.864 1209.65
v 24.7766 -116.581 1206.49
v 27.845 -118.655 1210.29
v 27.6092 -118.338 1210.08
v 26.7384 -118.048 1208.98
v 26.6057 -118.296 1208.97
v 26.2643 -118.242 1208.81
v 25.6238 -117.613 1208.77
v 39.42 -126.905 1223.33
v 23.4187 -116.56 1207.56
v 23.0461 -116.496 1207.28
v 23.0485 -116.575 1207.11
v 23.3016 -116.505 1206.59
v 37.9497 -126.8 1222.96
v 35.2178 -125.102 1219.86
v 34.5757 -124.466 1219.3
v 34.5547 -124.696 1219.21
v 37.1167 -126.275 1222.98
v 35.1823 -125.06 1221.66
v 35.5972 -125.544 1221.26
v 34.092 -124.643 1219.27
v 37.845 -126.883 1224.44
v 37.4765 -127.269 1223.99
v 36.7106 -126.252 1223.28
v 35.0364 -125.395 1221.73
v 33.2722 -121.292 1211.54
v 33.1691 -121.325 1211.22
v 32.3103 -120.696 1210.74
v 33.3086 -121.28 1211.81
v 29.9818 -119.225 1209.26
v 30.3807 -119.695 1209.26
v 29.3178 -118.988 1208.75
v 29.1453 -119.055 1208.7
v 29.7153 -119.286 1208.79
v 31.1645 -121.254 1211.48
v 30.0227 -120.441 1210.23
v 28.7901 -119.115 1208.84
v 28.5465 -119.138 1209.06
v 28.7286 -118.741 1208.86
v 30.988 -120.859 1211.95
v 28.9152 -119.611 1210.5
v 26.1369 -117.818 1207.53
v 26.238 -118.482 1207.8
v 25.2177 -117.503 1207.13
v 25.5589 -117.598 1206.81
v 26.3188 -118.704 1208.36
v 25.8527 -118.155 1208.17
v 24.652 -117.394 1207.46
v 24.6366 -117.823 1207.43
v 40.0123 -128.53 1223.02
v 39.5317 -128.103 1224
v 39.7652 -128.331 1223.71
v 35.6726 -125.676 1220.61
v 34.3046 -124.726 1219.19
v 39.0972 -128.566 1223.96
v 37.5839 -127.202 1222.73
v 37.182 -127.521 1222.94
v 37.4173 -127.644 1222.71
v 34.4145 -125.666 1219.32
v 37.2506 -127.668 1223.48
v 32.2791 -120.93 1210.48
v 32.1427 -120.997 1210.41
v 31.1094 -120.727 1209.14
v 30.371 -120.093 1208.63
v 30.3173 -120.407 1208.31
v 33.5923 -122.299 1212
v 33.2037 -122.482 1212.61
v 31.8679 -121.08 1210.44
v 31.5812 -121.153 1210.66
v 30.8057 -120.545 1209.57
v 30.1101 -119.975 1208.47
v 29.979 -120.001 1208.4
v 28.6543 -119.22 1207.79
v 27.7133 -119.244 1207.01
v 32.8383 -122.223 1212.89
v 32.7108 -122.413 1212.72
v 32.5763 -122.51 1212.45
v 31.265 -121.305 1211.2
v 30.0829 -120.848 1210.18
v 29.8039 -120.849 1210.13
v 29.7282 -120.945 1209.98
v 27.0246 -119.678 1207.92
v 25.9949 -118.933 1207.14
v 25.7813 -118.959 1207.22
v 25.6504 -119.032 1207.21
v 25.2352 -118.756 1207.19
v 39.6849 -128.854 1222.32
v 35.0908 -126.264 1219.13
v 34.8454 -126.244 1219.16
v 38.6929 -128.667 1223.83
v 38.1641 -128.644 1223.6
v 37.4404 -128.376 1223.04
v 37.5998 -128.782 1222.77
v 36.4692 -127.816 1221.52
v 36.0866 -127.421 1221.67
v 36.536 -127.551 1221.11
v 35.9608 -127.633 1221.69
v 35.6892 -127.328 1221.66
v 35.683 -127.655 1221.51
v 32.9528 -122.001 1210.1
v 31.3339 -121.185 1208.69
v 30.6822 -120.771 1208.29
v 30.2221 -120.698 1208.2
v 30.509 -120.968 1208.11
v 30.2741 -120.961 1208.13
v 30.379 -121.067 1208.06
v 30.5738 -121.166 1208.02
v 30.3254 -121.139 1207.96
v 29.798 -120.646 1207.85
v 29.4234 -120.246 1207.37
v 33.6134 -123.125 1212.08
v 33.5162 -123.313 1212.14
v 33.3544 -123.499 1212.1
v 33.2734 -123.611 1211.99
v 29.8414 -120.408 1208.34
v 30.0701 -120.862 1208.23
v 29.8978 -120.902 1208.33
v 29.781 -120.922 1208.19
v 29.6937 -120.982 1208.55
v 29.4299 -120.878 1208.42
v 30.1227 -121.03 1208.08
v 29.617 -121.052 1208.43
v 29.6043 -121.132 1208.55
v 29.5078 -121.076 1208.49
v 28.6584 -119.825 1206.99
v 28.0904 -119.346 1207
v 28.715 -120.228 1206.81
v 28.45 -120.257 1206.84
v 30.7739 -122.171 1209.85
v 30.5091 -122.116 1209.71
v 29.5412 -121.078 1209.53
v 29.4437 -121.066 1209.17
v 29.7479 -121.572 1208.97
v 29.5171 -121.033 1208.86
v 29.5854 -121.24 1208.65
v 29.6226 -121.346 1208.85
v 29.2177 -121.126 1208.56
v 29.5937 -121.396 1208.71
v 29.462 -121.29 1208.58
v 28.8359 -120.412 1208.58
v 28.8193 -120.87 1208.58
v 28.6529 -120.996 1208.47
v 27.4863 -119.663 1207.21
v 27.9065 -120.365 1207.23
v 27.624 -119.36 1207.04
v 27.9921 -120.575 1208.22
v 27.1829 -119.786 1207.66
v 25.6927 -119.51 1206.84
v 25.5531 -119.345 1206.56
v 40.0903 -129.19 1222.34
v 39.6969 -129.719 1223.43
v 38.1823 -128.676 1222.26
v 37.9743 -128.916 1222.23
v 37.9895 -129.418 1222.19
v 37.114 -128.718 1221.23
v 36.5651 -127.714 1220.48
v 35.3561 -127.174 1219.12
v 35.1572 -127.391 1219.31
v 38.4449 -129.859 1222.95
v 37.852 -129.007 1223.09
v 36.7291 -128.721 1221.57
v 36.957 -128.816 1221.46
v 35.9955 -128.126 1221.57
v 35.6061 -128.043 1221.02
v 34.8444 -127.09 1219.71
v 34.4883 -123.854 1210.67
v 34.4737 -124.43 1210.97
v 32.8838 -122.908 1209.85
v 32.1755 -122.923 1209.29
v 31.996 -123.02 1209.49
v 32.4317 -122.864 1208.9
v 30.968 -121.536 1207.93
v 30.4773 -121.247 1207.91
v 30.1579 -121.038 1207.49
v 30.3859 -121.272 1207.65
v 30.7259 -121.694 1207.46
v 29.6782 -120.995 1206.84
v 29.5573 -121.036 1206.74
v 32.6175 -123.659 1210.92
v 32.5985 -123.705 1210.67
v 31.6003 -123.142 1209.68
v 31.3476 -122.457 1209.77
v 28.5233 -120.754 1206.95
v 27.609 -120.333 1206.49
v 30.3076 -122.186 1209.36
v 29.7236 -121.61 1208.79
v 29.4931 -121.432 1208.62
v 29.2736 -121.457 1208.53
v 29.5655 -121.691 1208.59
v 29.5572 -121.992 1208.45
v 28.1079 -120.913 1207.91
v 28.3824 -121.275 1207.68
v 27.1903 -120.435 1206.83
v 26.9742 -120.616 1206.85
v 26.6813 -120.313 1206.15
v 36.1575 -127.784 1219.39
v 36.0539 -127.94 1219.18
v 38.3818 -130.495 1222.38
v 37.5267 -129.615 1221.2
v 37.3877 -129.664 1221.35
v 35.7711 -128.129 1219.13
v 35.9808 -128.158 1219.12
v 37.2019 -129.728 1221.44
v 37.0257 -129.752 1221.44
v 36.545 -128.932 1221.55
v 36.2443 -128.901 1221.31
v 36.7118 -129.522 1221.39
v 35.284 -127.861 1220.44
v 35.2705 -128.067 1219.98
v 34.6749 -124.123 1210.25
v 33.5342 -123.503 1209.54
v 30.2527 -121.819 1206.68
v 34.3343 -124.629 1211.19
v 33.9139 -124.996 1211.23
v 34.156 -125.064 1211.23
v 32.9496 -123.571 1209.94
v 30.3008 -121.567 1206.93
v 29.5324 -121.557 1206.68
v 29.9452 -121.665 1206.63
v 28.0365 -120.454 1205.94
v 28.0035 -120.592 1205.71
v 28.1235 -120.991 1205.65
v 33.4273 -124.625 1211.1
v 32.8033 -123.912 1210.34
v 31.6146 -123.476 1209.61
v 30.5615 -123.184 1208.6
v 29.5385 -122.348 1208.16
v 29.5171 -122.67 1207.68
v 29.0711 -122.031 1207.35
v 28.1443 -121.712 1206.66
v 27.8377 -120.919 1205.73
v 40.7416 -131.679 1222.15
v 40.3137 -130.56 1221.55
v 39.9258 -130.599 1221.46
v 40.3551 -130.882 1222.71
v 40.1536 -131.088 1222.75
v 38.8946 -130.96 1221.3
v 36.9646 -129.423 1219.24
v 39.8975 -131.06 1222.8
v 39.3887 -130.979 1222.71
v 37.5576 -130.535 1221.27
v 37.8699 -130.643 1221.16
v 38.041 -130.686 1221.03
v 37.8336 -129.901 1220.85
v 36.9604 -130.288 1221.08
v 36.6825 -130.181 1220.73
v 35.9649 -129.28 1220.3
v 35.2824 -125.337 1209.55
v 34.916 -124.728 1209.6
v 34.5062 -124.467 1209.37
v 34.3642 -124.545 1209.24
v 34.079 -124.503 1209.25
v 34.0788 -124.818 1209.23
v 31.1996 -122.747 1206.8
v 31.2254 -123.141 1206.54
v 31.0258 -123.24 1206.52
v 33.8956 -125.589 1210.69
v 29.2895 -122.128 1205.55
v 29.0841 -122.537 1206.46
v 29.1414 -122.878 1206.5
v 28.2491 -122.123 1206.59
v 28.1918 -122.214 1206.48
v 40.6953 -132.058 1222.11
v 40.4113 -131.992 1222.27
v 40.2355 -132.199 1222.2
v 39.1843 -130.85 1221.3
v 36.5377 -129.678 1219.07
v 36.9667 -129.797 1219.02
v 38.711 -131.081 1221.43
v 37.6415 -130.977 1221.15
v 37.5197 -130.976 1221.1
v 36.1247 -129.669 1219.57
v 36.2937 -129.554 1219.2
v 35.4785 -125.899 1209.57
v 35.1055 -125.287 1209.16
v 34.9436 -125.363 1208.97
v 34.703 -125.489 1208.93
v 33.7064 -124.758 1208.16
v 33.739 -125.652 1208.84
v 30.504 -123.407 1205.5
v 30.5896 -123.532 1205.77
v 30.3471 -123.507 1205.48
v 34.0845 -126.159 1209.96
v 33.7109 -125.549 1210.34
v 32.8759 -125.316 1209.23
v 32.3276 -124.867 1209.26
v 32.1183 -124.892 1209.02
v 31.3519 -124.802 1208.01
v 29.292 -123.436 1206.1
v 40.9932 -132.035 1221
v 40.8354 -131.974 1220.88
v 41.2816 -132.709 1220.85
v 39.6695 -131.731 1220.77
v 39.6972 -132.129 1220.48
v 40.1119 -132.274 1220.44
v 39.4166 -131.934 1220.68
v 39.4179 -132.222 1220.32
v 39.1043 -132.063 1220.1
v 39.2739 -132.22 1220.14
v 38.8342 -131.672 1220.02
v 37.944 -131.289 1218.88
v 40.1859 -132.858 1221.79
v 39.0682 -132.442 1221.16
v 39.1924 -132.652 1221.22
v 39.0919 -132.641 1221.01
v 39.2472 -131.785 1220.85
v 39.0707 -131.774 1221
v 38.9108 -131.898 1221.28
v 39.2387 -131.966 1220.76
v 38.8561 -131.72 1220.28
v 39.2036 -132.047 1220.7
v 39.1356 -132.063 1220.77
v 38.7873 -131.768 1220.53
v 39.0789 -132.096 1220.87
v 38.6498 -131.915 1220.74
v 39.3519 -132.077 1220.55
v 39.1889 -132.115 1220.49
v 39.0375 -132.03 1220.36
v 39.1082 -132.11 1220.57
v 39.0389 -132.087 1220.5
v 38.9762 -132.013 1220.46
v 39.0302 -132.134 1220.63
v 38.9556 -132.078 1220.57
v 39.0217 -132.191 1220.76
v 39.0296 -132.286 1221.01
v 39.1867 -132.135 1220.32
v 39.1211 -132.105 1220.41
v 39.1156 -132.081 1220.27
v 39.0425 -131.989 1220.22
v 38.8998 -132.217 1220.7
v 38.9586 -132.41 1220.84
v 38.6829 -132.438 1220.75
v 37.1389 -131.053 1218.97
v 37.5148 -131.119 1218.81
v 38.9016 -131.901 1221.59
v 36.9744 -131.164 1219.22
v 36.8967 -131.219 1219.66
v 35.5482 -126.066 1208.95
v 35.6934 -126.276 1209.07
v 35.4022 -125.986 1208.83
v 35.4418 -126.302 1208.7
v 35.8388 -126.835 1208.68
v 34.9612 -126.365 1208.81
v 34.4367 -126.034 1208.15
v 34.1512 -125.773 1208.43
v 34.2358 -125.684 1207.77
v 34.4699 -125.975 1207.88
v 32.5604 -124.562 1206.65
v 32.642 -125.209 1206.39
v 31.339 -124.374 1205.58
v 31.2981 -124.404 1205.45
v 31.5406 -124.642 1205.48
v 31.6634 -124.81 1205.65
v 33.6784 -126.06 1208.96
v 33.5215 -126.465 1208.96
v 31.4677 -124.999 1206.98
v 31.292 -124.573 1205.91
v 31.1638 -124.75 1206.13
v 34.317 -126.517 1210.06
v 31.299 -125.026 1207.57
v 31.3477 -125.081 1207.28
v 30.1433 -124.268 1206.4
v 30.4795 -124.456 1206.37
v 30.412 -124.707 1206.32
v 30.0804 -124.381 1206.19
v 41.4217 -133.187 1220.9
v 41.2044 -132.884 1220.45
v 40.6243 -133.468 1221.46
v 39.758 -132.59 1220.09
v 39.0895 -132.167 1219.76
v 39.4019 -132.465 1219.9
v 39.6269 -133.054 1221.37
v 39.2564 -133.255 1220.77
v 38.9118 -132.96 1220.66
v 38.5421 -132.76 1220.61
v 36.1871 -127.983 1209.08
v 35.9437 -127.232 1208.52
v 35.699 -127.956 1209.77
v 35.0614 -127.48 1209.02
v 32.4173 -125.559 1206.5
v 32.2864 -125.596 1205.53
v 35.4442 -128.108 1209.78
v 34.9338 -127.601 1209.59
v 31.3352 -125.854 1205.98
v 41.7888 -134.072 1219.94
v 41.9061 -134.274 1220.03
v 41.6346 -134.329 1220.61
v 41.3822 -134.439 1220.76
v 41.1869 -133.447 1219.96
v 39.6399 -133.346 1219.12
v 39.108 -133.186 1218.59
v 40.8884 -134.55 1220.79
v 38.6683 -133.383 1220.31
v 38.2949 -133.21 1220.1
v 36.1619 -128.13 1208.26
v 36.341 -128.287 1208.29
v 34.2729 -127.027 1206.32
v 33.9947 -126.987 1206.19
v 36.0652 -128.37 1209.42
v 33.0404 -126.925 1206.61
v 32.6978 -126.852 1206.05
v 32.3393 -125.764 1205.39
v 31.4308 -125.44 1205.59
v 32.218 -125.765 1205.37
v 32.0422 -125.848 1205.42
v 35.3139 -128.125 1209.67
v 31.9437 -126.207 1206.21
v 31.7459 -126.346 1206.23
v 31.8575 -126.622 1206.1
v 42.0938 -134.791 1219.88
v 42.1527 -134.789 1219.47
v 41.8917 -134.899 1219.02
v 41.3986 -135.421 1220.17
v 40.7557 -133.926 1219.42
v 40.2897 -134.09 1218.97
v 39.0483 -133.358 1218.39
v 40.5548 -134.528 1220.74
v 40.2196 -134.631 1220.47
v 38.6921 -133.137 1218.38
v 38.5853 -133.279 1218.36
v 38.9645 -133.762 1218.21
v 39.1221 -134.426 1219.84
v 38.7047 -134 1219.85
v 38.1836 -133.529 1219.58
v 38.2476 -133.894 1219.09
v 38.386 -134.063 1218.82
v 36.663 -129.08 1208.03
v 36.5838 -129.193 1207.9
v 35.3648 -127.897 1206.85
v 36.57 -128.679 1208.34
v 36.3837 -128.939 1208.02
v 36.2281 -128.91 1208.08
v 36.379 -129.137 1207.96
v 36.0181 -129.245 1208.34
v 36.3718 -129.236 1207.92
v 36.2942 -129.243 1207.98
v 33.2699 -126.959 1205.61
v 33.1119 -126.993 1205.83
v 33.2606 -126.877 1205.39
v 35.8458 -129.316 1208.87
v 35.9228 -129.447 1209.07
v 36.1662 -129.687 1209.12
v 34.9176 -128.668 1208.4
v 34.6579 -128.69 1208.29
v 33.1365 -127.5 1206.9
v 32.3237 -126.962 1206.19
v 32.3127 -127.219 1206.03
v 33.326 -127.754 1207.48
v 33.0715 -127.536 1207.18
v 42.6226 -135.991 1219.22
v 41.0309 -134.804 1218.73
v 40.3054 -134.783 1218.19
v 39.6888 -134.262 1218.15
v 40.8364 -135.431 1220.07
v 39.218 -135.275 1219.05
v 38.7005 -134.096 1218.34
v 39.0339 -134.346 1218.12
v 38.774 -134.591 1219.29
v 38.7321 -134.684 1219.03
v 37.1288 -129.922 1207.96
v 37.0711 -129.929 1207.66
v 36.6644 -129.416 1207.71
v 36.2015 -129.085 1207.51
v 36.5681 -129.435 1207.61
v 36.1809 -128.968 1207.12
v 36.4561 -129.4 1207.31
v 35.4703 -128.66 1206.23
v 35.2327 -128.656 1206.03
v 33.8865 -127.925 1205.19
v 36.6868 -130.158 1208.92
v 37.0985 -130.266 1208.46
v 36.2432 -129.885 1208.13
v 36.3123 -130.155 1208.22
v 36.2448 -130.054 1208.02
v 36.1542 -130.181 1207.98
v 36.4219 -129.294 1207.8
v 36.3798 -129.316 1207.74
v 36.3157 -129.303 1207.65
v 36.3248 -129.303 1207.85
v 36.3049 -129.315 1207.8
v 36.2318 -129.297 1207.73
v 36.0948 -129.084 1207.72
v 36.2273 -129.371 1208.01
v 36.2695 -129.327 1207.92
v 36.2272 -129.351 1207.87
v 36.154 -129.31 1207.81
v 36.1444 -129.413 1207.91
v 35.8293 -129.046 1207.99
v 36.1681 -129.616 1208.07
v 36.0338 -129.678 1208.01
v 34.3695 -128.081 1206.11
v 33.6798 -128.468 1205.34
v 33.6126 -127.874 1205.22
v 35.7024 -129.599 1208.13
v 34.186 -129.184 1207.15
v 32.9143 -127.882 1205.69
v 43.1276 -136.384 1218.37
v 42.4487 -136.184 1219.36
v 40.4819 -135.643 1217.52
v 40.196 -135.019 1217.85
v 39.9517 -134.94 1217.82
v 39.7508 -135.613 1217.74
v 40.0476 -135.534 1217.6
v 39.9946 -135.976 1219.04
v 37.8797 -131.233 1207.2
v 36.9914 -130.319 1206.86
v 37.3191 -130.38 1208.04
v 37.2918 -130.279 1207.59
v 35.2604 -129.407 1205.91
v 35.7307 -129.732 1205.84
v 35.0735 -129.572 1205.65
v 34.8054 -129.438 1205.81
v 35.641 -129.851 1205.78
v 35.253 -129.602 1205.38
v 35.3219 -129.835 1205.84
v 35.2336 -129.827 1205.74
v 34.753 -128.889 1205.37
v 34.6558 -128.806 1205.18
v 36.6231 -130.888 1208.65
v 36.8482 -131.072 1208.64
v 36.6462 -131.104 1208.37
v 36.3902 -130.303 1208.02
v 36.5988 -130.85 1207.92
v 36.5249 -130.771 1207.87
v 36.6148 -130.91 1208.03
v 36.481 -130.911 1207.85
v 35.1265 -129.915 1206.06
v 35.0361 -130.094 1206.25
v 34.3612 -129.325 1206.6
v 34.3372 -129.492 1206.85
v 33.856 -129.11 1206.13
v 33.8065 -129.44 1206.06
v 33.8885 -129.646 1205.92
v 43.3842 -136.778 1217.71
v 40.7139 -135.674 1217.56
v 38.1547 -131.956 1207.44
v 37.6596 -131.114 1206.87
v 37.1425 -131.027 1206.23
v 36.5278 -130.576 1205.91
v 37.8652 -131.996 1207.95
v 35.155 -129.95 1205.89
v 35.3689 -129.775 1205.21
v 35.5031 -129.943 1205.54
v 35.6878 -130.171 1205.41
v 35.0716 -129.581 1205.06
v 34.8554 -129.538 1205.07
v 37.5933 -132.243 1208.15
v 37.2118 -132.184 1208.11
v 36.7683 -131.45 1208.15
v 36.7282 -131.448 1207.98
v 36.9524 -131.833 1208.12
v 36.9337 -132.018 1207.92
v 36.3347 -131.18 1207.85
v 35.9544 -131.311 1207.54
v 34.9144 -130.569 1206.13
v 35.2578 -130.967 1206.52
v 35.1444 -130.218 1206.1
v 35.1208 -130.106 1205.99
v 34.9803 -130.131 1206.01
v 35.1182 -130.249 1206.05
v 43.4354 -137.196 1217.19
v 43.938 -137.634 1217.51
v 44.1331 -137.744 1217.09
v 43.6806 -137.596 1217.91
v 43.5411 -137.731 1218.04
v 43.3686 -137.852 1218.12
v 41.932 -136.814 1217.06
v 42.7976 -137.558 1218.49
v 41.701 -137.089 1216.76
v 42.2578 -137.71 1218.36
v 41.6109 -137.562 1218.32
v 40.9404 -137.589 1217.97
v 40.7838 -137.37 1217.14
v 40.194 -136.842 1218.2
v 40.1859 -136.926 1217.88
v 36.0023 -130.746 1205.18
v 36.4282 -130.973 1205.53
v 37.937 -132.427 1207.94
v 37.4319 -132.327 1208.13
v 37.0633 -132.291 1207.86
v 36.667 -132.095 1207.61
v 36.0079 -132.085 1206.88
v 35.518 -131.468 1206.74
v 35.672 -131.778 1206.5
v 35.6517 -131.816 1206.34
v 35.8526 -132.095 1206.57
v 35.4206 -131.243 1206.36
v 35.3437 -131.208 1206.21
v 34.9799 -131.123 1205.46
v 44.2058 -138.639 1217.21
v 42.5765 -137.658 1216.46
v 42.1366 -137.961 1216.29
v 41.5122 -137.241 1216.71
v 40.5931 -137.31 1217.38
v 40.6863 -137.599 1217.58
v 40.9029 -137.79 1217.69
v 36.5983 -131.573 1205.16
v 36.3829 -131.599 1204.98
v 36.2884 -131.76 1204.94
v 36.9701 -133.149 1206.98
v 35.9048 -131.87 1205.04
v 45.0398 -139.089 1216.04
v 35.711 -132.146 1206.25
v 35.4429 -131.854 1206.15
v 35.4141 -132.017 1206.04
v 35.2401 -131.849 1205.69
v 35.3759 -132.102 1205.8
v 44.4477 -138.827 1215.66
v 43.9435 -139.023 1217.24
v 43.6389 -139.413 1217.03
v 42.4903 -139.209 1216.97
v 41.867 -138.499 1217.48
v 41.6107 -138.557 1217.26
v 41.8323 -138.065 1216.4
v 41.5577 -138.526 1216.82
v 41.4657 -138.494 1217.13
v 39.1403 -133.715 1206.5
v 39.0175 -133.799 1206.83
v 38.8396 -133.896 1207.14
v 38.7734 -134.041 1207.19
v 38.0848 -133.803 1207.33
v 36.1253 -133.015 1206.06
v 36.2083 -133.325 1205.6
v 36.026 -133.039 1205.86
v 36.3621 -133.381 1205.33
v 45.0207 -139.043 1215.77
v 45.3072 -139.449 1215.57
v 45.4149 -139.66 1215.3
v 45.2463 -139.546 1215.24
v 44.8429 -138.995 1215.64
v 45.101 -139.494 1216.13
v 44.2228 -139.239 1215.23
v 42.4253 -139.189 1216.07
v 42.4343 -139.441 1216.59
v 42.2121 -139.241 1216.5
v 39.4916 -134.244 1205.65
v 39.5232 -134.323 1205.89
v 39.6607 -134.648 1205.6
v 39.6065 -134.623 1205.35
v 39.6559 -134.769 1205.38
v 39.6734 -134.884 1205.59
v 39.3415 -134.139 1205.48
v 39.4184 -134.667 1206.47
v 39.3295 -134.854 1206.63
v 39.5702 -134.949 1206.22
v 39.4887 -135.028 1206.41
v 39.4322 -135.17 1206.46
v 39.6017 -135.104 1206.03
v 39.5325 -135.188 1206.25
v 39.5553 -134.66 1206.15
v 39.6289 -134.84 1205.98
v 37.6251 -133.25 1204.82
v 37.6019 -133.919 1204.6
v 39.1868 -135.088 1206.67
v 38.7614 -134.597 1206.98
v 45.7866 -140.497 1215.16
v 45.554 -140.031 1214.93
v 45.7342 -140.203 1215.07
v 45.8617 -140.51 1214.92
v 37.0244 -134.359 1205.76
v 36.9174 -134.33 1205.58
v 45.593 -140.273 1215.5
v 45.386 -140.227 1215.79
v 45.349 -140.556 1215.78
v 45.6398 -140.607 1215.43
v 45.5723 -139.999 1215.42
v 45.0855 -139.669 1215.01
v 44.2496 -139.844 1214.88
v 45.1008 -140.776 1215.89
v 44.0844 -140.089 1214.86
v 43.1659 -140.331 1215.82
v 43.1682 -140.007 1216.43
v 43.0539 -140.155 1216.12
v 42.8753 -139.9 1215.9
v 39.61 -134.806 1205.22
v 39.6262 -134.952 1205.28
v 39.5989 -135.165 1205.49
v 39.513 -135.023 1205.02
v 39.4696 -135.34 1205.17
v 39.4267 -134.751 1204.98
v 38.9529 -134.51 1204.78
v 39.1826 -134.823 1204.71
v 39.3257 -134.993 1204.77
v 38.8401 -134.85 1204.53
v 39.1184 -135.082 1204.61
v 39.1592 -135.234 1204.64
v 39.3284 -135.349 1204.85
v 38.5862 -134.937 1204.46
v 39.421 -135.351 1206.36
v 39.3265 -135.368 1206.43
v 39.4991 -135.36 1206.14
v 39.4186 -135.477 1206.18
v 39.3454 -135.509 1206.24
v 39.4307 -135.513 1206.01
v 39.3354 -135.619 1206.02
v 39.2002 -135.712 1206
v 39.5006 -135.421 1205.82
v 39.064 -135.634 1206.17
v 39.3387 -135.671 1205.7
v 39.3578 -135.619 1205.42
v 38.2391 -134.516 1204.48
v 38.0316 -134.693 1204.52
v 37.6497 -134.57 1204.7
v 39.0916 -135.377 1206.47
v 38.8292 -135.386 1206.35
v 37.9013 -135.252 1205.75
v 37.8557 -135.419 1205.4
v 37.0748 -134.487 1205.31
v 37.389 -134.565 1204.93
v 37.3859 -134.932 1205.36
v 37.4918 -135.047 1205.49
v 37.5756 -135.048 1205.09
v 37.7817 -135.335 1205.2
v 45.874 -140.717 1214.88
v 45.8424 -140.887 1214.76
v 45.7665 -140.973 1214.97
v 45.8514 -140.521 1214.75
v 45.6075 -140.392 1214.6
v 45.7934 -140.564 1214.62
v 45.8879 -140.669 1214.78
v 45.3935 -140.439 1214.5
v 45.8603 -140.702 1214.64
v 45.8804 -140.761 1214.73
v 45.6321 -140.594 1214.48
v 45.8417 -140.802 1214.59
v 45.7878 -140.746 1214.52
v 45.5024 -140.661 1214.4
v 45.7629 -140.85 1214.48
v 45.6828 -140.806 1214.43
v 45.1956 -140.69 1214.38
v 45.7564 -140.987 1214.56
v 45.7324 -141.055 1214.71
v 45.6388 -141.046 1214.47
v 45.4871 -140.954 1214.36
v 45.5481 -141.214 1214.63
v 45.7548 -140.76 1215.19
v 45.5192 -140.864 1215.51
v 45.4114 -141.074 1215.48
v 45.5515 -141.096 1215.28
v 45.5846 -141.193 1214.99
v 45.292 -141.366 1215.23
v 45.0135 -140.993 1214.37
v 45.3055 -141.418 1214.88
v 45.0446 -140.272 1214.57
v 44.7182 -140.474 1214.52
v 44.5408 -140.784 1214.53
v 44.4205 -141.067 1214.61
v 44.8445 -141.033 1215.85
v 45.0782 -141.216 1215.63
v 44.5822 -141.229 1215.76
v 44.973 -141.439 1215.44
v 44.7782 -141.428 1215.54
v 44.5355 -141.438 1215.57
v 44.2155 -141.448 1215.5
v 44.0615 -140.604 1214.82
v 44.0419 -140.963 1214.88
v 43.859 -141.061 1215.12
v 44.1208 -141.22 1215.73
v 43.8843 -141.178 1215.66
v 43.8705 -141.246 1215.49
v 43.8193 -141.171 1215.35
v 39.2357 -135.662 1205.06
v 39.0309 -135.431 1204.62
v 39.1577 -135.514 1204.76
v 38.8658 -135.325 1204.53
v 38.7433 -135.509 1204.57
v 39.0279 -135.775 1204.88
v 38.9259 -135.689 1204.72
v 39.1865 -135.828 1205.45
v 39.1735 -135.831 1205.64
v 38.8913 -135.892 1205.74
v 38.96 -135.928 1205.63
v 39.0305 -135.919 1205.23
v 39.0385 -135.932 1205.42
v 38.73 -135.958 1205.52
v 38.8828 -135.948 1205.06
v 38.8746 -135.988 1205.35
v 38.7319 -135.986 1205.19
v 38.4886 -135.273 1204.51
v 38.8989 -135.815 1204.83
v 38.7691 -135.729 1204.7
v 38.4892 -135.64 1204.7
v 38.4422 -135.802 1204.93
v 38.5326 -135.933 1205.28
v 38.3717 -135.829 1205.17
v 38.7473 -135.907 1204.92
v 38.6182 -135.813 1204.81
v 38.595 -135.93 1205.05
v 38.0521 -135.157 1204.66
v 37.9748 -135.32 1204.84
v 38.6079 -135.791 1205.77
v 38.3563 -135.776 1205.54
v 45.3239 -141.181 1214.4
v 45.3143 -141.362 1214.6
v 45.0921 -141.256 1214.41
v 44.7261 -141.13 1214.47
v 45.13 -141.513 1214.99
v 45.0932 -141.391 1214.51
v 45.1399 -141.481 1214.7
v 44.5993 -141.321 1214.58
v 44.8618 -141.423 1214.54
v 44.858 -141.526 1214.66
v 44.9167 -141.588 1214.86
v 44.962 -141.543 1215.23
v 44.7582 -141.56 1215.32
v 44.4813 -141.578 1215.3
v 44.1534 -141.38 1214.98
v 44.2145 -141.518 1215.31
v 44.8395 -141.609 1215.08
v 44.3742 -141.378 1214.76
v 44.6233 -141.625 1215.13
v 44.1994 -141.51 1215.15
v 44.6347 -141.6 1214.85
v 44.576 -141.537 1214.76
v 44.414 -141.558 1214.91
v 44.4122 -141.6 1215.06
v 35.0261 -100.182 1231.37
v 31.6094 -100.631 1228.12
v 31.3388 -100.688 1228.09
v 33.7494 -104.568 1228.6
v 33.9518 -104.881 1228.62
v 33.2474 -104.348 1228.28
v 33.2931 -104.595 1228.28
v 33.0098 -104.65 1228.15
v 32.7155 -103.738 1227.66
v 33.0043 -104.176 1228.01
v 31.8535 -103.703 1226.79
v 31.0284 -103.026 1226.32
v 32.8108 -104.746 1228.35
v 32.4675 -104.68 1228.26
v 32.4675 -104.68 1228.26
v 31.0083 -103.199 1227.08
v 31.3217 -103.606 1227.25
v 31.4777 -103.575 1226.86
v 32.7882 -104.743 1227.86
v 32.7882 -104.743 1227.86
v 32.7681 -105.082 1227.74
v 32.0428 -104.154 1226.82
v 30.4896 -103.258 1225.6
v 29.615 -102.917 1224.5
v 33.4745 -105.36 1229.09
v 32.7246 -104.747 1228.09
v 32.7246 -104.747 1228.09
v 32.7246 -104.747 1228.09
v 31.6975 -104.119 1226.92
v 30.3402 -103.257 1225.9
v 28.6149 -102.29 1224.47
v 28.4405 -102.19 1224.53
v 28.946 -102.367 1224.38
v 28.6698 -102.262 1224.24
v 28.1178 -102.489 1223.66
v 28.0213 -104.685 1222.82
v 25.7672 -103.21 1219.85
v 25.7672 -103.21 1219.85
v 25.6988 -103.421 1219.54
v 25.6988 -103.421 1219.54
v 25.502 -103.606 1219.54
v 25.502 -103.606 1219.54
v 25.439 -103.202 1220.02
v 25.6598 -103.699 1219.39
v 25.6598 -103.699 1219.39
v 25.4144 -104.037 1219.33
v 23.7439 -102.883 1217.54
v 25.5067 -104.506 1219.24
v 22.2784 -103.682 1213.39
v 22.6571 -104.29 1213.53
v 23.181 -104.961 1213.64
v 26.6834 -107.083 1218.4
v 26.5493 -107.155 1218.38
v 22.1327 -103.959 1213.33
v 21.1335 -103.8 1212.69
v 26.5973 -107.172 1218.58
v 26.5973 -107.172 1218.58
v 26.5973 -107.172 1218.58
v 23.6433 -105.725 1213.68
v 28.1501 -108.846 1218.92
v 20.9551 -103.89 1211.75
v 20.8561 -104.148 1212.09
v 32.6635 -112.672 1225.92
v 32.6635 -112.672 1225.92
v 32.5899 -112.709 1225.82
v 32.5899 -112.709 1225.82
v 32.5899 -112.709 1225.82
v 32.5364 -112.644 1225.75
v 32.5364 -112.644 1225.75
v 32.6111 -112.712 1225.99
v 32.6111 -112.712 1225.99
v 32.4459 -112.668 1225.82
v 32.795 -112.781 1225.72
v 32.5127 -112.744 1225.87
v 32.7613 -112.843 1225.55
v 32.7613 -112.843 1225.55
v 32.8805 -113.05 1225.47
v 19.61 -104.196 1210.04
v 17.8134 -103.686 1209.89
v 17.2117 -103.385 1209.58
v 16.7769 -103.417 1209.37
v 28.4823 -110.484 1218.25
v 29.3148 -111.391 1219.46
v 16.2564 -104.084 1208.85
v 29.8705 -112.653 1219.9
v 29.7036 -112.616 1219.88
v 29.3001 -111.556 1219.55
v 29.2618 -111.744 1219.62
v 29.2618 -111.744 1219.62
v 29.1768 -111.818 1219.66
v 29.2077 -111.8 1219.41
v 28.7324 -112.045 1219.35
v 30.912 -113.474 1221.98
v 26.1683 -110.076 1215.06
v 26.1683 -110.076 1215.06
v 25.6091 -110.074 1215.1
v 25.6355 -110.419 1215.06
v 25.2549 -109.571 1213.98
v 25.1613 -109.682 1214.15
v 25.15 -109.729 1213.81
v 30.0031 -113.685 1220.02
v 35.9449 -117.509 1226.91
v 30.8168 -114.619 1221.81
v 30.8168 -114.619 1221.81
v 30.8168 -114.619 1221.81
v 30.7399 -114.657 1221.71
v 30.7399 -114.657 1221.71
v 30.7399 -114.657 1221.71
v 30.732 -114.705 1221.84
v 30.732 -114.705 1221.84
v 30.2838 -113.968 1220.06
v 33.5812 -117.089 1224.11
v 31.2242 -114.771 1221.77
v 31.2242 -114.771 1221.77
v 30.6539 -114.752 1221.73
v 31.1409 -114.849 1221.48
v 31.1409 -114.849 1221.48
v 30.6358 -114.998 1221.92
v 30.6358 -114.998 1221.92
v 30.4558 -115.226 1221.78
v 20.5043 -109.877 1209.02
v 30.919 -116.826 1220.09
v 28.5747 -114.327 1213.82
v 32.5791 -118.836 1222.34
v 20.9552 -111.23 1208.15
v 20.9552 -111.23 1208.15
v 20.9552 -111.23 1208.15
v 20.9552 -111.23 1208.15
v 21.0151 -111.352 1208.32
v 21.0151 -111.352 1208.32
v 21.037 -111.477 1208.44
v 20.8637 -111.356 1208.32
v 20.7067 -111.375 1208.46
v 20.4379 -111.4 1208.43
v 20.4379 -111.4 1208.43
v 20.8059 -111.448 1208.2
v 20.7225 -111.474 1208.27
v 20.956 -111.372 1207.93
v 37.3361 -122.37 1225.61
v 37.3251 -122.443 1225.75
v 37.2548 -122.466 1225.65
v 37.2548 -122.466 1225.65
v 37.3463 -122.363 1225.46
v 37.3463 -122.363 1225.46
v 37.2688 -122.397 1225.52
v 37.2688 -122.397 1225.52
v 37.2688 -122.397 1225.52
v 37.2688 -122.397 1225.52
v 37.1299 -122.331 1225.54
v 37.1299 -122.331 1225.54
v 37.2367 -122.372 1225.41
v 37.2367 -122.372 1225.41
v 37.1216 -122.451 1225.63
v 37.1216 -122.451 1225.63
v 37.1216 -122.451 1225.63
v 36.1542 -122.065 1224.95
v 36.2186 -122.17 1224.68
v 36.1577 -122.212 1224.58
v 36.1577 -122.212 1224.58
v 36.1577 -122.212 1224.58
v 36.099 -122.236 1224.82
v 36.099 -122.236 1224.82
v 36.0016 -122.277 1224.69
v 36.0016 -122.277 1224.69
v 36.0016 -122.277 1224.69
v 36.0016 -122.277 1224.69
v 35.872 -121.639 1224.15
v 36.0295 -122.118 1224.46
v 36.0295 -122.118 1224.46
v 36.0295 -122.118 1224.46
v 23.7578 -112.677 1208.94
v 36.1854 -122.256 1224.18
v 29.3087 -116.932 1214.16
v 23.7944 -113.977 1209.66
v 30.5525 -117.939 1213.14
v 30.5525 -117.939 1213.14
v 30.2168 -117.999 1213.6
v 30.2168 -117.999 1213.6
v 30.1408 -117.978 1213.54
v 30.1408 -117.978 1213.54
v 30.1849 -118.025 1213.75
v 30.1137 -118.076 1213.65
v 30.1137 -118.076 1213.65
v 30.1137 -118.076 1213.65
v 30.0194 -118.044 1213.61
v 24.8197 -114.578 1208.6
v 32.8383 -122.223 1212.89
v 33.3544 -123.499 1212.1
v 30.0701 -120.862 1208.23
v 30.0701 -120.862 1208.23
v 29.8978 -120.902 1208.33
v 29.8978 -120.902 1208.33
v 29.8978 -120.902 1208.33
v 29.781 -120.922 1208.19
v 29.781 -120.922 1208.19
v 29.6937 -120.982 1208.55
v 29.6937 -120.982 1208.55
v 29.6937 -120.982 1208.55
v 30.1227 -121.03 1208.08
v 30.1227 -121.03 1208.08
v 30.1227 -121.03 1208.08
v 30.1227 -121.03 1208.08
v 29.617 -121.052 1208.43
v 29.617 -121.052 1208.43
v 29.617 -121.052 1208.43
v 29.6043 -121.132 1208.55
v 29.5078 -121.076 1208.49
v 29.5078 -121.076 1208.49
v 29.5171 -121.033 1208.86
v 29.5854 -121.24 1208.65
v 29.5854 -121.24 1208.65
v 29.5854 -121.24 1208.65
v 29.462 -121.29 1208.58
v 26.9742 -120.616 1206.85
v 35.7711 -128.129 1219.13
v 28.1918 -122.214 1206.48
v 30.504 -123.407 1205.5
v 30.504 -123.407 1205.5
v 29.292 -123.436 1206.1
v 39.1356 -132.063 1220.77
v 39.0789 -132.096 1220.87
v 39.0302 -132.134 1220.63
v 39.0302 -132.134 1220.63
v 38.9556 -132.078 1220.57
v 39.0217 -132.191 1220.76
v 39.0217 -132.191 1220.76
v 39.0296 -132.286 1221.01
v 38.8998 -132.217 1220.7
v 38.8998 -132.217 1220.7
v 38.8998 -132.217 1220.7
v 38.9586 -132.41 1220.84
v 38.9586 -132.41 1220.84
v 38.9586 -132.41 1220.84
v 38.6829 -132.438 1220.75
v 32.642 -125.209 1206.39
v 33.5215 -126.465 1208.96
v 30.412 -124.707 1206.32
v 31.3352 -125.854 1205.98
v 36.341 -128.287 1208.29
v 31.7459 -126.346 1206.23
v 31.8575 -126.622 1206.1
v 36.5838 -129.193 1207.9
v 36.2942 -129.243 1207.98
v 33.2606 -126.877 1205.39
v 36.1662 -129.687 1209.12
v 34.9176 -128.668 1208.4
v 32.3237 -126.962 1206.19
v 32.3127 -127.219 1206.03
v 36.2448 -130.054 1208.02
v 36.3157 -129.303 1207.65
v 36.2318 -129.297 1207.73
v 36.2273 -129.371 1208.01
v 36.2273 -129.371 1208.01
v 36.2273 -129.371 1208.01
v 36.2695 -129.327 1207.92
v 36.2272 -129.351 1207.87
v 36.2272 -129.351 1207.87
v 36.154 -129.31 1207.81
v 36.154 -129.31 1207.81
v 36.1444 -129.413 1207.91
v 36.1444 -129.413 1207.91
v 36.1444 -129.413 1207.91
v 36.1444 -129.413 1207.91
v 36.1681 -129.616 1208.07
v 36.1681 -129.616 1208.07
v 36.1681 -129.616 1208.07
v 36.0338 -129.678 1208.01
v 36.0338 -129.678 1208.01
v 35.641 -129.851 1205.78
v 35.641 -129.851 1205.78
v 35.3219 -129.835 1205.84
v 35.3219 -129.835 1205.84
v 35.3219 -129.835 1205.84
v 35.3219 -129.835 1205.84
v 35.2336 -129.827 1205.74
v 35.2336 -129.827 1205.74
v 34.6558 -128.806 1205.18
v 36.3902 -130.303 1208.02
v 36.5988 -130.85 1207.92
v 36.5249 -130.771 1207.87
v 35.1265 -129.915 1206.06
v 35.155 -129.95 1205.89
v 35.155 -129.95 1205.89
v 35.155 -129.95 1205.89
v 35.155 -129.95 1205.89
v 35.5031 -129.943 1205.54
v 36.7282 -131.448 1207.98
v 36.3347 -131.18 1207.85
v 35.1444 -130.218 1206.1
v 35.1444 -130.218 1206.1
v 35.1208 -130.106 1205.99
v 35.1208 -130.106 1205.99
v 35.1182 -130.249 1206.05
v 35.3437 -131.208 1206.21
v 36.3829 -131.599 1204.98
f 6 1 7
f 6 21 1
f 7 1 18
f 1 3 18
f 3 1 4
f 21 22 2
f 21 2 1
f 2 4 1
f 2 30 4
f 4 28 3
f 37 28 4
f 8 43 11
f 11 47 12
f 43 47 11
f 48 47 49
f 54 5 19
f 5 8 7
f 5 53 8
f 53 43 8
f 5 54 53
f 15 52 54
f 9 10 13
f 6 9 13
f 13 21 6
f 6 7 8
f 9 6 8
f 5 7 19
f 8 11 9
f 11 12 9
f 10 9 12
f 47 48 12
f 48 10 12
f 13 23 21
f 13 14 23
f 14 25 23
f 10 14 13
f 25 14 26
f 14 10 55
f 14 55 56
f 14 56 26
f 15 54 19
f 15 19 20
f 16 52 15
f 20 16 15
f 52 16 57
f 16 17 57
f 19 18 20
f 19 7 18
f 21 23 22
f 22 30 2
f 30 22 24
f 22 23 24
f 23 25 24
f 24 25 27
f 26 56 78
f 27 25 26
f 27 26 82
f 16 34 17
f 3 28 29
f 37 36 28
f 3 20 18
f 28 35 29
f 36 35 28
f 3 29 20
f 20 29 16
f 16 29 34
f 29 35 34
f 24 32 30
f 30 31 4
f 30 32 31
f 31 37 4
f 32 38 31
f 31 38 39
f 31 39 37
f 24 33 32
f 33 41 32
f 32 41 38
f 27 85 33
f 24 27 33
f 27 82 85
f 41 33 85
f 61 34 67
f 59 17 34
f 36 37 42
f 34 35 67
f 37 39 42
f 38 41 40
f 38 40 39
f 39 63 42
f 39 40 63
f 64 40 41
f 36 42 66
f 42 63 70
f 43 53 45
f 45 49 43
f 54 44 53
f 45 53 44
f 45 46 49
f 46 73 49
f 50 49 73
f 47 43 49
f 48 49 50
f 48 51 55
f 55 51 103
f 51 48 50
f 57 97 52
f 97 75 52
f 75 44 54
f 54 52 75
f 10 48 55
f 55 103 56
f 78 56 103
f 57 58 76
f 57 17 58
f 26 78 82
f 58 17 59
f 79 58 59
f 59 34 61
f 59 61 62
f 60 59 62
f 79 59 60
f 86 60 62
f 65 61 67
f 62 61 65
f 68 35 36
f 68 67 35
f 70 66 42
f 67 89 65
f 65 89 92
f 86 62 65
f 66 68 36
f 67 68 89
f 69 68 66
f 71 66 70
f 71 69 66
f 72 89 68
f 69 72 68
f 72 69 93
f 98 100 44
f 45 44 100
f 98 44 75
f 75 97 99
f 100 46 45
f 101 73 46
f 46 100 101
f 102 73 101
f 73 74 50
f 74 51 50
f 97 57 123
f 58 77 76
f 104 76 77
f 103 127 78
f 79 80 58
f 77 58 80
f 106 77 80
f 79 81 80
f 81 106 80
f 84 81 79
f 81 128 106
f 107 85 82
f 107 82 78
f 79 60 83
f 83 84 79
f 86 83 60
f 108 84 83
f 86 87 83
f 64 63 40
f 41 85 64
f 86 65 91
f 65 92 91
f 88 87 86
f 91 88 86
f 88 111 87
f 90 89 72
f 90 92 89
f 90 72 94
f 92 90 113
f 91 92 112
f 93 69 71
f 94 72 93
f 118 94 93
f 93 96 118
f 71 96 93
f 95 71 70
f 70 120 95
f 119 94 118
f 100 122 101
f 101 145 102
f 75 99 98
f 74 73 102
f 124 74 102
f 77 105 104
f 127 107 78
f 127 182 107
f 106 105 77
f 128 105 106
f 81 84 108
f 108 83 110
f 128 81 109
f 81 108 109
f 108 129 109
f 108 110 129
f 87 130 83
f 83 130 110
f 130 156 110
f 85 107 154
f 111 132 87
f 87 132 130
f 131 64 85
f 112 92 113
f 112 115 91
f 88 91 115
f 88 135 111
f 63 120 70
f 120 63 133
f 131 63 64
f 131 133 63
f 114 113 90
f 94 114 90
f 114 94 119
f 112 113 116
f 113 114 116
f 116 114 136
f 119 136 114
f 112 116 117
f 117 115 112
f 135 88 115
f 117 116 137
f 119 118 139
f 118 96 139
f 140 119 139
f 139 96 141
f 95 96 71
f 95 142 96
f 142 141 96
f 95 120 142
f 119 140 136
f 100 121 122
f 121 98 99
f 123 147 97
f 147 99 97
f 121 100 98
f 145 124 102
f 124 150 74
f 149 124 145
f 123 125 179
f 125 57 76
f 125 76 104
f 126 125 104
f 179 125 126
f 57 125 123
f 74 150 51
f 51 150 103
f 126 104 105
f 127 103 150
f 150 181 127
f 152 128 109
f 105 128 126
f 151 126 152
f 152 126 128
f 156 184 110
f 156 130 158
f 130 132 158
f 158 132 157
f 85 154 131
f 115 117 134
f 134 117 137
f 135 115 134
f 111 135 159
f 161 135 134
f 161 134 162
f 159 132 111
f 120 133 216
f 137 116 136
f 136 140 165
f 137 136 138
f 138 136 165
f 162 134 137
f 163 137 138
f 171 165 140
f 142 193 141
f 122 121 143
f 194 143 177
f 122 143 144
f 144 101 122
f 144 145 101
f 149 145 174
f 148 176 147
f 143 121 146
f 146 121 99
f 99 147 146
f 148 147 123
f 176 146 147
f 176 177 146
f 177 143 146
f 198 123 179
f 179 126 180
f 124 203 150
f 203 207 150
f 150 207 181
f 206 180 126
f 126 151 206
f 152 153 183
f 153 152 109
f 153 109 129
f 153 129 185
f 182 155 107
f 110 184 129
f 154 107 155
f 155 689 154
f 135 160 159
f 161 160 135
f 166 157 132
f 159 166 132
f 160 166 159
f 166 188 157
f 131 269 133
f 137 163 162
f 164 161 162
f 170 163 138
f 161 167 160
f 167 161 164
f 163 169 162
f 274 167 164
f 162 169 164
f 170 138 165
f 160 167 166
f 168 142 120
f 216 168 120
f 168 192 142
f 169 163 170
f 140 139 173
f 173 171 140
f 165 171 172
f 170 165 172
f 170 172 169
f 139 141 173
f 193 142 192
f 222 194 177
f 144 143 175
f 175 196 144
f 144 196 145
f 194 175 143
f 196 174 145
f 196 197 174
f 197 178 174
f 176 148 199
f 177 176 199
f 148 123 198
f 174 178 149
f 149 202 124
f 206 151 152
f 182 127 181
f 183 153 185
f 182 689 155
f 185 129 184
f 131 154 398
f 398 154 689
f 398 400 131
f 156 158 187
f 156 187 186
f 209 186 210
f 335 131 400
f 131 335 269
f 157 188 212
f 158 157 187
f 213 157 212
f 157 213 187
f 166 339 188
f 339 212 188
f 189 216 133
f 189 133 269
f 191 164 169
f 190 169 172
f 191 169 190
f 172 171 217
f 192 168 219
f 219 168 216
f 171 280 217
f 280 171 173
f 173 141 218
f 192 283 193
f 195 196 175
f 194 222 221
f 175 194 221
f 195 175 221
f 195 197 196
f 285 197 195
f 409 285 195
f 287 349 223
f 148 200 199
f 148 198 200
f 199 223 177
f 177 223 222
f 287 223 199
f 197 226 178
f 225 226 197
f 201 149 178
f 226 201 178
f 201 230 202
f 228 201 226
f 228 229 201
f 229 230 201
f 244 229 228
f 246 230 229
f 149 201 202
f 293 180 231
f 252 124 202
f 252 203 124
f 202 230 252
f 306 253 203
f 252 306 203
f 203 253 207
f 254 231 180
f 180 204 254
f 204 180 205
f 254 204 255
f 255 204 205
f 255 205 258
f 205 180 206
f 205 206 259
f 207 327 181
f 327 262 181
f 152 261 206
f 261 152 183
f 262 182 181
f 482 183 185
f 156 208 184
f 208 156 209
f 156 186 209
f 208 263 184
f 184 263 397
f 263 208 396
f 396 208 209
f 186 187 210
f 210 187 211
f 187 214 211
f 210 211 264
f 209 210 264
f 264 265 209
f 213 214 187
f 212 214 213
f 189 215 216
f 269 215 189
f 191 271 164
f 274 164 271
f 276 166 167
f 190 172 273
f 272 191 190
f 190 273 272
f 271 191 272
f 220 280 173
f 273 172 217
f 220 173 218
f 141 193 218
f 193 283 282
f 217 280 277
f 348 280 281
f 281 280 220
f 220 218 281
f 218 193 282
f 223 349 222
f 284 222 349
f 284 221 222
f 288 287 199
f 200 288 199
f 198 224 200
f 227 243 226
f 227 226 225
f 292 227 225
f 226 243 228
f 228 243 244
f 412 224 198
f 179 180 293
f 293 231 232
f 295 232 233
f 233 232 254
f 293 232 295
f 294 233 242
f 243 236 245
f 234 235 237
f 254 256 238
f 256 234 238
f 236 240 237
f 236 237 247
f 240 234 237
f 247 237 248
f 238 234 240
f 235 248 237
f 238 233 254
f 239 243 227
f 243 239 236
f 236 239 240
f 242 239 241
f 239 242 240
f 238 242 233
f 242 238 240
f 227 292 239
f 244 246 229
f 243 245 244
f 246 244 249
f 236 247 245
f 245 249 244
f 249 245 247
f 246 249 303
f 247 248 250
f 248 235 250
f 250 235 258
f 249 247 250
f 251 249 250
f 303 249 251
f 250 309 251
f 230 303 252
f 246 303 230
f 358 252 303
f 307 253 306
f 207 253 326
f 232 231 254
f 254 255 256
f 257 256 255
f 257 255 258
f 234 256 257
f 234 257 235
f 258 235 257
f 205 259 258
f 260 258 259
f 259 310 260
f 258 3758 309
f 309 250 258
f 328 206 331
f 326 327 207
f 206 261 331
f 183 482 261
f 517 261 482
f 262 483 182
f 395 483 262
f 482 185 435
f 435 185 397
f 483 689 182
f 397 185 184
f 209 265 396
f 397 263 396
f 264 211 267
f 399 396 265
f 266 214 212
f 211 214 266
f 212 270 266
f 268 211 266
f 211 268 267
f 215 269 337
f 335 337 269
f 167 274 276
f 339 270 212
f 215 338 216
f 275 274 271
f 274 275 276
f 275 271 279
f 341 276 275
f 341 275 279
f 219 216 346
f 217 277 273
f 348 277 280
f 277 348 344
f 278 272 273
f 278 273 344
f 273 277 344
f 272 279 271
f 278 279 272
f 218 282 281
f 219 283 192
f 219 345 283
f 286 221 284
f 410 284 411
f 410 286 284
f 286 409 195
f 286 195 221
f 350 197 285
f 224 288 200
f 284 349 411
f 457 349 287
f 457 287 288
f 197 350 225
f 292 225 289
f 350 289 225
f 289 350 351
f 289 351 299
f 179 412 198
f 290 179 293
f 290 293 291
f 241 239 292
f 293 295 300
f 294 295 233
f 289 296 292
f 296 241 292
f 297 242 241
f 242 297 294
f 291 293 300
f 296 289 299
f 301 294 297
f 300 295 298
f 298 295 294
f 241 296 297
f 301 298 294
f 302 297 296
f 302 301 297
f 298 352 300
f 299 302 296
f 298 301 352
f 303 355 358
f 362 303 251
f 355 303 362
f 309 362 251
f 362 356 355
f 359 252 358
f 304 306 252
f 304 305 306
f 359 304 252
f 361 312 305
f 304 361 305
f 308 307 306
f 308 306 305
f 307 308 314
f 312 308 305
f 253 324 326
f 307 324 253
f 259 206 310
f 3758 363 309
f 362 309 363
f 370 206 328
f 310 206 370
f 311 332 315
f 311 329 332
f 311 319 313
f 315 319 311
f 329 311 330
f 312 372 316
f 316 372 319
f 372 313 319
f 313 375 330
f 311 313 330
f 314 308 318
f 316 317 308
f 308 317 318
f 315 332 322
f 316 308 312
f 316 319 320
f 316 320 317
f 317 320 321
f 318 317 321
f 319 315 320
f 321 320 322
f 321 322 323
f 322 320 315
f 322 332 334
f 318 321 378
f 321 323 378
f 323 322 334
f 314 325 307
f 307 325 324
f 325 384 324
f 324 384 326
f 325 379 384
f 318 380 314
f 314 380 325
f 384 385 326
f 385 476 326
f 476 327 326
f 330 370 328
f 373 370 330
f 328 331 329
f 329 330 328
f 331 261 333
f 329 331 332
f 333 332 331
f 390 388 333
f 332 333 334
f 334 333 388
f 323 334 388
f 517 391 261
f 333 261 391
f 262 327 434
f 264 336 265
f 264 267 336
f 267 268 336
f 215 337 338
f 339 449 270
f 266 270 446
f 216 338 450
f 276 340 166
f 276 341 340
f 339 166 340
f 340 448 339
f 342 279 278
f 347 278 344
f 342 278 347
f 279 343 341
f 342 343 279
f 403 344 348
f 347 344 403
f 452 448 340
f 341 452 340
f 452 341 343
f 283 345 407
f 345 219 346
f 453 345 346
f 216 450 346
f 404 348 281
f 281 282 406
f 404 281 406
f 407 282 283
f 410 409 286
f 409 501 285
f 501 350 285
f 458 457 288
f 288 224 458
f 413 412 179
f 179 290 413
f 354 301 302
f 351 353 299
f 353 302 299
f 301 354 352
f 354 302 353
f 461 354 353
f 351 414 353
f 353 414 461
f 356 368 355
f 355 357 358
f 355 368 357
f 358 360 359
f 357 360 358
f 360 462 359
f 361 304 359
f 416 290 291
f 416 291 464
f 464 291 300
f 413 290 416
f 364 362 363
f 310 363 260
f 362 364 356
f 366 363 310
f 310 387 366
f 365 364 363
f 366 365 363
f 356 364 368
f 367 364 365
f 417 368 367
f 368 364 367
f 369 417 367
f 365 369 367
f 365 366 369
f 387 419 366
f 418 417 369
f 369 366 418
f 418 366 419
f 371 370 373
f 375 371 373
f 377 374 361
f 361 374 312
f 312 374 372
f 313 374 376
f 374 313 372
f 375 373 330
f 375 313 376
f 374 377 376
f 318 378 381
f 388 378 323
f 325 382 379
f 382 325 380
f 318 381 380
f 381 378 389
f 378 388 389
f 379 386 384
f 382 386 379
f 380 381 382
f 389 383 381
f 386 382 424
f 381 383 382
f 389 392 383
f 382 383 424
f 429 383 392
f 384 386 385
f 424 426 386
f 476 434 327
f 387 310 370
f 371 427 370
f 387 370 427
f 390 333 391
f 392 389 390
f 389 388 390
f 393 390 391
f 390 393 392
f 391 394 393
f 428 392 393
f 393 394 428
f 391 517 516
f 394 391 516
f 434 395 262
f 400 441 335
f 401 336 268
f 265 336 401
f 440 399 401
f 399 265 401
f 439 401 268
f 401 439 440
f 338 337 402
f 446 270 445
f 266 443 268
f 338 447 450
f 338 402 447
f 445 270 449
f 451 343 342
f 449 339 448
f 450 453 346
f 342 347 451
f 405 347 403
f 405 451 347
f 454 403 348
f 348 404 454
f 282 408 406
f 282 407 408
f 453 500 345
f 345 500 407
f 456 404 406
f 410 411 814
f 573 501 409
f 350 501 537
f 458 412 459
f 459 412 413
f 458 224 412
f 354 460 352
f 545 352 460
f 541 461 414
f 460 354 461
f 466 357 368
f 463 357 466
f 463 360 357
f 462 415 359
f 415 361 359
f 361 467 377
f 462 360 463
f 361 415 467
f 462 467 415
f 503 413 416
f 544 464 300
f 465 300 352
f 544 300 465
f 545 465 352
f 466 368 417
f 468 376 377
f 468 377 467
f 421 420 375
f 420 371 375
f 375 376 421
f 468 421 376
f 420 427 371
f 505 420 421
f 427 420 512
f 420 505 512
f 429 422 383
f 383 422 424
f 429 423 422
f 423 429 430
f 3759 470 423
f 426 425 386
f 425 385 386
f 425 474 385
f 426 424 422
f 475 425 426
f 423 426 422
f 475 474 425
f 426 423 475
f 387 427 512
f 428 429 392
f 3759 428 394
f 429 428 430
f 431 3759 394
f 394 516 432
f 431 394 432
f 433 3759 431
f 3760 431 432
f 433 480 3759
f 683 432 516
f 435 519 482
f 435 397 484
f 484 397 437
f 397 396 437
f 396 436 437
f 398 689 803
f 398 803 400
f 399 436 396
f 436 399 438
f 486 438 399
f 440 486 399
f 489 486 440
f 441 337 335
f 441 442 337
f 266 446 443
f 268 443 439
f 439 443 444
f 443 488 444
f 439 444 440
f 444 489 440
f 402 490 447
f 337 442 402
f 442 490 402
f 491 443 446
f 491 446 445
f 447 523 450
f 490 523 447
f 448 529 449
f 445 449 493
f 403 454 455
f 455 405 403
f 408 407 500
f 408 500 499
f 500 453 533
f 454 404 456
f 455 454 497
f 405 496 451
f 496 405 455
f 456 406 498
f 454 456 497
f 498 406 408
f 498 497 456
f 410 573 409
f 411 349 814
f 958 457 538
f 537 351 350
f 457 458 538
f 539 458 459
f 414 351 541
f 502 459 413
f 502 413 503
f 464 503 416
f 708 464 544
f 418 511 417
f 511 418 419
f 504 466 576
f 504 463 466
f 547 468 467
f 506 468 547
f 468 506 421
f 469 423 470
f 477 470 3759
f 514 470 477
f 423 469 471
f 469 470 473
f 473 470 514
f 471 469 472
f 473 472 469
f 475 471 474
f 471 475 423
f 476 385 508
f 509 419 387
f 477 3759 480
f 514 477 478
f 477 480 478
f 479 478 480
f 481 479 480
f 513 478 479
f 3760 432 480
f 481 480 432
f 434 687 395
f 482 688 517
f 483 518 800
f 519 435 484
f 484 437 485
f 519 484 520
f 485 520 484
f 436 485 437
f 438 486 522
f 487 522 486
f 486 489 487
f 489 692 691
f 489 691 487
f 441 570 442
f 444 488 489
f 489 488 692
f 490 442 570
f 494 525 491
f 491 488 443
f 491 492 488
f 491 525 492
f 449 528 493
f 445 493 494
f 493 524 494
f 491 445 494
f 494 524 525
f 450 526 530
f 495 452 343
f 451 495 343
f 452 527 448
f 495 527 452
f 698 527 495
f 449 529 528
f 500 533 534
f 533 453 530
f 453 450 530
f 496 495 451
f 455 497 496
f 496 497 532
f 499 498 408
f 498 499 536
f 499 705 536
f 500 534 499
f 499 534 705
f 498 536 535
f 958 349 457
f 539 459 540
f 542 461 541
f 542 460 461
f 460 542 545
f 502 503 543
f 540 459 502
f 540 502 543
f 503 574 543
f 574 503 464
f 574 464 708
f 576 466 817
f 817 466 417
f 576 579 504
f 579 463 504
f 467 546 547
f 546 467 462
f 463 546 462
f 506 505 421
f 547 548 506
f 473 555 472
f 472 555 602
f 474 471 507
f 473 514 563
f 472 602 471
f 507 556 474
f 508 385 474
f 510 387 512
f 510 509 387
f 509 511 419
f 560 512 505
f 560 559 512
f 513 515 564
f 564 515 565
f 514 478 563
f 478 513 563
f 515 513 479
f 515 479 566
f 565 515 566
f 432 683 481
f 476 687 434
f 688 482 567
f 395 518 483
f 567 482 519
f 519 520 568
f 519 568 567
f 569 483 800
f 483 569 689
f 485 948 520
f 485 521 948
f 948 568 520
f 436 521 485
f 438 521 436
f 438 522 521
f 570 693 490
f 490 693 523
f 694 523 693
f 524 493 528
f 525 524 695
f 695 806 525
f 525 806 492
f 450 523 526
f 526 523 694
f 527 529 448
f 529 527 697
f 527 698 697
f 530 526 696
f 495 531 703
f 496 531 495
f 496 532 531
f 495 703 698
f 702 703 531
f 535 497 498
f 534 533 571
f 530 572 533
f 497 535 532
f 815 537 501
f 538 458 539
f 540 1008 539
f 537 541 351
f 545 544 465
f 828 417 511
f 577 546 463
f 577 578 546
f 546 578 551
f 549 505 506
f 549 506 548
f 551 547 546
f 547 551 548
f 550 549 548
f 551 552 548
f 552 550 548
f 549 553 560
f 553 549 550
f 553 561 560
f 554 550 552
f 554 553 550
f 554 581 553
f 581 561 553
f 551 578 582
f 551 582 552
f 554 583 581
f 599 602 598
f 602 603 471
f 473 563 555
f 563 650 555
f 605 507 603
f 555 598 602
f 598 555 650
f 603 507 471
f 507 606 556
f 606 609 556
f 609 611 556
f 611 474 556
f 609 612 611
f 611 616 474
f 508 474 616
f 622 627 508
f 626 476 508
f 626 798 476
f 511 509 827
f 512 559 558
f 512 558 510
f 559 557 558
f 557 629 558
f 628 509 510
f 630 628 510
f 630 510 558
f 630 558 629
f 549 560 505
f 557 559 560
f 560 561 562
f 633 557 560
f 560 562 633
f 633 629 557
f 631 562 561
f 632 633 562
f 631 632 562
f 655 564 565
f 563 513 564
f 564 650 563
f 649 564 655
f 655 565 658
f 565 566 658
f 664 566 663
f 670 479 481
f 479 670 566
f 663 566 670
f 663 670 671
f 683 516 686
f 798 687 476
f 516 517 686
f 687 800 518
f 395 687 518
f 803 846 400
f 487 691 690
f 487 690 522
f 400 846 441
f 570 441 999
f 528 529 952
f 524 528 695
f 526 694 696
f 696 699 530
f 533 572 571
f 572 530 699
f 532 700 531
f 531 700 702
f 532 535 701
f 535 704 701
f 536 705 706
f 535 536 704
f 536 706 704
f 705 534 571
f 571 707 705
f 571 699 707
f 699 571 572
f 851 573 410
f 573 851 501
f 410 816 851
f 537 815 852
f 852 541 537
f 543 574 1021
f 1021 574 708
f 542 575 545
f 545 575 709
f 709 544 545
f 709 708 544
f 817 417 828
f 828 511 827
f 817 818 576
f 576 818 579
f 579 577 463
f 589 578 577
f 578 589 582
f 710 577 579
f 710 589 577
f 580 552 582
f 580 554 552
f 583 554 580
f 584 581 583
f 581 634 561
f 634 581 584
f 584 583 587
f 587 585 584
f 585 636 584
f 584 636 634
f 586 580 582
f 586 583 580
f 583 590 587
f 583 586 590
f 587 590 588
f 587 588 585
f 585 588 636
f 588 592 636
f 582 589 586
f 589 3761 586
f 593 588 590
f 591 3761 589
f 3761 591 3763
f 714 594 3762
f 596 714 647
f 588 593 592
f 593 600 652
f 652 592 593
f 3764 3763 591
f 3764 595 3763
f 3763 595 3767
f 714 596 594
f 596 597 594
f 594 597 595
f 716 595 597
f 715 716 597
f 3765 596 648
f 597 3770 749
f 3766 603 602
f 652 598 650
f 652 600 598
f 601 3766 3767
f 599 598 600
f 601 603 3766
f 716 3767 595
f 601 605 603
f 716 601 3767
f 507 605 604
f 723 608 604
f 3779 753 3768
f 604 606 507
f 610 607 666
f 604 608 606
f 606 608 607
f 607 3768 666
f 3768 669 666
f 3786 754 3775
f 3768 753 669
f 607 609 606
f 607 610 609
f 612 609 610
f 672 610 666
f 613 3769 676
f 612 614 611
f 614 617 611
f 617 616 611
f 613 612 610
f 612 613 614
f 613 615 614
f 613 761 615
f 614 725 617
f 617 729 616
f 618 508 616
f 508 618 622
f 619 618 616
f 619 620 618
f 731 620 619
f 731 621 620
f 624 620 621
f 621 733 624
f 623 625 622
f 618 623 622
f 620 624 618
f 618 624 623
f 623 624 733
f 733 734 623
f 623 736 625
f 734 736 623
f 733 783 734
f 627 626 508
f 622 625 627
f 625 735 627
f 827 509 862
f 862 509 628
f 740 862 628
f 740 628 744
f 628 630 744
f 641 742 743
f 743 744 641
f 631 561 634
f 631 634 635
f 634 636 635
f 631 635 632
f 633 637 629
f 633 635 637
f 633 632 635
f 636 638 635
f 636 644 638
f 635 638 637
f 637 638 639
f 630 629 640
f 629 637 640
f 640 637 639
f 640 639 642
f 630 640 641
f 641 640 643
f 640 642 643
f 641 744 630
f 748 647 714
f 3782 642 647
f 643 642 3782
f 642 648 647
f 636 592 644
f 592 652 644
f 638 644 656
f 639 638 656
f 642 639 645
f 639 656 645
f 645 656 657
f 642 645 646
f 646 645 660
f 645 657 660
f 646 648 642
f 659 648 646
f 659 646 660
f 596 647 648
f 564 649 650
f 649 651 650
f 655 651 649
f 652 650 653
f 650 651 653
f 654 653 651
f 653 644 652
f 644 653 654
f 651 655 654
f 644 654 656
f 658 654 655
f 656 654 657
f 657 654 658
f 657 658 660
f 661 755 658
f 658 566 661
f 664 662 661
f 664 663 665
f 667 3773 672
f 665 668 664
f 661 566 664
f 669 3774 667
f 3773 667 3774
f 666 669 667
f 666 667 672
f 668 754 662
f 668 662 664
f 3775 754 668
f 665 663 671
f 675 671 670
f 671 672 3773
f 671 675 673
f 672 671 673
f 672 673 674
f 3769 672 676
f 672 674 676
f 670 481 675
f 481 678 675
f 674 673 677
f 675 677 673
f 674 677 679
f 679 677 759
f 759 677 680
f 680 677 675
f 613 676 761
f 676 679 3787
f 674 679 676
f 680 760 759
f 760 680 675
f 681 760 675
f 675 678 681
f 3787 679 759
f 681 678 765
f 773 678 682
f 678 481 683
f 678 683 682
f 682 683 685
f 775 685 781
f 685 775 682
f 685 683 684
f 684 781 685
f 782 781 684
f 684 683 686
f 686 797 790
f 799 686 517
f 799 517 688
f 688 567 844
f 844 567 845
f 946 569 800
f 802 567 568
f 801 845 567
f 801 567 802
f 522 690 521
f 521 690 882
f 846 999 441
f 805 692 488
f 529 697 952
f 528 952 695
f 809 952 697
f 697 698 809
f 812 808 698
f 703 812 698
f 701 700 532
f 700 701 811
f 703 702 810
f 704 811 701
f 848 704 813
f 848 811 704
f 810 702 700
f 811 810 700
f 704 706 813
f 705 707 706
f 707 850 706
f 349 958 955
f 710 711 589
f 711 713 712
f 746 714 712
f 712 713 819
f 819 746 712
f 589 711 591
f 711 712 3762
f 714 3762 712
f 749 715 597
f 716 715 718
f 715 749 3776
f 719 717 716
f 717 601 716
f 719 721 717
f 601 717 721
f 718 719 716
f 721 605 601
f 719 722 721
f 722 719 720
f 720 719 718
f 724 723 604
f 753 3779 757
f 724 822 723
f 726 614 615
f 725 614 726
f 729 617 725
f 728 725 727
f 728 729 725
f 725 3780 727
f 823 729 728
f 727 3780 770
f 616 729 619
f 729 731 619
f 730 731 729
f 732 731 730
f 729 823 730
f 732 730 824
f 779 3781 824
f 776 733 621
f 621 731 732
f 783 733 776
f 3781 776 621
f 3781 779 776
f 627 735 738
f 736 734 787
f 736 737 735
f 736 735 625
f 735 739 738
f 787 737 736
f 737 739 735
f 787 794 737
f 737 825 739
f 794 825 737
f 825 794 836
f 627 738 626
f 626 826 798
f 738 826 626
f 741 740 744
f 3782 743 742
f 744 743 741
f 3782 714 746
f 745 743 3782
f 746 745 3782
f 829 741 743
f 745 829 743
f 747 745 746
f 747 829 745
f 641 643 742
f 643 3782 742
f 3783 648 659
f 750 3784 3771
f 3777 3785 750
f 3778 3777 750
f 3771 752 750
f 752 3772 660
f 751 752 660
f 660 658 751
f 751 658 755
f 755 661 662
f 754 756 662
f 758 756 754
f 756 755 662
f 758 754 3786
f 762 3787 759
f 762 759 760
f 763 762 760
f 760 764 763
f 681 764 760
f 764 681 765
f 768 764 765
f 765 678 773
f 615 761 3780
f 762 763 767
f 763 764 767
f 761 766 3780
f 766 3787 767
f 762 767 3787
f 768 767 764
f 770 3780 766
f 770 766 769
f 769 766 767
f 772 768 765
f 767 771 769
f 771 767 768
f 772 765 773
f 771 768 772
f 771 832 769
f 773 682 835
f 835 682 774
f 834 774 778
f 775 781 785
f 774 775 777
f 775 785 777
f 776 777 3790
f 777 785 3790
f 682 775 774
f 777 776 778
f 778 774 777
f 776 779 778
f 779 834 778
f 785 780 3790
f 785 781 3788
f 3788 3789 789
f 3789 3788 781
f 684 786 782
f 783 784 734
f 787 734 3791
f 3790 780 3791
f 3791 789 788
f 789 3791 780
f 789 3789 786
f 793 792 786
f 788 787 3791
f 787 788 794
f 789 786 792
f 684 686 790
f 793 786 684
f 794 788 791
f 788 789 791
f 792 791 789
f 795 792 793
f 796 791 795
f 794 791 3792
f 792 795 791
f 793 684 790
f 839 795 793
f 3792 836 794
f 841 793 790
f 796 795 838
f 795 839 838
f 841 790 797
f 799 797 686
f 799 688 844
f 802 568 948
f 691 950 690
f 950 882 690
f 521 882 881
f 846 1091 999
f 804 691 692
f 570 999 693
f 492 805 488
f 492 806 805
f 808 809 698
f 699 696 807
f 694 807 696
f 812 703 810
f 849 810 811
f 847 810 849
f 810 847 812
f 887 706 850
f 813 706 887
f 850 707 699
f 814 816 410
f 349 955 814
f 957 816 814
f 815 501 851
f 540 1100 1008
f 815 1099 852
f 853 542 541
f 540 543 1020
f 575 542 1023
f 1024 575 1023
f 1024 709 575
f 818 817 889
f 710 854 711
f 579 854 710
f 819 747 746
f 713 711 820
f 911 747 819
f 820 819 713
f 721 722 961
f 961 722 720
f 721 821 605
f 821 604 605
f 821 724 604
f 721 961 821
f 822 757 3779
f 757 822 866
f 891 822 724
f 891 866 822
f 728 1120 823
f 824 833 779
f 1123 824 730
f 1123 1150 824
f 739 825 857
f 739 895 738
f 895 859 738
f 739 858 895
f 798 826 975
f 1069 828 863
f 863 828 827
f 827 862 863
f 747 911 829
f 830 741 829
f 752 981 980
f 980 750 752
f 750 979 3778
f 979 750 980
f 944 751 877
f 944 752 751
f 757 758 3786
f 758 867 756
f 866 865 757
f 758 757 865
f 868 867 758
f 865 868 758
f 769 831 770
f 769 832 831
f 831 832 1158
f 832 1218 1158
f 771 772 1218
f 1218 832 771
f 1218 772 1087
f 772 773 1087
f 834 1160 1159
f 1159 835 834
f 1159 773 835
f 779 833 834
f 834 835 774
f 838 836 3792
f 839 793 837
f 837 793 841
f 857 825 836
f 838 840 836
f 840 857 836
f 870 840 838
f 870 838 839
f 874 857 840
f 837 870 839
f 872 874 840
f 872 840 870
f 873 870 871
f 870 837 871
f 837 875 871
f 841 797 875
f 875 837 841
f 842 799 876
f 798 843 687
f 975 843 798
f 843 800 687
f 877 751 755
f 797 799 842
f 879 845 801
f 879 844 845
f 947 801 802
f 802 948 947
f 801 947 880
f 521 881 948
f 804 949 691
f 804 692 805
f 805 949 804
f 807 694 693
f 695 952 806
f 806 952 805
f 808 884 809
f 952 809 883
f 883 809 884
f 699 807 1170
f 953 847 849
f 886 847 953
f 812 847 886
f 849 811 848
f 848 813 887
f 887 850 1006
f 850 699 1170
f 957 814 956
f 814 955 956
f 538 539 1008
f 853 541 852
f 853 1023 542
f 1009 853 852
f 1020 1100 540
f 1025 708 709
f 890 828 1069
f 889 817 828
f 1180 818 889
f 820 856 819
f 820 711 855
f 855 856 820
f 854 855 711
f 854 1371 855
f 855 1371 856
f 911 819 856
f 961 724 821
f 728 727 1208
f 1120 728 1208
f 1123 730 823
f 858 739 857
f 896 857 892
f 892 857 918
f 896 858 857
f 896 895 858
f 895 898 859
f 859 860 738
f 859 900 860
f 898 900 859
f 738 860 826
f 860 861 826
f 861 974 975
f 826 861 975
f 909 740 864
f 909 862 740
f 910 862 909
f 910 863 862
f 864 740 741
f 864 741 830
f 911 830 829
f 755 756 878
f 878 756 867
f 867 868 913
f 866 891 912
f 869 868 865
f 865 866 869
f 866 912 869
f 1158 1073 831
f 770 1149 727
f 1149 770 831
f 1074 833 824
f 872 870 873
f 873 871 917
f 917 871 875
f 918 857 874
f 874 872 915
f 874 915 918
f 915 872 916
f 916 872 873
f 873 919 916
f 917 875 922
f 797 922 875
f 842 924 797
f 922 797 924
f 924 842 933
f 933 842 876
f 876 937 933
f 876 799 844
f 877 755 878
f 945 877 878
f 996 878 867
f 913 996 867
f 945 878 996
f 1087 773 1159
f 879 801 880
f 943 946 800
f 803 689 1089
f 803 1090 846
f 846 1090 1091
f 950 691 949
f 884 808 885
f 885 1003 884
f 812 885 808
f 812 886 885
f 885 886 1003
f 848 888 849
f 849 888 953
f 886 953 954
f 848 887 888
f 1099 1009 852
f 1025 709 1024
f 1021 708 1025
f 828 890 889
f 818 1116 579
f 1116 854 579
f 1208 727 1149
f 892 918 893
f 892 893 896
f 896 963 895
f 896 894 963
f 896 893 894
f 895 897 898
f 898 897 899
f 895 966 897
f 966 965 897
f 965 931 897
f 898 899 900
f 899 902 900
f 899 926 902
f 931 926 899
f 931 899 897
f 900 904 860
f 902 901 900
f 900 901 904
f 903 901 902
f 903 938 906
f 903 906 901
f 860 904 905
f 901 906 904
f 860 905 861
f 907 905 904
f 906 907 904
f 906 908 907
f 908 906 938
f 905 907 968
f 938 941 908
f 907 908 967
f 861 968 974
f 968 861 905
f 968 959 974
f 907 969 968
f 1067 863 910
f 1068 910 909
f 977 1068 909
f 977 909 864
f 864 830 1494
f 911 1494 830
f 977 864 1494
f 914 913 868
f 869 914 868
f 891 1071 912
f 834 1074 1160
f 920 919 873
f 920 873 917
f 920 917 922
f 894 893 918
f 921 918 915
f 3793 915 919
f 919 915 916
f 921 894 918
f 922 924 923
f 987 923 930
f 929 986 930
f 930 986 987
f 923 987 922
f 931 965 985
f 929 932 985
f 925 924 933
f 926 935 902
f 928 935 926
f 935 928 934
f 928 927 934
f 933 927 925
f 925 930 923
f 923 924 925
f 932 928 926
f 929 928 932
f 928 929 927
f 927 929 930
f 925 927 930
f 985 932 931
f 926 931 932
f 902 935 903
f 940 934 933
f 936 903 935
f 903 936 938
f 938 936 939
f 935 934 936
f 936 934 939
f 939 934 940
f 934 927 933
f 933 937 940
f 938 939 941
f 939 940 941
f 941 940 942
f 942 940 937
f 991 941 942
f 942 937 990
f 937 876 990
f 3794 941 991
f 991 942 990
f 876 844 990
f 879 993 844
f 990 844 993
f 994 944 877
f 994 877 945
f 689 569 946
f 948 881 998
f 881 997 998
f 881 882 997
f 950 949 1000
f 949 1092 1000
f 950 1000 997
f 950 997 882
f 949 805 1092
f 693 1168 807
f 805 952 1300
f 952 1169 1300
f 883 884 951
f 951 884 1003
f 1004 954 953
f 1004 953 1005
f 954 1004 1002
f 886 954 1002
f 886 1002 1003
f 953 888 1005
f 887 1006 1007
f 887 1007 888
f 956 955 1172
f 816 957 851
f 957 956 1239
f 1173 958 538
f 538 1008 1173
f 1010 1012 959
f 959 960 974
f 1012 960 959
f 1016 960 1012
f 1015 976 960
f 1016 1015 960
f 1020 543 1022
f 1288 911 856
f 978 961 720
f 961 962 724
f 962 1070 724
f 1182 962 961
f 1182 1070 962
f 1026 823 1120
f 894 921 1076
f 963 966 895
f 964 965 966
f 964 984 965
f 1029 984 964
f 1029 964 966
f 1028 966 963
f 941 3794 908
f 3800 973 3795
f 969 970 968
f 907 967 969
f 969 967 972
f 972 1034 969
f 969 971 970
f 971 969 1034
f 973 3796 3795
f 3801 3797 3798
f 970 959 968
f 959 970 1010
f 975 974 960
f 976 975 960
f 975 1062 843
f 976 1062 975
f 976 1063 1062
f 1015 1050 976
f 1050 1053 976
f 1053 1063 976
f 1178 800 843
f 1178 843 1062
f 1067 910 1068
f 978 3778 979
f 1955 978 979
f 752 944 981
f 914 982 913
f 982 996 913
f 1070 891 724
f 1071 891 1070
f 1072 982 914
f 1072 1405 982
f 912 983 869
f 869 983 914
f 983 1072 914
f 912 1071 983
f 1071 1148 983
f 1148 1072 983
f 1149 831 1073
f 824 1150 1074
f 833 1074 834
f 919 1151 3793
f 1076 921 1075
f 987 1079 922
f 1078 987 989
f 986 929 985
f 988 989 986
f 985 988 986
f 989 987 986
f 965 984 985
f 985 984 988
f 992 991 990
f 3799 991 992
f 1080 992 1083
f 992 990 1083
f 990 1081 1083
f 993 1081 990
f 879 1084 993
f 880 1085 879
f 1085 1084 879
f 996 995 945
f 996 1156 995
f 994 945 995
f 1157 994 995
f 982 1156 996
f 1405 1156 982
f 689 1164 1089
f 946 1164 689
f 1089 1090 803
f 1418 948 998
f 1000 1092 1297
f 997 1000 1225
f 1000 1297 1225
f 693 999 1168
f 952 883 1001
f 952 1001 1169
f 951 1003 1093
f 951 1093 1001
f 951 1001 883
f 1169 1001 1229
f 807 1168 1236
f 807 1236 1235
f 1003 1002 1095
f 1002 1004 1094
f 1002 1094 1095
f 1004 1096 1094
f 1005 1096 1004
f 1095 1097 1003
f 1005 888 1007
f 1007 1098 1171
f 1007 1171 1005
f 1099 815 851
f 1884 955 958
f 1010 970 1011
f 1010 1105 1012
f 1010 1011 1103
f 1103 1011 1031
f 1104 1105 1010
f 1105 1107 1012
f 1104 1010 1103
f 1013 1016 1012
f 1013 1017 1016
f 1014 1017 1013
f 1013 1012 1107
f 1017 1043 1015
f 1017 1015 1016
f 1063 1018 1062
f 1135 1019 1063
f 1019 1018 1063
f 1019 1112 1018
f 1019 1135 1112
f 543 1021 1022
f 1264 1025 1024
f 889 890 1069
f 1181 1116 1180
f 1116 818 1180
f 1288 856 1371
f 1116 1370 854
f 1118 961 1117
f 961 978 1117
f 1119 1070 1182
f 1027 823 1026
f 1027 1123 823
f 1122 1027 1026
f 1027 1122 1123
f 894 1076 1124
f 1186 1028 963
f 1029 1028 1186
f 1029 1125 1077
f 1186 1125 1029
f 1028 1029 966
f 1077 984 1029
f 1031 1036 1032
f 1036 1030 1033
f 1037 1129 1030
f 1032 1036 1033
f 1030 1129 1033
f 1033 1129 1128
f 1011 970 971
f 1036 971 3802
f 1036 3802 1030
f 1030 3801 1037
f 1037 3801 3798
f 971 1035 1011
f 1035 971 1036
f 3803 3799 992
f 3803 992 1080
f 1011 1035 1031
f 1031 1035 1036
f 1080 1083 1038
f 3805 3803 1080
f 3805 1080 1038
f 1038 1083 1039
f 1083 1082 1040
f 1014 1048 1017
f 1082 1047 1040
f 1039 1083 1040
f 1041 1048 1014
f 1047 1049 1042
f 1040 1047 1042
f 1041 1014 1109
f 1048 1041 1049
f 1133 1041 1109
f 1042 1041 1133
f 1041 1042 1049
f 1134 1040 1042
f 1040 1134 1039
f 1043 1045 1051
f 1082 993 1044
f 1046 1044 1055
f 1045 1043 1017
f 1045 1046 1058
f 1082 1044 1047
f 1048 1045 1017
f 1045 1049 1046
f 1049 1047 1044
f 1044 1046 1049
f 1048 1049 1045
f 1043 1051 1015
f 1015 1051 1050
f 1051 1052 1050
f 1052 1053 1050
f 1052 1051 1054
f 1051 1045 1054
f 1044 1084 1055
f 1053 1052 1056
f 1054 1056 1052
f 1046 1055 1058
f 1059 1086 1066
f 1057 1064 1056
f 1056 1064 1053
f 1056 1054 1057
f 1054 1045 1058
f 1057 1054 1058
f 1058 1060 1057
f 1060 1058 3804
f 1058 1055 3804
f 1057 1065 1064
f 1060 1061 1057
f 1057 1061 1065
f 1066 1061 1060
f 3804 1066 1060
f 1061 1136 1065
f 1066 1136 1061
f 1064 1063 1053
f 1064 1135 1063
f 1064 1065 1135
f 1066 1086 1137
f 1065 1138 1135
f 1065 1136 1138
f 1066 1137 1136
f 943 800 1178
f 1178 1287 943
f 1068 977 1494
f 1067 1069 863
f 1497 979 980
f 1147 1070 1119
f 1070 1147 1071
f 1147 1148 1071
f 3793 1151 1075
f 1154 920 1088
f 1154 919 920
f 1154 1151 919
f 1161 1154 1088
f 1162 922 1079
f 1078 1079 987
f 1212 1079 1078
f 1078 989 988
f 1077 988 984
f 1078 988 1077
f 1083 1081 1082
f 1082 1081 993
f 1084 1044 993
f 1059 1055 1084
f 1086 1059 1084
f 1085 1086 1084
f 1085 1137 1086
f 1146 1137 1085
f 981 944 1216
f 944 994 1217
f 1216 944 1217
f 1219 1218 1087
f 1088 920 1162
f 922 1162 920
f 1166 1090 1089
f 1090 1166 1091
f 1167 1091 1227
f 1091 1167 999
f 999 1167 1168
f 805 1300 1092
f 1003 1097 1093
f 1093 1097 1230
f 1097 1233 1230
f 1171 1096 1005
f 1007 1006 1098
f 850 1170 1006
f 1098 1006 1170
f 1239 956 1172
f 957 1240 851
f 1103 1031 1101
f 1101 1102 1103
f 1102 1104 1103
f 1105 1110 1107
f 1106 1110 1105
f 1174 1110 1106
f 1108 1107 1110
f 1107 1108 1013
f 1014 1013 1108
f 1108 1110 1109
f 1014 1108 1109
f 1110 1111 1109
f 1192 1109 1111
f 1192 1133 1109
f 1110 1174 1111
f 1192 1111 1175
f 1112 1135 1113
f 1018 1112 1113
f 1113 1135 1142
f 1114 1113 1142
f 1113 1115 1018
f 1142 1194 1114
f 1194 1142 1144
f 1114 1176 1113
f 1115 1113 1176
f 1194 1177 1114
f 1062 1018 1115
f 1600 1020 1022
f 1179 1022 1021
f 1179 1021 1025
f 1179 1025 1264
f 1181 1370 1116
f 1371 854 1370
f 1118 1117 1471
f 1182 961 1118
f 1118 1471 1182
f 1208 1183 1120
f 1120 1121 1026
f 1121 1122 1026
f 1184 1121 1120
f 1183 1184 1120
f 1121 1184 1122
f 1124 1076 1152
f 894 1124 1185
f 1185 1126 894
f 1185 1269 1126
f 1126 963 894
f 1270 1077 1125
f 1270 1125 1186
f 1269 1186 1126
f 1126 1186 963
f 1101 1127 1188
f 1188 1127 1128
f 1189 1128 1130
f 1031 1032 1101
f 1128 1032 1033
f 1130 3805 1131
f 1127 1101 1032
f 1128 1127 1032
f 1131 1038 1190
f 1128 1129 1130
f 1131 3805 1038
f 1132 1038 1039
f 1191 1132 1134
f 1132 1039 1134
f 1133 1134 1042
f 1192 1134 1133
f 1136 1143 1141
f 1143 1136 1137
f 1143 1137 1146
f 1136 1139 1138
f 1136 1141 1139
f 1142 1135 1138
f 1142 1138 1140
f 1140 1138 1139
f 1140 1139 1141
f 1141 1143 1145
f 1140 1141 1144
f 1144 1142 1140
f 1145 1144 1141
f 1145 1143 1197
f 1201 1197 1143
f 1201 1143 1146
f 1201 1146 1202
f 1202 1146 1203
f 943 1287 1204
f 1205 1069 1067
f 1067 1068 1205
f 1068 1402 1205
f 1402 1068 1494
f 1497 1955 979
f 980 981 1206
f 1147 1404 1148
f 1148 1404 1072
f 1149 1207 1208
f 1207 1149 1073
f 1150 1779 1074
f 1211 1151 1154
f 1075 1151 1153
f 1076 1075 1152
f 1152 1075 1153
f 1210 1153 1151
f 1210 1209 1153
f 1152 1153 1209
f 1151 1211 1210
f 1209 1477 1152
f 1213 1212 1078
f 1078 1077 1213
f 1146 1085 1203
f 1085 880 1203
f 943 1204 1155
f 1155 946 943
f 1155 1223 1164
f 1157 995 1156
f 1157 1217 994
f 1407 1156 1405
f 1403 1216 1217
f 1159 1220 1087
f 1159 1160 1220
f 1154 1161 1211
f 1211 1161 1221
f 1079 1222 1162
f 1161 1088 1162
f 1221 1161 1162
f 1221 1162 1222
f 1222 1079 1212
f 1163 947 1224
f 946 1155 1164
f 1164 1165 1089
f 1224 947 948
f 948 1418 1224
f 1165 1166 1089
f 1226 1418 998
f 998 997 1226
f 1091 1166 1227
f 1231 1094 1096
f 1231 1096 1171
f 1233 1097 1095
f 1233 1095 1232
f 1095 1094 1232
f 1232 1094 1231
f 1231 1171 1234
f 1170 807 1235
f 1237 1170 1235
f 1171 1098 1238
f 1098 1237 1238
f 1234 1171 1238
f 1170 1237 1098
f 1238 1237 1307
f 1703 1172 955
f 1869 1239 1172
f 1869 1172 1703
f 1239 1240 957
f 1240 1099 851
f 958 1173 1884
f 853 1009 1438
f 1368 1023 853
f 1438 1368 853
f 1102 1245 1104
f 1317 1102 1101
f 1188 1244 1101
f 1111 1174 1175
f 1175 1193 1192
f 1177 1176 1114
f 1196 1177 1194
f 1177 1196 1257
f 1115 1176 1241
f 1256 1257 1200
f 1115 1242 1243
f 1243 1259 1115
f 1259 1062 1115
f 1062 1259 1178
f 1469 1100 1020
f 1022 1179 1366
f 1367 1024 1023
f 1368 1367 1023
f 1373 1182 1471
f 1373 1119 1182
f 1122 1374 1123
f 1184 1374 1122
f 1152 1477 1124
f 1124 1477 1185
f 1269 1270 1186
f 1270 1293 1077
f 1272 1188 1271
f 1187 1271 1188
f 1187 1188 1128
f 1128 1189 1187
f 1189 1130 1273
f 1273 1130 1131
f 1273 1131 1274
f 1274 1131 1190
f 1191 1280 1132
f 1192 1193 1134
f 1190 1038 1281
f 1281 1038 1132
f 1191 1134 1193
f 1281 1132 1280
f 1196 1194 1195
f 1195 1194 1144
f 1195 1144 1145
f 1195 1145 1197
f 1196 1195 1200
f 1198 1200 1195
f 1195 1197 1198
f 1257 1196 1200
f 1199 1198 1197
f 1199 1197 1201
f 1454 1199 1201
f 1282 1199 1454
f 1198 1199 1282
f 1283 1202 1203
f 1214 1203 880
f 1285 1283 1203
f 1214 1285 1203
f 1204 1294 1155
f 1287 1294 1204
f 1294 1223 1155
f 1775 1069 1205
f 1216 1206 981
f 1404 1405 1072
f 1291 1290 1207
f 1073 1291 1207
f 1158 1291 1073
f 1291 1158 1289
f 1409 1210 1211
f 1077 1293 1213
f 880 947 1163
f 880 1163 1215
f 1214 880 1215
f 1215 1286 1214
f 1163 1411 1412
f 1206 1216 1403
f 1403 1217 1406
f 1217 1157 1406
f 1407 1406 1157
f 1156 1407 1157
f 1087 1220 1219
f 1804 1218 1219
f 1410 1211 1221
f 1522 1221 1222
f 1410 1221 1522
f 1163 1224 1415
f 1411 1163 1415
f 1223 1165 1164
f 1415 1224 1418
f 1227 1166 1419
f 1225 1226 997
f 1295 1226 1225
f 1225 1297 1295
f 1227 1168 1167
f 1424 1168 1228
f 1228 1299 1424
f 1092 1298 1297
f 1092 1552 1298
f 1092 1300 1552
f 1236 1168 1424
f 1093 1230 1229
f 1229 1001 1093
f 1169 1423 1300
f 1169 1229 1423
f 1423 1229 1230
f 1234 1301 1231
f 1232 1231 1301
f 1234 1304 1303
f 1303 1301 1234
f 1230 1233 1302
f 1233 1232 1301
f 1307 1305 1238
f 1238 1304 1234
f 1305 1304 1238
f 1241 1312 1242
f 1241 1258 1312
f 1312 1243 1242
f 1008 1100 1437
f 1437 1173 1008
f 1244 1317 1101
f 1317 1245 1102
f 1250 1247 1246
f 1320 1250 1246
f 1320 1252 1250
f 1247 1104 1245
f 1247 1248 1104
f 1247 1249 1248
f 1251 1249 1247
f 1246 1247 1245
f 1250 1251 1247
f 1325 1249 1251
f 1252 1324 1250
f 1324 1251 1250
f 1252 1326 1324
f 1248 1105 1104
f 1106 1105 1310
f 1336 1106 1310
f 1253 1191 1193
f 1106 1336 1174
f 1392 1191 1253
f 1254 1174 1336
f 1253 1193 1175
f 1254 1175 1174
f 1253 1175 1254
f 1451 1256 1452
f 1256 1200 1198
f 1242 1115 1241
f 1241 1176 1258
f 1255 1177 1257
f 1255 1257 1256
f 1258 1176 1177
f 1256 1198 1452
f 1177 1255 1258
f 1255 1256 1451
f 1340 1258 1255
f 1178 1259 1262
f 1260 1259 1243
f 1260 1261 1259
f 1259 1263 1262
f 1261 1263 1259
f 1261 1349 1263
f 1262 1364 1178
f 1364 1262 1363
f 1178 1364 1287
f 1400 1287 1364
f 1366 1179 1369
f 1369 1179 1264
f 1367 1264 1024
f 1265 1181 1180
f 1606 1265 1180
f 1606 1180 889
f 1181 1265 1370
f 1472 1119 1373
f 1147 1119 1472
f 1266 1183 1208
f 1183 1266 1267
f 1267 1184 1183
f 1266 1208 1292
f 1476 1374 1184
f 1268 1185 1477
f 1268 1269 1185
f 1481 1271 1189
f 1481 1189 1647
f 1188 1272 1244
f 1189 1271 1187
f 1378 1647 1274
f 1378 1274 1379
f 1273 1647 1189
f 1274 1278 1275
f 1647 1273 1274
f 1275 1278 1276
f 1275 1379 1274
f 1274 1277 1278
f 1279 1276 1278
f 1278 1385 1279
f 1385 1278 1277
f 1385 1277 1391
f 1190 1281 1277
f 1274 1190 1277
f 1392 1280 1191
f 1453 1452 1198
f 1284 1201 1202
f 1201 1284 1393
f 1202 1283 1284
f 1394 1393 1284
f 1285 1395 1283
f 1284 1283 1395
f 1395 1394 1284
f 1285 1214 1286
f 1285 1286 1397
f 1294 1287 1401
f 1287 1400 1401
f 889 1069 1920
f 1069 1775 1920
f 980 1206 1497
f 1147 1472 1404
f 1520 1290 1408
f 1530 1289 1218
f 1289 1158 1218
f 1208 1207 1292
f 1292 1207 1290
f 1292 1290 1520
f 1210 1521 1209
f 1409 1211 1410
f 1521 1210 1409
f 1212 1213 1525
f 1412 1215 1163
f 1286 1215 1648
f 1526 1223 1294
f 1165 1416 1166
f 1166 1416 1419
f 1420 1226 1685
f 1418 1226 1420
f 1295 1685 1226
f 1295 1296 1685
f 1297 1298 1296
f 1297 1296 1295
f 1298 1421 1296
f 1299 1228 1550
f 1692 1424 1299
f 1422 1230 1302
f 1424 1308 1236
f 1233 1301 1302
f 1301 1303 1302
f 1302 1303 1425
f 1426 1303 1304
f 1303 1426 1425
f 1305 1426 1304
f 1306 1235 1308
f 1237 1235 1306
f 1307 1237 1306
f 1428 1305 1307
f 1236 1308 1235
f 1703 955 1884
f 2013 1099 1240
f 1099 1563 1009
f 1248 1335 1309
f 1309 1105 1248
f 1310 1429 1311
f 1311 1336 1310
f 1432 1243 1312
f 1312 1258 1431
f 1258 1340 1431
f 1432 1312 1573
f 1432 1433 1243
f 1315 1243 1433
f 1315 1433 1316
f 1316 1313 1315
f 1314 1345 1313
f 1315 1313 1243
f 1314 1313 1316
f 1243 1313 1260
f 1563 1438 1009
f 1272 1377 1244
f 1317 1377 1483
f 1377 1317 1244
f 1245 1317 1319
f 1319 1318 1245
f 1319 1440 1318
f 1245 1318 1246
f 1318 1442 1246
f 1442 1322 1246
f 1323 1322 1443
f 1383 1323 1443
f 1443 1322 1442
f 1443 1381 1383
f 1320 1246 1322
f 1321 1326 1320
f 1326 1252 1320
f 1321 1320 1322
f 1326 1321 1382
f 1323 1321 1322
f 1382 1323 1383
f 1321 1323 1382
f 1335 1248 1249
f 1325 1251 1324
f 1324 1326 1327
f 1325 1324 1327
f 1334 1335 1249
f 1249 1329 1334
f 1329 1249 1325
f 1325 1327 1328
f 1328 1331 1325
f 1331 1329 1325
f 1327 1330 1328
f 1326 1382 1386
f 1326 1386 3809
f 1327 3813 1330
f 1328 1330 1332
f 1332 1331 1328
f 1387 1332 1330
f 3814 1387 3810
f 1334 1329 1331
f 1333 1331 1332
f 1333 1332 1388
f 1333 1334 1331
f 1333 1388 1447
f 1446 1334 1333
f 1446 1333 1447
f 1390 1447 1388
f 1337 1253 1254
f 1337 1339 1253
f 1253 1339 1392
f 1336 1311 1338
f 1338 1254 1336
f 1338 1337 1254
f 1340 1255 1341
f 1341 1255 1451
f 1340 1341 1569
f 1431 1340 1569
f 1569 1341 1585
f 1585 1341 1451
f 1587 1453 1454
f 1342 1455 1454
f 1348 1393 1394
f 1344 1348 1343
f 1458 1348 1344
f 1393 1348 1458
f 1344 1343 1457
f 1458 1344 1457
f 1393 1458 1342
f 3807 1459 1343
f 1343 1459 1457
f 1458 1455 1342
f 1345 3806 1313
f 1345 1350 3806
f 1345 1354 1350
f 3811 1346 1354
f 1346 3811 1347
f 1347 1348 1346
f 1346 1348 1394
f 1346 1394 1356
f 3807 1347 3811
f 1348 1347 1343
f 3807 1343 1347
f 1350 1261 3806
f 1349 1261 1351
f 1350 1351 1261
f 1351 1352 1349
f 1357 1349 1352
f 1351 1350 1354
f 1351 1354 1353
f 1351 1353 1352
f 1356 1396 1355
f 1352 1358 1357
f 1353 1358 1352
f 1346 1356 1354
f 1354 1356 1355
f 1353 1354 1355
f 1353 1355 1359
f 1358 1353 1359
f 1396 1398 1355
f 1355 1398 3812
f 1460 3812 1398
f 1349 1357 1263
f 1357 1360 1263
f 1360 1363 1263
f 1263 1363 1262
f 1357 1358 1361
f 1357 1361 1360
f 1358 1359 1362
f 1362 1361 1358
f 1361 1461 1360
f 1460 1362 1359
f 1361 1362 1462
f 3819 1362 1460
f 1365 1400 1364
f 1492 1400 1365
f 1022 1366 1600
f 1366 1369 1601
f 1606 889 1920
f 1951 1371 1749
f 1372 1471 1117
f 1117 1778 1372
f 1372 1778 1609
f 1471 1372 1609
f 1610 1373 1471
f 1610 1472 1373
f 1612 1266 1292
f 1266 1474 1267
f 1474 1266 1612
f 1292 1520 1612
f 1184 1475 1476
f 1184 1267 1475
f 1474 1475 1267
f 1123 1752 1150
f 1268 1477 1478
f 1478 1479 1268
f 1376 1480 1270
f 1270 1269 1376
f 1269 1375 1376
f 1375 1269 1268
f 1375 1479 1376
f 1479 1375 1268
f 1480 1524 1293
f 1293 1270 1480
f 1272 1271 1482
f 1271 1481 1482
f 1784 1647 1378
f 1378 1485 1784
f 1379 1485 1378
f 1380 1383 1381
f 1276 1383 1380
f 1380 1379 1276
f 1381 1486 1380
f 1380 1484 1379
f 1484 1485 1379
f 1383 1384 1382
f 1384 1276 1279
f 1275 1276 1379
f 1276 1384 1383
f 1382 1384 3815
f 1384 1279 3815
f 1279 1387 3814
f 1387 1279 1385
f 1387 1388 1332
f 1388 1387 1389
f 1389 1387 1385
f 1389 1385 1391
f 1388 1389 1390
f 1487 1389 1391
f 1277 1281 1391
f 1487 1391 1281
f 1453 1198 1282
f 1453 1282 1454
f 1454 1201 1342
f 1342 1201 1393
f 1396 1394 1395
f 1396 1356 1394
f 1397 1395 1285
f 1396 1395 1398
f 1398 1395 1397
f 1399 1397 1286
f 1488 1460 1398
f 1488 1398 1397
f 1490 1397 1399
f 1399 1286 1648
f 1625 1399 1648
f 1490 1399 1625
f 1492 1401 1400
f 1656 1401 1492
f 1640 1205 1402
f 1371 1951 1288
f 1643 1494 911
f 1288 1643 911
f 1778 1117 978
f 1472 1473 1404
f 1404 1499 1405
f 1473 1508 1404
f 1508 1499 1404
f 1498 1406 1407
f 1502 1407 1405
f 1500 1405 1499
f 1501 1408 1291
f 1405 1500 1502
f 1290 1291 1408
f 1291 1289 1501
f 1289 1530 1501
f 1150 1752 1779
f 1409 1644 1521
f 1410 1644 1409
f 1522 1645 1410
f 1212 1525 1523
f 1212 1523 1222
f 1522 1222 1523
f 1293 1524 1213
f 1524 1525 1213
f 1215 1412 1648
f 1527 1294 1401
f 1527 1526 1294
f 1530 1218 1804
f 1223 1414 1165
f 1223 1413 1414
f 1416 1165 1414
f 1526 1413 1223
f 1533 1414 1413
f 1414 1532 1416
f 1414 1533 1532
f 1415 1418 1543
f 1418 1544 1543
f 1416 1417 1419
f 1417 1537 1419
f 1532 1417 1416
f 1227 1419 1168
f 1545 1419 1537
f 1419 1545 1168
f 1537 1546 1545
f 1168 1550 1228
f 1168 1545 1550
f 1692 1299 1691
f 1298 1552 1421
f 1552 1300 1423
f 1423 1230 1422
f 1427 1308 1424
f 1558 1427 1424
f 1307 1306 1428
f 1428 1426 1305
f 1555 1425 1426
f 1308 1427 1306
f 1428 1306 1427
f 1427 1558 1428
f 1099 2013 1563
f 1567 1309 1335
f 1105 1568 1310
f 1568 1429 1310
f 1309 1567 1105
f 1567 1568 1105
f 1311 1430 1338
f 1311 1429 1430
f 1450 1338 1430
f 1312 1431 1570
f 1570 1431 1569
f 1573 1433 1432
f 1434 1433 1573
f 3816 1435 3808
f 1316 1433 1434
f 1436 1467 1574
f 1574 1467 1461
f 1365 1363 1436
f 1436 1575 1365
f 2237 1173 1437
f 1100 1469 1437
f 1605 1368 1438
f 1439 1317 1483
f 1317 1439 1578
f 1442 1318 1440
f 1319 1317 1578
f 1579 1442 1441
f 1381 1443 1445
f 1444 1443 1442
f 1443 1444 1445
f 1440 3817 1442
f 1445 1486 1381
f 1444 1442 1579
f 1620 1486 1445
f 1444 1579 1445
f 1579 1620 1445
f 1334 1581 1566
f 1581 1334 1446
f 1581 1446 1447
f 1448 1447 1390
f 1448 1581 1447
f 1390 1487 1580
f 1449 1392 1339
f 1584 1449 1339
f 1449 1280 1392
f 1450 1337 1338
f 1584 1733 1449
f 1733 1280 1449
f 1584 1337 1450
f 1584 1339 1337
f 1875 1584 1450
f 1586 1585 1451
f 1737 1452 1453
f 1586 1451 1452
f 1737 1586 1452
f 1435 1456 1459
f 1459 1456 1457
f 1458 1457 1455
f 1455 1589 1454
f 1457 1588 1455
f 1455 1588 1589
f 1591 1457 1456
f 1591 1588 1457
f 3808 1435 1459
f 3808 1459 3807
f 1461 1467 1360
f 3818 1361 1462
f 3819 1460 1463
f 1488 1463 1460
f 1488 1489 1463
f 1466 3819 1464
f 1466 1461 3819
f 1464 3819 1465
f 1465 3819 1463
f 1465 1463 1489
f 1574 1461 1466
f 1465 1489 1592
f 1594 1466 1464
f 1465 1593 1464
f 1593 1465 1592
f 1467 1363 1360
f 1436 1363 1467
f 1364 1363 1365
f 1492 1365 1468
f 1468 1599 1492
f 1492 1599 1491
f 1600 1469 1020
f 1600 1366 1601
f 1601 1369 1602
f 1470 1369 1264
f 1470 1264 1367
f 1604 1368 1605
f 1604 1367 1368
f 1470 1602 1369
f 1603 1470 1367
f 1606 1607 1265
f 1607 1370 1265
f 1608 1370 1607
f 1608 1371 1370
f 1749 1371 1608
f 1471 1609 1610
f 1610 1611 1472
f 1472 1611 1473
f 1611 1613 1473
f 1615 1474 1612
f 1475 1474 1615
f 1751 1374 1476
f 1751 1752 1374
f 1123 1374 1752
f 1477 1923 1478
f 1480 1376 1479
f 1483 1482 1616
f 1482 1617 1616
f 1617 1482 1481
f 1482 1377 1272
f 1483 1377 1482
f 1486 1484 1380
f 1620 1619 1486
f 1619 1484 1486
f 1487 1390 1389
f 1583 1487 1281
f 1281 1280 1733
f 1397 1490 1488
f 1489 1488 1490
f 1490 1592 1489
f 1490 1621 1592
f 1621 1490 1625
f 1493 1492 1491
f 1628 1491 1599
f 1491 1628 1493
f 1493 1656 1492
f 1628 1632 1493
f 1776 1775 1205
f 1776 1205 1640
f 1640 1402 1495
f 1494 1495 1402
f 1494 1643 1642
f 1642 1495 1494
f 1955 1497 1956
f 1497 1496 1956
f 1497 1206 1496
f 1498 1502 1516
f 1503 1499 1508
f 1506 1499 3820
f 1506 1500 1499
f 1507 1505 1408
f 1408 1501 1507
f 3829 1501 1530
f 1498 1407 1502
f 1515 1408 1505
f 1520 1408 1515
f 1509 1503 1508
f 1509 1504 1503
f 3827 3821 3822
f 3829 3823 3825
f 1502 1500 1511
f 1500 1506 1511
f 1508 1473 1514
f 1612 1520 1515
f 1509 1514 1519
f 1509 1508 1514
f 1509 3832 1504
f 3830 3834 1515
f 3824 3833 3826
f 3822 1510 3827
f 3823 3829 3831
f 3828 3831 1512
f 3831 1513 1512
f 3829 1513 3831
f 3828 1512 1511
f 1513 3829 1530
f 1502 1511 1516
f 1516 1511 1517
f 1511 1512 1517
f 1517 1512 1518
f 1512 1513 1518
f 1513 1530 1518
f 1804 1518 1530
f 1613 1514 1473
f 1519 1514 1613
f 1516 1517 1803
f 1498 1516 1803
f 1803 1517 1518
f 1515 3834 1612
f 1160 1074 1779
f 1523 1525 2121
f 1781 1525 1524
f 1656 1527 1401
f 1526 1533 1413
f 1527 1528 1526
f 1656 1528 1527
f 1526 1534 1533
f 1526 1528 1534
f 1658 1657 1528
f 1657 1534 1528
f 1529 1403 1406
f 1206 1403 1496
f 1403 1529 1496
f 1529 1406 1498
f 1531 1648 1412
f 1411 1531 1412
f 1649 1648 1531
f 1533 1535 1532
f 1532 1540 1538
f 1534 1535 1533
f 1532 1535 1540
f 1657 1664 1534
f 1534 1664 1535
f 1536 1540 1535
f 1535 1664 1663
f 1535 1663 1536
f 1540 1536 1674
f 1543 1670 1415
f 1543 1544 1670
f 1415 1670 1411
f 1532 1538 1417
f 1417 1538 1537
f 1538 1539 1537
f 1540 1541 1538
f 1538 1541 1539
f 1539 1541 1542
f 1548 1546 1539
f 1542 1548 1539
f 1674 1541 1540
f 1541 1674 1675
f 1675 1542 1541
f 1418 1420 1544
f 1546 1537 1539
f 1547 1545 1546
f 1549 1547 1546
f 1547 1550 1545
f 1549 1546 1548
f 1549 1548 1682
f 1549 1682 1683
f 1549 1688 1547
f 1688 1550 1547
f 1551 1550 1688
f 1686 1551 1688
f 1299 1550 1551
f 1299 1551 1689
f 1691 1689 1690
f 1689 1691 1299
f 1422 1553 1423
f 1423 1553 1552
f 1848 1552 1553
f 1424 1692 1699
f 1700 1560 1699
f 1302 1425 1554
f 1425 1555 1554
f 1556 1553 1422
f 1422 1302 1556
f 1562 1561 1559
f 1555 1562 1559
f 1694 1557 1555
f 1559 1694 1555
f 1302 1554 1556
f 1556 1554 1557
f 1554 1555 1557
f 1558 1424 1560
f 1558 1559 1561
f 1694 1559 1702
f 1558 1702 1559
f 1560 1424 1699
f 1702 1558 1560
f 1426 1562 1555
f 1561 1428 1558
f 1562 1426 1428
f 1562 1428 1561
f 2332 1563 2013
f 1564 1704 1578
f 1578 1873 1319
f 1873 1565 1319
f 1319 1565 1440
f 3817 1440 1565
f 1565 1705 3817
f 1334 1566 1335
f 1567 1335 1566
f 1707 1567 1566
f 1707 1566 1706
f 1860 1568 1567
f 1568 1708 1429
f 1430 1709 1450
f 1450 1709 1875
f 1708 1430 1429
f 1570 1573 1312
f 1569 1585 1710
f 1714 1569 1710
f 1570 1569 1714
f 1573 1716 1434
f 1717 3816 1716
f 1717 1571 3816
f 1717 1572 1571
f 1571 1435 3816
f 1435 1591 1456
f 1591 1435 1571
f 1571 1572 1591
f 1719 1436 1574
f 1719 1575 1436
f 1575 1721 1596
f 2237 1884 1173
f 1437 1469 2288
f 1618 2073 1576
f 1578 1439 1577
f 1439 1576 1577
f 1439 1483 1576
f 1564 1578 1577
f 1441 3839 1579
f 3839 1729 1579
f 1729 1620 1579
f 1730 1619 1620
f 1730 1620 1729
f 1580 1448 1390
f 1583 1580 1487
f 1731 1581 1448
f 1582 1448 1580
f 1732 1580 1583
f 1731 1448 1582
f 1580 1732 1582
f 1710 1585 1586
f 1586 1736 1710
f 1586 1737 1736
f 1587 1590 1741
f 1737 1453 1738
f 1454 1590 1587
f 1589 1741 1454
f 1590 1454 1741
f 1588 1742 1589
f 1588 1718 1742
f 1572 1718 1588
f 1742 1741 1589
f 1572 1588 1591
f 1593 1594 1464
f 1592 1595 1593
f 1720 1574 1466
f 1744 1594 1593
f 1744 1593 1595
f 1594 1744 1466
f 1365 1575 1468
f 1575 1596 1599
f 1598 1597 1747
f 1627 1598 1748
f 1748 1598 1747
f 1575 1599 1468
f 1747 1599 3835
f 1599 1747 1597
f 1629 1599 1597
f 1603 1602 1470
f 1600 1601 2168
f 1604 1603 1367
f 2095 1606 1920
f 2096 1608 1607
f 1750 1609 1778
f 1614 1613 1611
f 1612 1614 1615
f 1614 1519 1613
f 1612 3834 1614
f 1475 1751 1476
f 1615 1751 1475
f 1477 1209 1923
f 1925 1480 1479
f 1926 1524 1480
f 1927 1616 1617
f 1617 1928 1927
f 1783 1928 1617
f 1927 2111 1618
f 1481 1783 1617
f 1783 1481 1647
f 1576 1483 1618
f 1618 1616 1927
f 1618 1483 1616
f 1619 1485 1484
f 1730 1755 1619
f 1619 1755 1485
f 1622 1595 1592
f 1592 1621 1622
f 1621 1623 1756
f 1622 1621 1756
f 1625 1623 1621
f 1625 1626 1623
f 1624 1623 1626
f 1597 1630 1629
f 1626 1650 1627
f 1627 1650 3836
f 3836 1650 1651
f 1630 1597 1598
f 1598 1627 3836
f 1599 1634 1628
f 1634 1632 1628
f 1634 1599 1629
f 1634 1629 1631
f 1629 1630 1631
f 3836 1651 3837
f 1632 1633 1493
f 1632 1634 1633
f 1631 1635 1634
f 1634 1635 1633
f 1633 1635 1638
f 1636 1638 1635
f 1631 1654 1635
f 3838 1761 1635
f 1635 1761 1636
f 1633 1637 1493
f 1637 1656 1493
f 1633 1639 1637
f 1638 1639 1633
f 1639 1656 1637
f 1638 1765 1639
f 1765 1638 1636
f 1765 1636 1766
f 1772 1656 1639
f 1774 1656 1772
f 2188 1920 1775
f 1640 1495 1641
f 1641 1495 1642
f 1641 1642 1952
f 1950 1288 1951
f 1950 1643 1288
f 1643 1952 1642
f 1956 1496 1777
f 1803 1518 1804
f 1521 1644 2120
f 2120 1644 1957
f 1780 1209 1521
f 1646 1957 1644
f 1646 1644 1410
f 1646 1410 1645
f 1957 1646 1958
f 1958 1646 1645
f 1958 1645 2122
f 2122 1645 1522
f 2121 2122 1523
f 1523 2122 1522
f 2121 1525 1782
f 1781 1782 1525
f 1783 1647 1784
f 1625 1648 1626
f 1626 1648 1650
f 1650 1648 1649
f 1650 1649 1651
f 3837 1651 1652
f 1649 1661 1653
f 1651 1649 1652
f 3837 1652 3838
f 3838 1652 1655
f 1649 1653 1652
f 1653 1661 1794
f 1786 3838 1655
f 1655 1652 1653
f 1655 1653 1787
f 1773 1658 1656
f 1773 1656 1774
f 1658 1528 1656
f 1657 1660 1664
f 1658 1660 1657
f 1659 1664 1660
f 1797 1659 1660
f 1797 1666 1659
f 1658 1773 1660
f 1777 1496 1529
f 1529 1498 1803
f 1219 1970 1804
f 1219 1220 1970
f 1649 1531 1661
f 1661 1531 1662
f 1531 1411 1662
f 1805 1661 1662
f 1806 1805 1662
f 1662 1411 1671
f 1807 1662 1671
f 1674 1536 1663
f 1665 1663 1664
f 1668 1663 1665
f 1668 1674 1663
f 1659 1665 1664
f 1665 1659 1666
f 1666 1668 1665
f 1668 1667 1669
f 1666 1667 1668
f 1668 1669 1674
f 1667 1677 1669
f 1809 1677 1667
f 1671 1411 1670
f 1680 1670 1544
f 1671 1670 1813
f 1807 1671 1813
f 1670 1680 1813
f 1680 1812 1813
f 1812 1680 1823
f 1675 1672 1542
f 1672 1548 1542
f 1672 1682 1548
f 1676 1673 1672
f 1672 1673 1682
f 1817 1673 1676
f 1818 1676 1677
f 1818 1817 1676
f 1669 1675 1674
f 1675 1676 1672
f 1669 1676 1675
f 1677 1676 1669
f 1680 1544 1679
f 1420 1679 1544
f 1679 1681 1680
f 1679 1822 1681
f 1678 1679 1420
f 1678 1822 1679
f 1680 1681 1823
f 1828 1822 1678
f 1688 1549 1683
f 1673 1683 1682
f 1673 1684 1683
f 1817 1684 1673
f 1685 1828 1678
f 1685 1678 1420
f 1683 1687 1688
f 1687 1686 1688
f 1683 1684 1687
f 1551 1686 1689
f 1689 1686 1690
f 1685 1296 1421
f 1421 1839 1685
f 1690 1686 1847
f 1690 1693 1691
f 1421 1552 1842
f 1842 1552 1848
f 1691 1693 1692
f 1692 1693 1700
f 1553 1697 1848
f 1553 1556 1697
f 1697 1556 1695
f 1695 1557 1696
f 1694 1857 1696
f 1698 1857 1694
f 1702 1698 1694
f 1695 1856 1697
f 1696 1856 1695
f 1856 1696 1857
f 1698 1702 1701
f 1692 1700 1699
f 1556 1557 1695
f 1696 1557 1694
f 1702 1560 1701
f 1700 1701 1560
f 1573 1715 1866
f 1573 1866 2012
f 1868 1240 1239
f 1239 1869 1868
f 1868 2013 1240
f 1563 2332 2136
f 1563 2136 1438
f 1726 1727 1564
f 1564 1870 1704
f 1564 1727 1870
f 1870 1727 1902
f 1872 1565 1873
f 1705 1565 1872
f 1704 1873 1578
f 1706 1566 1581
f 1731 1706 1581
f 1567 1707 1860
f 1708 1709 1430
f 1876 1709 1708
f 1709 1876 1875
f 1861 1568 1860
f 1734 1710 1736
f 1714 1710 1711
f 1734 1711 1710
f 1715 1714 1711
f 1734 1712 1711
f 1712 1715 1711
f 1712 1734 1713
f 1714 1715 1570
f 1715 1573 1570
f 2012 1716 1573
f 1718 1572 1717
f 1718 2275 1742
f 1720 1719 1574
f 1912 1720 1744
f 1719 1720 2151
f 1575 1719 1721
f 1881 1721 1719
f 1722 1745 1721
f 1722 1721 1881
f 1722 1883 1745
f 1721 1745 3835
f 2237 1437 2288
f 2238 1605 1438
f 2238 1438 2136
f 1577 2073 1885
f 2073 1577 1576
f 1577 1723 1726
f 1723 1724 1726
f 1577 1885 1723
f 1885 1725 1723
f 1890 1724 1725
f 1725 1724 1723
f 1728 1726 1724
f 1903 1902 3840
f 1890 1889 1724
f 3840 3844 1903
f 1728 1724 1889
f 1564 1577 1726
f 3840 1727 1726
f 1902 1727 3840
f 2078 1730 1729
f 1730 2157 1755
f 1874 1706 1731
f 1906 1874 1731
f 1731 1582 1906
f 1906 1582 1908
f 1582 1732 1908
f 1877 1584 1875
f 2079 1733 1584
f 1583 1281 1733
f 1739 1734 1736
f 1739 1736 1737
f 1734 1739 1713
f 1735 1713 1739
f 1587 1738 1453
f 1737 1738 1739
f 1740 1738 1587
f 1740 1739 1738
f 1741 1740 1587
f 1913 1912 1744
f 1743 1913 1595
f 1743 1595 1622
f 1744 1720 1466
f 1913 1744 1595
f 1747 1745 1746
f 1747 1746 1748
f 1759 1748 1746
f 1746 1745 1914
f 1914 1759 1746
f 1747 3835 1745
f 2168 1601 1919
f 1919 1601 1602
f 1602 2167 1919
f 1607 1606 2096
f 2096 1606 3859
f 2098 1608 2096
f 1608 2098 2100
f 1608 2100 1749
f 1921 1610 1609
f 1609 1750 1921
f 1921 1922 1610
f 2173 1921 1750
f 2172 1750 1778
f 1922 1614 1611
f 1610 1922 1611
f 1615 1922 1751
f 1615 1614 1922
f 1922 2102 1751
f 1751 2102 1752
f 1753 1923 1209
f 1209 1780 1753
f 1478 1924 1479
f 1924 1478 1923
f 1926 1480 3850
f 1781 1926 1959
f 1524 1926 1781
f 1961 1783 1960
f 1618 2111 2073
f 1784 1485 1754
f 1785 1937 1931
f 1937 1785 1754
f 1485 1943 1754
f 2293 1622 1756
f 1756 1623 1757
f 1758 1757 1623
f 1626 1760 1624
f 1624 1760 1758
f 1758 1623 1624
f 1758 1760 1759
f 1627 1760 1626
f 1627 1748 1760
f 1759 1760 1748
f 1761 1767 1636
f 1761 3838 1786
f 1762 1767 1761
f 1761 1786 1762
f 1762 1792 1763
f 1792 1764 1763
f 1793 1764 1792
f 1765 1766 1768
f 1770 1772 1639
f 1768 1639 1765
f 1767 1766 1636
f 1768 1770 1639
f 1763 1767 1762
f 1768 1766 1769
f 1763 1766 1767
f 1769 1766 1763
f 1946 1768 1769
f 1763 1771 1769
f 1768 1946 1770
f 1769 1771 1946
f 1770 1946 1918
f 1770 1947 1772
f 1917 1946 1771
f 1949 1775 1776
f 1952 1954 1641
f 1953 1776 1640
f 1953 1640 1641
f 1953 1641 1954
f 1952 1643 1950
f 1778 978 1955
f 1779 1220 1160
f 2120 1780 1521
f 1782 1781 1959
f 1960 1783 1784
f 1962 1784 1785
f 1754 1785 1784
f 1788 1786 1655
f 1787 1788 1655
f 1790 1788 1787
f 1787 1653 1794
f 1790 1787 1794
f 1789 1762 1786
f 1788 1789 1786
f 1790 1794 1795
f 1792 1762 1789
f 1792 1789 1791
f 1791 1789 1788
f 1790 1791 1788
f 1795 1791 1790
f 1793 1792 1791
f 3841 1791 1795
f 1963 3841 1795
f 1805 1794 1661
f 1795 1794 1805
f 1795 1805 1796
f 1805 1806 1796
f 1795 1796 1963
f 1964 1796 1806
f 1799 1773 1774
f 1797 1808 1666
f 1773 1798 1660
f 1660 1798 1797
f 1798 1800 1797
f 1799 1798 1773
f 1799 1800 1798
f 1801 1797 1800
f 1797 1801 1808
f 1808 1801 1809
f 1800 1969 1801
f 1969 1968 1801
f 1799 1965 1800
f 1969 1800 1965
f 1801 1968 1809
f 1810 1809 1968
f 1802 1777 1529
f 1529 1803 1802
f 1802 1803 1804
f 1802 1804 1970
f 1807 1971 1806
f 1807 1806 1662
f 1972 1807 1816
f 1808 1667 1666
f 1809 1667 1808
f 1818 1809 1810
f 1810 1819 1818
f 1811 1819 1810
f 1821 1819 1811
f 1821 1811 1972
f 1812 1823 1815
f 1813 1815 1814
f 1813 1812 1815
f 1813 1814 1807
f 1814 1815 1816
f 1815 1826 1820
f 1826 1824 1820
f 1816 1815 1820
f 1816 1807 1814
f 1677 1809 1818
f 1819 1827 1817
f 1818 1819 1817
f 1821 1820 1827
f 1821 1827 1819
f 1821 1816 1820
f 1972 1816 1821
f 1681 1822 1823
f 1823 1822 1825
f 1822 1828 1825
f 1815 1823 1826
f 1824 1827 1820
f 1823 1825 1826
f 1826 1825 1824
f 1825 1828 1831
f 1825 1831 1824
f 1829 1817 1827
f 1828 1832 1837
f 1828 1837 1831
f 1836 1829 1830
f 1837 1975 1831
f 1831 1975 1830
f 1837 1974 1975
f 1829 1684 1817
f 1829 1687 1684
f 1833 1686 1687
f 1827 1830 1829
f 1829 1834 1687
f 1834 1833 1687
f 1831 1830 1824
f 1824 1830 1827
f 1829 1836 1834
f 1828 1685 1839
f 1828 1839 1832
f 1974 1837 1832
f 1835 1833 1834
f 1836 1838 1834
f 1838 1835 1834
f 1975 1836 1830
f 1975 1838 1836
f 1839 1421 1842
f 1839 1842 1981
f 1838 1978 1835
f 1840 1847 1686
f 1835 1840 1833
f 1833 1840 1686
f 1847 1841 1988
f 1841 1847 1840
f 1835 1841 1840
f 1978 1841 1835
f 1843 1842 1848
f 1842 1843 1981
f 1985 1849 1853
f 1985 1853 1986
f 1854 1693 1844
f 1847 1854 1844
f 1847 1845 1854
f 1845 1989 1846
f 1855 1845 1846
f 1693 1690 1844
f 1690 1847 1844
f 1988 1845 1847
f 1848 1697 1849
f 1843 1848 1849
f 1700 1851 1701
f 1852 1850 1859
f 1859 1850 1858
f 1985 1843 1849
f 1849 1858 1853
f 1853 1858 1850
f 1693 1854 1700
f 1700 1854 1851
f 1854 1855 1851
f 1852 1851 1855
f 1853 1850 1986
f 1855 1846 1852
f 1852 1846 1850
f 1846 1986 1850
f 1845 1855 1854
f 1698 1701 1859
f 1859 1857 1698
f 1856 1849 1697
f 1849 1856 1858
f 1858 1856 1857
f 1859 1858 1857
f 1701 1851 1859
f 1852 1859 1851
f 2409 1991 1860
f 1708 1861 1876
f 1992 1861 1860
f 1861 1992 1993
f 1863 2000 1862
f 1862 1864 1863
f 1863 2042 2000
f 1862 1865 1864
f 2000 2004 1862
f 2042 1863 1715
f 1863 1866 1715
f 1863 1864 1866
f 1866 1864 1867
f 1867 2012 1866
f 1871 1902 1903
f 1870 1902 1871
f 1901 1871 1903
f 1873 2207 1872
f 1707 1706 1874
f 1708 1568 1861
f 1993 1876 1861
f 2016 1876 1993
f 2016 2017 1876
f 2017 1875 1876
f 1875 2018 1877
f 2017 2018 1875
f 1878 2043 2041
f 1879 2043 1878
f 2044 2043 1879
f 1715 1712 2042
f 1712 1713 1878
f 1878 1713 1879
f 1879 1713 1735
f 2042 1712 2041
f 1712 1878 2041
f 2044 1879 1909
f 1879 1735 1909
f 1716 2213 1717
f 2149 2275 1718
f 1717 2149 1718
f 2235 1720 1912
f 2151 1720 2235
f 2154 1719 2072
f 2154 1881 1719
f 1881 1880 1722
f 1745 1883 1914
f 1883 1722 1880
f 1883 1880 1882
f 1880 2152 1882
f 1914 1883 1882
f 1888 1898 1886
f 1898 1725 1886
f 1900 1898 1887
f 1886 2074 1888
f 1898 3843 1887
f 1725 1885 3842
f 1890 1891 1889
f 1897 1903 3844
f 1892 1890 1725
f 3845 1895 3848
f 1897 3844 3846
f 1894 1892 1893
f 1894 1890 1892
f 1890 1894 1891
f 1891 1894 3847
f 1898 1892 1725
f 1895 1899 3848
f 1898 1893 1892
f 3847 1894 1896
f 1895 1896 1899
f 1894 1893 1936
f 1894 1936 1896
f 1893 1900 1936
f 1936 1933 1896
f 1896 1933 1938
f 1896 1938 1940
f 1901 1903 1897
f 1898 1900 1893
f 1896 1940 1899
f 1904 1901 3848
f 1899 1904 3848
f 1901 1904 2075
f 1899 1905 1904
f 1904 3849 2075
f 1906 2137 1874
f 1907 1908 1732
f 2137 1906 2138
f 2138 1906 2158
f 2223 1908 1907
f 2080 1583 1733
f 2080 1733 2079
f 1732 1583 1907
f 1877 2079 1584
f 1909 1735 1910
f 1909 1910 2083
f 1910 2084 2083
f 2084 1910 1911
f 1735 1739 1910
f 1910 1739 1740
f 1911 1910 1740
f 2088 1911 1740
f 1743 1622 2232
f 1622 2243 2232
f 2243 1622 2293
f 1757 2090 1756
f 2090 1757 1916
f 1759 1915 1758
f 1758 1915 1757
f 1915 1759 1914
f 1915 1916 1757
f 1914 2091 1915
f 2091 1916 1915
f 1917 2093 2092
f 1917 2092 1918
f 1918 2094 1947
f 1947 2094 2166
f 2168 1919 2167
f 1603 2167 1602
f 2170 2095 1920
f 2099 1951 1749
f 1750 2172 2173
f 2249 1923 2307
f 1923 2249 2104
f 1923 1753 2307
f 1924 1925 1479
f 1926 2105 2106
f 1924 2103 1925
f 2103 2177 1925
f 2104 1924 1923
f 2104 2103 1924
f 3870 2105 1926
f 3870 1926 3850
f 2106 1959 1926
f 2109 1928 1961
f 2073 2111 2181
f 1927 1928 2109
f 1961 1928 1783
f 1929 1930 1935
f 1930 1785 1935
f 1887 1929 1900
f 1935 1932 1934
f 1931 1932 1785
f 1932 1935 1785
f 1932 1933 1934
f 1931 1933 1932
f 1934 1936 1900
f 1936 1934 1933
f 1931 1938 1933
f 1929 1934 1900
f 1929 1935 1934
f 1943 1937 1754
f 1939 1931 1937
f 1938 1931 1939
f 1937 1941 1939
f 1943 1941 1937
f 1940 1938 1939
f 1942 1939 1941
f 1940 1939 1905
f 1940 1905 1899
f 1942 1905 1939
f 1943 1942 1941
f 2076 3849 1942
f 1755 1943 1485
f 1943 1755 2157
f 1764 1771 1763
f 1764 1793 1944
f 1945 1917 1771
f 1945 1771 1764
f 1917 1945 2093
f 1963 1944 3841
f 1944 1963 2114
f 1945 1764 1944
f 2114 2113 1944
f 1945 1944 2113
f 2093 1945 2113
f 1918 1947 1770
f 1946 1917 1918
f 1947 1774 1772
f 1947 2166 1774
f 2369 1774 2166
f 1948 1799 1774
f 1799 1948 1965
f 1774 2369 1948
f 2188 1775 2115
f 1775 1949 2115
f 1953 1949 1776
f 1951 2192 1950
f 1950 2116 1952
f 2190 1953 1954
f 2192 2116 1950
f 2191 1954 1952
f 1956 2392 1955
f 1778 1955 2392
f 2117 1956 1777
f 1779 2196 1220
f 1782 1959 2121
f 2201 1961 2123
f 1960 1784 1962
f 2123 1961 1960
f 1962 2123 1960
f 1930 1962 1785
f 1930 2186 1962
f 1963 2125 2124
f 1963 1964 2125
f 2114 1963 2124
f 1796 1964 1963
f 1971 1964 1806
f 1969 1966 1968
f 1965 1967 1969
f 1969 1967 1966
f 2127 1973 1966
f 1967 2127 1966
f 1968 1966 1810
f 2119 1802 1970
f 2118 1970 1220
f 2126 1971 1807
f 1972 2126 1807
f 1973 1972 1811
f 1966 1973 1811
f 2126 1972 1973
f 1810 1966 1811
f 1839 1976 1832
f 1974 1980 1975
f 1839 1981 1976
f 1974 1832 1976
f 1974 1977 1979
f 1974 1976 1977
f 1979 1984 1980
f 1978 1838 1980
f 1978 1980 1984
f 1982 1984 1979
f 1982 1979 1977
f 1975 1980 1838
f 1974 1979 1980
f 1981 1985 1983
f 1983 1985 1987
f 1988 1841 1984
f 1976 1981 1977
f 1982 1989 1984
f 1988 1984 1989
f 1983 1987 1989
f 1977 1981 1983
f 1977 1983 1982
f 1982 1983 1989
f 1978 1984 1841
f 1989 1845 1988
f 1981 1843 1985
f 1985 1986 1987
f 1846 1989 1986
f 1987 1986 1989
f 1873 1704 2014
f 2014 2261 1873
f 2261 2207 1873
f 1990 1860 1707
f 1707 2128 1990
f 1991 1992 1860
f 1990 2409 1860
f 2409 2129 1991
f 1991 1995 1992
f 1993 1992 1995
f 1994 1993 1995
f 1998 1994 1995
f 1994 1998 1996
f 2027 1996 1997
f 1991 1998 1995
f 1997 1996 1999
f 2042 1997 1999
f 1991 2130 1998
f 1999 1996 1998
f 2130 1991 2129
f 1998 2130 1999
f 2000 2001 2004
f 2003 2000 2042
f 2001 2000 2003
f 2046 2048 2002
f 1999 2003 2042
f 2131 2003 1999
f 2131 2133 2003
f 2003 2133 2001
f 2001 2133 2002
f 2133 2209 2002
f 2209 2046 2002
f 2004 2005 1862
f 2005 1865 1862
f 1865 2007 2008
f 2006 2005 2004
f 2005 2007 1865
f 2008 2007 2009
f 2048 2006 2004
f 2005 2049 2007
f 2007 2049 2009
f 2001 2002 2004
f 2002 2048 2004
f 1864 2008 2010
f 1865 2008 1864
f 2010 1867 1864
f 2010 2008 2009
f 2052 2009 2049
f 1867 2010 2134
f 2011 2010 2009
f 2011 2009 2052
f 2010 2011 2134
f 2012 1867 2134
f 2269 2270 1868
f 2269 1868 1869
f 2512 1869 1703
f 1868 2270 2013
f 2260 1870 1871
f 1704 1870 2014
f 2261 1870 2260
f 2261 2014 1870
f 2218 1729 3839
f 2128 1707 2015
f 2015 1707 1874
f 2137 2015 1874
f 2220 2015 2137
f 1993 1994 2019
f 2016 1993 2019
f 2019 2017 2016
f 2019 2020 2017
f 2020 2021 2017
f 2021 2018 2017
f 2021 2022 2018
f 2018 2022 1877
f 2022 2079 1877
f 1994 2023 2019
f 1994 1996 2023
f 2020 2019 2024
f 2019 2023 2024
f 2025 2021 2020
f 2026 2021 2025
f 2026 2022 2021
f 1996 2027 2023
f 2024 2023 2027
f 2027 2029 2024
f 2024 2025 2020
f 2031 2026 2025
f 2025 2024 2032
f 2031 2025 2032
f 2024 3851 2032
f 1997 2028 2027
f 2028 1997 2042
f 2027 2028 3852
f 2028 2030 3852
f 2030 2043 3852
f 3851 2033 2032
f 3852 2043 2033
f 2036 2033 2043
f 2022 2035 2079
f 2022 2026 2035
f 2034 2031 2032
f 2033 2034 2032
f 2036 2034 2033
f 2026 2031 2037
f 2034 2036 2038
f 2079 2035 2081
f 2026 2037 2035
f 2035 2037 2082
f 2034 2037 2031
f 2038 2037 2034
f 2038 2036 2039
f 2082 2037 2038
f 2082 2038 2040
f 2038 2039 2040
f 2040 2039 2047
f 2028 2042 2041
f 2028 2041 2030
f 2030 2041 2043
f 3853 1909 2083
f 2036 2043 2044
f 2059 2045 2085
f 2085 2045 2047
f 2039 2036 2044
f 2039 3853 2047
f 3853 2083 2047
f 2046 2053 2048
f 2045 2056 2063
f 2059 2056 2045
f 2045 2139 2047
f 2048 2050 2006
f 2006 2049 2005
f 2050 2049 2006
f 2085 2086 2059
f 2086 2051 2059
f 2050 2054 2049
f 2049 2054 2052
f 2060 2059 2051
f 2051 2087 2062
f 2050 2048 2053
f 2050 2053 2055
f 2050 2055 2054
f 2054 2055 2064
f 3855 3856 2070
f 2056 2053 2063
f 2053 2056 2055
f 2055 2056 2057
f 2055 2057 2064
f 2057 2056 2058
f 2057 2058 2064
f 2064 2058 2065
f 2059 2060 2056
f 2056 2060 2058
f 2058 2060 2061
f 2058 2061 2065
f 2051 2061 2060
f 2061 2051 2062
f 2061 2062 2066
f 2066 2062 2067
f 2011 2052 2068
f 2069 2052 2054
f 3857 2068 2052
f 2046 2063 2053
f 3855 2070 3857
f 2066 2070 2064
f 2065 2066 2064
f 2061 2066 2065
f 2141 3857 2070
f 2141 2070 2142
f 2142 2070 2066
f 2143 2142 2066
f 2067 2143 2066
f 2148 2143 2067
f 2148 2067 2089
f 2276 2071 2275
f 2135 1717 2213
f 2276 2161 2071
f 2149 1717 2135
f 1913 2150 1912
f 2072 1719 2151
f 2214 2072 2151
f 2153 1881 2154
f 1881 2153 1880
f 2091 1914 1882
f 1880 2153 2152
f 2236 2091 1882
f 1886 2156 2074
f 3858 1887 3843
f 3858 2112 1887
f 2075 3849 2076
f 2077 1942 1943
f 1943 2241 2077
f 2076 1942 2077
f 2078 2157 1730
f 2158 1906 1908
f 2223 2158 1908
f 1907 1583 2080
f 2079 2081 2080
f 2081 2159 2080
f 2081 2160 2159
f 1907 2080 2159
f 2081 2035 2082
f 2160 2081 2082
f 2085 3854 2083
f 2084 2085 2083
f 2085 2084 2086
f 2086 2084 2087
f 1911 2087 2084
f 2087 1911 2089
f 2087 2051 2086
f 2067 2062 2087
f 2067 2087 2089
f 2089 1911 2088
f 2088 1740 2161
f 2161 1740 1741
f 2162 2089 2088
f 2162 2088 2161
f 1741 1742 2071
f 2071 1742 2275
f 2071 2161 1741
f 1913 1743 2232
f 1916 2245 2090
f 1756 2090 2245
f 2163 1916 2236
f 1916 2163 2245
f 1756 2245 2244
f 2236 1916 2091
f 2092 2094 1918
f 2097 2098 2096
f 2101 2098 2097
f 1920 2188 2170
f 2239 2097 2096
f 2100 2099 1749
f 2101 2100 2098
f 2173 2102 1921
f 1921 2102 1922
f 2102 2174 1752
f 2307 1753 1780
f 2104 2175 2103
f 2175 2176 2103
f 2176 2177 2103
f 2176 2178 2177
f 2175 2104 2249
f 2107 2105 3870
f 2111 2109 3873
f 2106 2200 1959
f 2106 2105 3860
f 3873 2109 2108
f 3861 3871 3863
f 3862 3864 2179
f 3862 2179 2110
f 3866 2106 3860
f 3872 3865 2109
f 3867 2200 2106
f 2180 2109 1961
f 2109 2111 1927
f 1930 1929 2186
f 2185 1929 2112
f 2185 2186 1929
f 1887 2112 1929
f 2467 2185 2112
f 2164 2093 2113
f 2164 2113 2114
f 1949 1953 2189
f 1949 2189 2115
f 2189 1953 2190
f 2190 1954 2191
f 2116 2191 1952
f 1777 2193 2117
f 2193 1777 1802
f 2392 2172 1778
f 2193 1802 2119
f 2195 2119 2194
f 2119 1970 2118
f 2197 1220 2196
f 2197 2118 1220
f 2194 2119 2118
f 2395 1958 2122
f 2120 1957 2308
f 2308 1957 1958
f 2395 2308 1958
f 2199 2121 2200
f 2200 2121 1959
f 2202 2201 2123
f 2123 1962 2204
f 1962 2186 2204
f 2205 1964 1971
f 1964 2205 2125
f 2206 2205 1971
f 2126 2206 1971
f 2126 1973 2127
f 1990 2128 2472
f 2220 2264 2128
f 2131 1999 2130
f 2130 2129 2132
f 2132 2131 2130
f 2132 2209 2131
f 2209 2133 2131
f 2129 2316 2132
f 2316 2209 2132
f 2210 2225 2063
f 2046 2209 2210
f 2210 2063 2046
f 2212 2011 2068
f 2259 2012 2134
f 2211 2259 2134
f 2011 2211 2134
f 2012 2265 1716
f 2265 2213 1716
f 2425 2623 2072
f 2215 2151 2235
f 2215 2214 2151
f 2425 2072 2214
f 2512 1703 1884
f 2332 2437 2136
f 1705 1872 2207
f 2078 1729 2218
f 2015 2220 2128
f 2221 2137 2138
f 2221 2138 2222
f 2222 2138 2158
f 2221 2220 2137
f 2160 2047 2139
f 2140 2139 2045
f 2140 2045 2226
f 2139 2140 2274
f 2063 2225 2045
f 2045 2225 2226
f 2068 3857 2145
f 2145 3857 2141
f 2145 2141 2144
f 2144 2141 2142
f 2144 2142 2143
f 2148 2146 2143
f 2143 2146 2144
f 2228 2145 2144
f 2068 2145 2228
f 2144 2146 2229
f 2228 2144 2227
f 2227 2144 2229
f 2229 2146 2147
f 2212 2068 2228
f 2147 2146 2148
f 2162 2161 2230
f 2147 2148 2162
f 2230 2161 2231
f 2161 2276 2231
f 2162 2229 2147
f 2229 2162 2230
f 2150 2233 2234
f 2233 2150 1913
f 1913 2232 2233
f 2150 2235 1912
f 2235 2150 2234
f 2152 2236 1882
f 1469 2289 2288
f 2289 1469 1600
f 2290 1604 1605
f 2290 2169 1604
f 2290 1605 2238
f 2178 2240 2177
f 2178 2175 2240
f 2175 2249 2240
f 2240 2073 2181
f 2177 2240 2181
f 2073 2155 1885
f 2155 2073 2240
f 2155 2240 2372
f 2155 3842 1885
f 2155 3868 3842
f 2219 2157 2078
f 2159 2160 2273
f 2273 2160 2139
f 2040 2160 2082
f 2160 2040 2047
f 2148 2089 2162
f 1756 2244 2293
f 2297 2294 2163
f 2163 2294 2245
f 2297 2163 2236
f 2094 2092 2165
f 2092 2093 2165
f 2094 2369 2166
f 2169 1603 1604
f 2169 2167 1603
f 3859 2171 2096
f 2171 2239 2096
f 2239 2101 2097
f 2101 2304 2100
f 2099 2100 2304
f 2102 2173 2174
f 2173 2172 2247
f 2248 1752 3869
f 1752 2248 1779
f 2305 2248 3869
f 2175 2178 2176
f 2200 2182 2199
f 3871 3874 3863
f 2180 1961 2201
f 2200 3867 2182
f 3872 2109 2180
f 2180 2201 3872
f 2179 2184 2110
f 2110 2184 3875
f 3877 3872 2201
f 2183 3876 3877
f 2250 2183 3877
f 2186 2185 2468
f 2468 2397 2186
f 2252 2164 2114
f 2125 2187 2124
f 2124 2252 2114
f 2187 2252 2124
f 2115 2389 2188
f 2389 2115 2189
f 2389 2189 2390
f 2401 2189 2190
f 2401 2390 2189
f 2191 2401 2190
f 2116 2192 2191
f 2099 2192 1951
f 2193 2119 2195
f 2195 2256 2193
f 2195 2194 2312
f 1779 2248 2196
f 2197 2198 2118
f 2198 2194 2118
f 2197 2196 2257
f 2248 2257 2196
f 2257 2313 2197
f 2199 2182 2183
f 2121 2314 2122
f 2122 2314 2395
f 2199 2314 2121
f 2183 2314 2199
f 2250 2314 2183
f 2202 2204 2251
f 2250 3877 2203
f 3877 2201 2203
f 2203 2201 2202
f 2251 2250 2203
f 2203 2202 2251
f 2202 2123 2204
f 2204 2186 2397
f 2253 2125 2205
f 2206 2126 2127
f 2208 1705 2207
f 2262 2078 2218
f 2208 2218 3839
f 2262 2218 2208
f 2472 2128 2264
f 2264 2220 2263
f 1990 2472 2409
f 2258 2209 2316
f 2225 2210 2324
f 2258 2210 2209
f 2225 2324 2226
f 2212 2211 2011
f 2490 2212 2228
f 2212 2476 2211
f 2474 2476 2212
f 2149 2135 2327
f 2266 2149 2327
f 2214 2215 2414
f 2425 2214 2414
f 2623 2268 2072
f 2154 2072 2268
f 2268 2216 2154
f 2268 2328 2216
f 2269 1869 2512
f 2136 2437 2238
f 2217 1901 2075
f 2075 2272 2217
f 2333 2217 2272
f 2219 2242 2157
f 2262 2219 2078
f 2222 2158 2223
f 2223 1907 2224
f 2221 2263 2220
f 2224 2159 2273
f 2139 2274 2273
f 2228 2227 2341
f 2266 2275 2149
f 2232 2517 2233
f 2232 2243 2517
f 2422 2235 2234
f 2422 2234 2424
f 2424 2234 2233
f 2216 2153 2154
f 2297 2236 2280
f 2216 2278 2153
f 2153 2278 2152
f 2368 2369 2094
f 2239 2571 2246
f 2272 2075 2076
f 2242 2241 1943
f 2242 1943 2157
f 2159 2224 1907
f 2296 2244 2245
f 2296 2245 2294
f 2164 2165 2093
f 2165 2368 2094
f 2286 2165 2164
f 2302 2168 2167
f 2301 2168 2302
f 2188 2303 2170
f 2171 3859 2452
f 2388 2188 2389
f 2246 2101 2239
f 2304 2101 2246
f 2464 2099 2304
f 2173 2454 2174
f 2120 2307 1780
f 2314 2250 2251
f 2400 2127 2386
f 2206 2400 2310
f 2386 2127 1967
f 2206 2127 2400
f 2117 2193 2255
f 2193 2402 2255
f 2256 2402 2193
f 2256 2195 2312
f 2313 2198 2197
f 2253 2205 2254
f 2205 2206 2254
f 2310 2254 2206
f 2406 2315 2261
f 2316 2129 2409
f 2323 2210 2258
f 2317 2265 2259
f 2211 2475 2259
f 2211 2476 2413
f 2211 2413 2475
f 2260 2405 2261
f 2208 2207 2315
f 2315 2207 2261
f 2320 2208 2315
f 2320 2262 2208
f 2321 2262 2320
f 2321 2219 2262
f 2221 2322 2263
f 2473 2264 2263
f 2473 2472 2264
f 2323 2324 2210
f 2228 2326 2490
f 2213 2327 2135
f 2265 2012 2259
f 2318 2213 2265
f 2213 2318 2267
f 2267 2327 2213
f 2479 2267 2318
f 2215 2235 2423
f 2423 2235 2422
f 2483 2332 2270
f 2450 2238 2437
f 2013 2270 2332
f 2271 1871 1901
f 2271 1901 2217
f 1871 2319 2260
f 1871 2271 2319
f 2271 2217 2334
f 2334 2217 2333
f 2416 2319 2271
f 2416 2271 2334
f 2336 2221 2222
f 2322 2221 2336
f 2223 2224 2339
f 2339 2224 2273
f 2223 2337 2222
f 2338 2274 2140
f 2226 2338 2140
f 2341 2326 2228
f 2424 2233 2517
f 2297 2277 2295
f 2295 2344 2345
f 2344 2295 2277
f 2347 2283 2328
f 2277 2350 2344
f 2152 2279 2236
f 2278 2216 2283
f 2278 2279 2152
f 2278 2283 2279
f 2280 2236 2279
f 2216 2328 2283
f 2277 2280 2279
f 2277 2297 2280
f 2279 2281 2282
f 2282 2277 2279
f 2283 2281 2279
f 2284 2281 2283
f 2284 2285 2281
f 2285 2282 2281
f 2285 2277 2282
f 2347 2284 2283
f 2349 2285 2284
f 2349 2350 2285
f 2350 2277 2285
f 2298 2286 2164
f 2287 2286 2299
f 2286 2298 2299
f 2366 2368 2286
f 2287 2366 2286
f 2368 2165 2286
f 2289 2301 2540
f 2450 2290 2238
f 2450 2169 2290
f 2396 2249 2307
f 2371 2249 2396
f 2240 2249 2371
f 2240 2371 2455
f 2455 2372 2240
f 2372 2374 2155
f 2375 2074 2156
f 3868 2155 2375
f 2375 2155 2374
f 2376 2074 2375
f 2112 3858 3879
f 2272 2076 2291
f 2077 2291 2076
f 2077 2241 2292
f 2291 2077 2292
f 2377 2244 2296
f 2295 2294 2297
f 2295 2296 2294
f 2345 2296 2295
f 2298 2252 2300
f 2383 2300 2309
f 2299 2298 2383
f 2383 2298 2300
f 2164 2252 2298
f 2369 2370 1948
f 1948 2370 1965
f 2370 2387 1965
f 1965 2387 1967
f 2289 1600 2168
f 2289 2168 2301
f 2303 2188 2388
f 2559 2095 2170
f 2559 2170 2303
f 2192 2099 2464
f 2392 1956 2117
f 2454 2173 2247
f 2174 2454 2737
f 2305 3869 2737
f 2248 2306 2257
f 2306 2248 2305
f 2394 2257 2306
f 2257 2394 2313
f 2307 2120 2466
f 2466 2396 2307
f 2120 2308 3881
f 2609 2308 2395
f 2467 2468 2185
f 2384 2383 2309
f 2187 2309 2252
f 2309 2300 2252
f 2398 2309 2187
f 2187 2253 2398
f 2398 2253 2399
f 2309 2398 2384
f 2187 2125 2253
f 2253 2254 2399
f 2399 2254 2310
f 2310 2400 2399
f 2605 2117 2255
f 2605 2255 2402
f 2402 2256 2403
f 2394 2404 2313
f 2312 2311 2465
f 2404 2465 2311
f 2194 2311 2312
f 2194 2198 2311
f 2313 2404 2198
f 2404 2311 2198
f 2405 2406 2261
f 2470 2315 2406
f 2407 2320 2315
f 2470 2613 2315
f 2315 2613 2407
f 2409 2408 2316
f 3880 2410 2316
f 2410 2258 2316
f 2410 2323 2258
f 2411 2419 2323
f 2475 2317 2259
f 2317 2318 2265
f 2475 2478 2317
f 2478 2318 2317
f 2471 2219 2321
f 2321 2320 2407
f 2322 2485 2263
f 2322 2336 2485
f 2485 2473 2263
f 2485 2336 2486
f 2325 2226 2324
f 2325 2338 2226
f 2323 2419 2324
f 2324 2418 2325
f 2325 2418 2338
f 2418 2324 2419
f 2266 2420 2275
f 2479 2327 2267
f 2420 2266 2327
f 2414 2215 2423
f 2623 2426 2268
f 2428 2426 2623
f 2329 2328 2268
f 2328 2329 2355
f 2426 2329 2268
f 2330 2355 2329
f 2429 2330 2329
f 2331 2330 2429
f 2331 2435 2366
f 2365 2331 2366
f 2481 2269 2512
f 2269 2481 2482
f 2270 2269 2482
f 2415 2416 2334
f 2333 2415 2334
f 2333 2272 2438
f 2438 2272 2439
f 2439 2272 2291
f 2439 2291 2440
f 2292 2440 2291
f 2292 2241 2335
f 2335 2241 2441
f 2441 2241 2242
f 2336 2222 2337
f 2336 2337 2486
f 2337 2339 2639
f 2337 2223 2339
f 2339 2273 2340
f 2274 2340 2273
f 2274 2338 2340
f 2342 2229 2230
f 2342 2227 2229
f 2342 2230 2343
f 2227 2342 2341
f 2443 2342 2343
f 2343 2230 2231
f 2517 2243 2519
f 2355 2347 2328
f 2350 2354 2344
f 2344 2354 2345
f 2345 2346 2378
f 2345 2354 2346
f 2346 2380 2379
f 2355 2351 2347
f 2284 2347 2348
f 2347 2351 2348
f 2349 2284 2348
f 2351 2352 2349
f 2348 2351 2349
f 2350 2349 2353
f 2349 2352 2353
f 2350 2353 2354
f 2356 2357 2352
f 2351 2356 2352
f 2351 2355 2356
f 2355 2360 2356
f 2356 2358 2357
f 2356 2361 2358
f 2357 2353 2352
f 2382 2358 2359
f 2353 2357 2354
f 2330 2360 2355
f 2360 2331 2361
f 2360 2361 2356
f 2361 2365 2359
f 2358 2361 2359
f 2364 2359 2365
f 2380 2346 2354
f 2362 2380 2354
f 2357 3878 2354
f 2357 2363 2362
f 2357 2358 2363
f 2358 2382 2363
f 2382 2381 2363
f 2331 2360 2330
f 2331 2365 2361
f 2381 2380 2362
f 2363 2381 2362
f 2364 2299 2382
f 2364 2287 2299
f 2359 2364 2382
f 2366 2287 2364
f 2367 2447 2368
f 2366 2367 2368
f 2447 2369 2368
f 2364 2365 2366
f 2366 2435 2367
f 2367 2435 2447
f 2370 2537 2387
f 2512 1884 2237
f 2660 2289 2540
f 2237 2288 2539
f 2539 2512 2237
f 2539 2288 2660
f 2288 2289 2660
f 2540 2301 2449
f 2448 2302 2167
f 2448 2449 2302
f 2448 2167 2169
f 2451 2448 2169
f 2451 2169 2450
f 2453 2246 2571
f 2246 2453 2304
f 2371 2396 2745
f 2373 2374 2372
f 2373 2456 2374
f 2456 2375 2374
f 2456 2457 2375
f 2456 2373 2584
f 3879 2467 2112
f 2293 2244 2377
f 2293 2377 2460
f 2377 2296 2378
f 2377 2378 2458
f 2460 2377 2458
f 2378 2296 2345
f 2378 2346 2379
f 2378 2379 2458
f 2458 2379 2459
f 2381 2384 2459
f 2382 2299 2383
f 2381 2382 2384
f 2459 2384 2398
f 2384 2382 2383
f 2592 2400 2386
f 2387 2538 2385
f 2387 2385 1967
f 1967 2385 2386
f 2449 2301 2302
f 2559 2303 2594
f 2594 2303 2388
f 2594 2388 2596
f 2389 2596 2388
f 2390 2401 2673
f 2673 2401 2391
f 2391 2401 2191
f 2192 2598 2191
f 2191 2598 2391
f 2598 2192 2597
f 2172 2392 2247
f 2247 2392 2393
f 2117 2603 2392
f 2393 2392 2604
f 2604 2392 2603
f 2604 2247 2393
f 2305 2744 2306
f 2608 2404 2394
f 2314 2251 2611
f 2204 2397 2251
f 2468 2690 2397
f 2397 2611 2251
f 2400 2592 2399
f 2687 2605 2402
f 2403 2256 2312
f 2403 2312 2469
f 2469 2312 2465
f 2612 2405 2260
f 2612 2260 2319
f 2696 2471 2407
f 2471 2321 2407
f 2323 2410 2411
f 2410 2412 2411
f 2411 2412 2419
f 2477 2475 2413
f 2476 2477 2413
f 2479 2480 2327
f 2425 2414 2622
f 2425 3928 2623
f 2482 2483 2270
f 2702 2416 2415
f 2417 2242 2219
f 2242 2417 2441
f 2339 2340 2487
f 2489 2490 2341
f 2341 2490 2326
f 2474 2212 2490
f 2327 2480 2420
f 2421 2275 2420
f 2421 2276 2275
f 2495 2421 2420
f 2422 2424 2497
f 2422 2496 2423
f 2422 2497 2496
f 2428 2427 2426
f 2427 2499 2433
f 2627 2498 2428
f 2498 2427 2428
f 2427 2498 2499
f 2429 2435 2331
f 2329 2426 2429
f 2429 2426 2430
f 2430 2435 2429
f 2427 2430 2426
f 2430 2431 2435
f 2433 2430 2427
f 2433 2431 2430
f 2432 2435 2431
f 2433 2434 2431
f 2434 2503 2431
f 2503 2502 2431
f 2431 2502 2432
f 2502 2510 2432
f 2432 2510 2435
f 2651 2481 2512
f 2436 2437 2332
f 2436 2332 2483
f 2437 2436 2513
f 2450 2513 2541
f 2513 2450 2437
f 2438 2415 2333
f 2439 2632 2438
f 2440 2292 2335
f 2640 2639 2339
f 2341 2342 2442
f 2342 2443 2442
f 2343 2444 2443
f 2489 2341 2442
f 2489 2442 2492
f 2492 2442 2443
f 2494 2443 2444
f 2494 2492 2443
f 2444 2491 2494
f 2444 2231 2445
f 2231 2444 2343
f 2445 2231 2276
f 2276 2421 2445
f 2445 2491 2444
f 2421 2493 2445
f 2445 2493 2491
f 2293 2460 2446
f 2520 2446 2460
f 2369 2447 2511
f 2511 2370 2369
f 2370 2511 2537
f 2538 2387 2537
f 2449 2554 2540
f 2451 2542 2448
f 2451 2541 2542
f 2543 2449 2448
f 2542 2543 2448
f 2550 2449 2543
f 2541 2451 2450
f 2171 2452 2558
f 2452 2565 2558
f 2452 2095 2559
f 2452 2562 2565
f 2562 2452 2559
f 2453 2464 2304
f 2558 2571 2239
f 2171 2558 2239
f 2572 2464 2453
f 2453 2571 2572
f 2581 2454 2247
f 3924 2247 2604
f 2455 2584 2372
f 2584 2373 2372
f 2457 2376 2375
f 2585 2457 2456
f 2584 2585 2456
f 3879 2587 2467
f 2587 2457 2585
f 2587 2376 2457
f 2586 2467 2587
f 2586 2468 2467
f 2460 2458 2459
f 2380 2459 2379
f 2461 2460 2459
f 2461 2462 2588
f 2380 2381 2459
f 2459 2462 2461
f 2462 2459 2463
f 2459 2398 2463
f 2463 2398 2399
f 2670 2463 2399
f 2538 2386 2385
f 2389 2390 2596
f 2598 2673 2391
f 2464 2597 2192
f 2598 2674 2673
f 2403 2469 2687
f 2465 2404 2608
f 2608 2394 2607
f 2607 2394 2306
f 2397 2689 2611
f 2397 2690 2689
f 2687 2402 2403
f 2691 2405 2612
f 2612 2319 2835
f 2613 2696 2407
f 2616 2408 2409
f 2619 2478 2475
f 2706 2473 2485
f 2472 2473 2614
f 2485 2486 3930
f 2409 2472 2616
f 2617 2618 2410
f 2618 2412 2410
f 2618 2714 2412
f 2412 2714 2419
f 2479 2318 2478
f 2620 2479 2478
f 2480 2621 2420
f 2423 2496 2414
f 2622 2414 2496
f 2629 2630 2482
f 2482 2481 2629
f 2630 2483 2482
f 2483 2630 2631
f 2415 2438 2720
f 2632 2720 2438
f 2440 2335 2634
f 2335 2441 2636
f 2634 2633 2440
f 2636 2634 2335
f 2219 2484 2417
f 2471 2484 2219
f 2417 2637 2441
f 2639 2486 2337
f 2640 2339 2487
f 2340 2488 2487
f 2641 2640 2487
f 2641 2487 2488
f 2488 2712 2641
f 2711 2712 2488
f 2338 2488 2340
f 2711 2338 2418
f 2338 2711 2488
f 2805 2474 2490
f 2723 2492 2494
f 2490 2489 2806
f 2806 2489 2863
f 2642 2495 2420
f 2495 2493 2421
f 2621 2642 2420
f 2715 2496 2497
f 2424 2517 2497
f 2623 2627 2428
f 2627 2628 2498
f 2646 2648 2525
f 2522 2500 2499
f 2500 2433 2499
f 2524 2500 2522
f 2524 2503 2500
f 2522 2499 2501
f 2628 2499 2498
f 2501 2499 2628
f 2646 2501 2628
f 2646 2525 2501
f 2434 2433 2500
f 2503 2434 2500
f 2502 2503 2504
f 2504 2505 2502
f 2505 2510 2502
f 2507 2505 2504
f 2510 2505 2447
f 2504 2503 2506
f 2504 2506 2507
f 2503 2536 2506
f 2507 2506 2509
f 2509 2506 2536
f 2507 2509 2508
f 2505 2650 2447
f 2507 2508 2505
f 2508 2650 2505
f 2447 2435 2510
f 2880 2512 2539
f 2512 2735 2651
f 2631 2436 2483
f 2513 2436 2514
f 2563 2513 2514
f 2652 2514 2436
f 2436 2631 2652
f 2515 2514 2652
f 2514 2567 2563
f 2567 2514 2515
f 2568 2515 2570
f 2654 2570 2515
f 2371 2516 2455
f 2371 2826 2516
f 2516 2827 2455
f 2827 2584 2455
f 2633 2632 2439
f 2439 2440 2633
f 2518 2293 2446
f 2519 2243 2518
f 2243 2293 2518
f 2518 2446 2520
f 2656 2517 2519
f 2518 2656 2519
f 2518 2520 2657
f 2520 2460 2461
f 2461 2657 2520
f 2659 2461 2521
f 2657 2461 2659
f 2521 2523 2659
f 2521 2588 2523
f 2522 2525 2526
f 2524 2522 3886
f 2648 2527 2525
f 2525 2527 2526
f 3887 3888 3882
f 3883 2527 2528
f 3884 3889 2531
f 2527 2523 2528
f 2531 3889 2532
f 2523 2527 2648
f 2523 2529 2528
f 3889 3890 2532
f 2529 2523 2588
f 3890 2588 2530
f 3890 2530 2532
f 2589 2530 2588
f 2501 2525 2522
f 3884 2531 3895
f 2534 3894 3891
f 2536 3893 2533
f 2533 3893 2534
f 2534 3893 3894
f 2534 3891 2535
f 2533 2534 2730
f 2730 2534 2535
f 2536 2503 3885
f 2668 2535 3892
f 2538 2593 2386
f 2661 2660 2540
f 2661 2540 2554
f 2544 2541 2513
f 2544 2542 2541
f 2543 2542 2546
f 2543 2546 2550
f 2554 2449 2550
f 2563 2544 2513
f 2545 2542 2544
f 2542 2545 2546
f 2561 2544 2560
f 3896 2544 2561
f 3896 2547 3897
f 3896 2561 2547
f 3898 3902 2566
f 2547 2548 3897
f 3897 2548 2550
f 2548 3899 2549
f 2549 3899 3910
f 2548 2551 2550
f 2552 2551 2548
f 2549 2552 2548
f 2550 2555 2554
f 2555 2550 2551
f 2552 2549 2553
f 2555 2551 2556
f 2551 2552 2556
f 2557 2556 2553
f 2556 2552 2553
f 2557 2553 2595
f 2556 2557 2662
f 2556 2662 2555
f 2558 2565 2570
f 2558 2570 2571
f 2562 2559 3911
f 3910 2559 2594
f 2563 2567 2544
f 2544 2567 2560
f 3900 2564 3903
f 3908 3906 3904
f 3906 3908 2565
f 3907 3912 3905
f 3909 2567 2568
f 3901 2567 3909
f 2565 3908 2568
f 2574 2571 2570
f 2549 3910 2569
f 3910 2594 2569
f 2515 2568 2567
f 2568 2570 2565
f 2549 2569 2553
f 2553 2569 2595
f 2574 2570 2654
f 2579 2572 2571
f 2573 2464 2572
f 2579 2571 2574
f 2572 2575 2576
f 2576 3913 2572
f 2572 2579 2575
f 2576 2578 3913
f 2599 3913 2578
f 2575 2579 2663
f 2575 2577 2576
f 2663 2577 2575
f 3918 3915 2580
f 3914 3915 3918
f 3920 3916 2582
f 3925 2583 3921
f 3922 2600 3919
f 2600 2599 2578
f 2602 3923 2583
f 3917 2663 3926
f 2663 2665 3926
f 3922 2601 2600
f 3922 2677 2601
f 2602 2677 3923
f 3927 3924 2604
f 3925 2604 2583
f 3927 3929 3924
f 2581 2665 2666
f 2581 2666 2454
f 2744 2305 2737
f 2587 2746 2586
f 2461 2588 2521
f 2589 2462 2463
f 2462 2589 2588
f 2590 2589 2463
f 2590 2463 2670
f 2589 2591 3892
f 2591 2589 2590
f 2591 2668 3892
f 2668 2591 2590
f 2668 2590 2669
f 2669 2590 2670
f 2593 2592 2386
f 2662 2557 2595
f 2671 2662 2595
f 2672 2596 2390
f 2672 2390 2673
f 2595 2569 2594
f 2596 2595 2594
f 2671 2595 2596
f 2671 2596 2672
f 2671 2672 2675
f 3913 2597 2464
f 2598 2678 2674
f 2599 2597 3913
f 2597 2599 2598
f 2599 2678 2598
f 2599 2600 2678
f 2600 2601 2676
f 2676 2678 2600
f 2605 2603 2117
f 2604 2603 2583
f 2603 2606 2583
f 2605 2606 2603
f 2583 2606 2602
f 2602 2606 2686
f 2744 2607 2306
f 2744 2743 2607
f 2607 2743 2608
f 2609 2610 2830
f 2830 2610 2889
f 2609 2395 2610
f 2610 2395 2314
f 2610 2314 2611
f 2889 2610 2611
f 2889 2611 2689
f 2406 2405 2691
f 2406 2694 2470
f 2692 2694 2406
f 2470 2694 2613
f 2471 2765 2484
f 2471 2696 2765
f 2408 2616 2615
f 2615 2410 3880
f 2472 2614 2616
f 2617 2410 2615
f 2616 2614 2698
f 2616 2698 2762
f 2476 2701 2477
f 2476 2700 2701
f 2620 2478 2619
f 2619 2475 2477
f 2620 2619 2789
f 2789 2790 2620
f 2842 2835 2416
f 2835 2319 2416
f 2417 2484 2638
f 2638 2484 2766
f 2800 2722 2638
f 2614 2473 2706
f 2699 2614 2706
f 2713 2418 2419
f 2711 2418 2713
f 2700 2476 2474
f 2700 2474 2805
f 2642 2621 2807
f 2807 2808 2642
f 2479 2620 2790
f 2790 2480 2479
f 2480 2807 2621
f 2496 2792 2622
f 2792 2496 2715
f 2626 2623 3928
f 2626 2624 2623
f 2624 2627 2623
f 2627 2624 2716
f 2716 2625 2627
f 2626 2718 2624
f 2716 2624 2718
f 2716 2717 2625
f 2625 2645 2646
f 2625 2717 2645
f 2625 2628 2627
f 2646 2628 2625
f 2481 2651 2629
f 2630 2817 2631
f 2720 2702 2415
f 2633 2704 2632
f 2704 2633 2721
f 2634 2636 2635
f 2636 2722 2635
f 2721 2633 2634
f 2635 2721 2634
f 2638 2637 2417
f 2441 2637 2636
f 2637 2722 2636
f 2722 2637 2638
f 2707 2486 2639
f 2710 2640 2641
f 2490 2806 2805
f 2492 2863 2489
f 2494 2724 2723
f 2643 2724 2494
f 2644 2495 2642
f 2644 2493 2495
f 2643 2491 2493
f 2642 2808 2644
f 2643 2493 2644
f 2643 2494 2491
f 2725 2497 2517
f 3931 2517 2656
f 2715 2497 2725
f 2658 2659 2647
f 2726 2648 2645
f 2647 2648 2726
f 2648 2646 2645
f 2647 2523 2648
f 2647 2659 2523
f 2509 2536 2731
f 2509 2649 2508
f 2649 2650 2508
f 2733 2447 2650
f 2650 2732 2733
f 2733 2511 2447
f 2733 2734 2511
f 2537 2511 2734
f 2735 2512 2880
f 2872 2735 2880
f 2653 2652 2631
f 2655 2652 2653
f 2655 2654 2515
f 2654 2664 2574
f 2655 2515 2652
f 2736 2654 2655
f 2736 2664 2654
f 2655 2653 2736
f 2736 2737 2667
f 2826 2827 2516
f 2585 2584 2883
f 2884 2585 2883
f 2657 2656 2518
f 2727 2657 2658
f 2659 2658 2657
f 2533 2731 2536
f 2533 2730 2731
f 2730 2535 2739
f 2739 2535 2740
f 2593 2538 2828
f 2742 2741 2592
f 2660 2661 2829
f 2661 2554 2748
f 2555 2662 2554
f 2748 2554 2662
f 2661 2748 2963
f 2829 2661 2963
f 2579 2574 2664
f 2663 2579 2664
f 2667 2663 2664
f 2667 2665 2663
f 2736 2667 2664
f 2665 2667 2666
f 2666 2737 2454
f 2667 2737 2666
f 2750 2608 2743
f 2396 2466 2960
f 2960 2745 2396
f 2690 2468 2831
f 2831 2929 2690
f 2884 2587 2585
f 2740 2535 2668
f 2669 2670 2747
f 2740 2668 2669
f 2741 2747 2592
f 2592 2670 2399
f 2742 2592 2593
f 2592 2747 2670
f 2662 2671 2675
f 2748 2662 2675
f 2748 2675 2886
f 2674 2678 2681
f 2675 2672 2673
f 2886 2675 2673
f 2673 2674 2832
f 2676 2601 2679
f 2679 2601 2680
f 2601 2677 2680
f 2680 2677 2602
f 2681 2678 2676
f 2680 2602 2686
f 2682 2679 2680
f 2676 2679 2681
f 2682 2680 2683
f 2683 2680 2686
f 2687 2683 2686
f 2681 2679 2682
f 2684 2681 2682
f 2683 2685 2682
f 2684 2674 2681
f 2685 2683 2687
f 2684 2682 2685
f 2686 2606 2605
f 2605 2687 2686
f 2687 2469 2688
f 2688 2469 2465
f 2685 2687 2751
f 2751 2687 2688
f 2750 2688 2465
f 2750 2465 2608
f 3881 2308 2960
f 2888 2308 2609
f 2690 2929 2689
f 2692 2406 2691
f 2692 2691 2753
f 2694 2692 2752
f 2694 2752 2693
f 2758 2693 2752
f 2693 2758 2697
f 2762 2698 2763
f 2764 2615 2616
f 2762 2764 2616
f 2766 2484 2765
f 2695 2613 2694
f 2696 2613 2695
f 2693 2695 2694
f 2695 2693 2697
f 2697 2696 2695
f 2696 2697 2767
f 2767 2765 2696
f 2698 2614 2699
f 2699 2706 2770
f 2698 2699 2763
f 2769 2763 2699
f 2769 2699 2770
f 2837 2617 2615
f 2617 2837 2618
f 2787 2713 2714
f 2786 2787 2714
f 2618 2786 2714
f 2855 2700 2805
f 2700 2855 2701
f 2619 2477 2789
f 3928 3943 2794
f 3928 2794 2626
f 2794 2718 2626
f 2702 2842 2416
f 2843 2702 2703
f 2720 2703 2702
f 2795 2721 2705
f 2704 2703 2720
f 2722 2800 2797
f 2635 2797 2705
f 2635 2705 2721
f 2707 3930 2486
f 2640 2709 2708
f 2801 2770 3930
f 2801 3930 2707
f 2802 2707 2708
f 2708 2709 2802
f 2709 2640 2710
f 2802 2801 2707
f 2710 2712 2803
f 2712 2710 2641
f 2711 2803 2712
f 2714 2713 2419
f 2863 2723 2864
f 2644 2865 2643
f 2792 2715 2793
f 2716 2719 2717
f 2719 2716 2718
f 2717 2728 2645
f 2719 2813 2717
f 2813 2728 2717
f 2955 2631 2817
f 2704 2720 2632
f 2704 2721 2795
f 2722 2797 2635
f 2708 2707 2639
f 2640 2708 2639
f 2863 2492 2723
f 2724 2864 2723
f 2715 2725 2810
f 2819 3931 2656
f 2820 2819 2656
f 2657 2820 2656
f 2727 2821 2820
f 2658 2647 2726
f 2727 2820 2657
f 2645 2728 2726
f 2726 2729 2658
f 2729 2726 2728
f 2729 2727 2658
f 2729 2728 2811
f 2509 2731 2649
f 2649 2732 2650
f 2537 2879 2538
f 2734 2879 2537
f 2913 2879 2734
f 2816 2651 2735
f 2653 2631 2955
f 2736 2653 2955
f 2736 2920 2737
f 2826 2371 2738
f 2738 2371 2745
f 2825 2739 2740
f 2885 2747 2876
f 2747 2741 2876
f 2747 2885 2669
f 2828 2742 2593
f 2926 2750 2743
f 2889 2689 2890
f 2890 2689 2929
f 2831 2468 2586
f 2831 2586 2746
f 2963 2748 2886
f 2886 2673 2832
f 2832 2674 2749
f 2674 2684 2749
f 2684 2685 2749
f 2685 2751 2749
f 2751 2925 2749
f 2688 2925 2751
f 2750 2927 2688
f 2688 2927 2925
f 2960 2308 2888
f 2894 2930 2691
f 2612 2894 2691
f 2692 2753 2752
f 2760 2752 2753
f 2758 2754 2697
f 2697 2754 2755
f 2758 2756 2754
f 2755 2754 2756
f 2756 2757 2755
f 2755 2757 2771
f 2756 2758 2760
f 2759 2756 2760
f 2756 2759 2757
f 2771 2757 2759
f 2752 2760 2758
f 2760 2761 3932
f 2761 2763 3932
f 2762 2763 2764
f 2763 2761 2764
f 2764 2837 2615
f 2836 2764 2761
f 2836 2761 2760
f 2790 2840 2898
f 2842 2702 2843
f 2697 2755 2767
f 2768 2765 2767
f 2768 2766 2765
f 2770 2776 2769
f 2800 2638 2766
f 2771 2767 2755
f 2771 2768 2767
f 2771 2772 2768
f 2774 2768 2772
f 2774 2766 2768
f 3938 2775 2766
f 2766 2775 2800
f 2780 2800 2775
f 2772 2771 2759
f 2763 2769 3932
f 3933 2773 3934
f 3932 2769 3936
f 2774 2772 2778
f 3935 3937 3939
f 3938 2777 2775
f 3938 3940 2777
f 3939 3937 2779
f 3942 2769 2776
f 3942 3936 2769
f 2777 2783 2775
f 2783 2780 2775
f 2777 3940 2781
f 2781 3941 3942
f 2777 2784 2783
f 2777 2781 2784
f 2781 3942 2782
f 2782 3942 2776
f 2780 2783 2798
f 2781 2782 2785
f 2798 2783 2846
f 2784 2846 2783
f 2784 2781 2785
f 2785 2782 2802
f 2784 2849 2846
f 2784 2785 2849
f 2849 2785 2850
f 2785 2802 2850
f 2802 2804 2850
f 2786 2839 2787
f 2788 2711 2713
f 2788 2713 2787
f 2838 2839 2786
f 2618 2838 2786
f 2839 2853 2787
f 2853 2788 2787
f 2855 2805 2856
f 2856 2805 2806
f 2898 2900 2790
f 2903 2867 2808
f 2789 2840 2790
f 2791 2480 2790
f 2807 2480 2791
f 2903 2807 2899
f 2899 2807 2791
f 2807 2903 2808
f 2790 2900 2791
f 2791 2900 2899
f 2793 2809 2858
f 3943 2859 2794
f 2718 2794 2904
f 2796 2704 2795
f 2704 2796 2703
f 2795 2861 2796
f 2705 2861 2795
f 2861 2705 2799
f 2798 2800 2780
f 2797 2800 2798
f 2797 2799 2705
f 2797 2798 2799
f 2801 2776 2770
f 2782 2776 2801
f 2802 2782 2801
f 2802 2709 2804
f 2862 2804 2709
f 2862 2709 2710
f 2803 2862 2710
f 2862 2803 2854
f 2854 2803 2788
f 2862 2850 2804
f 2711 2788 2803
f 2724 2643 2865
f 2867 2865 2644
f 2867 2644 2808
f 2819 2810 3931
f 2715 2809 2793
f 2809 2715 2810
f 2813 2811 2728
f 2813 2812 2811
f 2718 2904 2719
f 2719 2812 2813
f 2719 2904 2812
f 2730 2870 2731
f 2871 2731 2870
f 2649 2871 2860
f 2649 2731 2871
f 2860 2732 2649
f 2814 2732 2860
f 2732 2814 2733
f 2733 2814 2734
f 2629 2651 2815
f 2651 2816 2815
f 2815 2915 2818
f 2815 2818 2629
f 2629 2818 2630
f 2818 2817 2630
f 2950 2817 2818
f 2915 2950 2818
f 2820 2821 2910
f 2820 2910 2949
f 2909 2819 2820
f 2909 2820 2949
f 2729 2821 2727
f 2811 2822 2729
f 2821 2911 2910
f 2822 2911 2821
f 2822 2821 2729
f 2823 2730 2739
f 2824 2730 2823
f 2873 2823 2825
f 2823 2739 2825
f 2538 2878 2828
f 2828 2878 2875
f 2816 2735 2872
f 2920 2744 2737
f 2994 2826 2738
f 2584 2827 2883
f 2740 2669 2825
f 2669 2885 2825
f 2875 2742 2828
f 2876 2741 2877
f 2741 2742 2877
f 2887 2743 2744
f 2887 2926 2743
f 2924 2749 2925
f 2744 2920 2887
f 2888 2609 2830
f 2832 2749 2924
f 2750 2926 2927
f 2691 2930 2753
f 2891 2834 2753
f 2760 2753 2834
f 2836 2760 2834
f 2891 2836 2834
f 2612 2833 2894
f 2833 2612 2835
f 2764 2836 2895
f 2936 2701 2855
f 2855 2856 2940
f 2789 2477 2701
f 2844 2843 2703
f 2902 2843 2844
f 2845 2902 2844
f 2844 2796 2845
f 2861 2845 2796
f 2846 2847 2799
f 2847 2846 2851
f 2799 2847 2861
f 2847 2851 2848
f 2861 2847 2845
f 2845 2847 2848
f 2981 2845 2848
f 2846 2849 2851
f 2851 2849 2852
f 2851 2852 2848
f 2849 2850 2852
f 2862 2852 2850
f 2852 2862 2981
f 2848 2852 2981
f 2853 2854 2788
f 2862 2854 2981
f 2854 2937 2981
f 2856 2806 2941
f 2806 2863 2941
f 2841 2792 2793
f 2858 2841 2793
f 2809 2810 2857
f 2858 2809 2857
f 3943 2841 2859
f 2857 2810 2868
f 2906 2860 2871
f 2906 2907 2860
f 2907 2814 2860
f 2796 2844 2703
f 2799 2798 2846
f 2866 2864 2724
f 2865 2866 2724
f 2944 2866 2865
f 2868 2810 2869
f 2819 2869 2810
f 2909 2869 2819
f 2912 2911 2822
f 2811 2912 2822
f 2905 2912 2811
f 2730 2824 2870
f 2824 2823 2989
f 2914 2879 2913
f 2993 2816 2872
f 2915 2815 2816
f 2950 2916 2817
f 2917 2827 2826
f 2951 2873 2825
f 2989 2823 2873
f 2990 2989 2873
f 2951 2825 2874
f 2825 2885 2874
f 2879 2878 2538
f 2877 2742 2875
f 2879 2914 2878
f 2876 2918 2874
f 2876 2877 2918
f 2874 2885 2876
f 2914 2954 2878
f 2877 2919 2918
f 2996 2660 2882
f 2881 2880 2539
f 2539 2660 2881
f 2880 2992 2872
f 2881 2992 2880
f 2996 2881 2660
f 2996 2992 2881
f 3031 2996 2882
f 2882 2963 3031
f 2736 2955 2920
f 2920 2959 2887
f 2959 2921 2887
f 2957 2883 2827
f 2958 2883 2957
f 2884 2883 2958
f 2884 2922 2587
f 2922 2746 2587
f 2746 2923 2831
f 2660 2829 2882
f 2829 2963 2882
f 2886 2832 2924
f 2960 2961 2745
f 2888 2966 2960
f 2929 2831 3106
f 2833 2892 2894
f 2833 2835 2893
f 2930 2894 2970
f 2894 2892 2970
f 2891 2895 2836
f 2895 2897 2837
f 2837 2764 2895
f 2837 2932 2618
f 2618 2932 2838
f 2932 2896 2838
f 2839 2838 2896
f 2939 2839 2896
f 2934 2939 2896
f 2701 2971 2789
f 3016 2843 2902
f 2893 2835 2842
f 3008 2842 2843
f 2853 2839 2939
f 2939 2938 2853
f 2935 2936 2855
f 2935 2855 2940
f 2899 2900 2942
f 2942 2903 2899
f 2981 2902 2845
f 2854 2853 2938
f 2938 2937 2854
f 2982 2863 2864
f 2982 2864 2866
f 2944 2865 2945
f 2945 2867 2903
f 2945 2903 2942
f 2945 2865 2867
f 2857 2868 2946
f 2946 2868 2869
f 2947 2946 2869
f 2909 2947 2869
f 2905 2984 2912
f 2901 2904 2794
f 2812 2904 2905
f 2905 2811 2812
f 2904 2983 2905
f 2943 2907 2906
f 3161 2943 2906
f 2871 3161 2906
f 3162 2907 2943
f 2908 2734 2814
f 2908 2814 2907
f 2908 2913 2734
f 2988 2911 2912
f 2951 2990 2873
f 2954 2914 3172
f 2954 2919 2878
f 2993 2872 2992
f 2955 2817 2916
f 2917 2957 2827
f 2956 2917 2826
f 2952 2951 2874
f 2874 2918 2952
f 2919 2875 2878
f 2877 2875 2919
f 2955 2997 2920
f 2997 2959 2920
f 2994 2738 2961
f 2961 2738 2745
f 2826 2994 2956
f 2922 2923 2746
f 3106 2831 2923
f 2964 2963 2886
f 2887 2965 2926
f 2965 2927 2926
f 2921 2965 2887
f 2927 3033 2925
f 2966 2888 2928
f 2928 2888 2830
f 2970 2892 3151
f 2930 2931 2753
f 2753 2931 2891
f 2969 2891 2931
f 2969 2931 2968
f 2895 2891 2969
f 3003 2932 2897
f 2933 2932 3003
f 2936 2972 2971
f 3007 2892 2833
f 3007 2833 2893
f 2932 2837 2897
f 2933 2896 2932
f 2933 2934 2896
f 2936 2971 2701
f 2936 2935 3011
f 2840 2974 2898
f 2980 2898 2974
f 2980 2900 2898
f 2980 2978 2900
f 2794 3067 2901
f 2901 3067 3015
f 2893 2842 3008
f 3008 2843 3944
f 3018 2902 2981
f 2981 2937 2976
f 2856 2941 2940
f 2982 2941 2863
f 2982 2866 3022
f 2866 2944 3022
f 2978 2979 2900
f 2979 2942 2900
f 3081 2857 2946
f 3015 2904 2901
f 2908 2907 3162
f 2913 2908 3162
f 2945 3073 2944
f 2942 3073 2945
f 2946 2947 3082
f 2948 2947 2909
f 2949 2948 2909
f 2910 2911 2988
f 2984 2905 2983
f 2870 2824 2985
f 2824 2989 2985
f 2913 3172 2914
f 2915 2816 2991
f 3028 2916 2950
f 2953 2918 2919
f 2954 3136 2919
f 3136 3090 2919
f 2919 3090 2953
f 2991 2816 2993
f 2956 2994 3097
f 3137 2917 2956
f 2995 2884 2958
f 2922 2884 2995
f 2995 2962 2922
f 2918 2953 2952
f 2997 2999 2959
f 2959 2999 2921
f 2999 2998 2921
f 2921 2998 2965
f 2966 3036 2960
f 2923 2962 3000
f 2922 2962 2923
f 3106 2923 3000
f 2964 2886 2924
f 3001 2964 2924
f 2925 3001 2924
f 3001 2925 3033
f 2966 2928 3039
f 2928 2830 2889
f 3039 2928 2889
f 2967 2968 2930
f 2968 2931 2930
f 2969 3002 2897
f 3003 2897 3002
f 2930 2970 2967
f 3107 2892 3007
f 2897 2895 2969
f 3003 3009 2933
f 2934 2933 3009
f 2936 3011 3004
f 3004 3042 2972
f 2972 3042 2971
f 2975 2789 2971
f 2972 2936 3004
f 3042 3005 2971
f 3005 2975 2971
f 2789 2973 2840
f 2840 2973 2974
f 2975 2973 2789
f 2973 3013 2974
f 3052 2893 3008
f 2938 3019 2937
f 3011 2935 2940
f 2940 2941 2977
f 2977 2941 3020
f 2974 2978 2980
f 3060 2942 2979
f 2978 3060 2979
f 2857 3050 2858
f 3059 2857 3081
f 3050 2857 3059
f 2841 3014 2859
f 3019 2976 2937
f 2941 2982 3020
f 3021 3020 2982
f 3075 3073 2942
f 3060 3075 2942
f 2946 3082 3081
f 3082 2947 3083
f 2988 2912 2984
f 2984 3084 3088
f 3084 2984 2983
f 2986 2985 3125
f 2986 3161 2871
f 3024 2985 2989
f 3125 2985 3024
f 2871 2870 2986
f 2870 2985 2986
f 3083 2947 2948
f 3087 3083 2948
f 2987 2910 2988
f 2987 3087 2948
f 2949 2987 2948
f 2910 2987 2949
f 3025 2989 2990
f 3026 3025 2990
f 3027 2990 2951
f 2951 2952 3027
f 3172 3136 2954
f 2950 2915 3091
f 2955 2916 3028
f 3097 3137 2956
f 3137 2957 2917
f 2963 2964 3032
f 3031 2963 3032
f 3032 2964 3101
f 3001 3101 2964
f 2998 2927 2965
f 3095 2998 2999
f 2961 2960 3035
f 2960 3036 3035
f 3035 3037 2961
f 3037 2994 2961
f 3036 2966 3038
f 3039 3038 2966
f 3151 2892 3107
f 2970 3190 2967
f 2967 3190 2968
f 2970 3151 3190
f 3190 2969 2968
f 3190 3041 2969
f 3041 3002 2969
f 3041 3003 3002
f 3041 3152 3003
f 3003 3152 3009
f 3191 3041 3190
f 3109 3009 3152
f 3112 3004 3011
f 3004 3112 3219
f 3011 3110 3112
f 3043 3005 3042
f 3004 3219 3042
f 3043 3012 3005
f 3006 3012 3043
f 3013 3012 3006
f 3013 3006 3044
f 3007 2893 3052
f 3010 2934 3009
f 3010 2939 2934
f 3110 3011 2940
f 3012 2975 3005
f 3012 2973 2975
f 3013 2973 3012
f 3044 2974 3013
f 2974 3044 3056
f 2974 3056 2978
f 3060 2978 3056
f 2858 3050 2841
f 2841 3050 3014
f 3015 3086 2904
f 3016 2902 3017
f 3017 2902 3018
f 3944 3053 3008
f 3944 3054 3053
f 2939 3019 2938
f 3022 3070 3021
f 2982 3022 3021
f 3021 3070 3020
f 3072 2944 3073
f 2904 3086 2983
f 2986 3125 3161
f 3161 3162 2943
f 3072 3022 2944
f 2987 3132 3087
f 3132 2987 3023
f 2988 2984 3088
f 2987 2988 3023
f 3023 2988 3088
f 3088 3084 3085
f 3024 2989 3025
f 3026 2990 3027
f 3089 2953 3090
f 2953 3089 2952
f 3173 2993 3176
f 3091 2915 2991
f 3092 2992 2996
f 3093 2955 3028
f 2955 3093 2997
f 2997 3093 3094
f 2997 3094 2999
f 3028 3207 3093
f 3037 3097 2994
f 3137 3138 2957
f 3138 2958 2957
f 2958 3138 3029
f 3098 3030 3029
f 3029 2995 2958
f 3030 2995 3029
f 2962 2995 3030
f 3030 3000 2962
f 3100 3032 3101
f 2927 3034 3033
f 3101 3001 3033
f 2999 3094 3095
f 3034 2998 3095
f 3034 2927 2998
f 3038 3039 3146
f 3038 3102 3036
f 3039 3104 3146
f 3102 3038 3146
f 3040 3104 3039
f 3040 3039 2889
f 3191 3192 3041
f 3041 3192 3152
f 3009 3109 3010
f 3042 3113 3043
f 3113 3048 3043
f 3045 3043 3048
f 3006 3045 3044
f 3006 3043 3045
f 3044 3045 3046
f 3044 3046 3057
f 3047 3046 3045
f 3046 3047 3062
f 3045 3048 3047
f 3062 3047 3049
f 3114 3047 3048
f 3114 3049 3047
f 3049 3114 3116
f 3062 3049 3116
f 3014 3115 3051
f 3051 2859 3014
f 3050 3115 3014
f 3158 3051 3115
f 3066 2859 3051
f 3053 3052 3008
f 3156 3053 3054
f 3154 3007 3052
f 3154 3052 3053
f 3010 3157 2939
f 2977 3123 2940
f 3110 2940 3111
f 3057 3056 3044
f 3058 3056 3057
f 3058 3060 3056
f 3063 3059 3061
f 3046 3062 3946
f 3956 3948 3947
f 3065 3063 3061
f 3059 3957 3050
f 3949 3958 3951
f 3960 3950 3952
f 3953 3950 3960
f 3954 3064 3076
f 3954 3961 3064
f 3962 3964 3963
f 3080 3064 3965
f 3116 3050 3959
f 2859 3066 2794
f 3066 3067 2794
f 3066 3068 3067
f 3068 3015 3067
f 3015 3069 3086
f 3015 3068 3069
f 3084 3086 3124
f 3069 3124 3086
f 3016 3017 3945
f 3017 3055 3945
f 3018 3055 3017
f 2977 3020 3123
f 3123 3020 3070
f 3022 3071 3070
f 3126 3071 3022
f 3072 3073 3074
f 3072 3126 3022
f 3073 3077 3074
f 3077 3079 3127
f 3077 3127 3074
f 3074 3126 3072
f 3967 3966 3955
f 3968 3077 3075
f 3077 3073 3075
f 3078 3080 3965
f 3965 3081 3078
f 3061 3081 3065
f 3968 3079 3077
f 3076 3064 3080
f 3078 3082 3129
f 3129 3082 3131
f 3079 3969 3128
f 3128 3969 3970
f 3970 3078 3129
f 3059 3081 3061
f 3078 3081 3082
f 3131 3082 3083
f 3087 3168 3083
f 3169 3087 3132
f 3132 3023 3133
f 3133 3023 3170
f 3086 3084 2983
f 3085 3084 3124
f 3023 3088 3170
f 3170 3088 3085
f 3135 3025 3026
f 3024 3025 3134
f 3025 3135 3134
f 3027 3971 3026
f 3089 3027 2952
f 3028 2950 3091
f 3091 3174 3028
f 2992 3176 2993
f 2992 3092 3176
f 3180 3092 2996
f 3180 3177 3092
f 2996 3031 3181
f 3181 3180 2996
f 3093 3207 3094
f 3095 3094 3210
f 3096 3037 3035
f 3185 3037 3096
f 3185 3241 3037
f 3030 3099 3000
f 3000 3099 3106
f 3098 3214 3030
f 3030 3214 3099
f 3143 3142 3098
f 3143 3098 3029
f 3972 3214 3098
f 3181 3031 3100
f 3031 3032 3100
f 3139 3100 3101
f 3102 3144 3103
f 3096 3035 3103
f 3036 3102 3103
f 3035 3036 3103
f 3148 3146 3104
f 3103 3140 3096
f 3148 3104 3147
f 3040 2889 3105
f 3040 3147 3104
f 3105 3147 3040
f 2889 2890 3149
f 3149 2929 3150
f 2890 2929 3149
f 2929 3106 3150
f 3215 3107 3108
f 3108 3007 3154
f 3154 3053 3156
f 3107 3007 3108
f 3109 3157 3010
f 3114 3048 3113
f 3116 3115 3050
f 3114 3117 3116
f 3116 3117 3115
f 3117 3158 3115
f 3113 3117 3114
f 3195 3158 3117
f 3118 3066 3051
f 3119 3066 3118
f 3118 3051 3158
f 3158 3153 3118
f 3118 3153 3119
f 3160 3068 3119
f 3119 3153 3160
f 3066 3119 3068
f 3160 3159 3068
f 3069 3068 3159
f 3945 3055 3156
f 3055 3018 3155
f 3055 3155 3156
f 2976 3120 2981
f 2981 3120 3018
f 2976 3121 3120
f 3165 2939 3157
f 3165 2976 3019
f 2939 3165 3019
f 3165 3121 2976
f 3070 3122 3123
f 3227 3070 3071
f 2940 3123 3111
f 3111 3123 3295
f 3295 3123 3122
f 3166 3122 3070
f 3166 3070 3227
f 3228 3126 3167
f 3228 3071 3126
f 3130 3131 3167
f 3159 3124 3069
f 3125 3134 3200
f 3161 3125 3222
f 3162 3163 2913
f 3172 2913 3163
f 3127 3079 3130
f 3126 3074 3167
f 3127 3167 3074
f 3167 3127 3130
f 3130 3079 3128
f 3128 3970 3129
f 3130 3128 3129
f 3131 3130 3129
f 3131 3083 3168
f 3168 3087 3169
f 3132 3133 3169
f 3124 3170 3085
f 3135 3171 3134
f 3171 3135 3202
f 3971 3089 3202
f 3134 3125 3024
f 3172 3344 3136
f 3089 3971 3027
f 3307 2991 2993
f 3028 3174 3175
f 3177 3176 3092
f 3241 3097 3037
f 3138 3137 3179
f 3033 3034 3276
f 3313 3100 3139
f 3207 3178 3094
f 3094 3178 3210
f 3103 3141 3140
f 3096 3140 3185
f 3103 3144 3141
f 3097 3179 3137
f 3106 3099 3213
f 3143 3208 3142
f 3138 3143 3029
f 3033 3139 3101
f 3033 3276 3139
f 3102 3145 3144
f 3102 3146 3145
f 3145 3146 3148
f 3148 3147 3186
f 3187 3186 3147
f 3188 3147 3105
f 3105 3149 3188
f 3105 2889 3149
f 3188 3149 3150
f 3213 3278 3150
f 3106 3213 3150
f 3109 3194 3157
f 3152 3194 3109
f 3152 3193 3194
f 3113 3042 3195
f 3195 3117 3113
f 3153 3158 3195
f 3319 3154 3156
f 3321 3124 3159
f 3159 3197 3321
f 3161 3222 3221
f 3974 3162 3161
f 3120 3164 3018
f 3155 3018 3164
f 3226 3295 3122
f 3226 3122 3166
f 3228 3227 3071
f 3168 3167 3131
f 3133 3170 3169
f 3297 3170 3124
f 3302 3170 3297
f 3134 3171 3200
f 3202 3089 3203
f 3230 3089 3090
f 3173 3307 2993
f 3233 2991 3307
f 3205 3177 3180
f 3207 3028 3175
f 3209 3138 3179
f 3209 3143 3138
f 3100 3313 3181
f 3276 3034 3249
f 3249 3034 3095
f 3139 3276 3313
f 3210 3249 3095
f 3183 3184 3141
f 3144 3183 3141
f 3211 3182 3145
f 3184 3140 3141
f 3188 3150 3278
f 3208 3214 3972
f 3099 3214 3213
f 3144 3145 3182
f 3187 3147 3188
f 3187 3188 3365
f 3189 3151 3107
f 3189 3107 3215
f 3216 3191 3190
f 3151 3189 3190
f 3218 3193 3192
f 3191 3217 3192
f 3192 3217 3218
f 3319 3108 3154
f 3193 3152 3192
f 3218 3194 3193
f 3195 3196 3153
f 3160 3153 3196
f 3196 3197 3160
f 3197 3159 3160
f 3164 3198 3155
f 3198 3164 3120
f 3225 3198 3120
f 3225 3120 3121
f 3121 3224 3225
f 3165 3224 3121
f 3297 3124 3321
f 3162 3974 3199
f 3199 3163 3162
f 3222 3125 3200
f 3199 3223 3163
f 3163 3223 3172
f 3344 3976 3136
f 3223 3344 3172
f 3167 3229 3228
f 3229 3167 3168
f 3229 3168 3169
f 3089 3230 3973
f 3200 3171 3201
f 3171 3202 3201
f 3976 3090 3136
f 3232 3236 3174
f 3204 3173 3176
f 3173 3328 3307
f 3204 3328 3173
f 3231 3232 3091
f 3233 3091 2991
f 3174 3091 3232
f 3234 3175 3174
f 3204 3176 3177
f 3205 3204 3177
f 3180 3206 3205
f 3243 3206 3180
f 3181 3243 3180
f 3207 3234 3178
f 3248 3210 3178
f 3234 3207 3175
f 3234 3247 3178
f 3248 3178 3247
f 3237 3247 3234
f 3250 3247 3237
f 3251 3241 3185
f 3184 3254 3140
f 3185 3140 3254
f 3254 3251 3185
f 3179 3097 3241
f 3242 3209 3179
f 3209 3208 3143
f 3248 3249 3210
f 3212 3211 3145
f 3212 3145 3148
f 3256 3184 3183
f 3182 3183 3144
f 3256 3183 3273
f 3183 3182 3273
f 3212 3148 3186
f 3184 3256 3254
f 3186 3187 3365
f 3365 3188 3278
f 3277 3278 3213
f 3217 3281 3282
f 3189 3279 3190
f 3189 3215 3280
f 3189 3280 3279
f 3216 3190 3279
f 3216 3217 3191
f 3194 3284 3157
f 3281 3216 3279
f 3217 3216 3281
f 3194 3218 3284
f 3218 3217 3282
f 3285 3219 3112
f 3219 3287 3042
f 3289 3042 3287
f 3289 3195 3042
f 3290 3196 3289
f 3196 3992 3197
f 3317 3215 3108
f 3284 3320 3157
f 3286 3112 3110
f 3220 3286 3110
f 3110 3111 3220
f 3429 3286 3220
f 3111 3295 3220
f 3195 3289 3196
f 3200 3298 3222
f 3223 3199 3975
f 3223 3975 3292
f 3198 3225 3300
f 3300 3225 3224
f 3226 3166 3227
f 3169 3170 3302
f 3304 3201 3202
f 3200 3201 3304
f 3305 3202 3203
f 3973 3306 3994
f 3231 3091 3233
f 3233 3308 3231
f 3308 3232 3231
f 3205 3309 3329
f 3236 3234 3174
f 3234 3236 3235
f 3310 3235 3236
f 3234 3235 3257
f 3257 3237 3234
f 3250 3237 3257
f 3239 3241 3270
f 3239 3270 3269
f 3257 3235 3238
f 3238 3235 3310
f 3239 3240 3311
f 3241 3239 3311
f 3240 3267 3238
f 3269 3267 3240
f 3240 3239 3269
f 3312 3238 3310
f 3240 3238 3312
f 3311 3240 3312
f 3241 3251 3270
f 3242 3179 3311
f 3206 3309 3205
f 3309 3206 3243
f 3333 3309 3243
f 3243 3181 3313
f 3276 3249 3244
f 3266 3244 3249
f 3246 3244 3266
f 3245 3244 3246
f 3246 3314 3245
f 3247 3255 3248
f 3255 3249 3248
f 3257 3252 3250
f 3252 3253 3250
f 3253 3247 3250
f 3977 3255 3247
f 3266 3249 3255
f 3256 3264 3254
f 3251 3259 3270
f 3258 3260 3252
f 3257 3258 3252
f 3259 3251 3254
f 3252 3260 3253
f 3265 3255 3977
f 3978 3272 3984
f 3982 3272 3978
f 3256 3271 3264
f 3273 3985 3256
f 3238 3258 3257
f 3258 3238 3268
f 3258 3268 3260
f 3268 3261 3260
f 3268 3259 3261
f 3259 3262 3261
f 3254 3262 3259
f 3253 3260 3263
f 3260 3261 3979
f 3261 3264 3979
f 3264 3262 3254
f 3264 3261 3262
f 3977 3980 3265
f 3265 3980 3986
f 3986 3980 3981
f 3266 3988 3246
f 3268 3238 3267
f 3269 3268 3267
f 3259 3268 3269
f 3270 3259 3269
f 3983 3987 3989
f 3989 3987 3991
f 3246 3988 3315
f 3315 3990 3273
f 3315 3273 3316
f 3179 3241 3311
f 3275 3209 3242
f 3208 3275 3274
f 3209 3275 3208
f 3213 3214 3277
f 3274 3277 3214
f 3208 3274 3214
f 3244 3245 3276
f 3276 3245 3313
f 3211 3273 3182
f 3212 3316 3211
f 3316 3212 3334
f 3283 3280 3371
f 3283 3279 3280
f 3283 3282 3279
f 3279 3282 3281
f 3280 3215 3371
f 3285 3406 3288
f 3340 3317 3108
f 3218 3282 3284
f 3288 3287 3219
f 3288 3219 3285
f 3285 3112 3286
f 3321 3197 3992
f 3298 3294 3222
f 3294 3298 3378
f 3222 3294 3291
f 3322 3293 3291
f 3293 3292 3291
f 3294 3322 3291
f 3223 3292 3345
f 3292 3221 3291
f 3108 3319 3340
f 3319 3156 3323
f 3155 3323 3156
f 3347 3155 3198
f 3198 3324 3347
f 3224 3324 3300
f 3224 3165 3324
f 3198 3300 3324
f 3320 3165 3157
f 3295 3429 3220
f 3295 3226 3296
f 3295 3296 3384
f 3385 4003 3993
f 3304 3348 3200
f 3298 3200 3299
f 3221 3222 3291
f 3228 3385 3227
f 3993 3226 3227
f 3993 3227 3385
f 3389 3229 3301
f 3229 3169 3301
f 3228 3229 3389
f 3302 3301 3169
f 3304 3303 3305
f 3304 3202 3303
f 3202 3305 3303
f 3973 3230 3306
f 3308 3330 3232
f 3236 3232 3330
f 3355 3310 3236
f 3205 3329 3204
f 3309 3333 3329
f 3331 3311 3312
f 3310 3331 3312
f 3242 3360 3275
f 3331 3242 3311
f 3333 3243 3358
f 3243 3313 3358
f 3313 3359 3358
f 3313 3245 3314
f 3314 3246 3315
f 3273 3211 3316
f 3315 3316 3334
f 3397 3277 3274
f 3371 3318 3283
f 3371 3215 3317
f 3318 3371 3337
f 3283 3318 3282
f 3282 3318 3336
f 3336 3373 3282
f 3288 3406 3287
f 3370 3289 3287
f 3289 3338 3339
f 3289 3339 3290
f 3320 3324 3165
f 3282 3373 3284
f 3429 3285 3286
f 3298 3379 3378
f 3298 3299 3379
f 3342 3379 3299
f 3322 3294 3378
f 3343 3293 3322
f 3293 3343 3292
f 3292 3343 3345
f 3345 3346 3223
f 3223 3346 3344
f 3323 3155 3347
f 3295 3384 3435
f 3389 3385 3228
f 3302 3390 3301
f 3390 3302 3386
f 3301 3390 3389
f 3297 3321 3341
f 3302 3297 3386
f 3341 3386 3297
f 3342 3299 3200
f 3994 3306 3349
f 3349 3306 3230
f 3976 3344 3325
f 3995 3349 3230
f 3305 3997 3304
f 3308 3233 3326
f 3326 3330 3308
f 3307 3327 3233
f 3327 3307 3351
f 3352 3330 3326
f 3233 3327 3326
f 3329 3328 3204
f 3236 3330 3355
f 3355 3356 3310
f 3310 3356 3331
f 3332 3242 3331
f 3275 3360 3361
f 3275 3361 3274
f 3397 3274 3361
f 3314 3359 3313
f 3314 3315 3334
f 3335 3212 3186
f 3335 3334 3212
f 3335 3186 3365
f 3364 3335 3365
f 3334 3335 3364
f 3277 3367 3278
f 3397 3367 3277
f 3412 3317 3340
f 3448 3371 3317
f 3996 3336 3318
f 3368 3336 3996
f 3373 3375 3284
f 3371 3368 3337
f 3372 3336 3368
f 3336 3372 3373
f 3339 3338 3409
f 3339 3432 3992
f 3321 3992 3432
f 3341 3321 3432
f 3322 3380 3343
f 4001 3322 3378
f 3324 3382 3347
f 3324 3381 3382
f 3411 3340 3319
f 3411 3319 3323
f 3324 3320 3381
f 3375 3381 3320
f 3375 3320 3284
f 3470 3386 3341
f 3200 3348 3342
f 3346 3433 3344
f 3344 3433 3437
f 3385 3389 3495
f 3997 3348 3304
f 3387 3348 3997
f 3995 3350 3349
f 3388 3325 3437
f 3388 3998 3325
f 3325 3344 3437
f 3439 3391 3328
f 3391 3351 3328
f 3327 3352 3326
f 3352 3327 3351
f 3351 3307 3328
f 3353 3330 3352
f 3354 3509 3329
f 3439 3328 3329
f 3439 3329 3509
f 3353 3355 3330
f 3356 3394 3331
f 3394 3332 3331
f 3332 3357 3242
f 3357 3360 3242
f 3332 3394 3357
f 3362 3360 3357
f 3362 3357 3442
f 3333 3395 3354
f 3333 3358 3395
f 3354 3329 3333
f 3395 3358 3359
f 3395 3511 3354
f 3314 3363 3359
f 3445 3359 3363
f 3360 3362 3361
f 3361 3362 3398
f 3397 3361 3398
f 3314 3334 3363
f 3364 3363 3334
f 3363 3364 3399
f 3364 3365 3399
f 3365 3366 3400
f 3365 3400 3399
f 3366 3367 3400
f 3366 3278 3367
f 3278 3366 3365
f 3369 3368 3403
f 3401 3402 3371
f 3371 3402 3368
f 3402 3447 3403
f 3368 3402 3403
f 3404 3406 3285
f 3406 3370 3287
f 3408 3338 3370
f 3370 3338 3289
f 3481 3412 3411
f 3448 3401 3371
f 3430 3413 3375
f 3373 4021 3375
f 3372 3368 3369
f 3374 3372 3999
f 3374 3373 3372
f 3374 3999 3376
f 3423 3404 3285
f 3376 3377 3374
f 3377 3373 3374
f 3377 3424 3373
f 3424 4021 3373
f 3369 3417 3376
f 3376 3417 3420
f 3420 3425 3376
f 3425 3377 3376
f 4012 4009 4000
f 3429 3427 3423
f 3285 3429 3423
f 3453 3379 3342
f 3379 3453 3378
f 3410 3345 3343
f 3412 3340 3411
f 3383 3411 3323
f 4002 3323 3347
f 3347 3382 4002
f 3375 3413 3381
f 3295 3435 3429
f 3429 3435 3428
f 3495 3522 3385
f 3495 3389 3436
f 3436 3389 3390
f 4004 3349 4005
f 3350 4005 3349
f 3352 3351 3438
f 3355 3353 3392
f 3392 3356 3355
f 3476 3392 3508
f 3356 3392 3476
f 3476 3393 3356
f 3511 3509 3354
f 3393 3394 3356
f 3441 3394 3393
f 3442 3357 3394
f 3442 3394 3441
f 3442 3444 3362
f 3395 3359 3445
f 3367 3397 3535
f 3398 3443 3397
f 3399 3396 3363
f 3445 3363 3396
f 3399 3400 3396
f 3402 3401 3449
f 3403 3417 3369
f 3417 3405 3418
f 3418 3405 3419
f 3405 3403 3447
f 3407 3406 3404
f 3405 3417 3403
f 3419 3405 3407
f 3404 4007 3407
f 3447 3407 3405
f 3447 3370 3406
f 3406 3407 3447
f 3338 3408 3409
f 3339 3450 3432
f 3432 3450 3341
f 3380 3459 3343
f 3459 3410 3343
f 4001 3458 4034
f 3448 3317 3412
f 3519 3481 3411
f 3430 3415 3413
f 4006 4022 3431
f 3413 3463 3414
f 4035 3413 3415
f 3431 3416 4006
f 4024 3435 3416
f 3463 3462 3414
f 3421 3417 3418
f 3420 3417 3421
f 3418 3419 3421
f 3419 3422 3421
f 4007 3404 4008
f 3404 3423 4008
f 3426 3420 3421
f 3425 3420 3426
f 3421 3422 4013
f 3422 4015 4013
f 3427 4008 3423
f 3425 3426 4010
f 3426 4017 4010
f 4014 4016 4018
f 3427 3429 4019
f 4020 4023 4011
f 4023 4020 4025
f 3428 3435 4024
f 3470 3341 3468
f 3453 3342 3500
f 3378 3458 4001
f 3434 3346 3345
f 3434 3345 3410
f 3434 3433 3346
f 3383 3461 3411
f 3461 4002 3460
f 3460 4002 3382
f 3382 3462 3460
f 3414 3381 3413
f 3382 3381 3462
f 3462 3381 3414
f 3386 3471 3390
f 3390 3471 3436
f 3524 3436 3471
f 3472 3342 3348
f 3472 3348 3387
f 3530 3437 3433
f 3438 3475 3352
f 3353 3352 3475
f 3391 3438 3351
f 3439 3509 3507
f 3393 3476 3441
f 3441 3476 3442
f 3442 3476 3440
f 3444 3398 3362
f 3444 3442 3440
f 3515 3445 3396
f 3396 3400 3515
f 3397 3443 3535
f 3449 3446 3478
f 3446 3449 3448
f 3447 3449 3478
f 3449 3401 3448
f 3449 3447 3402
f 3479 3408 3370
f 3447 3479 3370
f 3339 3409 3451
f 3450 3468 3341
f 3339 3451 3450
f 3451 3456 3450
f 3451 3454 3456
f 3450 4028 3468
f 3378 3453 3452
f 3518 3454 3451
f 3484 4029 4026
f 4043 3455 3452
f 3484 3457 4029
f 4043 3452 4032
f 3482 3452 3453
f 3482 4032 3452
f 4039 4030 4033
f 4040 4038 4031
f 3378 3452 3458
f 3458 3452 3455
f 3410 3459 3486
f 3487 3410 3486
f 3487 3434 3410
f 3519 3411 3488
f 3461 3488 3411
f 3464 3491 3466
f 3491 3462 3466
f 3460 3489 3461
f 3460 3462 3492
f 3465 4035 3415
f 4037 4006 3416
f 3466 3462 3463
f 4035 3465 4036
f 3464 3466 3463
f 3416 3435 3494
f 4036 3465 4044
f 3465 3467 4044
f 4037 3416 3467
f 3467 3416 3494
f 3494 3435 3384
f 3467 3494 4044
f 3497 3470 3469
f 3470 3468 3469
f 3497 3471 3470
f 4041 3498 3468
f 3500 3482 3453
f 3498 3469 3468
f 3500 3342 3496
f 3496 3342 3472
f 4003 3385 3522
f 3523 3495 3436
f 3523 3436 3524
f 3471 3386 3470
f 3473 4004 4005
f 3496 3472 3545
f 3472 3387 3473
f 3473 3545 3472
f 4005 3474 3473
f 3530 3388 3437
f 3388 3530 3474
f 3391 3506 3505
f 3503 3438 3391
f 3503 3391 3505
f 3506 3391 3439
f 3439 3507 3506
f 3392 3353 3508
f 3508 3510 3476
f 3440 3476 3510
f 3444 3440 3510
f 3444 3555 3443
f 3444 3510 3534
f 3443 3398 3444
f 3511 3395 3512
f 3513 3395 3445
f 3515 3513 3445
f 3477 3558 3446
f 3559 3477 3481
f 3477 3446 3448
f 3447 3478 3479
f 3480 3408 3479
f 3480 3409 3408
f 3480 3451 3409
f 3451 3480 3518
f 3477 3412 3481
f 3481 3519 3560
f 3477 3448 3412
f 4043 3483 3455
f 3455 3483 3458
f 4043 4027 3518
f 3483 4043 3485
f 3485 4043 3518
f 3485 3517 3483
f 3485 3518 3517
f 3486 3483 3539
f 3540 3486 4052
f 3487 3486 3540
f 3542 3487 3540
f 4034 3458 3483
f 3486 3459 3483
f 3434 3542 3433
f 3487 3542 3434
f 3542 3530 3433
f 3488 3461 3520
f 3489 3520 3461
f 3489 3460 3492
f 3490 3462 3491
f 3492 3490 3491
f 3462 3490 3492
f 3493 3492 3491
f 3489 3492 3493
f 3493 3491 3522
f 3489 3493 3521
f 3522 4045 4003
f 3491 4045 3522
f 3498 3497 3469
f 3497 3524 3471
f 3529 4046 3501
f 4051 4050 3500
f 3528 3497 3498
f 3528 4046 3529
f 3529 3496 3545
f 3499 4047 4042
f 4048 3482 3500
f 4049 3501 4046
f 4048 3500 4050
f 3500 3496 4051
f 3438 3503 3504
f 3502 3353 3475
f 3504 3503 3543
f 3438 3504 3475
f 3571 3502 3475
f 3549 3502 3571
f 3508 3353 3532
f 3532 3353 3502
f 3532 3510 3508
f 3550 3507 3509
f 3509 3511 3551
f 3509 3551 3550
f 3555 3444 3534
f 3574 3443 3555
f 3443 3514 3535
f 3574 3514 3443
f 3537 3513 3515
f 3515 3400 3516
f 3513 3512 3395
f 3515 3516 3536
f 3515 3536 3537
f 3535 3516 3367
f 3367 3516 3400
f 3536 3516 3535
f 3479 3518 3480
f 3518 3479 3538
f 3517 3518 3538
f 3517 3538 3539
f 3539 3483 3517
f 3481 3560 3559
f 3561 3560 3519
f 3561 3519 3488
f 3562 3520 3489
f 3562 3489 3541
f 3521 3493 3522
f 3522 3541 3521
f 3521 3541 3489
f 3523 3522 3495
f 3524 3528 3525
f 3529 3526 3528
f 3524 3527 3523
f 3524 3525 3527
f 3528 3526 3525
f 3525 3526 3527
f 3527 3526 3544
f 3528 3524 3497
f 3529 3545 3526
f 3546 3473 3474
f 3474 3548 3546
f 3506 3531 3505
f 3505 3531 3503
f 3550 3531 3506
f 3507 3550 3506
f 3502 3549 3532
f 3534 3510 3533
f 3534 3533 3555
f 3553 3511 3512
f 3553 3513 3554
f 3512 3513 3553
f 3557 3537 3536
f 3535 3556 3536
f 3557 3536 3556
f 3537 3554 3513
f 3537 3557 3554
f 3478 3593 3479
f 3562 3488 3520
f 3601 3541 3563
f 3567 3571 3475
f 3567 3543 3568
f 3563 3523 3527
f 3522 3523 3541
f 3563 3541 3523
f 3544 3526 3545
f 3544 3545 3546
f 3544 3563 3527
f 3563 3544 3546
f 3565 3546 3548
f 3547 3530 3566
f 3547 3548 3474
f 3547 3474 3530
f 3546 3545 3473
f 3475 3504 3567
f 3567 3504 3543
f 3533 3510 3532
f 3611 3555 3533
f 3552 3511 3553
f 3554 3552 3553
f 3557 3556 3576
f 3554 3557 3575
f 3554 3575 3552
f 3557 3576 3575
f 3574 3556 3535
f 3574 3535 3514
f 3574 3576 3556
f 3583 3478 3446
f 3558 3477 3559
f 3584 3558 3559
f 3560 3584 3559
f 3478 3622 3593
f 3479 3593 3538
f 3538 3593 3539
f 3596 3561 3488
f 3596 3488 3562
f 4052 3593 3540
f 3593 3594 3540
f 3540 3594 3542
f 3566 3530 3650
f 3546 3565 3563
f 3601 3563 3565
f 3566 3564 3547
f 3564 3565 3548
f 3564 3548 3547
f 3604 3603 3572
f 3604 3572 3531
f 3567 3570 3571
f 3567 3568 3569
f 3569 3570 3567
f 3607 3568 3543
f 3571 3570 3608
f 3607 3543 3572
f 3570 3569 3598
f 3573 3532 3549
f 3549 3571 3608
f 3543 3503 3572
f 3572 3503 3531
f 3533 3532 3573
f 3550 3551 3689
f 3511 3613 3551
f 3613 3511 3552
f 3575 3613 3552
f 3574 3615 3576
f 3576 3614 3575
f 3615 3614 3576
f 3578 3446 3558
f 3446 3578 3577
f 3446 3577 3583
f 3591 3578 3558
f 3580 3577 3579
f 3577 3578 3579
f 3583 3577 3580
f 3578 3591 3592
f 3579 3578 3592
f 3581 3580 3579
f 3592 3589 3582
f 3580 3621 3583
f 3582 3581 3579
f 3582 3579 3592
f 3581 3582 3617
f 3617 3616 3581
f 3581 3616 3580
f 3621 3580 3616
f 3583 3622 3478
f 3621 3622 3583
f 3585 3560 3561
f 3561 3595 3585
f 3585 3584 3560
f 3586 3584 3587
f 3587 3584 3585
f 3595 3588 3585
f 3589 3592 3586
f 3585 3588 3587
f 3590 3589 3586
f 3590 3586 3587
f 3587 3588 3590
f 3590 3588 3630
f 3589 3590 3632
f 3631 3630 3588
f 3595 3631 3588
f 3591 3558 3584
f 3592 3591 3586
f 3586 3591 3584
f 3593 3642 3594
f 3625 3642 3593
f 3642 3643 3594
f 3594 3643 3542
f 3596 3595 3561
f 3595 3596 3645
f 3631 3595 3645
f 3596 3646 3645
f 3562 3646 3596
f 3647 3646 3562
f 3647 3541 3601
f 3650 3649 3566
f 3597 3600 3599
f 3597 3606 3677
f 3597 3677 3655
f 3655 3600 3597
f 3568 3599 3569
f 3599 3598 3569
f 3599 3600 3658
f 3658 3598 3599
f 3658 3660 3598
f 3598 3659 3608
f 3685 3573 3608
f 3601 3565 3602
f 3601 3602 3652
f 3566 3649 3564
f 3564 3649 3602
f 3564 3602 3565
f 3604 3531 3605
f 3604 3606 3603
f 3605 3606 3604
f 3606 3597 3603
f 3678 3606 3605
f 3677 3606 3678
f 3610 3678 3605
f 3608 3570 3598
f 3599 3568 3607
f 3603 3607 3572
f 3597 3607 3603
f 3597 3599 3607
f 3573 3549 3608
f 3533 3573 3609
f 3609 3573 3685
f 3609 3686 3611
f 3686 3609 3685
f 3610 3605 3531
f 3610 3531 3550
f 3689 3610 3550
f 3611 3533 3609
f 3611 3696 3555
f 3612 3614 3615
f 3614 3612 3701
f 3575 3614 3613
f 3582 3618 3617
f 3618 3582 3589
f 3621 3616 3619
f 3619 3624 3621
f 3616 3617 3619
f 3618 3620 3617
f 3620 3618 3641
f 3589 3638 3618
f 3619 3617 3620
f 3618 3638 3641
f 3638 3640 3641
f 3619 3620 3628
f 3619 3628 3624
f 3628 3620 3703
f 3703 3620 3641
f 3622 3621 3623
f 3621 3624 3623
f 3622 3623 3625
f 3624 3626 3623
f 3625 3623 3626
f 3626 3706 3625
f 3706 3629 3625
f 3628 3627 3624
f 3624 3627 3626
f 3627 3706 3626
f 3625 3593 3622
f 3629 3642 3625
f 3720 3643 3629
f 3630 3632 3590
f 3631 3634 3630
f 3634 3631 3639
f 3633 3632 3630
f 3634 3633 3630
f 3639 3631 3645
f 3635 3638 3632
f 3635 3632 3633
f 3640 3638 3635
f 3635 3633 3636
f 3636 3640 3635
f 3634 3636 3633
f 3639 3637 3634
f 3637 3636 3634
f 3637 3711 3636
f 3638 3589 3632
f 3645 3646 3639
f 3640 3636 3711
f 3640 3710 3641
f 3711 3710 3640
f 3639 3732 3712
f 3629 3643 3642
f 3650 3530 3644
f 3643 3730 3644
f 3730 3650 3644
f 3730 3731 3650
f 3650 3731 3653
f 3643 3644 3542
f 3644 3530 3542
f 3639 3646 3732
f 3732 3646 3647
f 3733 3732 3647
f 3647 3562 3541
f 3647 3601 3652
f 3652 3648 3647
f 3652 3654 3648
f 3652 3602 3651
f 3651 3602 3649
f 3652 3651 3654
f 3651 3653 3654
f 3653 3651 3649
f 3650 3653 3649
f 3600 3655 3661
f 3657 3655 3677
f 3655 3656 3664
f 3661 3655 3664
f 3655 3657 3656
f 3673 3672 3656
f 3673 3656 3657
f 3681 3673 3657
f 3681 3657 3680
f 3681 3676 3673
f 3658 3661 3663
f 3663 3660 3658
f 3661 3658 3600
f 3660 3659 3598
f 3608 3659 3662
f 3608 3662 3685
f 3661 3664 3663
f 3663 3667 3660
f 3667 3665 3660
f 3665 3659 3660
f 3665 3662 3659
f 3685 3662 3671
f 3664 3656 3666
f 3663 3664 3666
f 3666 3667 3663
f 3665 3668 3662
f 3671 3662 3668
f 3666 3669 3667
f 3669 3670 3667
f 3667 3670 3665
f 3668 3665 3670
f 3656 3672 3666
f 3672 3669 3666
f 3668 3675 3671
f 3675 3683 3671
f 3676 3674 3672
f 3672 3674 3669
f 3674 3670 3669
f 3673 3676 3672
f 3670 3675 3668
f 3670 3674 3675
f 3674 3734 3675
f 3679 3680 3678
f 3680 3677 3678
f 3679 3678 3610
f 3657 3677 3680
f 3682 3679 3690
f 3679 3610 3690
f 3682 3680 3679
f 3682 3681 3680
f 3692 3682 3690
f 3682 3684 3681
f 3684 3676 3681
f 3745 3682 3692
f 3684 3735 3676
f 3682 3738 3684
f 3745 3738 3682
f 3734 3683 3675
f 3685 3671 3686
f 3683 3686 3671
f 3686 3683 3687
f 3687 3611 3686
f 3737 3687 3683
f 3687 3696 3611
f 3687 3688 3696
f 3696 3688 3697
f 3690 3610 3689
f 3551 3691 3689
f 3692 3690 3693
f 3690 3689 3693
f 3693 3689 3691
f 3694 3746 3693
f 3693 3746 3692
f 3692 3746 3745
f 3551 3699 3691
f 3691 3694 3693
f 3694 3691 3699
f 3694 3699 3695
f 3747 3746 3694
f 3747 3694 3695
f 3695 3701 3749
f 3702 3698 3748
f 3696 3574 3555
f 3615 3574 3702
f 3696 3697 3574
f 3574 3697 3698
f 3698 3702 3574
f 3697 3748 3698
f 3613 3699 3551
f 3700 3613 3614
f 3701 3700 3614
f 3699 3613 3700
f 3700 3695 3699
f 3700 3701 3695
f 3702 3612 3615
f 3612 3702 3701
f 3628 3703 3705
f 3703 3708 3705
f 3706 3627 3704
f 3706 3720 3629
f 3627 3628 3705
f 3704 3627 3705
f 3706 3704 3707
f 3707 3720 3706
f 3709 3704 3705
f 3708 3709 3705
f 3709 3707 3704
f 3709 3722 3707
f 3709 3708 3721
f 3709 3721 3722
f 3710 3703 3641
f 3715 3710 3711
f 3713 3715 3711
f 3711 3637 3713
f 3637 3639 3712
f 3716 3732 3733
f 3703 3710 3714
f 3710 3715 3714
f 3715 3713 3718
f 3713 3637 3712
f 3712 3732 3716
f 3733 3725 3716
f 3714 3708 3703
f 3717 3708 3714
f 3714 3715 3718
f 3714 3718 3717
f 3713 3716 3718
f 3716 3713 3712
f 3721 3708 3717
f 3718 3719 3717
f 3719 3725 3729
f 3719 3718 3716
f 3716 3725 3719
f 3733 3726 3725
f 3654 3731 3724
f 3724 3731 3723
f 3707 3722 3723
f 3707 3723 3720
f 3722 3728 3723
f 3728 3724 3723
f 3729 3725 3726
f 3724 3726 3654
f 3722 3721 3727
f 3721 3717 3727
f 3727 3728 3722
f 3717 3719 3727
f 3727 3719 3729
f 3727 3729 3728
f 3728 3729 3724
f 3724 3729 3726
f 3643 3720 3730
f 3720 3723 3730
f 3730 3723 3731
f 3648 3733 3647
f 3731 3654 3653
f 3648 3726 3733
f 3654 3726 3648
f 3738 3740 3684
f 3745 3750 3738
f 3674 3676 3735
f 3734 3674 3735
f 3683 3734 3736
f 3683 3736 3737
f 3684 3740 3735
f 3734 3735 3739
f 3734 3739 3736
f 3742 3736 3739
f 3735 3740 3739
f 3743 3739 3740
f 3743 3742 3739
f 3736 3742 3737
f 3740 3744 3743
f 3738 3744 3740
f 3737 3742 3741
f 3737 3741 3688
f 3738 3750 3744
f 3741 3751 3688
f 3742 3743 3755
f 3743 3754 3755
f 3742 3755 3741
f 3743 3744 3754
f 3741 3755 3751
f 3754 3744 3750
f 3755 3756 3751
f 3687 3737 3688
f 3697 3688 3751
f 3748 3697 3751
f 3702 3748 3753
f 3747 3695 3749
f 3746 3750 3745
f 3746 3752 3750
f 3750 3752 3754
f 3747 3752 3746
f 3751 3756 3748
f 3752 3747 3757
f 3753 3748 3756
f 3756 3757 3753
f 3757 3747 3749
f 3753 3757 3749
f 3701 3753 3749
f 3753 3701 3702
f 3755 3754 3756
f 3752 3757 3754
f 3756 3754 3757
