o FMA7243_BP8834_FJ2432
v 13.8141 -100.938 1206.55
v 14.0879 -101.504 1206.59
v 13.5745 -99.5615 1207.02
v 13.801 -99.9372 1206.27
v 13.8007 -100.72 1207.09
v 13.8803 -99.8952 1207.81
v 13.6653 -98.917 1207.66
v 14.0886 -98.5982 1208.33
v 14.5397 -97.9675 1205.58
v 14.148 -97.5818 1206.24
v 13.8715 -97.6761 1207.06
v 14.2222 -96.9906 1208.07
v 14.3876 -96.4248 1207.18
v 15.3567 -96.0265 1209.56
v 14.8357 -95.9462 1206.52
v 15.153 -95.256 1207.34
v 15.4029 -95.1045 1208.65
v 14.9421 -102.3 1206.55
v 14.1329 -101.288 1206.11
v 14.8581 -102.291 1206.03
v 14.3233 -101.574 1206.94
v 14.4761 -100.933 1207.7
v 15.5047 -101.413 1207.87
v 14.5477 -100.396 1205.56
v 14.6325 -101.061 1205.59
v 15.2587 -100.543 1205.39
v 14.8763 -99.6017 1208.72
v 15.0083 -99.5814 1205.44
v 15.4826 -99.4446 1205.64
v 14.9941 -98.6201 1205.34
v 15.2376 -98.869 1205.41
v 15.316 -98.419 1205.33
v 15.4404 -98.8344 1205.52
v 15.6042 -98.3843 1205.55
v 15.6601 -98.8226 1205.78
v 15.8179 -98.2978 1205.97
v 15.7746 -97.9283 1205.58
v 15.596 -97.6762 1205.18
v 15.035 -96.464 1205.56
v 15.9754 -97.4856 1205.9
v 15.9699 -96.1463 1204.92
v 17.2144 -94.3973 1211.16
v 15.9872 -95.054 1205.6
v 15.5344 -102.763 1206.03
v 15.5869 -102.705 1206.26
v 15.8472 -102.737 1205.59
v 16.1613 -102.865 1206.08
v 16.316 -102.102 1204.93
v 16.3797 -102.004 1207.47
v 15.8816 -100.763 1208.61
v 15.7057 -101.442 1205.15
v 16.3081 -101.027 1205.44
v 16.9423 -100.006 1206.87
v 15.7944 -100.085 1205.76
v 15.9374 -99.1882 1206.18
v 15.9481 -97.3499 1205.3
v 16.3172 -96.4302 1206.16
v 16.4323 -96.4958 1205.5
v 16.34 -97.0274 1206.83
v 17.9146 -95.7697 1212.08
v 16.6156 -96.0994 1204.95
v 16.8481 -95.9295 1205.19
v 16.9166 -95.7249 1205.64
v 16.8427 -95.3636 1207.22
v 17.0581 -94.8927 1206.89
v 17.4951 -94.4663 1206.69
v 17.5152 -94.1881 1207.96
v 17.6118 -94.0095 1207.55
v 17.9764 -94.0606 1208.87
v 17.5883 -93.3383 1210.62
v 17.0207 -93.3494 1206.66
v 17.7192 -93.0425 1205.82
v 17.8279 -92.4015 1208.49
v 16.9739 -102.034 1204.71
v 17.3269 -102.513 1206.79
v 17.3889 -102.308 1207.2
v 17.4387 -102.642 1206.53
v 17.5512 -102.392 1206.91
v 17.5329 -102.137 1207.52
v 17.3278 -101.743 1204.94
v 17.6566 -101.078 1206.14
v 18.9414 -95.4433 1210.61
v 17.7531 -94.8115 1204.95
v 17.9122 -94.6687 1205.37
v 19.5797 -93.4294 1211.18
v 17.712 -93.894 1204.92
v 17.8249 -94.3709 1204.76
v 18.6707 -93.9689 1205.23
v 18.6705 -93.8441 1204.97
v 18.9285 -93.6769 1205.74
v 18.3619 -93.4219 1207.32
v 18.2615 -93.2674 1208.4
v 18.6184 -93.1225 1209.43
v 19.6554 -92.2229 1209.85
v 18.894 -92.4666 1205.34
v 18.6357 -91.8348 1207.09
v 17.6486 -103.293 1205.08
v 17.5481 -102.839 1206.21
v 18.3935 -103.185 1205.67
v 17.8399 -102.76 1206.22
v 18.2718 -101.976 1206.05
v 18.2401 -102.884 1205.96
v 18.3504 -102.575 1205.98
v 18.5345 -102.072 1205.72
v 17.7554 -102.548 1206.46
v 17.6297 -102.489 1206.64
v 17.7635 -102.222 1207.15
v 17.8049 -102.371 1206.58
v 17.8738 -102.168 1206.82
v 17.9493 -102.442 1206.36
v 18.0094 -102.109 1206.48
v 18.1481 -101.984 1207.07
v 18.0919 -101.922 1206.6
v 18.204 -101.721 1206.34
v 17.9305 -102.147 1207.41
v 18.4267 -101.814 1208.24
v 18.7195 -101.998 1207.73
v 18.875 -101.621 1207.18
v 17.7228 -101.375 1205.68
v 18.1199 -101.518 1205.75
v 18.0783 -101.705 1205.15
v 18.2735 -101.677 1205.89
v 18.401 -101.736 1205.42
v 18.1018 -101.343 1206.16
v 18.2461 -100.937 1206.71
v 18.2157 -101.555 1206.19
v 18.2788 -101.548 1206.47
v 18.2758 -101.364 1206.45
v 18.4133 -101.355 1206.62
v 18.4518 -101.521 1206.75
v 18.7232 -101.033 1206.93
v 18.8041 -101.338 1206.94
v 19.1918 -100.7 1207.45
v 18.6493 -100.326 1210.04
v 19.1698 -100.684 1209.8
v 19.2676 -99.9668 1210.46
v 19.5942 -99.7698 1210.35
v 19.645 -99.499 1210.64
v 19.5904 -98.7682 1209.68
v 18.9508 -98.5061 1211.49
v 19.1634 -99.3594 1210.99
v 19.6989 -98.9793 1211.55
v 19.9074 -98.3306 1210.27
v 20.0237 -96.0432 1211.63
v 19.4313 -93.3254 1205.33
v 20.3415 -92.4055 1211.66
v 19.6942 -92.3987 1205.17
v 20.3365 -92.6557 1206.36
v 20.095 -92.5386 1205.23
v 19.8998 -92.2616 1208.06
v 21.5829 -90.885 1214.03
v 19.7201 -91.6617 1205.87
v 19.3917 -103.331 1203.92
v 18.8597 -102.052 1205.36
v 18.9082 -103.05 1205.68
v 19.0492 -102.735 1205.63
v 19.695 -102.38 1205.13
v 19.3263 -101.967 1208.14
v 19.6523 -101.924 1207.87
v 20.1839 -102.003 1208.01
v 19.9883 -101.975 1208.34
v 18.9223 -101.975 1204.8
v 19.8573 -102.193 1204.7
v 19.1715 -101.491 1207.21
v 19.2989 -101.059 1207.18
v 20.1805 -101.302 1207.4
v 19.9521 -100.358 1209.78
v 20.2007 -100.028 1209.42
v 19.8578 -99.9538 1208.7
v 19.5326 -99.4979 1209.02
v 19.8871 -99.0487 1210.07
v 19.9217 -99.5021 1209.69
v 19.8621 -99.3525 1209.47
v 20.2066 -99.8819 1209.09
v 19.9104 -99.1536 1211.15
v 20.0937 -98.6409 1210.48
v 20.5974 -98.5964 1211.09
v 20.4832 -98.7054 1212.26
v 20.4561 -99.0586 1211.83
v 20.8021 -98.8567 1211.42
v 20.9731 -99.2334 1211.92
v 20.9447 -99.1494 1212.1
v 21.0345 -99.1414 1211.65
v 21.1174 -98.6735 1211.29
v 20.4031 -97.8966 1210.92
v 20.6472 -98.3279 1210.99
v 20.8893 -97.9889 1211.21
v 20.9462 -98.317 1211.16
v 21.1234 -98.337 1211.23
v 21.8312 -91.5807 1215.4
v 20.6733 -92.5136 1205.79
v 20.7537 -92.3067 1205.56
v 21.7157 -90.7392 1206.09
v 21.2932 -89.8359 1208.75
v 20.162 -102.617 1203.71
v 20.3167 -101.825 1207.73
v 21.0896 -102.166 1207.89
v 20.7503 -101.885 1208.75
v 21.3209 -102.307 1208.2
v 20.3687 -101.14 1207.46
v 20.5748 -100.928 1207.69
v 20.6449 -101.614 1207.55
v 20.7441 -101.191 1207.51
v 20.8413 -101.381 1207.47
v 21.328 -101.765 1207.49
v 20.7844 -100.496 1208.45
v 21.0669 -100.617 1208.69
v 21.6686 -99.7586 1211.74
v 21.8284 -99.7157 1211.99
v 21.8848 -99.8121 1211.38
v 21.6062 -98.55 1211.29
v 21.8004 -99.0726 1211.21
v 22.1569 -98.8438 1211.19
v 21.7565 -98.818 1212.86
v 21.3836 -98.1199 1211.41
v 22.2546 -98.2066 1211.74
v 21.9117 -96.2958 1213.07
v 23.3838 -90.5475 1214.18
v 22.8875 -91.2024 1206.77
v 23.7958 -89.8619 1213.42
v 22.144 -90.8805 1206.01
v 22.7778 -89.8396 1206.79
v 23.0821 -89.9696 1206.6
v 23.091 -89.0156 1208.25
v 23.2565 -88.586 1211.96
v 21.7163 -104.471 1203.56
v 21.6588 -104.472 1204.05
v 21.6396 -104.141 1204.78
v 22.0027 -102.921 1204.49
v 22.2883 -102.774 1207.72
v 22.284 -102.52 1207.34
v 21.981 -101.86 1208.59
v 21.2861 -102.556 1203.98
v 21.5643 -101.491 1207.43
v 21.7179 -101.263 1207.64
v 22.2633 -101.972 1207.18
v 22.3869 -101.686 1207.28
v 22.6046 -101.54 1207.58
v 22.2582 -101.423 1208.22
v 22.6262 -100.534 1211.41
v 22.43 -99.8702 1210.89
v 22.4993 -99.4367 1210.89
v 22.8029 -99.3371 1210.91
v 22.9522 -99.0525 1211.22
v 24.3977 -94.0596 1218.1
v 25.3385 -93.9215 1217.04
v 24.4917 -92.7253 1218.75
v 24.9848 -91.4646 1219.29
v 25.403 -89.6433 1218.5
v 23.3611 -90.796 1206.62
v 23.5056 -90.0832 1206.59
v 23.4737 -90.3659 1206.52
v 24.0321 -90.2344 1206.85
v 24.2192 -89.3936 1211.83
v 24.915 -88.2611 1208.44
v 24.6888 -87.6899 1211.05
v 22.5832 -103.992 1204.73
v 22.0437 -103.462 1202.94
v 22.2019 -103.004 1203.29
v 22.9075 -102.982 1203.72
v 23.4844 -102.658 1206.62
v 23.5233 -102.456 1206.6
v 22.7935 -102.968 1207.83
v 23.0676 -103.182 1207.2
v 23.1393 -103.275 1207.4
v 23.5771 -102.903 1207.9
v 23.6948 -102.604 1207.84
v 23.3493 -101.303 1210.59
v 23.594 -101.396 1210.81
v 23.7555 -102.08 1207.37
v 23.5657 -101.103 1210.14
v 23.7264 -100.844 1209.98
v 23.4955 -100.316 1210.23
v 23.6396 -101.42 1210.22
v 24.0222 -100.973 1211.57
v 24.3167 -100.777 1211.79
v 24.6073 -100.183 1212.11
v 24.0583 -100.321 1212.32
v 24.1207 -99.8386 1212.95
v 24.3765 -99.9847 1212.85
v 24.4141 -99.8924 1213
v 24.4938 -100.08 1212.58
v 24.5665 -99.909 1212.98
v 24.5508 -99.74 1213.28
v 24.7712 -99.8617 1212.92
v 23.763 -99.9788 1210.51
v 24.2413 -99.2148 1211.62
v 24.3738 -99.7821 1211.01
v 24.6209 -99.786 1211.23
v 24.6841 -99.3688 1211.8
v 24.7858 -99.8385 1212.47
v 24.7831 -99.049 1212.15
v 24.9643 -98.3554 1214.84
v 25.2293 -98.4156 1214.74
v 24.5179 -97.9898 1215.03
v 25.263 -97.5657 1214.99
v 25.3553 -97.1087 1215.07
v 25.3389 -97.0224 1214.72
v 25.3118 -97.4946 1214
v 25.4556 -97.4431 1214.45
v 25.3606 -97.316 1214.85
v 24.8579 -97.0879 1216.14
v 24.7625 -97.3415 1215.79
v 24.9081 -97.6715 1215.38
v 24.9953 -97.3596 1215.77
v 25.0549 -97.2309 1216.05
v 25.0965 -97.5714 1215.28
v 25.1704 -97.2871 1215.89
v 25.2372 -97.3512 1215.25
v 25.2959 -97.2363 1215.55
v 25.503 -97.248 1216.12
v 25.5607 -97.1919 1216.42
v 25.6942 -97.095 1216.65
v 25.0252 -96.3994 1214.87
v 25.389 -96.843 1214.98
v 25.3996 -96.519 1215.09
v 25.538 -96.7842 1215.26
v 25.6344 -91.9635 1217.87
v 26.7289 -89.8554 1218.22
v 24.9301 -89.9102 1207.69
v 26.7967 -88.7659 1216.32
v 26.3961 -88.0601 1217.38
v 25.0657 -89.2593 1207.47
v 25.0501 -88.903 1207.62
v 25.1796 -88.5787 1207.93
v 25.463 -89.3988 1207.8
v 25.802 -88.5186 1208.13
v 26.482 -87.0607 1210.38
v 26.6354 -86.7636 1213.28
v 24.4538 -101.96 1209.68
v 24.5276 -102.262 1209.96
v 24.7559 -102.453 1209.38
v 24.9431 -102.679 1209.66
v 24.9694 -102.533 1209.97
v 25.0546 -102.897 1209.21
v 25.0362 -101.934 1210.78
v 25.0215 -101.599 1211.02
v 24.4454 -101.322 1211.28
v 24.6176 -101.591 1209.44
v 24.677 -101.288 1209.45
v 24.9523 -101.56 1209.21
v 24.9847 -101.12 1209.52
v 25.1477 -101.905 1208.82
v 25.2859 -101.492 1209.12
v 24.8704 -100.274 1210.71
v 25.0066 -100.408 1210.84
v 25.2385 -100.764 1210.75
v 25.1846 -100.74 1210.09
v 25.2241 -100.624 1210.43
v 25.3371 -101.37 1210.87
v 25.4795 -101.029 1210.63
v 25.5036 -100.866 1210.11
v 25.5494 -100.904 1210.41
v 24.6852 -100.591 1211.59
v 24.8396 -100.421 1211.34
v 24.8269 -101.017 1211.29
v 24.9887 -100.515 1211.04
v 24.9447 -99.8203 1213.21
v 25.2254 -99.778 1213.17
v 25.0544 -99.7731 1213.49
v 24.8797 -99.5933 1213.65
v 25.2737 -99.7873 1213.62
v 25.2265 -99.8263 1213.36
v 25.3768 -99.863 1213.47
v 25.51 -99.8635 1213.3
v 25.6702 -99.7661 1213.85
v 25.6619 -99.9649 1213.47
v 25.8139 -99.9801 1213.27
v 24.602 -100.036 1210.83
v 24.7298 -100.281 1210.55
v 24.7842 -100.052 1211.56
v 24.7238 -99.8257 1211.4
v 24.8184 -99.6773 1211.93
v 24.7716 -100.076 1210.99
v 24.8466 -100.163 1211.13
v 24.9005 -99.7599 1212.73
v 24.908 -99.5948 1212.26
v 24.9256 -99.2935 1212.17
v 25.1053 -99.7383 1213.01
v 25.1334 -99.525 1212.67
v 25.1438 -99.2625 1212.46
v 25.1841 -98.9398 1212.53
v 25.3357 -99.6289 1212.95
v 25.3997 -98.9276 1212.67
v 25.3904 -99.3872 1212.74
v 25.4052 -99.2436 1212.67
v 25.4547 -99.0948 1212.68
v 25.5303 -99.6495 1213.01
v 25.572 -99.395 1212.81
v 25.565 -99.2482 1212.75
v 25.5999 -99.1071 1212.74
v 25.6305 -98.9565 1212.78
v 25.8582 -99.2703 1212.81
v 25.9506 -98.982 1212.88
v 25.9779 -99.6035 1212.89
v 25.6952 -98.661 1213
v 24.981 -98.5205 1212.74
v 25.8259 -98.1224 1213.81
v 25.6485 -97.9633 1214.28
v 25.7226 -97.086 1215.79
v 26.3712 -97.4194 1216.33
v 26.5711 -97.4007 1216.87
v 25.8461 -96.4804 1215.47
v 25.8072 -96.7664 1215.52
v 26.1153 -96.1383 1215.81
v 26.1311 -96.7562 1215.68
v 26.2905 -96.4818 1215.72
v 26.5646 -96.7964 1215.8
v 26.6469 -96.651 1215.82
v 26.8992 -96.507 1215.98
v 26.5902 -95.2411 1218.96
v 27.0554 -95.0369 1217.48
v 28.0975 -92.4129 1222.31
v 28.3682 -91.3201 1222.8
v 27.2588 -89.1661 1218.14
v 27.9287 -88.2121 1220.12
v 26.1791 -89.0692 1209.18
v 26.5486 -88.7922 1208.8
v 27.3912 -88.1126 1214.16
v 26.4904 -88.5503 1208.55
v 27.6578 -87.6959 1209.61
v 28.0098 -86.5865 1216.05
v 27.7827 -87.047 1210.15
v 25.1314 -105.781 1202.85
v 24.9262 -105.6 1202.54
v 25.2911 -104.362 1206.6
v 25.3135 -104.196 1206.1
v 24.9114 -103.827 1207.45
v 25.3522 -103.659 1207.81
v 25.3194 -103.756 1207.67
v 25.6136 -104.069 1207.48
v 25.9598 -103.697 1207.87
v 25.266 -103.423 1208.1
v 25.5228 -103.738 1207.94
v 25.7215 -103.977 1202.89
v 25.0643 -102.905 1206.2
v 24.9838 -103.475 1207.59
v 25.1964 -103.493 1207.64
v 25.131 -102.964 1207.35
v 25.1466 -102.717 1207.09
v 25.2863 -103.509 1207.78
v 25.2968 -103.354 1207.74
v 25.4392 -102.944 1207.63
v 25.5884 -102.833 1207.12
v 25.6349 -102.819 1207.4
v 25.6481 -102.706 1207.56
v 25.8503 -102.821 1206.92
v 25.9228 -102.71 1207.37
v 26.1165 -102.735 1207.47
v 25.1927 -103.267 1208.53
v 25.354 -103.328 1208.54
v 25.429 -103.139 1208.73
v 25.2638 -103.25 1207.96
v 25.4893 -102.288 1208.1
v 25.6491 -102.904 1208.62
v 25.7587 -102.422 1208.71
v 25.8278 -102.518 1208.42
v 25.7588 -102.395 1207.92
v 26.0156 -102.946 1208
v 26.0377 -102.671 1207.82
v 25.2415 -102.804 1209.63
v 25.3155 -102.979 1209.04
v 25.3465 -102.876 1209.33
v 25.5468 -102.861 1209.58
v 25.586 -102.794 1209.89
v 25.4978 -102.823 1209.15
v 25.5569 -102.775 1208.95
v 25.6681 -102.779 1209.26
v 25.6763 -102.679 1209.09
v 25.9519 -103.014 1209.56
v 26.1192 -102.849 1209.15
v 25.7711 -102.13 1210.69
v 25.8859 -101.94 1210.67
v 25.5203 -102.147 1208.25
v 25.5727 -101.967 1208.51
v 25.6957 -102.161 1208.34
v 25.8017 -102.133 1208.64
v 25.738 -102.015 1208.62
v 25.6372 -101.797 1208.77
v 25.7986 -101.631 1209.05
v 25.985 -101.274 1209.65
v 25.9319 -102.12 1208.77
v 25.9357 -101.871 1208.86
v 26.1921 -102.144 1208.84
v 26.6194 -101.939 1208.91
v 26.0129 -101.309 1210.3
v 26.1702 -101.248 1209.95
v 26.4942 -100.35 1212.91
v 27.2011 -100.499 1212.39
v 26.1939 -100.297 1213.39
v 26.3054 -99.9126 1213.75
v 26.1868 -99.3371 1212.8
v 26.3397 -99.1699 1212.88
v 26.4593 -99.7323 1212.72
v 26.9748 -99.6095 1212.67
v 26.4311 -99.7251 1213.7
v 26.6555 -99.3049 1213.36
v 26.501 -99.0482 1213.16
v 27.1882 -99.6374 1212.96
v 27.8679 -98.1248 1216.29
v 28.0307 -96.5793 1218.68
v 26.9206 -96.8379 1215.86
v 28.2195 -95.039 1218.47
v 28.9241 -90.8334 1220.96
v 30.0061 -89.3525 1223.85
v 28.9389 -89.0579 1219.92
v 29.022 -88.1755 1218.24
v 29.3784 -87.6901 1216.22
v 28.9832 -87.122 1219.39
v 28.2886 -87.6565 1210.23
v 28.7438 -87.6963 1211.02
v 28.452 -87.9031 1211.93
v 28.2965 -86.1221 1212.81
v 28.8236 -86.0653 1212.22
v 25.7499 -105.424 1203.82
v 26.3679 -104.324 1207.21
v 26.744 -104.199 1207.1
v 27.1728 -103.482 1209.53
v 25.828 -103.77 1205.65
v 26.2419 -102.916 1207.58
v 26.455 -103.189 1207.36
v 26.4028 -103.006 1207.33
v 26.483 -103.001 1206.67
v 26.5828 -103.031 1206.9
v 26.6291 -103.113 1207.02
v 27.113 -103.615 1206.73
v 28.0444 -101.729 1212.24
v 27.1891 -101.727 1209.5
v 27.3198 -101.945 1209.88
v 27.4149 -101.287 1212.86
v 27.4857 -100.301 1212.22
v 27.9182 -100.259 1212.77
v 28.5746 -98.547 1215.94
v 28.0881 -98.2497 1216.76
v 28.7912 -98.8736 1216.3
v 29.0837 -98.873 1216.53
v 28.7014 -97.9272 1215.67
v 28.9345 -98.0399 1217.34
v 29.2122 -96.9578 1216.75
v 28.6039 -97.5878 1217.74
v 28.8293 -97.0403 1218.23
v 29.0448 -96.7621 1218.13
v 29.126 -97.5274 1217.52
v 29.3317 -97.0426 1217.16
v 28.5617 -96.9284 1218.47
v 28.7467 -96.7096 1218.69
v 28.9975 -96.4709 1219.04
v 29.2191 -96.5073 1219.33
v 28.5829 -96.336 1219.46
v 29.1088 -96.3895 1219.92
v 29.6999 -96.1932 1220.69
v 28.5312 -96.959 1216.31
v 28.9126 -96.0745 1217.76
v 29.0744 -96.2308 1217.86
v 29.1234 -96.3499 1218.04
v 28.99 -95.349 1218.84
v 28.9145 -95.6601 1218.39
v 29.0011 -96.4992 1218.58
v 29.1729 -96.0577 1218.62
v 29.0673 -95.9674 1218.3
v 29.0897 -95.7182 1218.58
v 29.3346 -95.5156 1218.99
v 29.2394 -96.2847 1218.96
v 29.105 -96.2763 1218.32
v 29.4055 -95.8801 1218.87
v 29.8168 -95.6512 1219.26
v 30.0156 -95.636 1221.46
v 29.4853 -95.2118 1221.51
v 30.0448 -95.1132 1222.07
v 30.1142 -95.2963 1221.87
v 30.9618 -90.2625 1225.49
v 31.0084 -87.6449 1223.11
v 30.9157 -87.7802 1219.08
v 30.3423 -87.3654 1213.45
v 29.6894 -87.089 1211.55
v 29.8475 -86.7544 1211.7
v 29.7889 -86.0348 1212.31
v 30.7623 -86.0107 1212.93
v 30.1817 -85.6446 1213.79
v 30.6912 -85.7715 1213.23
v 26.9103 -106.051 1203.28
v 27.2485 -106.127 1201.73
v 27.6063 -106.021 1203.28
v 27.2783 -104.965 1206.45
v 27.4954 -104.748 1206.57
v 28.4746 -104.048 1208.84
v 26.6799 -104.65 1201.85
v 26.858 -104.359 1202.98
v 27.2265 -103.362 1206.4
v 27.9798 -103.633 1205.66
v 28.698 -102.834 1208.2
v 27.9231 -103.347 1209.97
v 28.1427 -103.045 1209.99
v 28.6937 -101.874 1212.62
v 28.8538 -100.843 1212.34
v 29.0407 -100.793 1211.92
v 29.3601 -98.4652 1215.29
v 29.5985 -98.346 1215.26
v 30.4829 -98.3244 1215.46
v 29.3881 -98.1906 1217.09
v 29.3608 -97.2809 1216.36
v 29.5581 -97.3575 1216.5
v 29.6711 -97.7053 1216.77
v 30.1882 -97.1623 1219.8
v 30.3217 -96.2287 1220.99
v 30.4824 -96.7837 1220.61
v 30.9727 -96.6147 1220.63
v 29.7979 -96.3264 1219.14
v 29.8317 -96.0269 1219.08
v 30.1784 -96.0865 1219.14
v 30.4981 -95.8959 1219.44
v 30.6417 -95.5813 1219.99
v 30.0424 -96.0483 1221.09
v 30.2864 -95.6966 1221.33
v 30.4827 -95.4116 1221.24
v 30.5177 -96.1177 1220.94
v 30.8288 -95.7006 1220.53
v 30.2314 -95.3709 1221.73
v 30.2922 -95.2174 1222
v 30.4268 -94.9048 1222.6
v 30.4935 -95.1301 1222.27
v 30.4689 -95.1437 1221.79
v 30.6264 -95.0958 1222.11
v 31.1073 -95.1133 1222.31
v 30.899 -95.0367 1222.82
v 31.7842 -95.3127 1223.25
v 30.2501 -94.2498 1221.09
v 30.2222 -94.9456 1220.37
v 30.5544 -94.974 1220.81
v 30.5779 -93.6422 1221.89
v 30.6476 -94.6762 1221.36
v 30.8329 -94.4861 1221.62
v 31.1385 -94.4863 1221.88
v 31.0333 -94.2742 1221.84
v 31.13 -94.747 1221.99
v 31.7323 -94.0925 1222.52
v 31.4289 -94.7826 1222.08
v 31.506 -94.4915 1222.08
v 30.9831 -93.6932 1224.27
v 31.631 -91.3545 1226.43
v 32.2676 -88.2728 1221.79
v 33.0161 -87.2124 1224.24
v 31.7904 -86.6264 1221.73
v 32.6638 -85.9741 1220.48
v 31.1013 -85.6599 1213.81
v 31.2305 -85.7684 1213.64
v 31.5213 -86.253 1213.46
v 31.6838 -86.7266 1213.71
v 32.2763 -85.4446 1216.76
v 27.9793 -106.69 1201.89
v 27.5713 -105.799 1203.31
v 27.9109 -105.134 1204.97
v 28.209 -105.602 1205.19
v 28.7287 -105.631 1205.69
v 28.4398 -104.865 1202.59
v 28.4218 -104.451 1204.6
v 28.6097 -104.006 1204.88
v 28.8093 -104.146 1205.75
v 29.0918 -103.654 1209.64
v 29.3001 -103.519 1209.56
v 29.7593 -102.929 1211.65
v 30.3834 -102.434 1211.92
v 29.531 -101.795 1210.96
v 30.5373 -100.473 1214.55
v 30.604 -100.692 1214.88
v 30.6518 -99.8355 1215.92
v 31.0213 -99.4153 1215.93
v 30.9041 -98.5724 1215.72
v 31.3905 -97.5645 1220.34
v 31.647 -97.0586 1220.49
v 31.835 -96.6869 1220.21
v 30.9315 -96.7072 1218.91
v 31.0752 -96.3726 1219.19
v 31.302 -96.2774 1220.28
v 31.8003 -96.5 1219.61
v 32.0004 -95.1489 1222.19
v 32.1325 -95.7721 1222.57
v 32.3749 -94.6302 1222.47
v 33.0003 -92.897 1227.22
v 34.0499 -91.4998 1229.29
v 34.2111 -89.8709 1228.77
v 33.852 -88.6868 1227.23
v 33.5319 -86.3916 1222.64
v 32.5343 -85.5492 1215.58
v 33.3955 -86.2885 1215.83
v 34.0121 -85.6666 1220.04
v 29.4154 -106.738 1202.73
v 29.4295 -105.945 1200.94
v 29.5054 -106.395 1202.81
v 29.7499 -105.78 1204.33
v 28.9608 -105.355 1202.72
v 31.1128 -103.449 1211.35
v 31.8796 -101.613 1214.4
v 31.3506 -100.392 1213.76
v 32.221 -100.661 1213.28
v 30.9651 -99.8681 1214.05
v 31.8428 -100.072 1213.72
v 32.4428 -98.1977 1220.18
v 33.2065 -98.2423 1220.47
v 33.8422 -96.8761 1222.83
v 34.0698 -92.2325 1229.16
v 35.0639 -89.6475 1225.83
v 35.4081 -89.1185 1228.76
v 35.5651 -88.0409 1227
v 34.394 -88.4839 1223.48
v 33.7121 -87.1346 1217.92
v 35.1288 -86.092 1222.15
v 34.1428 -85.5501 1218.52
v 34.4822 -85.9781 1217.7
v 34.7386 -85.7929 1218.56
v 31.2811 -106.632 1204.39
v 30.6929 -105.84 1205.29
v 31.5609 -104.925 1207.71
v 31.5653 -104.595 1208.6
v 31.2713 -105.465 1203.65
v 30.8793 -104.739 1204.04
v 30.9688 -103.149 1207.99
v 31.547 -103.581 1207.51
v 32.0102 -103.738 1208.13
v 31.9396 -103.496 1207.94
v 32.1782 -101.916 1213.87
v 32.1446 -101.58 1213.56
v 32.2276 -100.964 1213.27
v 33.7724 -99.9123 1217.94
v 33.4376 -99.6984 1217.72
v 33.4936 -98.8545 1217.38
v 33.8372 -99.8298 1218.08
v 33.3249 -99.4353 1218.57
v 33.735 -99.6899 1218.31
v 33.7522 -99.471 1218.88
v 33.9217 -99.5971 1218.58
v 33.7424 -98.1766 1220.46
v 33.7842 -98.3025 1217.97
v 34.2288 -97.9496 1220.24
v 34.6108 -97.8523 1219.88
v 34.8999 -96.2367 1224.51
v 34.3431 -96.4918 1221.93
v 35.0893 -96.5511 1221.9
v 35.0685 -95.7428 1225.23
v 35.086 -95.4909 1225.69
v 35.4152 -95.6286 1225.55
v 35.8284 -93.5605 1226.53
v 35.91 -92.3293 1231.14
v 36.2389 -92.1717 1231.4
v 35.1591 -92.9059 1226.52
v 35.7092 -90.9885 1230.81
v 35.8061 -91.5874 1231.08
v 36.1818 -91.5782 1231.29
v 36.3834 -91.1663 1231.16
v 36.6362 -91.6327 1231.4
v 34.8687 -91.6454 1226.79
v 35.9809 -90.4309 1230.52
v 35.7467 -87.5117 1221.15
v 36.1186 -86.9978 1224.72
v 34.8491 -86.7038 1218.3
v 35.1587 -86.3612 1218.6
v 35.5367 -85.9375 1220.85
v 36.0562 -86.3215 1220.47
v 36.38 -86.8741 1220.84
v 31.9061 -107.655 1200.8
v 32.1354 -106.878 1203.83
v 31.8527 -106.381 1200.53
v 32.2488 -106.47 1204.73
v 32.1499 -105.309 1208.12
v 31.6016 -104.77 1204.39
v 31.7969 -104.11 1207.3
v 33.3369 -103.896 1208.58
v 33.5901 -102.454 1213.94
v 32.7464 -103.041 1209.19
v 33.3531 -102.868 1209.75
v 33.8619 -101.93 1214.26
v 34.1654 -100.081 1217.81
v 34.9376 -99.8472 1218.95
v 34.0067 -99.738 1218.11
v 34.0808 -98.8578 1217.28
v 34.2131 -99.4536 1218.03
v 34.3359 -99.0432 1217.76
v 34.3874 -100.017 1217.76
v 34.1017 -99.5863 1218.68
v 34.1217 -99.5459 1219
v 34.0562 -99.5633 1218.38
v 34.237 -99.5098 1218.5
v 34.2445 -99.417 1218.3
v 34.4049 -99.6511 1218.82
v 34.394 -99.575 1218.65
v 34.6262 -99.3043 1218.33
v 34.5863 -98.994 1218.13
v 34.8347 -99.7587 1218.76
v 34.8916 -99.0277 1218.18
v 34.1652 -98.6697 1217.73
v 34.4664 -98.6149 1218.09
v 34.7442 -98.635 1218.26
v 35.2898 -98.2179 1219.31
v 35.9268 -97.5816 1223.37
v 35.2929 -96.2996 1224.57
v 35.5412 -96.3914 1224.37
v 35.5706 -96.953 1223.96
v 35.6998 -96.2855 1224.25
v 35.8764 -96.8441 1223.95
v 36.2175 -95.7794 1226.45
v 36.3076 -95.8581 1226.08
v 35.3496 -95.0959 1224.27
v 35.6825 -95.7879 1224.43
v 35.525 -95.6137 1223.51
v 35.6845 -95.5089 1224.24
v 35.8182 -95.7753 1223.95
v 35.8492 -96.0536 1224.03
v 35.9732 -95.9478 1223.38
v 36.059 -96.2145 1223.7
v 35.4921 -95.6067 1225.7
v 35.5719 -95.6077 1225.18
v 35.6028 -95.1095 1224.63
v 35.5268 -95.9813 1224.68
v 35.6237 -95.5705 1225.49
v 35.6489 -95.5917 1225.66
v 35.6713 -95.4158 1224.68
v 35.718 -95.2315 1224.97
v 35.7004 -95.0542 1224.91
v 35.8035 -95.5351 1225.63
v 35.8008 -95.4317 1225.43
v 35.8856 -95.1722 1225.25
v 35.8891 -95.0042 1225.19
v 35.9671 -95.5108 1225.66
v 36.145 -95.314 1225.53
v 36.1835 -95.0216 1225.4
v 36.4442 -95.3097 1225.56
v 36.5199 -95.0418 1225.51
v 35.7023 -95.4664 1226.45
v 35.6845 -95.6116 1225.97
v 35.8316 -95.6024 1225.79
v 35.9834 -95.7113 1226.1
v 35.9928 -95.6457 1225.89
v 36.2976 -95.6015 1225.74
v 36.2246 -94.7403 1225.56
v 36.3434 -94.9512 1228.33
v 36.9951 -95.0495 1228.9
v 37.0643 -94.8548 1229.45
v 36.4772 -93.9671 1230.41
v 35.4574 -94.6644 1225.02
v 36.3803 -93.2966 1231.07
v 36.7019 -92.2169 1231.55
v 36.8173 -93.1089 1231.51
v 37.3775 -92.9232 1231.65
v 37.9268 -92.6642 1231.44
v 36.9024 -91.4971 1228.94
v 37.053 -92.007 1229.21
v 37.4643 -91.843 1229.56
v 36.9441 -91.522 1231.34
v 37.1704 -92.1204 1231.56
v 37.4834 -91.8501 1231.36
v 37.6094 -91.4022 1229.39
v 37.525 -90.8228 1228.63
v 37.5814 -90.7685 1230.43
v 37.8562 -91.0824 1230.34
v 36.9846 -90.9741 1230.97
v 36.776 -90.3345 1227.62
v 37.4864 -89.8311 1226.95
v 37.7797 -89.6916 1229.05
v 37.0033 -89.8157 1229.68
v 37.4767 -88.6478 1227.6
v 37.5304 -88.3728 1224.18
v 37.8371 -87.7418 1224.63
v 37.3938 -87.9011 1226.19
v 37.5342 -87.5298 1225.04
v 37.8757 -88.129 1226.08
v 37.8391 -87.766 1225.03
v 36.9944 -86.8866 1223.26
v 37.2554 -87.1455 1223.05
v 31.9041 -107.84 1200.92
v 32.1892 -108.052 1201.25
v 32.4765 -107.432 1202.21
v 32.7573 -107.938 1201.92
v 32.2749 -106.973 1200.43
v 33.368 -104.802 1208.69
v 33.6856 -105.297 1208.75
v 31.9076 -106.106 1200.83
v 32.7404 -106.153 1201.26
v 33.3606 -105.832 1203.14
v 34.0588 -104.535 1206.63
v 34.4063 -103.652 1209.49
v 34.7747 -103.418 1212.43
v 34.9427 -103.554 1212.68
v 35.5222 -101.523 1215.3
v 35.569 -101.757 1215.85
v 36.013 -100.282 1218.86
v 36.0621 -100.219 1218.69
v 35.4596 -99.9345 1219.35
v 35.7687 -99.7613 1219.86
v 36.1558 -99.5341 1218.22
v 36.4031 -99.1594 1218.43
v 36.3282 -99.1265 1219.97
v 36.3014 -99.676 1220.07
v 36.5418 -97.7466 1223.34
v 37.0004 -97.5715 1223.22
v 37.6118 -96.5028 1225.72
v 37.371 -95.8633 1227.73
v 37.8711 -95.9831 1227.72
v 38.0934 -95.8016 1227.67
v 37.4183 -95.6505 1228.08
v 38.0284 -95.1492 1230.07
v 36.6999 -96.6807 1222.76
v 36.9728 -95.4862 1225.52
v 36.9621 -95.0062 1225.7
v 37.0638 -95.2854 1225.52
v 38.0882 -94.8968 1226.91
v 37.0751 -95.3027 1228.48
v 37.1311 -95.1516 1228.77
v 37.177 -95.0229 1229.05
v 37.3263 -95.0573 1228.86
v 37.3592 -95.3197 1228.46
v 37.585 -94.8887 1228.65
v 37.517 -95.4439 1228.27
v 37.6086 -95.1317 1228.38
v 37.7567 -94.7161 1228.89
v 37.7595 -94.3777 1228.35
v 37.2272 -94.9533 1229.33
v 37.4129 -94.9439 1229.62
v 37.5206 -94.9397 1229.14
v 37.7956 -94.9389 1229.24
v 38.3157 -94.6536 1228.98
v 37.621 -94.3447 1231.1
v 38.561 -94.8259 1231.16
v 37.854 -94.0678 1231.5
v 38.4849 -93.9944 1231.53
v 37.4696 -93.9469 1227.95
v 37.7306 -94.0294 1228.35
v 37.7468 -94.3022 1228
v 38.0263 -94.1703 1228.73
v 37.9712 -93.8441 1228.84
v 38.3957 -92.7775 1230.93
v 37.766 -92.1317 1229.86
v 37.8792 -91.6846 1229.92
v 37.9672 -91.4981 1230.17
v 37.9915 -92.0943 1230.14
v 38.0922 -92.023 1230.56
v 38.081 -92.7453 1229.93
v 37.9139 -91.8819 1231.02
v 38.1314 -90.5496 1229.03
v 37.9718 -90.9566 1229.85
v 37.9592 -91.0281 1229.46
v 38.0307 -89.3603 1228.16
v 38.0958 -90.2654 1228.32
v 38.1867 -90.0886 1228.68
v 38.0147 -88.4403 1225.11
v 37.8724 -87.9807 1224.39
v 38.0873 -88.3745 1226
v 38.0138 -88.0377 1225.09
v 38.1172 -88.5043 1225.61
v 34.4477 -108.753 1200.55
v 34.3627 -108.902 1201.06
v 34.3355 -108.624 1201.7
v 34.3807 -108.346 1201.94
v 34.3032 -108.046 1201.96
v 34.1455 -107.736 1203.41
v 33.8279 -107.381 1204.15
v 34.8855 -107.473 1204.04
v 34.8554 -106.655 1206.95
v 33.8903 -106.912 1200.36
v 34.633 -106.744 1202.83
v 34.2204 -106.102 1203.94
v 34.927 -106.344 1207.12
v 34.6428 -105.881 1208.61
v 34.5954 -105.579 1209.18
v 35.0109 -105.492 1209.3
v 34.0849 -105.753 1203.45
v 34.2188 -105.848 1203.77
v 35.0305 -104.964 1206.58
v 34.8207 -105.373 1206.06
v 35.1788 -104.574 1207.66
v 35.4286 -105.121 1207.43
v 34.8138 -103.78 1208.72
v 36.0444 -103.31 1211.33
v 36.601 -101.597 1216.26
v 36.8724 -101.262 1215.92
v 36.7828 -100.595 1219.02
v 36.9955 -100.7 1218.66
v 35.9333 -100.797 1215.16
v 36.2543 -100.616 1215.66
v 36.9826 -99.673 1218.17
v 37.0737 -100.004 1218.13
v 37.8696 -99.151 1221.61
v 38.7673 -97.2351 1225.36
v 38.126 -97.0432 1226.05
v 39.028 -97.2885 1226.56
v 39.1951 -95.8254 1230.02
v 39.1728 -95.8936 1229.54
v 39.5117 -95.8824 1229.09
v 38.7315 -96.4433 1225.08
v 38.3025 -95.2181 1227.32
v 39.4794 -95.0143 1228.84
v 38.4004 -95.2916 1229.44
v 38.6118 -94.3189 1228.99
v 38.9283 -94.7559 1228.93
v 39.0768 -95.3248 1229.03
v 39.2168 -94.6581 1228.98
v 39.1027 -94.8624 1231.25
v 39.4908 -94.598 1231.12
v 34.4319 -108.951 1200.84
v 35.6657 -107.179 1205.98
v 34.372 -107.459 1200.13
v 34.8315 -107.11 1200.56
v 35.33 -107.682 1200.14
v 35.6748 -106.684 1202.81
v 36.0118 -106.709 1203.06
v 36.1521 -105.805 1205.65
v 36.9935 -104.915 1211.38
v 35.9618 -105.529 1205.92
v 36.7709 -105.295 1207.15
v 36.5714 -104.847 1208.14
v 36.6898 -105.16 1208.31
v 36.9045 -104.526 1211
v 36.9735 -103.173 1211.07
v 37.0854 -103.006 1214.4
v 37.208 -103.293 1213.64
v 37.0552 -102.534 1215.59
v 36.8781 -102.199 1215.96
v 36.8439 -103.064 1212.1
v 37.1772 -102.988 1211.55
v 37.44 -101.801 1213.87
v 37.4483 -100.598 1218.26
v 38.3086 -101.352 1218.5
v 38.4647 -101.264 1218.1
v 38.2425 -100.913 1219.33
v 38.5933 -99.7902 1221.55
v 37.8843 -100.481 1218.01
v 38.1477 -100.34 1217.93
v 38.4395 -99.9685 1218.28
v 38.0245 -98.629 1221.24
v 37.7358 -99.2088 1221.87
v 38.2756 -99.5007 1221.93
v 38.7851 -99.865 1221.18
v 38.7538 -99.4344 1222.33
v 39.0895 -99.2441 1222.43
v 38.437 -98.5195 1221.19
v 38.6153 -98.384 1221.34
v 39.8206 -96.4846 1226.22
v 39.8402 -97.4824 1226.43
v 40.539 -95.683 1230.59
v 39.2563 -96.3923 1225.02
v 39.9078 -96.3381 1225.69
v 39.7473 -95.4906 1228.78
v 40.4423 -95.7944 1228.54
v 40.803 -95.5185 1230.31
v 36.0665 -108.382 1202.84
v 36.4707 -107.819 1200.76
v 35.6276 -107.596 1201.49
v 35.8647 -107.495 1201.24
v 37.3446 -106.369 1205.76
v 36.621 -105.884 1208.53
v 37.4047 -104.848 1211.63
v 38.5369 -104.534 1212.69
v 37.7953 -103.544 1210.82
v 38.2053 -104.339 1210.13
v 38.3999 -103.934 1210.66
v 37.6799 -104.455 1211.65
v 38.4198 -104.337 1212.29
v 38.0224 -103.82 1213.51
v 38.0983 -103.534 1214.02
v 38.3018 -103.514 1214.43
v 38.652 -103.79 1213.69
v 38.2832 -102.718 1215.47
v 39.3613 -101.921 1218
v 38.4069 -103.146 1212.31
v 38.6803 -102.648 1213.01
v 38.6009 -102.408 1213.58
v 38.2595 -102.37 1215.42
v 38.3295 -101.913 1214.59
v 38.6225 -102.076 1214.89
v 39.1663 -101.057 1217.61
v 39.1816 -101.802 1218.31
v 39.3111 -100.822 1219.17
v 39.1785 -100.641 1217.71
v 39.1997 -99.5698 1220.62
v 39.6757 -99.2351 1220.67
v 39.9612 -98.9885 1221.23
v 40.2446 -98.3985 1224.93
v 40.6712 -98.7563 1224.97
v 40.7843 -98.4235 1224.49
v 41.0663 -97.1127 1229.14
v 41.354 -97.071 1228.41
v 40.7421 -96.4764 1230.09
v 40.9713 -95.726 1228.5
v 41.0239 -95.418 1229.77
v 37.8859 -108.353 1205.85
v 36.4429 -108.871 1200.05
v 37.3159 -108.575 1200.23
v 37.8213 -108.832 1203.43
v 37.7015 -107.677 1206.6
v 38.1931 -108.028 1206.01
v 38.1169 -108.042 1206.59
v 38.3467 -108.043 1206.04
v 38.3971 -108.031 1206.13
v 38.3559 -107.918 1205.92
v 38.4645 -108.228 1205.98
v 38.5238 -108.211 1206.16
v 38.5927 -107.255 1205.62
v 38.5854 -107.371 1205.75
v 38.647 -107.369 1205.79
v 38.4954 -107.96 1207.34
v 37.1326 -107.622 1203.28
v 37.6303 -107.689 1203.03
v 37.9797 -107.322 1204.86
v 38.2938 -107.044 1205.6
v 37.2894 -106.599 1206.05
v 38.3005 -107.213 1205.75
v 39.3055 -105.384 1211.71
v 39.5467 -104.258 1214.14
v 38.6509 -104.316 1210.15
v 39.639 -103.504 1211.87
v 39.195 -104.338 1213
v 39.4878 -103.578 1213.06
v 39.484 -103.429 1213.03
v 39.7198 -103.65 1212.75
v 39.8033 -104.154 1212.71
v 39.7027 -103.588 1213.16
v 38.9683 -103.904 1213.98
v 39.4833 -103.164 1213.28
v 40.5807 -103.622 1213.09
v 38.9643 -103.5 1215.06
v 39.9065 -102.255 1217.76
v 39.9524 -102.234 1217.97
v 40.8396 -102.386 1218.24
v 39.0725 -102.886 1213.15
v 39.3174 -103.158 1212.84
v 39.3731 -102.681 1213.76
v 39.7881 -101.939 1217.48
v 40.1009 -101.646 1217.16
v 40.3835 -101.21 1217.23
v 40.6496 -101.758 1218.74
v 40.7541 -101.478 1218.67
v 40.4396 -100.791 1218.32
v 40.9914 -101.806 1218.82
v 41.0182 -101.514 1218.75
v 40.9525 -101.39 1218.58
v 41.1346 -101.238 1218.68
v 40.6532 -101.264 1219.32
v 41.0105 -101.763 1218.97
v 40.9955 -101.329 1218.89
v 40.2476 -101.065 1220.34
v 40.4648 -100.877 1220.72
v 40.5846 -101.019 1220.41
v 40.7008 -101.265 1220.12
v 40.7533 -100.939 1220.35
v 41.0904 -100.812 1220.43
v 41.2434 -100.894 1219.83
v 41.0938 -100.587 1220.09
v 41.1749 -101.015 1221.17
v 41.2615 -100.737 1221.5
v 41.3535 -100.389 1221.49
v 40.8737 -100.408 1219.34
v 40.9548 -100.276 1219.57
v 41.122 -100.371 1219.72
v 40.8612 -100.015 1220.02
v 40.8835 -99.7642 1220.42
v 41.0902 -100.286 1220.02
v 41.0619 -99.9588 1220.25
v 41.2634 -100.602 1219.76
v 41.1284 -100.441 1220.05
v 41.2415 -99.9122 1220.39
v 41.2816 -100.436 1220.17
v 40.6502 -99.4846 1221.6
v 41.608 -97.4587 1228.52
v 42.1391 -97.5516 1229.18
v 42.7719 -97.6484 1229.11
v 40.9795 -98.1316 1224.28
v 41.0912 -97.89 1224.23
v 41.4329 -97.7846 1224.33
v 41.8421 -97.6287 1224.97
v 41.7313 -97.5777 1225.31
v 41.4482 -97.6067 1225.61
v 42.3636 -96.9296 1227.71
v 41.8178 -96.9123 1229.8
v 42.2305 -96.912 1229.63
v 42.3362 -96.7603 1229.55
v 37.9573 -109.927 1201.69
v 39.2418 -109.126 1204.68
v 38.8221 -108.981 1205.36
v 39.1101 -108.869 1205.73
v 38.5511 -108.435 1205.87
v 38.9943 -108.599 1206.35
v 38.5936 -109.826 1199.96
v 38.2126 -108.963 1201.3
v 38.13 -108.446 1202.3
v 38.3976 -108.194 1202.45
v 39.0063 -107.41 1205.44
v 39.0664 -107.539 1204.81
v 38.6245 -108.333 1206
v 39.1962 -107.941 1207.17
v 40.0431 -107.367 1209.47
v 40.6617 -106.584 1210.98
v 39.0558 -107.291 1205.72
v 40.3663 -105.612 1209.66
v 40.4577 -106.314 1210.69
v 40.6093 -104.943 1213.12
v 40.3087 -104.433 1214.43
v 40.232 -105.142 1210.7
v 40.4389 -104.542 1210.88
v 40.7549 -104.321 1211.28
v 40.9333 -104.414 1211.65
v 40.143 -103.753 1212.08
v 41.0662 -103.502 1214.31
v 41.2117 -103.416 1214.02
v 40.5877 -104.163 1214.66
v 40.6414 -103.823 1214.68
v 41.4591 -103.237 1216.49
v 41.276 -102.25 1218.72
v 41.1986 -102.017 1218.99
v 41.6418 -102.135 1219.04
v 41.581 -102.261 1216.27
v 41.8954 -101.997 1216.47
v 41.1165 -101.08 1218.18
v 41.2755 -101.149 1218.48
v 41.3276 -101.046 1218.61
v 41.1655 -101.1 1217.84
v 41.7332 -101.096 1218.25
v 41.9002 -101.428 1217.52
v 41.9981 -101.111 1218.57
v 40.9416 -101.742 1219.35
v 41.0989 -100.915 1218.88
v 41.5104 -100.885 1218.7
v 42.4753 -99.8822 1224.44
v 42.4918 -98.9028 1223.55
v 42.4009 -99.1396 1223.59
v 42.8067 -98.7401 1223.69
v 42.9715 -99.1223 1225.42
v 42.6521 -98.0618 1227.71
v 43.526 -98.7272 1226.88
v 42.8446 -98.2981 1228.18
v 43.0152 -96.7754 1228.35
v 43.1199 -97.3855 1229.02
v 43.2924 -97.1415 1228.77
v 38.6876 -111.053 1200.72
v 39.4655 -111.428 1200.52
v 38.8844 -110.873 1201.37
v 38.7129 -110.633 1201.54
v 39.8071 -111.205 1201.5
v 38.4984 -110.865 1200.47
v 39.2851 -111.161 1200.33
v 40.024 -110.838 1201.54
v 39.9171 -110.423 1203.02
v 40.2239 -107.687 1206.37
v 40.7566 -107.976 1205.47
v 40.3821 -107.559 1208.97
v 41.0129 -107.771 1208.39
v 40.859 -106.854 1208.38
v 41.3109 -104.734 1211.15
v 41.7693 -103.73 1213.41
v 42.0706 -103.404 1215.96
v 42.0791 -103.765 1216.47
v 42.9986 -103.52 1217.42
v 42.8606 -103.077 1217.83
v 42.9747 -102.139 1220.16
v 43.2878 -102.139 1220.33
v 42.6742 -101.739 1217.5
v 42.9101 -101.938 1217.73
v 42.9197 -101.158 1219.47
v 43.2578 -101.008 1219.49
v 43.4458 -101.044 1220.32
v 43.2149 -100.493 1223.52
v 43.084 -100.172 1223.37
v 43.4451 -99.9434 1224.95
v 44.24 -100.273 1224.71
v 43.338 -100.781 1220.09
v 43.349 -98.6744 1225.02
v 44.3149 -98.1234 1226.38
v 40.7861 -112.199 1200.84
v 40.3013 -111.601 1201.35
v 40.4398 -111.431 1201.52
v 41.0897 -111.24 1202.42
v 40.3999 -110.123 1200.83
v 40.7122 -110.336 1201.04
v 40.9583 -110.304 1202
v 41.3089 -110.122 1202.01
v 42.0558 -108.298 1208.82
v 40.6081 -109.436 1202.42
v 42.2658 -107.295 1208
v 41.7895 -107.182 1210.78
v 42.9371 -106.712 1212.56
v 43.3816 -106.052 1213.76
v 41.4438 -107.045 1208.1
v 43.4843 -104.7 1215.91
v 43.6299 -103.488 1215.23
v 43.7008 -104.16 1215.02
v 43.538 -102.998 1215.66
v 44.2499 -100.664 1224.27
v 44.3816 -100.279 1224.72
v 44.4239 -100.066 1224.77
v 44.5573 -100.113 1224.91
v 44.5842 -99.9584 1224.88
v 44.6164 -100.282 1224.93
v 44.6104 -100.224 1225.09
v 44.7212 -100.761 1224.4
v 45.0066 -100.554 1225.04
v 45.3016 -100.493 1225.39
v 45.459 -100.525 1225.19
v 45.583 -100.644 1224.69
v 44.8018 -99.9587 1226.3
v 45.4569 -100.525 1225.51
v 45.5172 -100.127 1226.39
v 45.7185 -99.8509 1226.64
v 44.3205 -100.187 1222.54
v 44.5111 -99.8249 1222.77
v 44.4743 -99.2325 1223.95
v 45.0237 -99.4858 1223.9
v 45.4545 -99.6839 1223.7
v 44.6481 -99.4519 1224.43
v 44.6949 -99.2994 1224.18
v 45.0034 -99.4736 1224.56
v 45.1949 -99.4965 1224.1
v 45.2592 -99.427 1224.37
v 45.3065 -99.1794 1224.81
v 45.5577 -99.4784 1224.34
v 45.6299 -99.0436 1225.21
v 44.8751 -98.8553 1227.59
v 45.0647 -98.6144 1227.48
v 45.1165 -98.36 1227.3
v 40.9215 -112.295 1200.52
v 41.6936 -111.478 1202.7
v 42.0007 -111.353 1202.84
v 41.3414 -111.203 1200.13
v 42.0545 -110.408 1202.43
v 41.9805 -110.566 1202.64
v 42.3478 -109.614 1203.78
v 43.2694 -109.447 1207.14
v 43.2854 -108.843 1207.01
v 43.0189 -108.154 1208.49
v 43.1955 -108.159 1208.58
v 43.3939 -108.115 1208.23
v 43.3007 -107.937 1207.89
v 43.4933 -108.098 1208.37
v 43.9375 -107.221 1212.47
v 43.5144 -105.461 1214.03
v 44.1803 -104.82 1216.07
v 44.4178 -104.513 1216.29
v 43.5991 -104.81 1213.73
v 44.0965 -104.872 1213.11
v 44.3155 -103.292 1215.6
v 44.3965 -103.273 1215.88
v 44.273 -103.691 1216.53
v 44.6581 -103.665 1216.04
v 44.1903 -103.288 1216.46
v 44.5208 -102.97 1218.75
v 44.9059 -102.565 1219.71
v 45.7722 -102.164 1222.1
v 45.7809 -102.329 1219.04
v 46.0295 -101.163 1221.48
v 46.1868 -100.993 1221.5
v 45.3123 -101.618 1222.05
v 46.1699 -100.595 1223.92
v 45.7906 -100.575 1224.96
v 46.0673 -100.321 1224.29
v 46.1748 -100.317 1224.37
v 46.3686 -100.972 1224.36
v 46.4732 -100.594 1224.18
v 45.7235 -100.676 1225.37
v 46.3058 -100.121 1226.15
v 46.1269 -100.853 1225.38
v 45.8344 -99.8286 1223.8
v 46.2661 -100.358 1223.63
v 45.96 -99.774 1224.32
v 45.9948 -99.6183 1224.56
v 46.1334 -100.234 1224.09
v 46.1385 -100.185 1224.25
v 46.0826 -100.062 1224.07
v 46.0875 -100.024 1224.23
v 46.1831 -99.9939 1224.36
v 46.1899 -100.182 1224.29
v 46.3338 -99.6138 1224.7
v 46.3414 -100.201 1224.31
v 46.3711 -100.034 1224.37
v 46.703 -100.153 1224.2
v 46.8954 -99.7939 1224.54
v 46.4936 -99.3186 1225.27
v 46.829 -99.9851 1225.76
v 46.8883 -99.6808 1225.68
v 46.8826 -99.5382 1225.47
v 46.0391 -99.6012 1226.56
v 42.4339 -113.076 1200.44
v 42.5847 -113.273 1200.84
v 42.7127 -112.719 1201.5
v 41.7069 -112.111 1200.09
v 43.2691 -112.016 1200.77
v 42.7549 -111.869 1201.23
v 42.923 -111.581 1201.89
v 43.7686 -109.913 1207.47
v 43.602 -109.072 1208.27
v 43.6583 -108.986 1208.67
v 43.9575 -109.702 1207.91
v 44.2524 -109.555 1208.29
v 44.2325 -109.4 1208.79
v 44.526 -110.034 1207.85
v 44.6379 -109.813 1208.37
v 44.5582 -109.205 1209.17
v 44.2828 -108.506 1209.54
v 44.2035 -108.572 1207.34
v 44.5716 -108.723 1207.47
v 43.7349 -108.278 1208.02
v 44.7025 -108.022 1208.62
v 45.3062 -106.705 1213.38
v 45.4666 -107.116 1210.98
v 45.29 -105.709 1212.26
v 45.4123 -105.981 1213.21
v 45.7406 -106.317 1213.97
v 44.8094 -105.757 1214.74
v 44.7708 -105.447 1214.51
v 46.0497 -104.314 1218.03
v 45.0961 -104.727 1214.28
v 46.3702 -104.319 1217.39
v 46.1464 -103.314 1217.43
v 46.0603 -103.776 1218.85
v 46.4494 -103.542 1218.77
v 46.4927 -102.612 1221.32
v 46.6087 -102.311 1222.21
v 46.2462 -102.471 1218.32
v 46.4004 -102.194 1221.22
v 46.9023 -101.78 1220.8
v 47.1635 -101.635 1220.74
v 46.4471 -100.852 1221.77
v 47.051 -101.911 1222.11
v 47.1899 -101.36 1221.85
v 47.7401 -100.228 1224.11
v 44.0952 -114.084 1200.76
v 44.5653 -112.974 1202.11
v 43.723 -112.566 1202.66
v 44.7197 -113.025 1202.77
v 44.3296 -112.875 1201.42
v 43.9051 -111.578 1202.09
v 43.9624 -112.447 1202.8
v 44.0308 -111.68 1202.42
v 44.0542 -112.241 1202.79
v 44.6225 -112.252 1202.76
v 44.9019 -112.266 1202.88
v 44.8299 -112.218 1203.03
v 44.3452 -112.178 1203.53
v 44.1512 -111.625 1204.55
v 44.2193 -111.281 1204.7
v 44.1127 -110.453 1203.84
v 44.1186 -110.386 1204.32
v 44.5389 -109.313 1206.51
v 44.9807 -109.241 1206.75
v 44.818 -108.436 1208.03
v 45.7311 -106.898 1211
v 46.4963 -106.378 1212.01
v 46.4954 -106.375 1212.27
v 46.8674 -105.762 1213.23
v 46.9973 -106.575 1212.89
v 46.8728 -106.223 1214.56
v 46.8066 -105.233 1214.5
v 47.3255 -105.448 1216.8
v 47.3403 -105.427 1216.6
v 47.0942 -104.853 1217.8
v 47.0275 -103.323 1217.2
v 47.8028 -103.666 1217.58
v 47.1854 -102.932 1220.55
v 47.1601 -103.137 1220.87
v 48.0791 -103.622 1220.55
v 47.6123 -102.049 1223
v 47.5581 -102.072 1223.57
v 47.4865 -101.941 1220.37
v 48.028 -102.079 1220.09
v 48.3228 -102.985 1219.31
v 47.3632 -101.639 1220.7
v 47.9435 -101.796 1220.62
v 48.0171 -101.829 1220.9
v 48.3129 -102.294 1220.81
v 47.8131 -101.418 1222.8
v 48.3014 -101.55 1223.88
v 48.2036 -100.97 1222.87
v 45.2486 -114.693 1201.19
v 45.1423 -114.496 1201.45
v 44.6119 -114.173 1200.62
v 44.8221 -113.552 1200.39
v 44.9313 -113.664 1201.74
v 45.069 -114.104 1201.74
v 44.8401 -112.709 1202.89
v 45.0724 -112.669 1203.25
v 44.8843 -113.312 1202.53
v 45.9063 -113.541 1203.19
v 45.3412 -112.792 1203.7
v 45.4238 -112.584 1203.98
v 45.8509 -113.102 1203.7
v 44.7932 -112.862 1201.18
v 44.9299 -112.106 1202.53
v 45.1173 -112.073 1202.8
v 45.1833 -112.218 1202.21
v 45.3541 -111.736 1203.01
v 45.5627 -112.077 1202.77
v 45.6372 -112.339 1202.38
v 45.8592 -111.979 1203.01
v 46.0309 -112.522 1203.88
v 46.1649 -111.7 1205.9
v 46.3638 -111.869 1206.27
v 46.7503 -111.02 1207.94
v 46.1456 -109.304 1208.1
v 46.6988 -108.921 1210.78
v 47.112 -109.331 1210.95
v 46.7054 -108.983 1211.34
v 46.8486 -107.207 1213.77
v 47.2387 -105.448 1213.71
v 48.0881 -105.998 1215.74
v 47.5246 -105.548 1216.87
v 47.7528 -105.859 1216.28
v 48.336 -105.377 1217.15
v 48.0525 -104.676 1215.81
v 48.1265 -103.946 1219.52
v 48.131 -103.949 1219.98
v 48.8724 -103.824 1220.1
v 48.782 -102.905 1221.54
v 48.6078 -103.022 1221.89
v 48.552 -102.596 1222.97
v 49.1389 -102.815 1219.91
v 49.1906 -102.724 1219.57
v 49.2088 -102.32 1221.22
v 49.0445 -101.239 1222.63
v 49.5603 -102.005 1221.36
v 49.6 -101.749 1222.43
v 49.1448 -101.52 1223.05
v 45.6682 -114.852 1201
v 46.5181 -115.377 1201.62
v 45.7447 -114.496 1200.66
v 46.4817 -113.815 1201.29
v 46.664 -114.007 1201.77
v 46.3044 -113.053 1203.83
v 47.2595 -113.193 1203.52
v 45.9457 -112.956 1201.94
v 46.9404 -112.768 1202.99
v 45.9345 -112.086 1203.8
v 46.9027 -111.58 1205.34
v 47.028 -111.195 1205.47
v 46.6059 -111.209 1207.71
v 48.0332 -109.16 1211.6
v 48.3798 -109.131 1211.65
v 48.4587 -108.686 1211.67
v 48.4846 -108.642 1211.81
v 48.5851 -108.957 1211.86
v 48.261 -107.634 1211.19
v 48.4973 -108.394 1211.55
v 48.5621 -108.394 1211.59
v 48.5102 -108.339 1211.58
v 47.9034 -107.603 1211.88
v 48.0042 -107.6 1211.96
v 47.9219 -107.472 1211.79
v 48.0766 -107.464 1211.92
v 48.0592 -107.527 1211.78
v 48.1291 -108.183 1213.02
v 47.8558 -107.582 1213.58
v 49.1467 -107.262 1214.72
v 48.9378 -106.888 1214.8
v 49.2393 -107.203 1215.11
v 49.0001 -107.229 1212.75
v 49.8012 -105.596 1215.81
v 49.5892 -105.656 1217.51
v 48.9492 -105.104 1215.2
v 50.3886 -104.296 1218.47
v 50.2171 -103.818 1218.11
v 50.581 -104.039 1220.71
v 50.2942 -102.356 1221.25
v 50.3061 -102.71 1221.51
v 47.1083 -115.755 1201.6
v 47.2482 -115.155 1200.98
v 47.1808 -115.482 1201.17
v 47.2704 -114.516 1202.1
v 47.5269 -114.503 1202.06
v 47.3936 -114.491 1202.23
v 47.5632 -114.793 1202.43
v 47.6525 -114.994 1202.3
v 47.3587 -114.093 1203.7
v 47.5523 -114.396 1202.13
v 47.2674 -113.665 1203.74
v 48.1841 -113.489 1205.25
v 48.4543 -113.551 1205.83
v 48.4171 -112.868 1206.87
v 48.6934 -112.586 1207.16
v 48.2786 -111.45 1206.19
v 48.8902 -109.579 1211.37
v 49.0305 -109.238 1211.95
v 48.7963 -108.329 1210.23
v 50.3673 -106.572 1216.79
v 50.9758 -106.368 1217.32
v 50.0622 -105.913 1214.37
v 50.5965 -106.639 1215.78
v 50.6321 -105.203 1219.44
v 50.4806 -104.852 1219.32
v 50.9395 -105.131 1219.7
v 49.8941 -105.264 1215.37
v 50.3192 -104.591 1216.87
v 50.571 -104.119 1218.04
v 51.6286 -103.975 1219.62
v 48.6639 -116.288 1201.4
v 48.8223 -116.713 1201.72
v 48.2722 -115.801 1202.56
v 48.7736 -115.899 1203.12
v 48.6904 -116.066 1201.32
v 49.5547 -112.454 1206.23
v 49.9808 -110.935 1209.65
v 50.0596 -110.793 1209.46
v 50.4208 -111.246 1209.78
v 50.3877 -110.254 1209.04
v 50.9577 -108.293 1214.25
v 51.8967 -106.737 1217.69
v 51.9686 -106.768 1217.26
v 51.8522 -105.764 1215.86
v 51.7377 -104.865 1217.95
v 52.1571 -104.771 1218
v 49.1413 -117.049 1202.26
v 49.5037 -116.977 1201.64
v 49.4534 -115.652 1203.87
v 49.3946 -115.284 1203.87
v 49.7907 -114.95 1203.38
v 49.7315 -113.844 1204.43
v 50.1411 -113.901 1204.61
v 50.6475 -113.763 1206.13
v 51.4715 -111.781 1209
v 51.7218 -111.173 1210.4
v 50.9609 -110.171 1208.87
v 51.1162 -109.894 1209.13
v 51.783 -110.285 1211.55
v 51.7128 -108.79 1213.71
v 51.7972 -108.654 1213.82
v 51.6639 -109.29 1213.26
v 52.2273 -109.281 1213.59
v 51.6835 -108.473 1214.13
v 50.8832 -109.039 1210.21
v 51.311 -109.171 1210.39
v 51.9229 -108.71 1211.51
v 52.093 -108.442 1211.69
v 52.5636 -108.244 1212.26
v 51.6291 -108.468 1213.84
v 51.7796 -108.502 1213.79
v 51.8761 -107.783 1213.6
v 51.9296 -108.346 1213.58
v 51.9535 -108.291 1213.72
v 52.0729 -107.813 1213.6
v 52.099 -108.332 1213.4
v 52.0703 -108.307 1213.4
v 52.2675 -107.782 1212.95
v 52.326 -107.708 1213.39
v 51.7127 -108.377 1214.01
v 52.9463 -107.807 1216.59
v 53.2942 -107.716 1216.44
v 52.3083 -106.657 1217.75
v 50.3618 -117.582 1201.74
v 50.6551 -118.118 1202.08
v 50.2337 -117.231 1201.64
v 50.9263 -116.894 1201.95
v 50.9661 -116.636 1203.82
v 51.1964 -116.307 1203.57
v 51.1754 -116.037 1203.88
v 51.4194 -116.443 1203.79
v 51.2907 -115.838 1203.81
v 51.4386 -116.772 1203.73
v 51.5419 -116.76 1203.85
v 51.4686 -116.552 1203.66
v 53.0461 -111.401 1210.27
v 52.8678 -111.301 1211.08
v 53.488 -108.743 1215.15
v 53.0715 -108.248 1212.63
v 53.5794 -107.027 1216.36
v 53.6708 -106.974 1215.6
v 51.6007 -118.78 1202.37
v 51.8403 -118.433 1201.73
v 52.0117 -118.853 1201.9
v 52.2298 -117.971 1201.89
v 52.1326 -118.298 1203.61
v 51.6866 -117.413 1203.81
v 51.851 -117.484 1204.27
v 51.8022 -117.413 1203.88
v 52.3057 -118.052 1204.04
v 52.2167 -116.97 1205.55
v 52.0824 -116.965 1202.89
v 51.5424 -117.093 1203.75
v 51.732 -116.597 1203.32
v 51.7535 -116.568 1203.48
v 51.8519 -115.963 1203.83
v 53.4834 -113.341 1208.87
v 53.3141 -111.22 1208.96
v 54.1381 -111.59 1209.29
v 54.3696 -111.16 1212.3
v 54.8328 -110.866 1212.29
v 53.1628 -111.031 1208.76
v 53.3133 -110.47 1210.01
v 53.3743 -110.171 1210.11
v 54.1308 -110.543 1209.88
v 54.88 -109.188 1213.5
v 54.3334 -109.956 1214.37
v 54.4539 -109.805 1214.58
v 54.4423 -107.837 1214.98
v 52.7908 -119.416 1202.82
v 53.1917 -118.427 1204.79
v 53.3471 -117.898 1205.24
v 53.1635 -117.316 1205.34
v 52.668 -117.093 1203.29
v 53.2793 -116.889 1204.14
v 53.325 -116.783 1204.68
v 54.6582 -113.307 1209.15
v 54.3423 -112.873 1207.52
v 54.7325 -112.833 1207.54
v 54.9222 -112.744 1207.76
v 54.3485 -112.388 1208.4
v 55.0849 -112.002 1208.75
v 55.6743 -111.728 1212.55
v 55.9783 -109.843 1212.96
v 55.0088 -109.926 1214.14
v 55.3581 -109.228 1213.92
v 54.1273 -120.465 1201.85
v 53.8433 -119.15 1204.42
v 54.3927 -119.399 1204.49
v 54.5817 -119.745 1204.14
v 54.4983 -118.349 1203.15
v 56.0211 -111.375 1210.13
v 55.8737 -111.735 1212.14
v 55.9753 -111.839 1212.69
v 56.1079 -111.492 1212.79
v 54.7188 -120.714 1202.26
v 55.1327 -120.321 1203.51
v 55.4405 -120.266 1203.82
v 54.7616 -120.604 1201.3
v 54.8602 -119.929 1201.14
v 55.059 -119.46 1201.66
v 55.2465 -119.736 1204.19
v 55.0333 -119.148 1204.31
v 56.0879 -119.689 1203.56
v 54.9727 -118.579 1203.7
v 56.2958 -115.752 1207.38
v 56.6492 -116.027 1206.99
v 56.7715 -115.893 1207.55
v 56.7219 -115.544 1208.14
v 56.7368 -114.905 1206.76
v 56.9786 -115.414 1206.46
v 57.0032 -114.872 1207
v 55.9213 -115.368 1207.73
v 56.1519 -114.872 1207.73
v 56.3802 -115.415 1207.67
v 56.4272 -115.328 1208.11
v 56.411 -115.166 1207.68
v 56.5098 -115.015 1207.72
v 56.4443 -115.659 1207.57
v 56.5918 -115.474 1207.81
v 56.7121 -115.094 1207.52
v 56.7096 -114.987 1207.31
v 56.8924 -114.856 1207.32
v 57.0294 -114.802 1207.14
v 56.6482 -113.87 1207.6
v 56.9015 -114.416 1207.32
v 56.392 -111.654 1210.46
v 57.108 -112.014 1210.71
v 57.7876 -112.336 1210.94
v 55.7601 -121.326 1201.45
v 56.2516 -119.561 1202.62
v 58.1114 -115.69 1208.73
v 58.2751 -115.746 1209.03
v 58.2266 -115.89 1208.58
v 58.3314 -115.836 1208.74
v 58.3377 -115.795 1208.87
v 57.094 -115.066 1206.72
v 57.6544 -115.246 1206.53
v 58.285 -115.637 1208.84
v 57.8387 -114.744 1210.42
v 58.1951 -114.286 1210.46
v 57.2081 -114.635 1207.13
v 57.6741 -114.737 1207.03
v 57.8236 -114.085 1209.17
v 57.9416 -114.267 1209.14
v 58.0375 -114.122 1209.18
v 57.981 -113.995 1209
v 58.1362 -114.026 1209.14
v 58.2027 -114.151 1208.41
v 57.9621 -114.218 1209.36
v 57.9493 -113.987 1209.37
v 58.3595 -113.605 1210.32
v 58.5405 -113.654 1209.46
v 57.8636 -112.588 1210.28
v 57.8149 -122.196 1201.02
v 57.2246 -121.272 1200.21
v 57.8263 -120.586 1201.65
v 59.2086 -117.095 1207.87
v 58.5097 -116.156 1208.54
v 58.4986 -116.008 1208.93
v 58.6104 -115.894 1209.29
v 58.7829 -116.405 1208.54
v 58.7209 -115.538 1209.62
v 58.7965 -115.26 1207.09
v 58.8717 -114.877 1207.91
v 58.9288 -114.462 1208.66
v 58.793 -113.994 1209.31
v 57.9239 -121.753 1200.02
v 58.1047 -122.168 1200.21
v 58.4413 -121.869 1199.83
v 58.2179 -121.865 1202.31
v 58.2669 -121.222 1202.39
v 58.0464 -121.461 1199.98
v 57.9816 -121.129 1200.33
v 58.5153 -121.05 1201.83
v 59.1308 -118.029 1206.38
v 59.9939 -118.094 1207.13
v 60.303 -117.676 1207.5
v 60.0216 -117.367 1205.24
v 59.494 -116.873 1208.22
v 59.8204 -116.29 1208.32
v 59.86 -115.86 1207.28
v 59.5417 -122.938 1200.06
v 58.634 -122.388 1201.71
v 59.6251 -122.899 1201.42
v 59.5399 -122.644 1199.7
v 61.0229 -119.174 1206.38
v 60.5174 -118.602 1204.33
v 60.7873 -119.238 1204.3
v 59.9505 -118.896 1205.19
v 61.0958 -117.527 1206.59
v 61.2288 -117.671 1205.98
v 60.4199 -116.546 1207.23
v 60.7852 -117.558 1207.16
v 59.8843 -123.167 1200.51
v 59.9244 -123.066 1200.03
v 60.2611 -123.267 1200.78
v 60.3585 -123.218 1200.43
v 60.5587 -123.215 1200.71
v 60.0645 -123.179 1201.08
v 60.1327 -123.041 1201.38
v 60.1207 -122.746 1201.53
v 60.379 -123.027 1201.31
v 60.4294 -123.213 1201.05
v 60.607 -123.119 1201
v 59.9132 -122.876 1199.77
v 59.9236 -122.737 1199.65
v 59.8817 -122.432 1199.6
v 60.2166 -122.769 1199.71
v 59.9398 -122.139 1199.82
v 60.2578 -122.483 1199.7
v 60.0826 -122.015 1200.26
v 60.2251 -123.019 1199.95
v 60.3282 -122.102 1200.7
v 60.4606 -122.379 1199.97
v 60.6148 -123.032 1200.23
v 60.6173 -122.769 1200.01
v 60.8272 -122.958 1200.61
v 60.8374 -122.657 1200.55
v 60.1236 -122.088 1201.2
v 60.4811 -122.72 1201.27
v 60.7412 -122.565 1200.87
v 60.801 -122.764 1200.89
v 61.3316 -119.918 1204.97
v 61.3529 -119.899 1204.42
v 61.8199 -120.185 1204.71
v 61.7828 -119.93 1204.06
v 61.7805 -119.862 1205.72
v 62.0197 -119.684 1205.93
v 62.0109 -120.136 1205.26
v 62.0854 -120.019 1205.55
v 61.2441 -119.129 1206.55
v 61.6346 -119.484 1203.86
v 61.7315 -119.018 1204.02
v 61.7803 -119.79 1203.93
v 61.817 -119.363 1203.83
v 61.8063 -119.058 1206.31
v 62.0767 -120.165 1204.35
v 62.2405 -120.232 1204.64
v 62.421 -120.203 1204.77
v 62.394 -120.191 1204.46
v 62.403 -120.133 1204.29
v 62.3675 -120.025 1204.09
v 62.5701 -120.142 1204.57
v 62.5612 -120.125 1204.42
v 62.675 -120.039 1204.85
v 62.6082 -120.024 1204.24
v 62.7702 -119.982 1204.51
v 62.1587 -120.203 1205.08
v 62.3331 -120.13 1205.22
v 62.38 -119.944 1205.49
v 62.5781 -119.927 1205.28
v 62.5714 -119.724 1205.43
v 62.7361 -119.838 1205.1
v 62.1022 -119.593 1203.8
v 62.1427 -119.423 1203.85
v 62.1126 -119.044 1204.21
v 62.2262 -119.874 1203.94
v 62.2945 -119.607 1203.86
v 62.3254 -119.348 1203.98
v 62.4985 -119.234 1204.29
v 62.5549 -119.893 1204.06
v 62.6679 -119.596 1204.13
v 62.7728 -119.577 1204.28
v 62.7808 -119.442 1204.73
v 62.7277 -119.875 1204.23
v 62.847 -119.782 1204.76
v 62.8543 -119.71 1204.45
v 62.4871 -119.187 1205.42
v 62.7743 -119.682 1205.06
v 15.2587 -100.543 1205.39
v 15.7057 -101.442 1205.15
v 16.6156 -96.0994 1204.95
v 16.6156 -96.0994 1204.95
v 17.7531 -94.8115 1204.95
v 17.8249 -94.3709 1204.76
v 18.6705 -93.8441 1204.97
v 18.4133 -101.355 1206.62
v 19.5942 -99.7698 1210.35
v 19.645 -99.499 1210.64
v 19.2989 -101.059 1207.18
v 19.9521 -100.358 1209.78
v 20.2007 -100.028 1209.42
v 19.8871 -99.0487 1210.07
v 19.8871 -99.0487 1210.07
v 19.9217 -99.5021 1209.69
v 19.9217 -99.5021 1209.69
v 20.2066 -99.8819 1209.09
v 19.9104 -99.1536 1211.15
v 19.9104 -99.1536 1211.15
v 19.9104 -99.1536 1211.15
v 20.0937 -98.6409 1210.48
v 20.4561 -99.0586 1211.83
v 20.4561 -99.0586 1211.83
v 20.8021 -98.8567 1211.42
v 20.9731 -99.2334 1211.92
v 21.1174 -98.6735 1211.29
v 20.3687 -101.14 1207.46
v 21.0669 -100.617 1208.69
v 21.6686 -99.7586 1211.74
v 21.6062 -98.55 1211.29
v 21.981 -101.86 1208.59
v 22.7935 -102.968 1207.83
v 23.5771 -102.903 1207.9
v 23.3493 -101.303 1210.59
v 23.7555 -102.08 1207.37
v 25.3389 -97.0224 1214.72
v 25.4556 -97.4431 1214.45
v 25.503 -97.248 1216.12
v 24.5276 -102.262 1209.96
v 24.9431 -102.679 1209.66
v 25.0546 -102.897 1209.21
v 24.9447 -99.8203 1213.21
v 25.8139 -99.9801 1213.27
v 26.3712 -97.4194 1216.33
v 26.3712 -97.4194 1216.33
v 25.2911 -104.362 1206.6
v 25.9598 -103.697 1207.87
v 25.5228 -103.738 1207.94
v 24.9838 -103.475 1207.59
v 25.1964 -103.493 1207.64
v 25.131 -102.964 1207.35
v 25.131 -102.964 1207.35
v 25.131 -102.964 1207.35
v 25.1466 -102.717 1207.09
v 25.2968 -103.354 1207.74
v 25.4392 -102.944 1207.63
v 25.4392 -102.944 1207.63
v 25.5884 -102.833 1207.12
v 25.9228 -102.71 1207.37
v 25.1927 -103.267 1208.53
v 25.7587 -102.422 1208.71
v 25.8278 -102.518 1208.42
v 26.0377 -102.671 1207.82
v 25.3155 -102.979 1209.04
v 25.5468 -102.861 1209.58
v 25.6681 -102.779 1209.26
v 25.6763 -102.679 1209.09
v 25.6763 -102.679 1209.09
v 25.9519 -103.014 1209.56
v 26.1192 -102.849 1209.15
v 25.6957 -102.161 1208.34
v 25.8017 -102.133 1208.64
v 25.8017 -102.133 1208.64
v 25.9319 -102.12 1208.77
v 25.9319 -102.12 1208.77
v 25.9319 -102.12 1208.77
v 25.9319 -102.12 1208.77
v 26.1921 -102.144 1208.84
v 26.1921 -102.144 1208.84
v 26.6194 -101.939 1208.91
v 26.1939 -100.297 1213.39
v 26.9748 -99.6095 1212.67
v 26.9748 -99.6095 1212.67
v 26.501 -99.0482 1213.16
v 27.1882 -99.6374 1212.96
v 27.8679 -98.1248 1216.29
v 26.9206 -96.8379 1215.86
v 26.744 -104.199 1207.1
v 25.828 -103.77 1205.65
v 27.4149 -101.287 1212.86
v 28.5746 -98.547 1215.94
v 28.7014 -97.9272 1215.67
v 28.9345 -98.0399 1217.34
v 29.3317 -97.0426 1217.16
v 28.9975 -96.4709 1219.04
v 28.9975 -96.4709 1219.04
v 28.9975 -96.4709 1219.04
v 29.2191 -96.5073 1219.33
v 29.2191 -96.5073 1219.33
v 29.2191 -96.5073 1219.33
v 28.5829 -96.336 1219.46
v 29.1729 -96.0577 1218.62
v 29.2394 -96.2847 1218.96
v 29.2394 -96.2847 1218.96
v 29.2394 -96.2847 1218.96
v 29.4055 -95.8801 1218.87
v 29.4055 -95.8801 1218.87
v 29.6894 -87.089 1211.55
v 27.2783 -104.965 1206.45
v 27.4954 -104.748 1206.57
v 28.4746 -104.048 1208.84
v 27.9798 -103.633 1205.66
v 29.0407 -100.793 1211.92
v 29.0407 -100.793 1211.92
v 29.3601 -98.4652 1215.29
v 29.3881 -98.1906 1217.09
v 30.1882 -97.1623 1219.8
v 30.1882 -97.1623 1219.8
v 30.9727 -96.6147 1220.63
v 29.7979 -96.3264 1219.14
v 29.8317 -96.0269 1219.08
v 30.1784 -96.0865 1219.14
v 30.4827 -95.4116 1221.24
v 30.8288 -95.7006 1220.53
v 30.2314 -95.3709 1221.73
v 30.2922 -95.2174 1222
v 30.4935 -95.1301 1222.27
v 30.4689 -95.1437 1221.79
v 30.6264 -95.0958 1222.11
v 30.6264 -95.0958 1222.11
v 31.1073 -95.1133 1222.31
v 31.1073 -95.1133 1222.31
v 30.899 -95.0367 1222.82
v 30.5544 -94.974 1220.81
v 30.5544 -94.974 1220.81
v 30.6476 -94.6762 1221.36
v 30.8329 -94.4861 1221.62
v 31.6838 -86.7266 1213.71
v 28.209 -105.602 1205.19
v 28.7287 -105.631 1205.69
v 28.4218 -104.451 1204.6
v 28.6097 -104.006 1204.88
v 29.7593 -102.929 1211.65
v 29.531 -101.795 1210.96
v 30.604 -100.692 1214.88
v 31.0213 -99.4153 1215.93
v 30.9041 -98.5724 1215.72
v 31.3905 -97.5645 1220.34
v 30.9315 -96.7072 1218.91
v 30.9315 -96.7072 1218.91
v 30.9315 -96.7072 1218.91
v 30.9315 -96.7072 1218.91
v 32.0004 -95.1489 1222.19
v 31.1128 -103.449 1211.35
v 33.2065 -98.2423 1220.47
v 30.6929 -105.84 1205.29
v 30.8793 -104.739 1204.04
v 32.1782 -101.916 1213.87
v 33.4376 -99.6984 1217.72
v 33.4936 -98.8545 1217.38
v 34.3431 -96.4918 1221.93
v 35.0685 -95.7428 1225.23
v 34.8491 -86.7038 1218.3
v 36.38 -86.8741 1220.84
v 36.38 -86.8741 1220.84
v 32.2488 -106.47 1204.73
v 32.2488 -106.47 1204.73
v 32.1499 -105.309 1208.12
v 31.7969 -104.11 1207.3
v 33.3531 -102.868 1209.75
v 34.0067 -99.738 1218.11
v 34.0808 -98.8578 1217.28
v 34.0808 -98.8578 1217.28
v 34.0808 -98.8578 1217.28
v 34.2131 -99.4536 1218.03
v 34.2131 -99.4536 1218.03
v 34.3359 -99.0432 1217.76
v 34.3359 -99.0432 1217.76
v 34.3359 -99.0432 1217.76
v 34.3359 -99.0432 1217.76
v 34.2445 -99.417 1218.3
v 34.2445 -99.417 1218.3
v 34.2445 -99.417 1218.3
v 34.5863 -98.994 1218.13
v 34.5863 -98.994 1218.13
v 34.8916 -99.0277 1218.18
v 34.1652 -98.6697 1217.73
v 34.4664 -98.6149 1218.09
v 34.7442 -98.635 1218.26
v 35.6845 -95.5089 1224.24
v 35.8182 -95.7753 1223.95
v 35.9732 -95.9478 1223.38
v 35.5719 -95.6077 1225.18
v 35.5719 -95.6077 1225.18
v 35.8891 -95.0042 1225.19
v 36.1835 -95.0216 1225.4
v 36.5199 -95.0418 1225.51
v 33.368 -104.802 1208.69
v 33.3606 -105.832 1203.14
v 36.1558 -99.5341 1218.22
v 36.3014 -99.676 1220.07
v 37.0004 -97.5715 1223.22
v 36.6999 -96.6807 1222.76
v 36.6999 -96.6807 1222.76
v 37.3263 -95.0573 1228.86
v 37.585 -94.8887 1228.65
v 37.7567 -94.7161 1228.89
v 37.7567 -94.7161 1228.89
v 37.7567 -94.7161 1228.89
v 37.7595 -94.3777 1228.35
v 37.7595 -94.3777 1228.35
v 37.5206 -94.9397 1229.14
v 37.5206 -94.9397 1229.14
v 37.7956 -94.9389 1229.24
v 37.7956 -94.9389 1229.24
v 38.3157 -94.6536 1228.98
v 38.3157 -94.6536 1228.98
v 38.0263 -94.1703 1228.73
v 38.0263 -94.1703 1228.73
v 38.3957 -92.7775 1230.93
v 38.3957 -92.7775 1230.93
v 37.8724 -87.9807 1224.39
v 34.1455 -107.736 1203.41
v 34.8554 -106.655 1206.95
v 34.8554 -106.655 1206.95
v 34.927 -106.344 1207.12
v 35.0305 -104.964 1206.58
v 35.9333 -100.797 1215.16
v 38.126 -97.0432 1226.05
v 38.3025 -95.2181 1227.32
v 38.6118 -94.3189 1228.99
v 35.6657 -107.179 1205.98
v 35.6748 -106.684 1202.81
v 36.9935 -104.915 1211.38
v 37.208 -103.293 1213.64
v 36.8781 -102.199 1215.96
v 37.1772 -102.988 1211.55
v 38.5933 -99.7902 1221.55
v 38.0245 -98.629 1221.24
v 39.8402 -97.4824 1226.43
v 39.8402 -97.4824 1226.43
v 39.2563 -96.3923 1225.02
v 39.9078 -96.3381 1225.69
v 40.4423 -95.7944 1228.54
v 37.3446 -106.369 1205.76
v 37.4047 -104.848 1211.63
v 38.652 -103.79 1213.69
v 38.652 -103.79 1213.69
v 39.3613 -101.921 1218
v 39.1997 -99.5698 1220.62
v 39.9612 -98.9885 1221.23
v 40.9713 -95.726 1228.5
v 41.0239 -95.418 1229.77
v 38.1931 -108.028 1206.01
v 38.1931 -108.028 1206.01
v 38.3467 -108.043 1206.04
v 38.3467 -108.043 1206.04
v 38.3971 -108.031 1206.13
v 38.3971 -108.031 1206.13
v 38.3559 -107.918 1205.92
v 38.3559 -107.918 1205.92
v 38.5927 -107.255 1205.62
v 38.5927 -107.255 1205.62
v 38.5927 -107.255 1205.62
v 38.5854 -107.371 1205.75
v 38.5854 -107.371 1205.75
v 38.647 -107.369 1205.79
v 38.647 -107.369 1205.79
v 38.647 -107.369 1205.79
v 38.647 -107.369 1205.79
v 38.2938 -107.044 1205.6
v 39.3055 -105.384 1211.71
v 39.4878 -103.578 1213.06
v 39.4878 -103.578 1213.06
v 39.4878 -103.578 1213.06
v 39.4878 -103.578 1213.06
v 39.484 -103.429 1213.03
v 39.484 -103.429 1213.03
v 39.484 -103.429 1213.03
v 39.7027 -103.588 1213.16
v 39.7027 -103.588 1213.16
v 39.7027 -103.588 1213.16
v 38.9683 -103.904 1213.98
v 39.4833 -103.164 1213.28
v 39.4833 -103.164 1213.28
v 39.4833 -103.164 1213.28
v 39.7881 -101.939 1217.48
v 40.6496 -101.758 1218.74
v 40.7541 -101.478 1218.67
v 40.7541 -101.478 1218.67
v 40.4396 -100.791 1218.32
v 40.9914 -101.806 1218.82
v 40.9914 -101.806 1218.82
v 40.9914 -101.806 1218.82
v 41.0182 -101.514 1218.75
v 41.0182 -101.514 1218.75
v 41.0182 -101.514 1218.75
v 40.9525 -101.39 1218.58
v 40.9525 -101.39 1218.58
v 40.9525 -101.39 1218.58
v 41.1346 -101.238 1218.68
v 41.1346 -101.238 1218.68
v 41.0105 -101.763 1218.97
v 41.0105 -101.763 1218.97
v 40.4648 -100.877 1220.72
v 40.7533 -100.939 1220.35
v 40.7533 -100.939 1220.35
v 41.0904 -100.812 1220.43
v 41.0904 -100.812 1220.43
v 41.0904 -100.812 1220.43
v 41.0904 -100.812 1220.43
v 41.0938 -100.587 1220.09
v 41.0938 -100.587 1220.09
v 41.1749 -101.015 1221.17
v 41.1749 -101.015 1221.17
v 41.2615 -100.737 1221.5
v 40.8737 -100.408 1219.34
v 41.0902 -100.286 1220.02
v 41.1284 -100.441 1220.05
v 41.2816 -100.436 1220.17
v 41.2816 -100.436 1220.17
v 41.2816 -100.436 1220.17
v 41.4329 -97.7846 1224.33
v 42.3636 -96.9296 1227.71
v 42.3636 -96.9296 1227.71
v 38.8221 -108.981 1205.36
v 38.3976 -108.194 1202.45
v 39.0063 -107.41 1205.44
v 39.0063 -107.41 1205.44
v 40.0431 -107.367 1209.47
v 39.0558 -107.291 1205.72
v 39.0558 -107.291 1205.72
v 39.0558 -107.291 1205.72
v 40.3663 -105.612 1209.66
v 41.276 -102.25 1218.72
v 41.1986 -102.017 1218.99
v 41.1165 -101.08 1218.18
v 41.1165 -101.08 1218.18
v 41.2755 -101.149 1218.48
v 41.2755 -101.149 1218.48
v 41.7332 -101.096 1218.25
v 40.9416 -101.742 1219.35
v 41.5104 -100.885 1218.7
v 42.4918 -98.9028 1223.55
v 42.9715 -99.1223 1225.42
v 42.6521 -98.0618 1227.71
v 43.526 -98.7272 1226.88
v 43.526 -98.7272 1226.88
v 43.526 -98.7272 1226.88
v 39.9171 -110.423 1203.02
v 42.9747 -102.139 1220.16
v 43.338 -100.781 1220.09
v 44.3149 -98.1234 1226.38
v 41.0897 -111.24 1202.42
v 41.0897 -111.24 1202.42
v 41.3089 -110.122 1202.01
v 42.0558 -108.298 1208.82
v 44.3816 -100.279 1224.72
v 44.4239 -100.066 1224.77
v 44.4239 -100.066 1224.77
v 44.4239 -100.066 1224.77
v 44.4239 -100.066 1224.77
v 44.5573 -100.113 1224.91
v 44.5842 -99.9584 1224.88
v 44.5842 -99.9584 1224.88
v 44.5842 -99.9584 1224.88
v 44.6164 -100.282 1224.93
v 44.6164 -100.282 1224.93
v 44.6104 -100.224 1225.09
v 44.6104 -100.224 1225.09
v 44.6104 -100.224 1225.09
v 45.459 -100.525 1225.19
v 45.459 -100.525 1225.19
v 44.8018 -99.9587 1226.3
v 44.3205 -100.187 1222.54
v 44.6481 -99.4519 1224.43
v 44.6481 -99.4519 1224.43
v 45.0034 -99.4736 1224.56
v 45.0034 -99.4736 1224.56
v 45.0034 -99.4736 1224.56
v 45.1949 -99.4965 1224.1
v 42.0007 -111.353 1202.84
v 43.0189 -108.154 1208.49
v 43.0189 -108.154 1208.49
v 43.0189 -108.154 1208.49
v 43.1955 -108.159 1208.58
v 43.1955 -108.159 1208.58
v 43.1955 -108.159 1208.58
v 43.1955 -108.159 1208.58
v 43.1955 -108.159 1208.58
v 43.3939 -108.115 1208.23
v 43.3939 -108.115 1208.23
v 43.3007 -107.937 1207.89
v 43.3007 -107.937 1207.89
v 43.4933 -108.098 1208.37
v 43.4933 -108.098 1208.37
v 45.7722 -102.164 1222.1
v 45.7809 -102.329 1219.04
v 46.0673 -100.321 1224.29
v 46.0673 -100.321 1224.29
v 46.1748 -100.317 1224.37
v 46.1748 -100.317 1224.37
v 46.1748 -100.317 1224.37
v 46.1748 -100.317 1224.37
v 46.1385 -100.185 1224.25
v 46.1385 -100.185 1224.25
v 46.1385 -100.185 1224.25
v 46.1899 -100.182 1224.29
v 46.1899 -100.182 1224.29
v 46.3414 -100.201 1224.31
v 42.7127 -112.719 1201.5
v 43.2691 -112.016 1200.77
v 42.923 -111.581 1201.89
v 43.7686 -109.913 1207.47
v 43.602 -109.072 1208.27
v 45.3062 -106.705 1213.38
v 45.4123 -105.981 1213.21
v 45.4123 -105.981 1213.21
v 45.7406 -106.317 1213.97
v 45.0961 -104.727 1214.28
v 46.1464 -103.314 1217.43
v 46.2462 -102.471 1218.32
v 47.1899 -101.36 1221.85
v 43.9051 -111.578 1202.09
v 44.0308 -111.68 1202.42
v 44.6225 -112.252 1202.76
v 44.9019 -112.266 1202.88
v 44.9019 -112.266 1202.88
v 44.9019 -112.266 1202.88
v 44.9019 -112.266 1202.88
v 44.8299 -112.218 1203.03
v 44.3452 -112.178 1203.53
v 44.1512 -111.625 1204.55
v 44.2193 -111.281 1204.7
v 44.5389 -109.313 1206.51
v 46.8674 -105.762 1213.23
v 46.9973 -106.575 1212.89
v 47.0275 -103.323 1217.2
v 47.8028 -103.666 1217.58
v 47.1601 -103.137 1220.87
v 48.0791 -103.622 1220.55
v 44.8221 -113.552 1200.39
v 44.8401 -112.709 1202.89
v 44.8401 -112.709 1202.89
v 45.0724 -112.669 1203.25
v 45.0724 -112.669 1203.25
v 44.8843 -113.312 1202.53
v 45.9063 -113.541 1203.19
v 45.4238 -112.584 1203.98
v 44.9299 -112.106 1202.53
v 44.9299 -112.106 1202.53
v 45.1173 -112.073 1202.8
v 45.1173 -112.073 1202.8
v 45.1173 -112.073 1202.8
v 45.1833 -112.218 1202.21
v 46.1649 -111.7 1205.9
v 46.7503 -111.02 1207.94
v 46.1456 -109.304 1208.1
v 46.1456 -109.304 1208.1
v 47.112 -109.331 1210.95
v 48.0525 -104.676 1215.81
v 48.1265 -103.946 1219.52
v 48.1265 -103.946 1219.52
v 48.6078 -103.022 1221.89
v 48.6078 -103.022 1221.89
v 46.4817 -113.815 1201.29
v 45.9457 -112.956 1201.94
v 45.9457 -112.956 1201.94
v 47.028 -111.195 1205.47
v 48.3798 -109.131 1211.65
v 48.3798 -109.131 1211.65
v 48.4587 -108.686 1211.67
v 48.4587 -108.686 1211.67
v 48.4587 -108.686 1211.67
v 48.4587 -108.686 1211.67
v 48.4846 -108.642 1211.81
v 48.4846 -108.642 1211.81
v 48.5851 -108.957 1211.86
v 48.5851 -108.957 1211.86
v 48.5851 -108.957 1211.86
v 48.4973 -108.394 1211.55
v 48.4973 -108.394 1211.55
v 48.4973 -108.394 1211.55
v 48.5621 -108.394 1211.59
v 48.5621 -108.394 1211.59
v 48.5621 -108.394 1211.59
v 48.5621 -108.394 1211.59
v 48.5102 -108.339 1211.58
v 48.5102 -108.339 1211.58
v 48.5102 -108.339 1211.58
v 47.9034 -107.603 1211.88
v 47.9034 -107.603 1211.88
v 48.0042 -107.6 1211.96
v 48.0042 -107.6 1211.96
v 48.0042 -107.6 1211.96
v 48.0042 -107.6 1211.96
v 48.0766 -107.464 1211.92
v 48.0766 -107.464 1211.92
v 48.0592 -107.527 1211.78
v 48.0592 -107.527 1211.78
v 48.0592 -107.527 1211.78
v 49.1467 -107.262 1214.72
v 49.0001 -107.229 1212.75
v 47.2704 -114.516 1202.1
v 47.2704 -114.516 1202.1
v 47.5269 -114.503 1202.06
v 47.5269 -114.503 1202.06
v 47.5269 -114.503 1202.06
v 47.5269 -114.503 1202.06
v 47.3936 -114.491 1202.23
v 47.3936 -114.491 1202.23
v 47.3936 -114.491 1202.23
v 47.3936 -114.491 1202.23
v 47.5632 -114.793 1202.43
v 47.6525 -114.994 1202.3
v 47.6525 -114.994 1202.3
v 47.3587 -114.093 1203.7
v 47.5523 -114.396 1202.13
v 47.5523 -114.396 1202.13
v 48.1841 -113.489 1205.25
v 48.6934 -112.586 1207.16
v 50.9758 -106.368 1217.32
v 50.9758 -106.368 1217.32
v 50.9758 -106.368 1217.32
v 50.6321 -105.203 1219.44
v 49.8941 -105.264 1215.37
v 49.8941 -105.264 1215.37
v 50.3192 -104.591 1216.87
v 48.7736 -115.899 1203.12
v 48.6904 -116.066 1201.32
v 50.4208 -111.246 1209.78
v 51.8967 -106.737 1217.69
v 51.9686 -106.768 1217.26
v 51.7377 -104.865 1217.95
v 49.3946 -115.284 1203.87
v 49.7907 -114.95 1203.38
v 51.4715 -111.781 1209
v 51.7218 -111.173 1210.4
v 51.783 -110.285 1211.55
v 51.783 -110.285 1211.55
v 51.7128 -108.79 1213.71
v 51.7128 -108.79 1213.71
v 51.7972 -108.654 1213.82
v 51.7972 -108.654 1213.82
v 51.7972 -108.654 1213.82
v 50.8832 -109.039 1210.21
v 51.311 -109.171 1210.39
v 51.6291 -108.468 1213.84
v 51.7796 -108.502 1213.79
v 51.7796 -108.502 1213.79
v 51.7796 -108.502 1213.79
v 51.7796 -108.502 1213.79
v 51.8761 -107.783 1213.6
v 51.8761 -107.783 1213.6
v 51.9296 -108.346 1213.58
v 51.9296 -108.346 1213.58
v 51.9296 -108.346 1213.58
v 51.9296 -108.346 1213.58
v 51.9535 -108.291 1213.72
v 52.0729 -107.813 1213.6
v 52.0729 -107.813 1213.6
v 52.0729 -107.813 1213.6
v 52.099 -108.332 1213.4
v 52.099 -108.332 1213.4
v 52.099 -108.332 1213.4
v 52.0703 -108.307 1213.4
v 52.0703 -108.307 1213.4
v 52.2675 -107.782 1212.95
v 52.2675 -107.782 1212.95
v 52.2675 -107.782 1212.95
v 52.326 -107.708 1213.39
v 52.326 -107.708 1213.39
v 50.2337 -117.231 1201.64
v 50.9263 -116.894 1201.95
v 50.9263 -116.894 1201.95
v 51.4194 -116.443 1203.79
v 51.4386 -116.772 1203.73
v 51.5419 -116.76 1203.85
v 51.4686 -116.552 1203.66
v 51.4686 -116.552 1203.66
v 51.4686 -116.552 1203.66
v 51.4686 -116.552 1203.66
v 51.4686 -116.552 1203.66
v 53.0461 -111.401 1210.27
v 53.0715 -108.248 1212.63
v 51.8403 -118.433 1201.73
v 51.8022 -117.413 1203.88
v 51.5424 -117.093 1203.75
v 51.732 -116.597 1203.32
v 51.732 -116.597 1203.32
v 51.7535 -116.568 1203.48
v 51.7535 -116.568 1203.48
v 51.7535 -116.568 1203.48
v 51.7535 -116.568 1203.48
v 53.4834 -113.341 1208.87
v 54.3696 -111.16 1212.3
v 54.8328 -110.866 1212.29
v 53.1628 -111.031 1208.76
v 54.88 -109.188 1213.5
v 54.3334 -109.956 1214.37
v 54.4423 -107.837 1214.98
v 53.3471 -117.898 1205.24
v 54.6582 -113.307 1209.15
v 54.3423 -112.873 1207.52
v 54.9222 -112.744 1207.76
v 55.0849 -112.002 1208.75
v 55.6743 -111.728 1212.55
v 55.9783 -109.843 1212.96
v 55.9783 -109.843 1212.96
v 55.9753 -111.839 1212.69
v 54.8602 -119.929 1201.14
v 54.8602 -119.929 1201.14
v 56.6492 -116.027 1206.99
v 56.9786 -115.414 1206.46
v 57.0032 -114.872 1207
v 57.0032 -114.872 1207
v 55.9213 -115.368 1207.73
v 56.3802 -115.415 1207.67
v 56.4272 -115.328 1208.11
v 56.4272 -115.328 1208.11
v 56.411 -115.166 1207.68
v 56.411 -115.166 1207.68
v 56.411 -115.166 1207.68
v 56.411 -115.166 1207.68
v 56.411 -115.166 1207.68
v 56.411 -115.166 1207.68
v 56.5098 -115.015 1207.72
v 56.5098 -115.015 1207.72
v 56.5918 -115.474 1207.81
v 56.7121 -115.094 1207.52
v 56.7121 -115.094 1207.52
v 56.7121 -115.094 1207.52
v 56.7096 -114.987 1207.31
v 56.7096 -114.987 1207.31
v 56.7096 -114.987 1207.31
v 56.8924 -114.856 1207.32
v 56.8924 -114.856 1207.32
v 57.0294 -114.802 1207.14
v 57.0294 -114.802 1207.14
v 57.0294 -114.802 1207.14
v 56.392 -111.654 1210.46
v 56.392 -111.654 1210.46
v 57.108 -112.014 1210.71
v 57.108 -112.014 1210.71
v 57.7876 -112.336 1210.94
v 58.1114 -115.69 1208.73
v 58.1114 -115.69 1208.73
v 58.2751 -115.746 1209.03
v 57.6544 -115.246 1206.53
v 58.285 -115.637 1208.84
v 58.285 -115.637 1208.84
v 57.8387 -114.744 1210.42
v 57.8236 -114.085 1209.17
v 57.9416 -114.267 1209.14
v 57.9416 -114.267 1209.14
v 57.9416 -114.267 1209.14
v 57.9416 -114.267 1209.14
v 58.0375 -114.122 1209.18
v 57.981 -113.995 1209
v 57.981 -113.995 1209
v 57.981 -113.995 1209
v 58.1362 -114.026 1209.14
v 58.1362 -114.026 1209.14
v 58.2027 -114.151 1208.41
v 57.9621 -114.218 1209.36
v 57.9621 -114.218 1209.36
v 58.5405 -113.654 1209.46
v 57.8636 -112.588 1210.28
v 58.8717 -114.877 1207.91
v 61.2441 -119.129 1206.55
v 62.7728 -119.577 1204.28
f 2 1 19
f 2 21 5
f 1 2 5
f 21 23 22
f 4 1 3
f 19 1 4
f 25 19 4
f 3 5 6
f 3 1 5
f 21 22 5
f 8 7 6
f 6 27 8
f 5 22 6
f 22 27 6
f 3 11 10
f 6 7 3
f 3 10 4
f 3 7 11
f 12 7 8
f 11 13 10
f 4 10 9
f 7 12 11
f 11 12 13
f 60 8 27
f 8 60 14
f 15 39 10
f 9 10 39
f 12 17 13
f 10 13 15
f 12 8 14
f 12 14 17
f 13 17 16
f 16 15 13
f 71 15 16
f 2 18 21
f 18 20 44
f 20 48 46
f 44 20 46
f 2 19 20
f 20 19 25
f 18 2 20
f 48 20 25
f 21 18 23
f 27 22 50
f 50 22 23
f 25 4 24
f 24 26 25
f 26 24 28
f 28 24 30
f 1889 28 29
f 29 28 31
f 31 28 30
f 54 52 1889
f 1889 29 54
f 54 29 55
f 29 31 33
f 33 35 29
f 140 27 50
f 9 24 4
f 30 24 9
f 31 30 32
f 32 30 38
f 33 31 32
f 33 32 34
f 34 32 38
f 35 34 36
f 34 37 36
f 38 37 34
f 34 35 33
f 36 37 40
f 41 9 39
f 38 30 41
f 41 30 9
f 38 41 61
f 37 38 56
f 56 38 1891
f 37 56 40
f 40 59 36
f 40 57 59
f 14 60 42
f 43 39 15
f 39 43 41
f 73 71 16
f 73 16 17
f 17 42 70
f 70 73 17
f 14 42 17
f 43 15 71
f 72 43 71
f 44 45 18
f 45 44 47
f 44 46 97
f 97 47 44
f 47 49 45
f 153 46 48
f 99 47 97
f 46 153 97
f 45 49 18
f 48 51 74
f 74 1890 52
f 51 25 26
f 48 25 51
f 18 49 23
f 23 49 135
f 52 54 53
f 52 1890 1889
f 29 35 55
f 54 55 53
f 35 36 55
f 55 59 82
f 59 55 36
f 1891 40 56
f 57 40 58
f 58 40 1891
f 59 57 64
f 57 65 64
f 59 69 82
f 64 69 59
f 140 60 27
f 61 41 87
f 58 1891 62
f 58 62 63
f 1891 83 62
f 63 62 84
f 63 57 58
f 64 65 67
f 65 57 63
f 64 67 69
f 86 1894 41
f 41 43 86
f 66 65 63
f 65 66 68
f 66 63 84
f 68 67 65
f 68 92 67
f 66 91 68
f 66 90 91
f 67 93 69
f 67 92 93
f 43 72 86
f 71 73 96
f 96 72 71
f 99 98 47
f 47 76 49
f 47 75 76
f 47 98 77
f 74 258 48
f 80 195 74
f 49 76 79
f 77 75 47
f 77 106 75
f 106 78 75
f 76 75 78
f 78 107 76
f 49 79 116
f 135 49 116
f 79 76 115
f 23 135 134
f 52 80 74
f 52 119 80
f 81 119 52
f 80 119 121
f 81 52 53
f 169 53 170
f 53 169 125
f 125 81 53
f 134 50 23
f 141 50 134
f 141 140 50
f 55 82 144
f 53 55 144
f 82 69 85
f 318 82 85
f 1894 1893 1892
f 84 62 83
f 149 89 1894
f 1893 1894 89
f 84 90 66
f 85 69 93
f 42 190 70
f 86 147 1894
f 149 1894 147
f 88 84 83
f 88 83 1895
f 84 88 90
f 91 92 68
f 91 90 150
f 93 92 94
f 150 92 91
f 150 94 92
f 150 254 94
f 93 146 85
f 93 94 146
f 95 147 86
f 95 86 72
f 95 72 152
f 72 96 152
f 194 152 96
f 194 96 73
f 100 98 102
f 102 98 99
f 153 48 258
f 100 77 98
f 105 77 100
f 110 105 100
f 100 102 110
f 111 110 101
f 122 114 101
f 122 126 114
f 102 103 110
f 103 101 110
f 104 123 122
f 104 122 101
f 104 103 156
f 103 104 101
f 102 155 103
f 106 77 105
f 105 108 106
f 108 109 78
f 108 78 106
f 109 107 78
f 107 115 76
f 108 105 110
f 111 108 110
f 109 108 111
f 111 113 109
f 107 109 112
f 107 112 115
f 113 111 114
f 112 109 113
f 127 113 114
f 114 111 101
f 130 113 127
f 112 113 130
f 127 114 126
f 112 118 117
f 130 118 112
f 115 117 79
f 117 116 79
f 115 112 117
f 158 116 117
f 159 117 118
f 164 159 118
f 162 80 121
f 80 162 233
f 119 81 120
f 120 81 124
f 120 124 122
f 120 123 119
f 121 119 123
f 122 123 120
f 124 126 122
f 162 121 123
f 123 104 154
f 125 124 81
f 128 124 125
f 128 126 124
f 129 128 125
f 127 126 128
f 127 128 130
f 130 128 1896
f 130 1896 118
f 125 131 129
f 133 131 125
f 1896 132 118
f 129 131 132
f 132 164 118
f 132 131 165
f 165 164 132
f 125 169 133
f 133 169 206
f 1899 131 133
f 133 201 1899
f 136 135 167
f 1900 172 137
f 134 135 136
f 136 141 134
f 136 138 141
f 1897 138 136
f 1897 136 167
f 138 1897 1904
f 170 53 139
f 139 53 144
f 171 173 139
f 1904 1902 138
f 138 142 141
f 138 175 142
f 142 175 179
f 171 139 143
f 142 140 141
f 139 144 143
f 143 144 185
f 245 60 140
f 1895 145 88
f 88 145 90
f 148 150 90
f 85 146 318
f 70 190 151
f 1895 149 145
f 147 95 152
f 149 192 145
f 191 145 192
f 150 417 254
f 146 94 218
f 152 193 147
f 221 149 147
f 102 99 155
f 155 99 257
f 258 74 195
f 155 156 103
f 156 157 154
f 156 154 104
f 257 156 155
f 159 158 117
f 198 116 158
f 198 135 116
f 159 160 158
f 160 161 158
f 161 198 158
f 159 164 196
f 160 199 161
f 159 196 160
f 198 161 199
f 233 162 163
f 162 123 154
f 154 157 163
f 154 163 162
f 229 163 157
f 133 206 201
f 166 196 164
f 165 166 164
f 200 166 165
f 1916 1899 201
f 206 169 174
f 1906 168 207
f 173 169 170
f 169 173 174
f 173 170 139
f 173 171 1905
f 1901 172 1900
f 1905 1906 173
f 168 1906 1905
f 1903 1907 1898
f 1908 176 177
f 1903 1910 1907
f 171 143 176
f 186 177 176
f 142 179 178
f 142 178 140
f 177 180 1908
f 1909 1913 1911
f 182 179 181
f 182 178 179
f 214 178 182
f 1912 180 183
f 183 1914 1912
f 184 180 177
f 177 186 188
f 180 184 183
f 189 1915 177
f 189 177 188
f 183 1915 210
f 176 143 185
f 176 185 187
f 186 176 187
f 187 188 186
f 217 187 185
f 187 189 188
f 189 187 215
f 217 215 187
f 140 178 245
f 178 214 245
f 144 217 185
f 217 144 246
f 82 318 144
f 246 144 318
f 42 248 190
f 191 90 145
f 90 191 148
f 150 148 417
f 190 249 151
f 193 221 147
f 149 250 192
f 250 191 192
f 194 224 152
f 224 222 152
f 194 73 225
f 73 70 151
f 225 73 151
f 194 256 224
f 97 227 99
f 227 228 99
f 99 228 257
f 195 80 233
f 229 157 156
f 202 196 166
f 197 199 160
f 197 160 196
f 205 196 202
f 135 198 232
f 232 167 135
f 233 163 229
f 203 166 200
f 203 1916 201
f 204 166 203
f 204 202 166
f 205 202 204
f 201 235 203
f 235 201 206
f 234 204 203
f 234 203 235
f 204 234 205
f 206 174 1917
f 1901 1900 1917
f 1917 238 206
f 239 1917 1900
f 235 206 238
f 208 209 181
f 210 1918 1914
f 209 208 240
f 279 214 209
f 212 241 210
f 209 182 181
f 182 209 214
f 210 1914 183
f 212 210 1915
f 1915 211 212
f 189 211 1915
f 1919 189 215
f 215 216 1919
f 244 1919 216
f 213 212 211
f 213 1919 244
f 213 243 242
f 213 242 212
f 243 213 244
f 217 216 215
f 217 314 216
f 246 314 217
f 411 245 214
f 245 247 60
f 60 248 42
f 60 247 248
f 248 249 190
f 250 219 191
f 219 148 191
f 219 417 148
f 94 220 218
f 149 221 252
f 223 221 193
f 149 252 250
f 251 221 223
f 320 219 250
f 251 252 221
f 193 152 222
f 193 222 223
f 219 320 417
f 254 220 94
f 151 249 322
f 151 322 225
f 255 222 224
f 255 224 328
f 222 255 325
f 328 224 256
f 194 225 256
f 226 97 153
f 226 227 97
f 259 258 195
f 259 195 233
f 205 197 196
f 199 197 230
f 230 263 199
f 231 197 205
f 230 197 231
f 231 205 236
f 265 263 230
f 230 231 264
f 261 231 236
f 261 264 231
f 1900 1920 239
f 232 198 266
f 267 239 1920
f 199 263 198
f 198 1921 266
f 260 233 229
f 259 233 260
f 236 205 234
f 237 234 235
f 238 237 235
f 237 236 234
f 239 238 1917
f 268 1918 210
f 1923 269 240
f 241 242 272
f 208 1923 240
f 209 240 278
f 212 242 241
f 244 286 243
f 397 244 216
f 314 397 216
f 302 411 214
f 248 247 414
f 146 218 319
f 318 146 319
f 321 218 220
f 324 251 223
f 251 323 252
f 324 323 251
f 252 253 250
f 323 253 252
f 253 326 250
f 223 222 325
f 256 225 329
f 228 515 257
f 581 228 227
f 581 515 228
f 587 258 259
f 259 260 587
f 257 229 156
f 229 588 260
f 261 262 519
f 230 264 265
f 236 262 261
f 1922 267 1920
f 267 270 239
f 331 268 274
f 274 330 331
f 1928 269 1923
f 338 275 269
f 236 237 262
f 262 237 436
f 436 237 238
f 1924 238 239
f 436 238 1924
f 271 330 274
f 330 271 339
f 272 339 271
f 272 242 273
f 274 268 210
f 274 210 271
f 275 240 269
f 210 241 271
f 241 272 271
f 275 278 240
f 279 209 278
f 278 275 276
f 338 276 275
f 277 276 354
f 276 277 278
f 280 279 278
f 280 281 279
f 278 282 280
f 282 283 280
f 280 283 281
f 283 284 281
f 281 284 279
f 284 214 279
f 284 361 214
f 282 278 277
f 282 285 283
f 285 358 283
f 283 1931 284
f 1931 360 284
f 360 361 284
f 291 282 277
f 285 282 291
f 361 295 214
f 242 243 273
f 243 286 273
f 288 369 286
f 369 370 286
f 244 287 286
f 244 397 287
f 287 288 286
f 369 288 289
f 288 290 289
f 288 287 290
f 290 287 292
f 373 277 354
f 374 289 372
f 371 372 373
f 289 374 369
f 290 372 289
f 372 290 373
f 373 290 378
f 292 378 290
f 287 397 292
f 366 295 361
f 295 366 293
f 293 304 295
f 293 491 294
f 304 293 294
f 294 307 304
f 314 299 397
f 295 303 214
f 296 307 399
f 309 307 296
f 309 296 301
f 309 301 297
f 298 315 301
f 301 315 297
f 297 315 317
f 301 399 300
f 399 301 296
f 299 1925 1926
f 301 300 298
f 302 214 303
f 304 303 295
f 303 304 305
f 306 303 305
f 303 306 302
f 307 310 304
f 305 304 310
f 308 305 310
f 308 306 305
f 310 307 309
f 308 311 306
f 311 312 306
f 306 312 302
f 297 310 309
f 308 310 311
f 310 400 311
f 310 297 317
f 400 310 404
f 310 317 404
f 501 411 302
f 501 302 313
f 313 302 312
f 313 402 501
f 312 402 313
f 314 1925 299
f 316 1925 314
f 317 315 316
f 316 315 298
f 316 314 405
f 405 314 412
f 316 403 317
f 403 316 405
f 412 314 246
f 246 318 751
f 247 245 413
f 318 319 504
f 249 248 505
f 414 505 248
f 319 218 415
f 218 321 415
f 505 416 249
f 320 250 326
f 254 321 220
f 416 322 249
f 325 324 223
f 327 324 325
f 327 323 324
f 320 326 418
f 323 326 253
f 418 417 320
f 420 326 323
f 327 420 323
f 326 420 418
f 417 512 254
f 225 322 422
f 325 423 327
f 423 325 255
f 255 328 423
f 328 256 513
f 423 328 514
f 328 513 514
f 513 256 329
f 329 225 422
f 424 227 226
f 265 264 426
f 261 427 264
f 427 426 264
f 1935 263 265
f 263 1935 428
f 1921 428 266
f 258 587 688
f 691 588 229
f 257 691 229
f 435 587 260
f 435 260 588
f 1978 262 436
f 1924 440 436
f 439 270 267
f 437 439 267
f 439 1943 270
f 330 332 331
f 330 343 332
f 339 343 330
f 332 333 331
f 1928 1929 334
f 335 461 1929
f 333 332 1930
f 461 334 1929
f 465 334 461
f 1928 334 269
f 269 336 338
f 269 334 336
f 337 338 336
f 338 337 356
f 337 350 356
f 273 286 342
f 340 339 272
f 272 273 340
f 340 273 342
f 340 341 339
f 340 344 341
f 340 342 344
f 339 341 343
f 286 348 342
f 344 343 341
f 344 342 480
f 348 480 342
f 370 348 286
f 346 345 375
f 347 346 357
f 345 349 370
f 350 351 356
f 356 351 347
f 347 349 346
f 349 345 346
f 347 353 349
f 352 348 349
f 349 348 370
f 351 353 347
f 481 348 352
f 353 352 349
f 352 353 487
f 356 276 338
f 354 276 356
f 354 355 371
f 355 375 371
f 373 354 371
f 354 356 355
f 357 355 356
f 375 357 346
f 357 375 355
f 356 347 357
f 285 291 376
f 379 285 376
f 285 379 358
f 358 379 359
f 358 359 363
f 359 388 365
f 359 365 363
f 367 365 368
f 490 368 488
f 363 360 1931
f 361 360 362
f 362 366 361
f 360 363 364
f 364 362 360
f 364 363 365
f 364 367 362
f 367 364 365
f 367 366 362
f 293 366 491
f 366 367 1970
f 367 368 490
f 370 369 345
f 374 345 369
f 374 375 345
f 375 374 372
f 371 375 372
f 277 373 377
f 373 378 377
f 277 377 291
f 376 377 380
f 376 291 377
f 377 378 381
f 292 382 378
f 378 382 381
f 376 380 379
f 380 377 381
f 380 381 385
f 381 382 387
f 387 382 384
f 382 292 397
f 382 397 396
f 382 396 384
f 383 359 379
f 383 388 359
f 380 385 383
f 380 383 379
f 386 385 381
f 387 386 381
f 384 396 392
f 385 389 388
f 388 383 385
f 390 389 385
f 386 390 385
f 387 390 386
f 390 387 391
f 387 384 392
f 387 392 391
f 392 396 394
f 388 389 395
f 395 368 388
f 393 390 391
f 393 391 392
f 394 393 392
f 368 365 388
f 395 389 393
f 393 389 390
f 488 1932 395
f 395 393 492
f 492 393 394
f 497 398 399
f 498 398 497
f 497 399 496
f 294 399 307
f 491 496 294
f 294 496 399
f 299 396 397
f 1973 396 299
f 1926 398 299
f 398 498 299
f 398 300 399
f 401 312 311
f 1927 400 1933
f 400 404 406
f 408 400 406
f 502 1933 400
f 400 408 502
f 402 312 401
f 540 501 402
f 403 404 317
f 404 403 406
f 405 407 403
f 405 410 407
f 407 406 403
f 407 408 406
f 409 408 407
f 409 407 410
f 408 409 502
f 412 410 405
f 549 411 501
f 503 412 246
f 503 246 627
f 413 414 247
f 702 504 506
f 504 319 506
f 319 415 506
f 506 415 507
f 507 415 321
f 322 416 509
f 419 254 512
f 321 254 419
f 321 508 507
f 420 327 421
f 421 327 423
f 418 420 510
f 420 421 510
f 329 422 513
f 422 322 509
f 577 423 514
f 227 424 581
f 153 425 226
f 425 424 226
f 424 870 581
f 650 870 424
f 650 424 425
f 428 1938 266
f 267 1922 437
f 1938 428 430
f 438 1938 430
f 1935 431 428
f 430 434 429
f 434 433 429
f 1939 430 441
f 430 429 441
f 433 441 429
f 431 430 428
f 431 434 430
f 433 450 332
f 433 434 450
f 1949 1937 451
f 451 434 432
f 438 1940 1938
f 441 442 1939
f 441 453 1944
f 443 1939 442
f 1944 453 1945
f 1941 1939 443
f 444 1942 1946
f 439 1947 1943
f 436 440 444
f 1946 445 444
f 445 1945 446
f 447 436 444
f 448 447 445
f 447 444 445
f 446 448 445
f 448 446 454
f 436 447 523
f 447 1948 523
f 523 1948 449
f 520 460 459
f 520 449 1952
f 520 524 449
f 449 524 523
f 332 450 1930
f 335 1949 451
f 451 462 335
f 453 343 1945
f 332 343 453
f 454 1945 343
f 433 332 453
f 462 451 452
f 467 462 452
f 433 453 441
f 451 432 452
f 452 1936 455
f 452 455 467
f 1945 454 446
f 467 456 482
f 456 457 477
f 1950 1961 1963
f 458 476 1952
f 1951 476 1962
f 1936 459 455
f 459 457 455
f 455 457 467
f 467 457 456
f 458 1948 454
f 1960 457 460
f 459 460 457
f 449 1948 458
f 459 1936 521
f 458 1952 449
f 462 463 335
f 463 461 335
f 464 465 461
f 466 463 1953
f 466 464 463
f 463 464 461
f 467 466 1953
f 469 466 467
f 469 468 466
f 468 464 466
f 469 467 482
f 471 470 1954
f 1958 465 464
f 471 1954 1955
f 1956 471 1955
f 1957 1964 1959
f 1958 518 465
f 465 518 336
f 1964 484 1959
f 470 471 586
f 1958 2000 518
f 591 766 1967
f 336 472 337
f 465 336 334
f 473 337 472
f 473 350 337
f 473 486 350
f 473 529 486
f 454 343 344
f 454 344 474
f 474 344 475
f 479 475 344
f 344 480 479
f 458 454 474
f 458 474 476
f 474 475 476
f 476 475 478
f 479 478 475
f 478 479 483
f 1962 476 478
f 478 483 1965
f 1962 478 1965
f 481 480 348
f 479 480 483
f 480 481 485
f 483 480 485
f 1964 1969 484
f 485 1966 483
f 528 481 487
f 591 1967 485
f 350 486 351
f 486 353 351
f 487 481 352
f 486 487 353
f 529 487 486
f 529 528 487
f 1970 530 366
f 489 488 494
f 662 496 491
f 493 492 394
f 493 394 396
f 1973 493 396
f 494 488 395
f 494 395 492
f 495 494 492
f 495 492 493
f 493 1973 1971
f 531 494 495
f 496 662 497
f 497 499 498
f 1974 1971 1973
f 662 532 497
f 532 499 497
f 402 401 534
f 537 1934 1976
f 410 1981 502
f 1981 410 552
f 534 540 402
f 401 500 534
f 410 502 409
f 410 412 552
f 412 503 552
f 568 245 411
f 568 639 245
f 628 556 503
f 628 503 627
f 245 639 413
f 414 571 505
f 507 641 506
f 507 573 641
f 574 419 512
f 508 321 419
f 419 574 508
f 508 574 706
f 508 706 573
f 508 573 507
f 421 576 510
f 576 421 423
f 511 417 418
f 417 511 512
f 511 418 510
f 575 511 510
f 576 1997 510
f 575 648 511
f 513 422 579
f 579 514 513
f 422 649 579
f 582 153 258
f 425 153 582
f 582 650 425
f 651 257 515
f 427 261 519
f 516 434 431
f 516 432 434
f 431 584 516
f 1998 517 516
f 516 517 432
f 1936 1977 521
f 518 592 336
f 523 524 589
f 521 522 520
f 459 521 520
f 522 524 520
f 522 521 525
f 522 525 524
f 525 521 589
f 525 589 524
f 526 521 1977
f 526 589 521
f 658 589 526
f 471 1968 2058
f 472 593 473
f 593 529 473
f 472 336 592
f 592 593 472
f 528 485 481
f 489 663 488
f 531 489 494
f 527 1979 490
f 595 532 662
f 490 488 527
f 489 531 663
f 594 491 366
f 495 663 531
f 491 594 662
f 533 535 500
f 534 500 535
f 536 534 535
f 536 535 665
f 536 666 538
f 537 1975 1934
f 1980 1975 537
f 597 1981 598
f 1982 600 543
f 603 543 2005
f 601 552 539
f 602 601 539
f 544 602 539
f 534 536 540
f 538 540 536
f 538 541 540
f 558 541 542
f 1982 543 541
f 541 543 542
f 542 543 1983
f 1983 555 542
f 543 603 1983
f 501 540 545
f 545 546 501
f 546 549 501
f 540 541 545
f 541 546 545
f 546 547 549
f 558 546 541
f 1984 546 558
f 548 1990 1985
f 1990 548 550
f 558 563 1984
f 1992 1987 1986
f 551 411 550
f 550 606 551
f 606 613 551
f 613 568 551
f 552 503 539
f 554 553 557
f 557 553 503
f 539 553 554
f 553 539 503
f 554 557 560
f 560 555 554
f 554 555 544
f 554 544 539
f 556 557 503
f 562 556 628
f 560 557 561
f 561 557 556
f 562 561 556
f 564 558 542
f 558 564 559
f 1993 558 559
f 564 560 1991
f 1991 560 561
f 562 628 566
f 542 555 564
f 1993 559 565
f 1994 1995 608
f 555 560 564
f 1991 561 1996
f 1996 561 562
f 1992 2009 1987
f 1996 562 566
f 1995 609 608
f 550 411 549
f 566 628 612
f 612 611 566
f 551 568 411
f 568 567 569
f 613 567 568
f 639 568 569
f 567 570 569
f 620 639 569
f 567 618 570
f 570 618 619
f 569 570 619
f 619 621 569
f 621 620 569
f 630 627 246
f 640 414 413
f 413 679 640
f 504 751 318
f 640 571 414
f 506 641 702
f 505 681 682
f 416 505 572
f 573 706 753
f 422 509 643
f 509 416 572
f 643 509 572
f 643 572 642
f 574 512 511
f 644 422 643
f 576 423 577
f 576 2027 1997
f 514 579 577
f 577 579 580
f 576 577 578
f 647 576 578
f 578 577 580
f 580 579 645
f 687 581 870
f 258 688 582
f 651 691 257
f 583 515 581
f 651 515 583
f 653 426 427
f 656 652 519
f 652 427 519
f 652 653 427
f 1935 584 431
f 517 1998 585
f 658 526 1999
f 1935 654 584
f 654 1935 2028
f 2029 712 1998
f 1998 712 585
f 1977 1999 526
f 2000 764 518
f 592 518 764
f 435 588 655
f 691 655 588
f 2030 1978 436
f 2030 436 657
f 436 523 2031
f 590 2031 523
f 2001 523 589
f 2001 589 658
f 591 485 718
f 719 529 593
f 592 659 593
f 660 593 659
f 660 719 593
f 1979 527 661
f 366 530 594
f 594 530 2032
f 2032 692 594
f 718 485 717
f 717 485 528
f 595 499 532
f 596 1971 1974
f 595 662 880
f 1972 2002 2033
f 499 595 2003
f 533 2034 535
f 1982 666 600
f 693 536 665
f 536 693 666
f 598 1981 552
f 599 598 552
f 601 599 552
f 2004 1980 537
f 599 601 602
f 603 602 544
f 668 602 603
f 1988 608 672
f 604 606 550
f 548 604 550
f 669 606 604
f 613 606 605
f 606 607 605
f 607 616 605
f 607 606 670
f 674 616 2008
f 566 2010 1996
f 609 610 608
f 2010 566 2011
f 672 608 610
f 673 2038 2011
f 566 611 2011
f 612 673 611
f 611 673 2011
f 675 673 612
f 617 675 612
f 605 614 567
f 605 567 613
f 614 618 567
f 614 615 2014
f 605 616 614
f 629 631 2012
f 614 616 615
f 612 2023 617
f 615 2013 2024
f 616 2013 615
f 2013 616 674
f 615 622 2014
f 2014 622 2015
f 2015 623 2016
f 623 2015 622
f 621 625 620
f 2012 631 2017
f 625 639 620
f 623 624 2016
f 632 2018 2017
f 2019 2026 2020
f 2017 631 632
f 624 2022 2016
f 635 2020 2026
f 625 2021 677
f 2020 635 637
f 677 626 625
f 625 626 639
f 612 628 2023
f 628 627 2023
f 2023 627 2025
f 2025 627 2026
f 627 630 634
f 634 630 636
f 2026 633 635
f 634 633 2026
f 627 634 2026
f 636 638 634
f 637 635 633
f 634 638 633
f 637 633 638
f 678 638 636
f 678 676 638
f 638 676 637
f 630 745 636
f 639 679 413
f 630 246 745
f 246 751 745
f 679 701 640
f 681 505 571
f 572 505 682
f 573 753 641
f 641 753 705
f 643 642 683
f 574 511 648
f 422 644 649
f 649 644 686
f 643 683 644
f 576 647 2027
f 578 580 646
f 580 645 646
f 646 647 578
f 646 645 684
f 684 647 646
f 684 645 579
f 579 649 684
f 687 583 581
f 689 651 583
f 689 691 651
f 690 653 652
f 690 652 656
f 690 656 715
f 2045 658 1999
f 592 764 659
f 766 591 718
f 874 527 488
f 874 488 663
f 662 594 2043
f 769 2033 2002
f 767 2033 769
f 664 2034 533
f 664 1980 696
f 2034 664 721
f 721 664 722
f 1980 2004 696
f 696 597 598
f 696 598 697
f 598 599 697
f 696 694 664
f 668 603 667
f 599 2036 1018
f 666 2035 600
f 2005 667 603
f 2006 2039 725
f 698 604 728
f 602 2036 599
f 2040 2007 1989
f 606 2037 670
f 669 604 698
f 671 674 670
f 669 698 699
f 2037 2044 670
f 670 674 2008
f 674 675 2013
f 671 675 674
f 673 675 733
f 637 2042 2020
f 2042 677 2020
f 678 738 676
f 700 626 677
f 639 835 679
f 679 840 701
f 701 680 640
f 640 680 571
f 751 504 702
f 681 571 680
f 641 705 702
f 572 682 642
f 642 682 704
f 648 755 574
f 574 755 706
f 2027 685 2052
f 2027 647 685
f 685 647 684
f 756 2052 685
f 684 649 708
f 582 869 650
f 870 650 869
f 582 760 869
f 760 582 688
f 687 689 583
f 761 653 690
f 690 1044 761
f 1044 690 715
f 586 713 2057
f 586 471 713
f 714 660 659
f 716 2031 590
f 716 590 765
f 2030 657 2046
f 765 2001 658
f 720 717 528
f 714 719 660
f 719 720 529
f 2043 964 662
f 720 528 529
f 769 2002 770
f 723 722 694
f 723 694 695
f 2047 693 665
f 694 722 664
f 695 694 696
f 697 695 696
f 1012 695 697
f 697 599 1012
f 1018 1012 599
f 604 2048 724
f 604 724 728
f 673 733 2038
f 675 671 735
f 793 733 675
f 735 793 675
f 738 737 676
f 2050 677 2042
f 740 835 639
f 626 740 639
f 838 679 835
f 679 838 840
f 840 743 701
f 701 743 680
f 747 680 743
f 680 746 681
f 746 752 681
f 704 682 703
f 682 681 703
f 704 754 683
f 704 683 642
f 757 686 707
f 867 757 707
f 686 644 683
f 683 707 686
f 684 709 685
f 756 685 709
f 649 686 708
f 684 708 710
f 709 684 710
f 757 758 710
f 758 709 710
f 686 757 708
f 708 757 710
f 871 687 872
f 871 689 687
f 2028 761 711
f 873 760 688
f 714 659 764
f 963 692 2032
f 963 2032 962
f 963 964 692
f 2046 715 2030
f 2058 713 471
f 879 718 717
f 967 720 719
f 964 1049 662
f 881 721 722
f 881 882 2047
f 2047 882 693
f 882 768 693
f 881 722 972
f 768 666 693
f 666 768 771
f 2059 595 880
f 595 2059 2003
f 972 723 695
f 722 723 972
f 972 695 1012
f 729 724 727
f 727 724 772
f 2039 726 725
f 2049 2041 775
f 724 729 728
f 774 727 772
f 774 729 727
f 2049 775 977
f 728 729 730
f 698 728 730
f 729 731 730
f 731 781 779
f 779 780 731
f 731 780 730
f 730 780 698
f 729 781 731
f 698 888 699
f 892 699 888
f 732 2044 2090
f 732 670 2044
f 733 2061 2038
f 2061 733 790
f 670 734 671
f 732 734 670
f 734 735 671
f 700 736 626
f 739 626 736
f 739 736 795
f 901 738 678
f 901 678 804
f 802 804 678
f 802 678 839
f 626 739 740
f 739 741 740
f 741 810 740
f 828 835 740
f 839 678 636
f 742 636 745
f 742 839 636
f 925 742 745
f 743 744 747
f 744 748 747
f 840 842 743
f 743 842 744
f 744 842 841
f 746 680 747
f 746 747 748
f 746 749 752
f 749 746 748
f 744 841 748
f 841 750 748
f 750 749 748
f 703 681 752
f 749 855 752
f 752 859 703
f 856 845 702
f 857 856 702
f 702 705 857
f 704 703 859
f 859 860 704
f 706 755 753
f 759 753 755
f 707 683 754
f 2053 2052 756
f 756 709 758
f 2054 756 758
f 758 757 867
f 754 867 707
f 870 872 687
f 654 2028 711
f 654 711 763
f 762 873 688
f 762 688 587
f 1046 655 691
f 1044 715 959
f 658 2045 2055
f 2056 712 2029
f 875 661 527
f 875 527 874
f 661 875 962
f 876 587 435
f 965 878 716
f 715 2046 2088
f 965 716 765
f 968 766 718
f 717 720 879
f 2116 879 720
f 874 663 767
f 767 769 969
f 1010 662 1049
f 1050 768 882
f 771 768 2135
f 666 771 2035
f 668 667 771
f 772 724 1016
f 772 2125 778
f 726 2117 883
f 725 726 883
f 778 774 772
f 776 774 778
f 729 774 781
f 781 2060 2064
f 783 781 2064
f 2065 777 2070
f 787 2071 2066
f 2067 2076 2073
f 2062 2076 2067
f 778 2068 776
f 973 974 2068
f 973 2068 778
f 780 887 698
f 783 782 781
f 781 782 779
f 779 782 785
f 779 785 784
f 784 780 779
f 786 785 782
f 783 786 782
f 2072 2074 786
f 784 773 780
f 773 887 780
f 784 785 788
f 773 784 788
f 2074 789 786
f 791 792 2073
f 785 786 788
f 792 2075 2073
f 890 2078 793
f 891 732 2090
f 891 734 732
f 891 735 734
f 887 888 698
f 733 2077 790
f 2073 2076 791
f 2078 2077 733
f 793 2078 733
f 1131 793 735
f 794 736 700
f 796 813 795
f 795 736 797
f 799 795 797
f 796 798 813
f 799 798 796
f 795 799 796
f 736 794 797
f 798 799 809
f 797 794 893
f 797 893 799
f 894 809 799
f 893 2091 799
f 800 831 801
f 906 836 835
f 802 812 805
f 839 812 802
f 813 798 803
f 803 2079 816
f 813 803 816
f 802 805 804
f 807 803 798
f 807 806 803
f 803 806 2079
f 808 804 2080
f 805 2080 804
f 798 809 807
f 807 809 806
f 2081 806 809
f 811 739 795
f 795 813 811
f 2051 814 741
f 814 815 741
f 741 815 810
f 740 810 829
f 810 815 829
f 2051 2082 814
f 2079 812 816
f 839 818 812
f 818 839 822
f 820 819 814
f 814 819 815
f 819 830 815
f 815 830 829
f 817 821 820
f 2082 817 820
f 2082 820 814
f 2083 813 817
f 813 816 817
f 821 817 2084
f 817 816 818
f 817 818 2084
f 818 816 812
f 819 823 830
f 820 821 823
f 820 823 819
f 823 821 824
f 834 822 839
f 823 824 833
f 830 823 833
f 825 824 821
f 2084 825 821
f 2085 822 834
f 826 833 824
f 825 826 824
f 826 825 827
f 2086 2085 834
f 828 740 829
f 830 831 829
f 829 831 800
f 828 829 800
f 800 835 828
f 832 831 830
f 833 832 830
f 832 833 801
f 801 831 832
f 902 833 826
f 903 2086 834
f 742 903 834
f 836 837 835
f 906 907 836
f 907 908 836
f 836 908 837
f 837 838 835
f 908 916 837
f 921 840 838
f 742 834 839
f 905 742 925
f 936 925 745
f 842 840 923
f 843 842 923
f 841 842 843
f 843 849 841
f 844 849 843
f 844 850 849
f 924 844 843
f 751 845 846
f 745 751 846
f 845 847 846
f 936 745 846
f 847 845 851
f 847 931 846
f 847 851 932
f 846 931 936
f 841 849 750
f 848 749 750
f 855 749 848
f 850 855 848
f 849 848 750
f 849 850 848
f 937 853 850
f 853 855 850
f 844 937 850
f 751 702 845
f 852 845 856
f 852 851 845
f 932 851 940
f 855 859 752
f 853 859 855
f 937 854 853
f 856 857 852
f 857 942 852
f 858 860 859
f 852 942 851
f 854 858 853
f 858 859 853
f 860 863 704
f 941 860 858
f 753 857 705
f 857 753 861
f 864 866 867
f 857 861 942
f 867 866 862
f 759 945 861
f 868 2111 2054
f 863 754 704
f 865 863 860
f 865 864 863
f 865 866 864
f 946 866 865
f 758 867 868
f 861 753 759
f 2054 758 868
f 864 867 754
f 867 862 868
f 864 754 863
f 870 869 998
f 691 689 871
f 711 761 954
f 711 2112 955
f 954 761 1044
f 711 955 763
f 876 762 587
f 760 873 1085
f 1000 873 762
f 958 762 876
f 958 876 877
f 2088 959 715
f 713 2058 968
f 714 957 961
f 1104 714 2115
f 876 435 877
f 435 655 877
f 765 966 965
f 658 966 765
f 879 968 718
f 1104 719 714
f 970 767 969
f 971 969 769
f 767 970 874
f 770 971 769
f 1010 880 662
f 771 2135 1055
f 668 771 1017
f 771 1055 1017
f 2048 884 724
f 2048 883 884
f 884 883 1014
f 1015 724 884
f 1015 1016 724
f 773 975 887
f 788 786 886
f 886 773 788
f 886 885 773
f 975 773 885
f 786 889 886
f 885 886 976
f 975 888 887
f 2090 1023 1071
f 978 977 775
f 978 2063 2069
f 2069 974 978
f 889 786 789
f 2089 2075 792
f 890 2089 792
f 892 888 1023
f 891 2180 735
f 1027 890 793
f 2090 1071 891
f 700 677 1029
f 1030 700 1029
f 794 700 1030
f 893 794 1032
f 1027 793 1131
f 901 1075 738
f 2092 809 2091
f 800 801 983
f 2118 801 833
f 895 833 902
f 2118 833 895
f 983 896 800
f 835 800 896
f 906 835 896
f 896 899 906
f 906 899 910
f 896 897 899
f 897 898 912
f 912 910 899
f 897 912 899
f 808 901 804
f 809 2092 2081
f 902 826 827
f 904 2086 903
f 904 902 827
f 903 742 905
f 989 915 898
f 925 927 905
f 912 898 913
f 905 927 2099
f 905 2099 2119
f 910 907 906
f 910 909 907
f 909 908 907
f 909 918 908
f 912 913 910
f 910 913 2094
f 913 911 2094
f 914 2101 2094
f 911 914 2094
f 911 913 915
f 2096 919 2102
f 2095 2100 2097
f 2099 927 926
f 919 2096 920
f 2098 928 2105
f 2097 2100 2107
f 913 898 915
f 837 917 838
f 918 916 908
f 837 916 917
f 900 838 917
f 918 917 916
f 2103 991 917
f 918 2104 917
f 900 917 991
f 920 991 919
f 921 838 900
f 922 921 900
f 923 840 921
f 923 921 922
f 996 923 922
f 923 996 924
f 925 936 926
f 925 926 927
f 926 936 929
f 926 929 2099
f 929 2108 2099
f 929 992 2108
f 936 992 929
f 936 930 1083
f 924 843 923
f 2142 2109 844
f 936 931 934
f 854 937 935
f 932 934 931
f 847 932 931
f 934 932 933
f 935 933 854
f 933 932 939
f 933 939 854
f 936 934 935
f 935 937 2109
f 935 2110 936
f 933 935 934
f 937 844 2109
f 851 942 940
f 940 942 938
f 932 940 939
f 940 938 939
f 938 943 939
f 939 943 854
f 938 942 943
f 858 943 941
f 858 854 943
f 943 942 948
f 941 865 860
f 948 946 943
f 943 946 941
f 942 861 944
f 944 861 945
f 862 947 2111
f 866 947 862
f 862 2111 868
f 946 865 941
f 944 2111 948
f 2111 947 948
f 948 947 946
f 947 866 946
f 942 944 948
f 949 869 760
f 870 950 872
f 869 949 998
f 870 998 950
f 1085 949 760
f 950 951 872
f 952 871 872
f 953 871 952
f 953 691 871
f 1046 691 953
f 952 872 951
f 956 763 955
f 956 955 1240
f 2057 713 999
f 764 957 714
f 999 2113 2057
f 762 958 1000
f 1001 958 877
f 1002 958 1001
f 1047 1001 877
f 1085 873 1000
f 1002 1000 958
f 1047 877 655
f 1003 959 2088
f 2055 960 658
f 960 966 658
f 2121 713 968
f 874 1088 875
f 875 1088 1090
f 1090 962 875
f 2122 878 965
f 1104 967 719
f 879 2116 1007
f 970 969 1191
f 1008 1191 969
f 971 1008 969
f 1014 883 1056
f 1013 884 2124
f 884 1013 1015
f 1019 977 978
f 883 2117 1063
f 1063 977 1019
f 883 1063 1056
f 2125 973 778
f 1068 978 974
f 885 976 975
f 976 1021 975
f 976 886 1020
f 1023 888 975
f 1023 975 1021
f 1020 889 980
f 979 2089 890
f 1020 886 889
f 979 980 2089
f 1026 980 979
f 1027 1026 979
f 1027 979 890
f 1032 794 1030
f 981 1029 677
f 1028 677 2050
f 981 677 1028
f 738 2128 737
f 1073 981 1028
f 1221 984 983
f 982 2118 895
f 982 895 902
f 988 982 902
f 896 983 984
f 896 984 897
f 984 1037 897
f 898 897 2129
f 1036 898 2130
f 991 986 900
f 991 987 986
f 986 985 900
f 986 1162 1079
f 1079 985 986
f 1162 986 987
f 987 991 994
f 985 922 900
f 1081 922 985
f 988 902 904
f 903 1039 904
f 1039 988 904
f 1040 2131 903
f 1040 903 905
f 989 898 1036
f 2132 905 2119
f 2132 2119 1036
f 2120 2105 928
f 993 2106 992
f 936 995 992
f 991 920 994
f 993 994 2106
f 995 993 992
f 995 936 1083
f 995 990 993
f 1038 997 996
f 1043 2142 997
f 997 924 996
f 924 997 844
f 997 2142 844
f 1232 950 998
f 952 951 1235
f 1175 953 952
f 1175 1046 953
f 1175 952 1235
f 956 1100 2055
f 1089 1104 2115
f 999 1177 2113
f 2143 961 957
f 1002 1085 1000
f 1047 655 1046
f 2122 965 1004
f 966 1004 965
f 1044 959 1183
f 1183 959 1003
f 966 1101 1004
f 2122 1004 1184
f 2055 1100 960
f 966 960 1100
f 1100 1101 966
f 1005 1102 968
f 1048 967 1104
f 2116 2134 1007
f 874 970 2220
f 881 972 1011
f 881 1011 1006
f 1006 882 881
f 2123 1050 882
f 1005 968 879
f 1005 879 1007
f 1009 1008 971
f 1242 1191 1008
f 1009 2059 880
f 1009 971 2059
f 1010 1009 880
f 1010 1241 1009
f 1018 1052 1012
f 1056 1106 1014
f 1058 1013 1057
f 1119 1016 1015
f 973 2125 1119
f 1061 973 1119
f 1061 1066 973
f 1017 2126 668
f 1019 978 1067
f 1019 1067 1064
f 1066 974 973
f 1067 978 1068
f 1026 1069 1025
f 976 1022 1021
f 1022 976 1020
f 1022 1020 1025
f 1069 1022 1025
f 2180 891 1071
f 1071 1023 1129
f 1025 980 1026
f 1025 1020 980
f 1034 2128 738
f 2139 1034 1074
f 2139 2128 1034
f 1029 981 1024
f 2127 1030 1029
f 981 1031 1024
f 1031 981 1073
f 1075 1074 1035
f 2091 893 1033
f 2091 1161 2092
f 893 1032 1033
f 1033 1149 2091
f 1035 1034 738
f 1074 1034 1035
f 1075 1035 738
f 2093 1161 2140
f 1041 1042 987
f 994 1041 987
f 1080 1162 987
f 1171 987 1042
f 996 922 1081
f 1167 2131 1040
f 1041 994 993
f 1041 993 990
f 1042 1041 990
f 995 2133 990
f 995 1083 1229
f 1043 997 1038
f 1234 1235 951
f 954 1044 1269
f 2112 2243 955
f 1381 949 1085
f 1322 1100 1087
f 1087 1100 956
f 1087 956 1240
f 999 1176 1177
f 1176 2121 1102
f 1084 2114 2215
f 957 1084 2143
f 962 1099 963
f 964 963 1099
f 1188 1049 964
f 1001 1047 1045
f 1001 1086 1002
f 1047 1270 1045
f 1086 1001 1045
f 1270 1086 1045
f 1275 1004 1101
f 1003 2216 1183
f 1102 2121 968
f 1188 1010 1049
f 1188 1241 1010
f 1243 1006 1011
f 1008 1009 1242
f 1241 1242 1009
f 1053 972 1012
f 1018 1054 1052
f 1108 1053 1012
f 1012 1052 1108
f 1054 1108 1052
f 1056 1063 1196
f 2161 1051 2124
f 1057 2124 1051
f 1057 1013 2124
f 1060 1057 1110
f 1058 1059 1013
f 1058 1060 1059
f 1060 1058 1057
f 1059 1015 1013
f 1059 1060 1116
f 1120 1070 1062
f 1121 1023 1070
f 1120 1121 1070
f 1109 1019 1064
f 1019 1109 1063
f 1067 1065 1064
f 1123 1064 1065
f 1125 1065 1067
f 1123 1065 1125
f 1066 1068 974
f 1069 1026 1072
f 1126 1022 1069
f 2176 2138 1022
f 1127 1126 1069
f 1127 1069 1072
f 1120 2138 2176
f 1070 1023 1021
f 1062 1070 1021
f 2138 1021 1022
f 1122 1129 1023
f 1139 1030 2127
f 1031 1073 1136
f 1148 1033 1032
f 2205 1149 1033
f 1127 1072 1128
f 1027 1072 1026
f 1128 1072 1027
f 1214 1128 1027
f 1131 1214 1027
f 2139 1074 1219
f 1074 1150 1219
f 1074 1075 1154
f 1149 1161 2091
f 1077 2118 1076
f 1076 2118 982
f 1078 982 1165
f 1221 983 1077
f 1078 1076 982
f 1170 1036 2130
f 1079 1081 985
f 1079 1163 1081
f 1228 1163 1079
f 1081 1163 1172
f 1165 982 988
f 988 1166 1165
f 1039 1166 988
f 2212 1166 1039
f 1036 1169 2132
f 2132 1169 1168
f 1036 1170 1169
f 1080 987 1171
f 2213 2133 1082
f 996 1081 1172
f 996 1172 1038
f 1229 2141 995
f 2133 995 1082
f 1234 951 950
f 1237 998 949
f 1237 1232 998
f 1238 1237 949
f 1381 1238 949
f 1087 1240 1319
f 1084 2215 1179
f 1090 1180 962
f 1181 1381 1085
f 1181 1085 1002
f 1047 1271 1270
f 1046 1175 1239
f 1182 1046 1239
f 1182 1047 1046
f 1182 1271 1047
f 1272 1044 1183
f 1322 1101 1100
f 2271 1322 1087
f 1084 1179 2143
f 2143 1179 1091
f 1088 874 1092
f 1099 962 1180
f 1090 1088 1092
f 2145 1093 2144
f 2149 1105 1089
f 1091 1179 1094
f 2147 1091 1094
f 1095 1090 1092
f 2146 2148 2150
f 1097 1105 2149
f 2154 1096 1105
f 1179 1187 1094
f 1094 1187 1095
f 1095 2147 1094
f 2155 2150 1098
f 2155 1098 2151
f 2152 2156 1185
f 1099 1188 964
f 2123 1189 1050
f 1186 1102 1005
f 2134 1186 1007
f 1103 1186 2134
f 1103 2153 1186
f 1105 1096 2160
f 2217 1186 2153
f 1105 1104 1089
f 1105 2160 1104
f 2160 1048 1104
f 2157 2087 2221
f 1017 1055 1274
f 1017 1274 1192
f 1110 1057 1051
f 1059 1116 1107
f 1107 1015 1059
f 1195 1119 1015
f 1195 1015 1107
f 1195 1203 1119
f 1194 1278 1116
f 1116 1278 1107
f 2126 1017 1192
f 1196 1063 1197
f 1197 1063 1109
f 1196 1197 1330
f 2136 1110 1111
f 2162 2172 2137
f 1110 1114 1111
f 1113 2163 1114
f 1112 2163 1113
f 2164 2166 1117
f 2167 1124 1123
f 1113 1124 2167
f 2173 2168 1123
f 1115 2172 2162
f 2174 2169 2165
f 1200 1124 1113
f 1114 1110 1394
f 1114 1394 1113
f 1194 1116 2170
f 2175 1118 2171
f 1125 2173 1123
f 2173 1125 1118
f 1201 1068 1066
f 1119 1203 1061
f 1204 1201 1066
f 1249 1121 1120
f 1281 1122 1249
f 1121 1249 1023
f 1249 1122 1023
f 1206 1129 1122
f 1206 1132 1129
f 1200 1109 1064
f 1123 1124 1064
f 1124 1200 1064
f 1067 1202 1247
f 1202 1067 1068
f 1202 1068 1201
f 1205 1126 1127
f 1205 1120 2176
f 1128 1209 1127
f 1130 2180 1071
f 2178 1071 1129
f 2181 2179 2177
f 1134 2180 1130
f 1134 1211 2180
f 2182 2224 1137
f 1133 2179 2181
f 2183 2192 2184
f 1130 2185 1134
f 2192 1138 2184
f 1135 2187 2186
f 2184 1138 2190
f 1138 1219 2190
f 2226 1214 1131
f 1136 1073 1219
f 1031 1218 1024
f 1218 1031 1136
f 2231 1139 2127
f 1218 1136 1137
f 1136 1219 1138
f 1138 2193 1136
f 1030 1147 1032
f 1139 1140 1030
f 1140 1147 1030
f 1141 1140 1139
f 1142 1141 1139
f 1142 1143 1141
f 1140 1141 1143
f 2203 2194 1144
f 1146 1143 1145
f 1143 2197 1140
f 2204 2198 1342
f 1146 1145 1157
f 2201 1160 2195
f 2209 2199 2196
f 1146 1157 1158
f 2210 2202 2208
f 1342 2200 2211
f 1147 1148 1032
f 1343 1149 2205
f 2206 1074 1151
f 1153 1151 1074
f 1155 1152 1153
f 1152 1155 1157
f 1153 1152 1151
f 1153 1074 1154
f 1156 1153 1154
f 2207 1153 1156
f 2207 1156 1159
f 1154 1159 1156
f 1159 1154 1075
f 1158 1157 1155
f 2208 2207 2210
f 2210 2207 1159
f 1258 1161 1149
f 1223 1078 1165
f 1166 1223 1165
f 1264 1170 2130
f 1079 1162 1228
f 1228 1162 1226
f 1162 1080 1226
f 1297 1163 1228
f 1297 1299 1163
f 1164 1172 1163
f 1172 1164 1173
f 1230 1173 1164
f 1163 1299 1164
f 1167 1040 1168
f 2235 1080 1171
f 2141 1229 2214
f 1038 1172 1173
f 1174 1038 1173
f 1174 1043 1038
f 1174 1173 1230
f 1174 1231 1043
f 1229 1043 1231
f 1229 2142 1043
f 1232 1237 1233
f 1232 1234 950
f 2243 2239 955
f 2215 1178 1179
f 1435 1178 2215
f 1178 1180 1187
f 1095 1187 1180
f 1180 1090 1095
f 1180 1178 1435
f 1086 1270 1320
f 1101 1321 1275
f 1321 1101 1322
f 1004 1275 1184
f 1102 1484 1176
f 1186 2217 1242
f 1323 1102 1186
f 1323 1186 1242
f 1178 1187 1179
f 1098 2150 2148
f 1092 874 2158
f 2218 2159 2222
f 1242 2217 1191
f 1243 1011 972
f 1274 1055 2135
f 1189 2246 1050
f 1243 2219 1006
f 1193 1190 2161
f 2161 1190 1051
f 1277 1051 1190
f 1007 1186 1005
f 1245 972 1053
f 1276 1108 1054
f 1326 1192 1274
f 1193 1056 1196
f 1193 1106 1056
f 1196 1330 1327
f 1327 1193 1196
f 1277 1110 1051
f 1203 1195 1279
f 1332 1203 1279
f 1203 1332 1204
f 1054 2126 1192
f 1330 1197 1441
f 1109 1198 1197
f 1198 1109 1200
f 1198 1200 1246
f 1394 1199 1113
f 1199 1200 1113
f 2171 1118 1442
f 1400 2171 1442
f 1118 1125 1247
f 1336 1247 1202
f 1204 1061 1203
f 1204 1066 1061
f 1127 1209 1248
f 1205 1127 1248
f 1120 1205 1249
f 1122 1281 1206
f 1281 1208 1206
f 1250 1208 1281
f 2231 1207 1208
f 1139 2231 1208
f 1208 1142 1139
f 1206 1208 1207
f 1251 1208 1250
f 1067 1247 1125
f 1210 1209 1128
f 1210 1128 1214
f 1210 1214 1216
f 1137 2224 2225
f 2188 1212 2227
f 2191 2228 2189
f 1215 2226 2229
f 2228 2191 1213
f 1213 2190 1219
f 1215 1214 2226
f 2230 2228 1213
f 1213 1219 1220
f 1216 1214 1215
f 1213 1220 2230
f 1215 2232 1217
f 1152 1157 1217
f 2225 1218 1137
f 1219 1150 1220
f 2232 2206 1151
f 1208 1143 1142
f 1143 1208 1251
f 1217 2232 1151
f 1151 1152 1217
f 1143 1251 1339
f 1143 1339 1145
f 1339 1157 1145
f 1256 1342 2211
f 2211 1159 1256
f 1148 1147 1253
f 2205 1253 1343
f 1343 1258 1149
f 1076 1259 1077
f 1077 1259 1221
f 1076 1078 1260
f 984 1221 1261
f 1285 1261 1221
f 1257 1159 1075
f 1161 1263 2140
f 1263 1161 1258
f 1222 1223 1166
f 1224 2233 1166
f 1224 1167 1168
f 1260 1078 1223
f 1261 1037 984
f 1170 1264 1169
f 1225 1264 2130
f 1261 2234 1037
f 1287 2234 1261
f 2248 1264 1225
f 1169 1307 1168
f 1227 2235 1171
f 1228 1226 2263
f 2263 1226 2236
f 2212 1224 1166
f 1265 2214 1229
f 1174 1230 1231
f 1238 1233 1237
f 1232 1266 1234
f 1266 1267 1234
f 1236 1235 1234
f 1236 1234 1267
f 1268 1236 1267
f 1175 1236 1268
f 1181 1320 1381
f 1175 1235 1236
f 1383 1271 1182
f 1318 2239 2243
f 1484 1433 1176
f 1433 1434 1176
f 1177 1176 1434
f 2321 1435 2215
f 1435 1099 1180
f 1086 1181 1002
f 1320 1181 1086
f 1273 1183 2216
f 1275 2245 1184
f 972 1244 1243
f 1244 972 1245
f 1385 2219 1243
f 1245 1325 1244
f 1189 2303 2246
f 1278 1195 1107
f 1280 1245 1053
f 1053 1108 1280
f 1276 1280 1108
f 1200 1199 1246
f 1495 2170 1400
f 1336 1202 1335
f 1202 1201 1335
f 1248 1209 1283
f 1248 1405 1205
f 1253 1147 1252
f 1209 1210 1282
f 1210 1284 1282
f 1254 1284 1210
f 1215 1254 1216
f 1254 1210 1216
f 1254 1255 1338
f 1254 1215 1217
f 1255 1157 1339
f 1255 1217 1157
f 1217 1255 1254
f 1342 1256 1409
f 1256 1159 1257
f 2240 2204 1342
f 1410 1343 1253
f 1345 1263 1258
f 1259 1076 1260
f 1221 1259 1344
f 1259 1348 2286
f 1348 1259 1260
f 1221 1344 1285
f 1261 1262 1287
f 1285 1262 1261
f 1262 1285 1292
f 1262 1292 1286
f 1287 1262 1286
f 1293 2237 1291
f 1293 1297 2237
f 1257 1075 2241
f 1260 1223 1301
f 1223 1222 1301
f 2233 1224 1302
f 2233 1302 2264
f 1303 1224 1168
f 1224 1303 1302
f 1264 1307 1169
f 1306 1307 1264
f 2248 1306 1264
f 1303 1168 1307
f 2242 1227 1171
f 2258 2238 1289
f 1308 1227 2242
f 1314 1230 1164
f 1314 1315 1230
f 1315 1316 1231
f 1230 1315 1231
f 1231 1316 1229
f 1229 1316 1376
f 1317 1233 1238
f 1317 1232 1233
f 1267 1266 1379
f 1232 1317 1266
f 1239 1175 1268
f 1382 1320 1270
f 1269 1044 1272
f 1239 1383 1182
f 1273 1272 1183
f 2341 1102 1323
f 1243 1244 1324
f 1325 1324 1244
f 1387 1390 1190
f 1323 1242 1437
f 1527 1241 1188
f 1245 1280 1325
f 1386 1326 1274
f 1054 1192 1276
f 1193 1387 1190
f 1390 1277 1190
f 1393 1277 1390
f 1110 1277 1393
f 1394 1110 1393
f 1331 1195 1278
f 1279 1195 1331
f 1198 1441 1197
f 1495 1194 2170
f 1335 1204 1332
f 1205 1404 1249
f 1404 1281 1249
f 1333 1250 1281
f 1333 1334 1250
f 1204 1335 1201
f 1405 1248 1283
f 1282 1284 1407
f 1282 1283 1209
f 1334 1251 1250
f 1334 1339 1251
f 1341 1338 1255
f 1341 1255 1339
f 1252 1451 1253
f 1337 1284 1254
f 1338 1337 1254
f 2241 1414 1257
f 2310 1256 1257
f 1258 1343 2287
f 1348 1260 1301
f 1292 1285 1344
f 1286 1292 1290
f 1288 2247 2256
f 1288 2249 2247
f 2249 1288 2253
f 1288 2259 2253
f 1290 1292 1293
f 1290 1293 1291
f 2260 2252 2257
f 1344 1293 1292
f 1295 1294 1293
f 1293 1294 1297
f 1296 1295 1293
f 1295 1298 1294
f 1294 1298 1297
f 1413 1293 1344
f 1413 1296 1293
f 1355 1298 1295
f 1357 1299 1297
f 1297 1298 1355
f 1357 1297 1355
f 1300 1164 1299
f 1164 1300 1314
f 1347 1346 2264
f 1302 1347 2264
f 1302 1303 1304
f 1307 1304 1303
f 1307 1309 1304
f 1304 1305 1302
f 1305 1304 1309
f 1418 1302 1305
f 1305 1309 1312
f 1305 1312 1358
f 1227 1308 2254
f 2267 2250 2255
f 2268 2265 2251
f 2266 2269 1309
f 1306 2270 1307
f 1310 1309 2269
f 1310 2269 1311
f 1309 1310 1312
f 1310 1311 1312
f 1312 1311 1313
f 1311 2269 1265
f 1313 1311 1265
f 1313 1265 1229
f 1377 1375 1315
f 1314 1377 1315
f 1315 1375 1316
f 1317 1379 1266
f 1378 1317 1238
f 1378 1238 1381
f 1267 1380 1268
f 1268 2300 1239
f 2300 1383 1239
f 1240 1318 1319
f 1318 1424 1319
f 1436 1188 2322
f 1270 1271 2301
f 2301 1271 1383
f 1384 1269 1272
f 1272 1273 2302
f 1525 2302 1273
f 2356 2245 1427
f 1427 2245 1275
f 2322 1188 1099
f 1188 2323 1527
f 1242 1241 1438
f 1527 1438 1241
f 1324 1385 1243
f 2246 2303 1388
f 1274 1388 1386
f 1276 1192 1329
f 2282 2223 2272
f 1387 1193 1327
f 2275 1386 1387
f 2273 2304 2276
f 1329 2277 1328
f 2274 2278 2283
f 1387 1386 1389
f 2279 2284 2280
f 1395 1276 1329
f 1328 1397 1329
f 1397 2281 2285
f 1395 1329 1397
f 1496 1331 1278
f 1331 1531 1279
f 1531 1399 1279
f 1246 1398 1198
f 1398 1246 1494
f 1398 1441 1198
f 1199 1494 1246
f 1279 1399 1332
f 2305 1402 1332
f 1402 1335 1332
f 1404 1205 1405
f 1281 1498 1333
f 1333 1546 1334
f 1401 1118 1247
f 1401 1247 1336
f 1335 1444 1336
f 2309 1405 1283
f 1283 1282 2309
f 1499 1284 1337
f 1445 1407 1284
f 2325 1284 1499
f 1340 1341 1339
f 1340 1338 1341
f 1342 1409 1408
f 2240 1342 1408
f 2286 1348 1412
f 1263 1345 2311
f 1348 1301 1346
f 1416 1348 1346
f 1413 1419 1296
f 1349 1296 1419
f 1362 1349 1359
f 1354 1457 1353
f 1350 1355 1295
f 1349 1351 1296
f 1351 2261 1296
f 1355 1350 1353
f 2288 1352 2262
f 1350 1295 2290
f 1353 1350 1354
f 1350 2290 1354
f 1349 1362 1351
f 1351 1362 1363
f 2291 2294 1367
f 2289 2294 2291
f 1354 2292 1369
f 2299 2293 2297
f 1357 1510 1299
f 1457 1355 1353
f 1458 1357 1355
f 1510 1356 1300
f 1510 1300 1299
f 1374 1356 1467
f 1300 1377 1314
f 1300 1356 1377
f 1347 1302 1418
f 1358 1418 1305
f 1358 1364 1359
f 1359 1364 1362
f 1360 1312 1361
f 1312 1360 1358
f 1361 1312 1313
f 1364 1360 1365
f 1358 1360 1364
f 1360 1366 1365
f 1361 1366 1360
f 1362 1364 2295
f 2295 1364 1365
f 2298 2296 1366
f 2296 1365 1366
f 1366 1361 1368
f 1368 1361 1313
f 1368 1313 1373
f 2298 1370 1369
f 1366 1370 2298
f 1370 1366 1368
f 1368 1371 1370
f 1368 1373 1372
f 1354 1369 1371
f 1369 1370 1371
f 1371 1368 1372
f 1356 1374 1377
f 1373 1313 1229
f 1229 1376 1373
f 1316 1375 1376
f 1377 1374 1375
f 1379 1317 1378
f 1380 1267 1379
f 1473 2300 1474
f 1477 1318 2243
f 1472 1378 1381
f 1473 1383 2300
f 1423 1269 1384
f 1430 1322 2271
f 1322 1430 1429
f 1319 1424 1428
f 1324 1492 1385
f 1429 1321 1322
f 2313 1275 1321
f 2314 2313 1321
f 1438 1437 1242
f 1486 2341 1323
f 1528 1324 1325
f 1391 1388 2303
f 1325 1280 1439
f 1391 1386 1388
f 1389 1386 1391
f 1387 1389 1390
f 1391 1392 1389
f 1392 1390 1389
f 1392 1391 1530
f 1530 1390 1392
f 1390 1530 1393
f 2324 1280 1276
f 1397 1396 1395
f 1276 1395 1440
f 1440 1395 1396
f 1441 1440 1396
f 1397 2285 1396
f 2285 1441 1396
f 1194 1495 1278
f 1495 2349 1278
f 1531 1532 1399
f 1444 1335 2306
f 2309 1403 1405
f 1404 1498 1281
f 1404 2308 1498
f 2308 1404 1405
f 1450 1406 1408
f 1406 1451 1252
f 1253 1451 1410
f 1499 1337 1338
f 1340 1448 1338
f 1338 1448 1499
f 1448 1340 1339
f 2240 1408 1406
f 1411 1343 1410
f 2287 1343 1411
f 2287 1411 1453
f 1412 1454 1455
f 1348 1415 1412
f 1454 1412 1415
f 1455 2286 1412
f 1413 1507 1419
f 1457 1458 1355
f 1457 1509 1458
f 1452 2310 1257
f 2327 1257 1414
f 1585 2327 1414
f 2311 1345 2328
f 1416 1461 1415
f 1416 1415 1348
f 1416 1346 1417
f 1346 1347 1417
f 1347 1462 1417
f 1462 1347 1418
f 1462 1459 1417
f 1459 1416 1417
f 1358 1359 1420
f 1349 1419 2312
f 1420 1418 1358
f 1349 2312 1359
f 1354 1466 1457
f 1354 1371 1466
f 1458 1510 1357
f 1510 1467 1356
f 1467 1517 1374
f 1466 1371 1468
f 1421 1372 1373
f 1468 1371 1372
f 1376 1421 1373
f 1517 1516 1375
f 1516 1376 1375
f 1374 1517 1375
f 1379 1378 1422
f 1470 1380 1379
f 1472 1471 1378
f 1422 1378 1471
f 1469 1470 1379
f 1422 1469 1379
f 1474 1380 1470
f 1423 2336 2244
f 1425 1428 1424
f 1318 1477 1424
f 1425 1475 1428
f 1425 1424 1477
f 1482 2301 1383
f 1320 1382 1521
f 2301 1482 2355
f 1381 1320 2331
f 1521 1472 1320
f 1426 1383 1473
f 1383 1426 1482
f 1485 2356 1427
f 1522 1482 1426
f 2357 1423 1384
f 1428 1430 2271
f 1431 1429 1430
f 1475 1430 1428
f 2344 2313 2314
f 1431 1430 1475
f 1483 1429 1431
f 1432 2320 2342
f 2316 1431 1475
f 2317 2339 2315
f 1476 1434 1433
f 2317 2343 2339
f 1479 1435 2321
f 1480 1435 1479
f 2322 2338 1436
f 2338 1490 1436
f 1489 1486 1323
f 1490 1527 2323
f 1491 1324 1528
f 1492 1391 2303
f 1526 1438 1527
f 1437 1489 1323
f 1437 1526 1489
f 1438 1526 1437
f 1325 1439 1528
f 1440 2324 1276
f 1574 1440 1441
f 1492 1530 1391
f 1493 1394 1393
f 2346 1199 1394
f 2347 1199 2346
f 1497 1331 1496
f 1531 1331 1497
f 1535 1498 2308
f 2306 1542 1444
f 1336 1443 1401
f 1444 1443 1336
f 1536 1443 1444
f 1446 1407 1445
f 2367 2309 2326
f 1403 2309 2367
f 1446 1445 1543
f 1447 1334 1546
f 1339 1334 1447
f 1448 1339 1447
f 1451 1406 1501
f 1450 1449 1406
f 1406 1449 1501
f 1503 1411 1410
f 1410 1451 1503
f 1504 1408 1409
f 1553 2327 1585
f 2328 2415 2311
f 1453 1411 1503
f 2329 1506 1413
f 1506 1456 1413
f 1454 1505 1455
f 2351 1506 2329
f 1344 2329 1413
f 1457 1508 2353
f 1466 1513 1508
f 2354 1510 1458
f 1415 1461 1454
f 1461 1416 1459
f 1462 1418 1463
f 1459 1462 1460
f 1460 1462 1463
f 1464 1418 1420
f 1463 1418 1464
f 1419 1465 2312
f 1465 1464 2312
f 1419 1507 1465
f 1466 1508 1457
f 1513 1468 1515
f 1515 1468 1514
f 1513 1466 1468
f 1514 1421 1376
f 1514 1468 1372
f 1556 1467 1510
f 1514 1372 1421
f 1469 1422 1518
f 1471 1520 1561
f 1518 1471 1561
f 1469 1519 1470
f 1559 1519 1469
f 1559 1469 1518
f 1519 1474 1470
f 1472 1520 1471
f 1518 1422 1471
f 1522 1426 1473
f 1522 2355 1482
f 1478 1425 1477
f 2337 1475 1425
f 2318 2332 2334
f 1478 2335 2333
f 1479 2321 2335
f 1479 2335 1478
f 2338 1523 1490
f 1481 1480 1479
f 1481 1479 1478
f 1523 1480 1481
f 1521 1645 1472
f 2344 2314 2340
f 2340 2341 1488
f 2319 1476 1433
f 2344 2340 1488
f 1488 2341 1487
f 1487 2341 1486
f 2356 1485 1488
f 1489 1487 1486
f 1488 1487 1489
f 1488 1489 1526
f 1492 1324 2345
f 1530 1492 1572
f 1493 1393 1530
f 1529 2324 1440
f 1440 1574 1529
f 1398 1574 1441
f 1494 1594 1398
f 1531 1497 1597
f 2305 2359 1402
f 1540 1542 2306
f 2306 1539 1540
f 1446 1543 1541
f 1498 1546 1333
f 1546 1498 1545
f 1401 1577 1118
f 1577 1401 1443
f 1577 1443 1536
f 1444 1542 1536
f 1623 2325 1499
f 1550 1448 1447
f 1450 1408 1500
f 1450 1500 1502
f 1504 1500 1408
f 1450 1502 1449
f 1502 1549 1449
f 1549 1501 1449
f 1451 1501 1549
f 2351 1578 1506
f 1506 1578 1456
f 2350 2310 1553
f 1553 2310 1452
f 1461 2352 1454
f 1552 2352 1461
f 2330 1507 1413
f 1507 1511 1465
f 1460 1461 1459
f 1465 1511 1464
f 1464 1512 1463
f 1512 1464 1511
f 1463 1512 1460
f 1604 1515 1557
f 1376 1516 1514
f 1558 1467 1556
f 1557 1515 1514
f 1558 1516 1517
f 1516 1557 1514
f 1517 1467 1558
f 1518 1561 1559
f 1560 1520 1472
f 1560 1561 1520
f 1474 1591 1473
f 2357 1568 1423
f 1526 2407 2356
f 1563 1522 1473
f 1568 1564 1423
f 1478 1567 1481
f 1481 2406 1523
f 1569 1490 1523
f 1527 1490 1569
f 1569 1523 2406
f 1569 1524 1527
f 1570 1491 1528
f 1572 1492 1571
f 2409 1571 1492
f 1492 2345 2409
f 2356 1488 1526
f 1526 1527 1524
f 1528 1439 2358
f 1493 1530 1572
f 1573 2347 2346
f 1596 1595 1495
f 1595 2349 1495
f 2420 2349 1595
f 1597 1497 1496
f 1598 1495 1400
f 1598 1596 1495
f 2359 1533 1402
f 2361 2360 2368
f 1575 1532 1531
f 1535 1532 1575
f 1538 1537 2362
f 2363 1534 2373
f 1575 1576 1535
f 1498 1535 1576
f 1498 1576 1545
f 2369 2365 2364
f 1442 1118 1577
f 1542 1544 1536
f 1623 1536 1544
f 2374 2382 2377
f 1402 1533 2370
f 2371 2378 2307
f 2375 2379 2372
f 2380 2377 2382
f 2386 2388 2383
f 2384 2389 2381
f 1542 1540 2390
f 1623 1544 2387
f 2326 2366 2367
f 2366 2326 2376
f 2376 2326 2385
f 1614 1550 1447
f 1546 1545 2427
f 1546 1614 1447
f 1548 1547 1502
f 1502 1500 1548
f 1500 1504 1548
f 1502 2391 1549
f 2391 1655 1549
f 1599 1451 1549
f 2435 1543 1445
f 1499 1448 2392
f 2350 1553 1625
f 1553 1585 1580
f 1503 1451 1599
f 1453 1503 1551
f 2330 1579 1507
f 1456 1578 2411
f 1582 2353 1583
f 1584 1510 2414
f 2414 1510 2354
f 1453 1551 2416
f 2416 1551 1636
f 1586 1461 1460
f 1555 2417 1460
f 1511 1507 1554
f 1512 1555 1460
f 1512 1587 1555
f 1554 1587 1511
f 1587 1512 1511
f 2353 1508 1583
f 1583 1508 1513
f 1588 1558 1556
f 1516 1558 1588
f 1603 1513 1515
f 1603 1515 1604
f 1588 1557 1516
f 1557 1588 1604
f 1605 1519 1559
f 1472 1645 1560
f 1589 1561 1560
f 1519 1605 1474
f 1605 1591 1474
f 1562 1563 1473
f 2395 2393 2399
f 1566 1562 1473
f 2404 2400 2394
f 2396 2401 2408
f 1592 1423 1565
f 1423 1592 2336
f 1564 1565 1423
f 2402 2405 2403
f 1478 1477 2418
f 2405 2418 2403
f 1566 1473 1591
f 1607 1478 2418
f 1607 1567 1478
f 1607 1569 2406
f 1522 2397 2463
f 1522 2463 2355
f 1608 1524 1569
f 1608 1609 1524
f 1609 1526 1524
f 1493 1572 2410
f 1528 2358 1610
f 1611 1610 1529
f 1574 1611 1529
f 1594 1574 1398
f 1575 1531 1597
f 1597 1576 1575
f 2427 1545 1576
f 1548 1617 1547
f 1655 2391 2428
f 1577 1536 1623
f 1499 1624 1623
f 1499 2392 2436
f 1620 1549 1655
f 1620 1599 1549
f 1621 1578 1552
f 1621 1552 1622
f 1552 1578 2351
f 2411 1578 1678
f 1503 1630 1551
f 1630 1636 1551
f 1581 1461 1633
f 1637 1461 1586
f 1461 1637 1633
f 1622 1552 1581
f 1552 1461 1581
f 1554 1507 2412
f 2412 1745 1554
f 1658 1556 1641
f 1584 1556 1510
f 1584 1641 1556
f 1602 2417 1555
f 1587 1602 1555
f 1745 1587 1554
f 1587 2530 1602
f 1556 1658 1588
f 1560 1593 1589
f 1605 1559 1590
f 1590 1559 1561
f 1590 1561 1589
f 1644 1589 1593
f 1605 2418 1591
f 1664 1607 2418
f 1560 1645 2419
f 2464 2398 2407
f 2464 2407 1526
f 2418 2405 1591
f 2424 1569 1607
f 1666 1570 1528
f 1666 1571 2409
f 1572 1571 1666
f 1526 2425 1670
f 1610 1650 1528
f 1612 2347 1573
f 2348 1612 1594
f 1594 1611 1574
f 1613 1595 1596
f 1576 1597 2427
f 1442 1577 1616
f 1615 1598 1400
f 1615 1400 1442
f 1613 1596 1598
f 1615 1442 1616
f 1616 1577 1623
f 1599 1618 1628
f 2429 1504 1625
f 1626 1553 1580
f 1622 1581 1638
f 1503 1599 1628
f 1581 1632 1638
f 1621 1678 1578
f 1601 1685 1600
f 1601 1600 1582
f 1582 1583 1601
f 1637 1586 1657
f 2474 1602 1710
f 1710 1602 2530
f 1583 1513 2422
f 1584 2414 2421
f 2421 1641 1584
f 2474 2417 1602
f 1588 1687 1604
f 1643 1605 1590
f 1589 1606 1590
f 1644 1606 1589
f 1642 1606 1644
f 2419 1645 2462
f 1664 2418 1605
f 1646 1607 1665
f 1646 2424 1607
f 1665 1607 1664
f 1647 1608 1646
f 1666 1689 1669
f 1647 1609 1608
f 1674 1650 1610
f 1670 2425 1672
f 2478 1609 1647
f 1666 1528 1648
f 1648 1528 1650
f 1572 1666 1669
f 2410 1572 1669
f 1611 1674 1610
f 1594 1612 1694
f 1675 2420 1595
f 1613 1675 1595
f 2427 1597 2484
f 1696 1598 1615
f 1697 1615 1616
f 1697 1696 1615
f 1623 1624 1680
f 1548 1504 2429
f 1620 2430 1599
f 1629 1628 1618
f 1619 1621 1622
f 2438 2431 2432
f 2439 1622 1638
f 2439 2433 1622
f 2430 1620 1621
f 2434 2430 1621
f 1620 1655 1621
f 1678 1621 1655
f 2436 2392 1676
f 1682 1625 1626
f 1627 1626 1580
f 1580 1585 1627
f 1553 1626 1625
f 2440 1631 2437
f 2444 1503 1628
f 1638 1632 2441
f 2445 2441 1632
f 1503 2444 1630
f 1581 1633 1632
f 2449 2457 2442
f 1627 1585 2458
f 1634 2446 2448
f 2452 1635 2447
f 2444 2455 1630
f 2450 2460 2459
f 2456 2451 2443
f 2456 2453 2451
f 1632 1633 2454
f 2458 2461 2474
f 1627 2458 2474
f 1656 1685 1601
f 2422 2423 1656
f 1656 2423 1684
f 1639 1641 2421
f 1640 1658 1641
f 1641 1639 1640
f 1686 1639 2421
f 2423 2422 1513
f 1659 1603 1604
f 1687 1659 1604
f 1643 1590 1642
f 1605 1688 1664
f 1661 1642 1644
f 1643 1662 1660
f 1605 1643 1660
f 1643 1642 1662
f 1662 1642 1661
f 1642 1590 1606
f 1651 1647 1646
f 1671 1651 1646
f 1652 1666 1648
f 2467 1653 2466
f 1647 1651 2468
f 2469 2478 1647
f 1649 2470 1652
f 1648 1649 1652
f 1673 2471 2465
f 1648 2480 1649
f 1650 2480 1648
f 2477 2467 2466
f 2479 2472 2481
f 1670 2464 1526
f 1694 1693 1594
f 1613 1598 2493
f 1676 1550 1614
f 1699 1676 1614
f 1655 2428 1654
f 1623 1680 1616
f 1680 1697 1616
f 2436 1676 2487
f 2429 1681 2473
f 1681 1677 2473
f 2429 1625 1681
f 1625 1682 1681
f 1710 1683 1627
f 2489 1686 2421
f 1682 1626 1683
f 1627 1683 1626
f 1627 2474 1710
f 2488 1603 1659
f 1639 1686 1640
f 1659 1687 1702
f 1658 2490 1588
f 1660 1688 1605
f 1663 2475 2462
f 1645 1663 2462
f 1670 1663 2464
f 1665 1671 1646
f 1667 2477 1665
f 2476 1666 1652
f 2477 1667 2467
f 1664 1667 1665
f 1664 1668 1667
f 1668 1666 2476
f 1668 1689 1666
f 1664 1689 1668
f 1690 1669 1689
f 1670 1692 1663
f 1692 2482 1650
f 1650 1674 1692
f 2483 1670 1672
f 1670 2483 1692
f 1693 1674 1611
f 1693 1692 1674
f 1594 1693 1611
f 1695 1727 1655
f 1727 1678 1655
f 1698 2487 1676
f 1680 2494 1697
f 2473 1677 2492
f 1655 1654 1695
f 2485 1679 2413
f 1677 1681 1700
f 1700 1681 1682
f 2495 1682 1683
f 2486 1745 2412
f 1701 1685 1656
f 1703 1640 1686
f 1704 2490 1658
f 1640 1704 1658
f 1704 2497 2490
f 1662 1705 1660
f 1705 1662 1717
f 1688 1689 1664
f 1706 1689 1688
f 1707 1689 1706
f 1707 1690 1689
f 1662 1661 1717
f 1709 1663 1692
f 1669 1690 2410
f 1691 1573 2491
f 1573 1691 1612
f 1721 1612 1691
f 1693 1709 1692
f 1693 1694 1709
f 2427 2484 1731
f 1725 1613 2493
f 1734 1727 1695
f 2508 2492 1736
f 1698 1676 1699
f 2486 1762 1745
f 1750 1762 2486
f 2485 2535 1679
f 1701 1656 1711
f 2489 2496 1712
f 2489 1712 1686
f 1746 2488 1659
f 1684 2532 1656
f 1703 1704 1640
f 1705 1714 1688
f 1705 1688 1660
f 1718 1717 1661
f 2500 2475 1663
f 1719 2500 1663
f 1708 1706 1688
f 1715 1708 1688
f 1707 1706 1708
f 1716 1707 1708
f 1707 1716 1720
f 1707 1720 2491
f 1721 1691 2491
f 1719 1663 1709
f 1694 1721 1723
f 1721 1694 1612
f 2502 1724 2426
f 2426 1724 2484
f 1730 1699 1614
f 1724 1731 2484
f 1732 1614 2506
f 1732 1730 1614
f 1697 1728 1729
f 1725 2493 2503
f 1729 1696 1697
f 1698 1699 1730
f 1677 1736 2492
f 1678 1727 2536
f 1711 1751 1701
f 2496 1758 1712
f 2499 1759 1713
f 2499 2541 1759
f 1759 1704 1713
f 1683 1710 2495
f 2499 1713 1686
f 1713 1703 1686
f 1713 1704 1703
f 1711 1656 2532
f 1747 2497 1704
f 1702 1746 1659
f 1705 1748 1714
f 1705 1717 1748
f 1714 1715 1688
f 1802 1715 1714
f 1802 1714 1748
f 1715 1716 1708
f 1716 1715 1802
f 1749 1709 1723
f 1720 1721 2491
f 1721 1722 1723
f 1790 1721 1720
f 1723 1709 1694
f 1737 1724 1726
f 1724 2502 1794
f 1737 1731 1724
f 1794 1726 1724
f 1794 1727 1726
f 1728 1755 1729
f 1755 1728 2504
f 1756 2504 1742
f 2506 1737 1733
f 1740 1730 1732
f 1735 2506 1733
f 2510 1740 1732
f 1735 1732 2506
f 1738 1727 1734
f 2511 1738 1734
f 2512 2509 2516
f 1738 1733 1726
f 1733 1737 1726
f 2513 2507 2518
f 2522 2514 1739
f 2517 2519 2515
f 1736 1741 2520
f 1741 1736 1677
f 1727 1738 1726
f 2521 2525 2523
f 2526 2505 2524
f 2505 2526 2527
f 1741 1744 2528
f 2538 2529 1760
f 2529 1744 1760
f 2496 2537 1758
f 2504 1697 2494
f 1697 2504 1728
f 1677 1700 1744
f 1743 1744 1700
f 1761 1743 1700
f 1677 1744 1741
f 1745 1762 1765
f 1782 2495 1710
f 2530 1782 1710
f 1711 2532 1751
f 1746 1772 1766
f 1702 1772 1746
f 1787 1748 1717
f 1802 1789 1716
f 1720 1716 1789
f 1774 1717 1718
f 2500 1719 1792
f 1749 1719 1709
f 1723 1722 1749
f 1793 1722 1790
f 1722 1721 1790
f 1789 1790 1720
f 2537 1778 1758
f 1752 2536 1727
f 1757 2536 1752
f 2539 1754 2537
f 1727 1794 1752
f 1753 1778 1754
f 1754 1778 2537
f 1778 1779 1758
f 1753 1757 1752
f 1753 1754 2539
f 1781 2541 1779
f 1755 2504 1756
f 1725 2503 1806
f 1755 1756 1729
f 1756 1760 1761
f 2536 1757 2542
f 1768 1763 2540
f 2533 2554 2539
f 2539 2537 2533
f 2533 1769 2554
f 2541 1781 1759
f 1744 1743 1760
f 1782 1761 2495
f 1760 1743 1761
f 1782 2530 1767
f 2543 2542 1757
f 1769 1764 2554
f 2544 1765 1762
f 2547 1769 2551
f 2548 2553 2531
f 2547 2545 2555
f 2553 2548 1783
f 2549 2546 2552
f 2547 2551 2545
f 2558 2550 1766
f 2558 1766 1784
f 1782 1767 2558
f 2533 2551 1769
f 1771 1784 1766
f 1771 1766 1772
f 1785 2556 2557
f 1770 1785 1747
f 2534 1785 2557
f 1785 1784 2556
f 1770 1747 1704
f 1759 1770 1704
f 2498 2534 2557
f 1748 1787 1773
f 1786 1787 1717
f 1786 1717 1774
f 1773 1802 1748
f 1749 1793 1775
f 1749 1792 1719
f 1722 1793 1749
f 1780 1794 1776
f 1777 1752 1794
f 1777 1778 1753
f 1753 1752 1777
f 1780 1779 1778
f 1777 1794 1780
f 1778 1777 1780
f 1781 1779 1798
f 1798 1779 1780
f 1780 1776 1798
f 1799 1781 1798
f 1729 1756 1806
f 1800 1782 2558
f 1811 1770 1799
f 1799 1759 1781
f 1759 1799 1770
f 1785 1800 1784
f 1785 1811 1800
f 1800 2558 1784
f 1770 1811 1785
f 1788 1786 1774
f 1788 1774 1791
f 1787 1801 1773
f 1838 1793 1790
f 1839 1838 1790
f 1791 1774 2501
f 1792 1791 2500
f 1749 1775 1792
f 2502 1808 1794
f 1795 1776 1794
f 1795 1798 1776
f 1795 1796 1798
f 1756 1761 1797
f 1756 1797 1806
f 1782 1800 1797
f 1798 1796 1799
f 1796 1812 1799
f 1782 1797 1761
f 1810 1800 1811
f 1773 1801 1813
f 1801 1824 1814
f 1814 1813 1801
f 1802 1803 1789
f 1773 1803 1802
f 1789 1820 1790
f 1819 1789 1803
f 1820 1789 1819
f 1820 1839 1790
f 1786 1788 1804
f 1828 1791 1792
f 1824 1801 1804
f 1826 1804 1788
f 1826 1788 1791
f 1828 1826 1791
f 1825 1824 1804
f 1826 1825 1804
f 1804 1787 1786
f 1801 1787 1804
f 1828 1792 1830
f 1830 1792 1775
f 1794 1842 1805
f 1794 1808 1842
f 1808 1725 1807
f 1725 1806 1807
f 1843 1842 1808
f 1808 1807 1843
f 1805 1795 1794
f 1850 1796 1795
f 1805 1850 1795
f 2559 1855 1796
f 1855 1812 1796
f 1812 1809 1799
f 1852 1806 1797
f 1810 1875 1797
f 1875 1852 1797
f 1809 1811 1799
f 1811 1809 1810
f 1800 1810 1797
f 1813 1818 1773
f 1803 1773 1818
f 1814 1831 1816
f 1813 1814 1816
f 1814 1824 1831
f 1813 1815 1818
f 1815 1822 1818
f 1813 1816 1815
f 1815 1817 1822
f 1817 1823 1822
f 1815 1816 1817
f 1831 1834 1816
f 1836 1823 1817
f 1834 1817 1816
f 1817 1834 1836
f 1818 1819 1803
f 1818 1822 1819
f 1819 1822 1821
f 1820 1819 1821
f 1820 1821 1839
f 1823 1821 1822
f 1821 1823 1839
f 1827 1824 1825
f 1825 1826 1827
f 1826 1829 1827
f 1828 1829 1826
f 1831 1824 1827
f 1830 1775 1832
f 1793 1832 1775
f 1835 1831 1827
f 1829 1828 1833
f 1828 1830 1833
f 1831 1835 1834
f 1827 1829 1835
f 1835 1829 1833
f 1835 1836 1834
f 1835 1833 1837
f 1837 1833 1832
f 1832 1833 1830
f 1836 1837 1841
f 1836 1835 1837
f 1841 1837 1840
f 1840 1837 1832
f 1840 1838 1839
f 1840 1832 1838
f 1838 1832 1793
f 1841 1839 1823
f 1840 1839 1841
f 1836 1841 1823
f 1845 1843 1807
f 1856 1844 1843
f 1843 1844 1842
f 1844 1848 1842
f 1844 1867 1848
f 1856 1857 1844
f 1844 1857 1867
f 1845 1856 1843
f 1846 1850 1805
f 1842 1846 1805
f 1847 1850 1846
f 1842 1848 1846
f 1848 1849 1846
f 1846 1849 1847
f 1867 1868 1848
f 1848 1868 1849
f 1849 1869 1847
f 1869 1871 1847
f 1847 1855 2559
f 1847 1871 1855
f 1851 1807 1806
f 1845 1807 1853
f 1853 1807 1851
f 1806 1852 1854
f 1873 1851 1854
f 1854 1851 1806
f 1874 1854 1852
f 1853 1851 1873
f 1874 1873 1854
f 1878 1874 1852
f 1876 1845 1853
f 1876 1853 1873
f 1875 1878 1852
f 1810 1809 1887
f 1887 1809 1812
f 1855 1887 1812
f 1887 1855 1871
f 1856 1860 1859
f 1856 1859 1857
f 1856 1845 1861
f 1860 1856 1861
f 1861 1845 1876
f 1857 1858 1867
f 1857 1859 1858
f 1880 1861 1876
f 1860 1863 1859
f 1859 1862 1858
f 1861 1865 1860
f 1860 1865 1863
f 1865 1861 1880
f 1862 1859 1863
f 1864 1858 1862
f 1865 1866 1863
f 1865 1880 1884
f 1865 1884 1866
f 1862 1863 1866
f 1864 1862 1866
f 1885 1864 1866
f 1884 1886 1866
f 1866 1886 1885
f 1869 1849 1868
f 1858 1868 1867
f 1868 1870 1869
f 1864 1870 1868
f 1864 1868 1858
f 1872 1870 1864
f 1869 1870 1871
f 1871 1870 1872
f 1888 1871 1872
f 1872 1864 1885
f 1888 1872 1885
f 1877 1876 1873
f 1874 1877 1873
f 1877 1880 1876
f 1877 1874 1878
f 1875 1879 1878
f 1810 1879 1875
f 1881 1880 1877
f 1881 1877 1878
f 1880 1881 1884
f 1884 1881 1882
f 1878 1879 1881
f 1881 1879 2560
f 1810 1883 1879
f 1885 1886 1883
f 1884 1882 1886
f 1886 2560 1883
f 1879 1883 2560
f 1887 1871 1888
f 1887 1888 1883
f 1883 1810 1887
f 1885 1883 1888
