o FMA9531_BP9267_FJ2438
v -21.0364 -93.9616 1238.8
v -21.0107 -93.8707 1239.19
v -21.0391 -94.5043 1245.41
v -21.2668 -93.9017 1247.3
v -22.2566 -91.4404 1234.1
v -21.8405 -92.445 1234
v -21.8124 -91.7537 1233.62
v -21.2166 -93.302 1234.17
v -21.1811 -92.6571 1233.76
v -21.5786 -92.3655 1236.65
v -21.8325 -91.7752 1236.25
v -21.6991 -91.4552 1236.67
v -21.4637 -93.5253 1235.01
v -21.2911 -92.3288 1237.14
v -21.2487 -91.4756 1236.86
v -21.2679 -93.0319 1237.38
v -21.655 -92.1728 1245.73
v -21.4172 -92.0867 1245.36
v -21.2519 -93.5883 1245.7
v -21.6662 -91.9202 1247.77
v -21.8659 -91.3564 1247.4
v -22.5373 -89.9678 1234.02
v -22.6273 -89.8573 1234.84
v -22.183 -91.1055 1233.7
v -22.4404 -89.0865 1234.17
v -22.1437 -90.1529 1233.69
v -21.8439 -91.1261 1233.53
v -21.4814 -89.6507 1233.59
v -22.2362 -90.561 1236.06
v -22.3891 -89.6672 1236.61
v -22.1694 -89.6445 1236.92
v -21.7253 -90.3085 1236.66
v -21.5447 -89.6616 1237
v -22.2196 -89.0615 1237.6
v -22.4803 -88.8206 1237.54
v -22.1992 -88.8626 1238.2
v -22.0533 -88.8151 1239.17
v -21.7297 -89.2137 1237.55
v -21.7985 -88.9641 1238.2
v -21.8113 -89.3762 1242.02
v -21.4178 -90.2764 1243.85
v -21.9255 -91.1996 1245.39
v -22.1549 -90.1955 1244.41
v -21.5645 -91.1374 1244.88
v -22.3246 -89.4017 1246.83
v -22.038 -90.2802 1247.47
v -21.847 -89.6824 1247.48
v -21.7272 -89.0234 1247.01
v -21.576 -91.1483 1247.93
v -21.1374 -90.5907 1247.86
v -21.2052 -89.3812 1247.32
v -21.1585 -86.6522 1222.15
v -21.117 -86.636 1223.77
v -22.4386 -88.4042 1234.59
v -21.7426 -88.726 1234.05
v -21.4724 -87.8303 1234.61
v -22.7574 -88.4878 1235
v -22.4215 -87.5588 1235.49
v -21.8141 -86.749 1236.4
v -21.2365 -87.0504 1235.43
v -22.7806 -86.9915 1237.24
v -22.8801 -87.1269 1238.68
v -22.5105 -88.4481 1239.02
v -22.7687 -86.6641 1238.78
v -22.4585 -86.4873 1238.14
v -22.4557 -86.4002 1239.12
v -22.7486 -86.666 1240.54
v -22.4772 -86.6806 1241.86
v -22.8465 -87.3395 1242.86
v -22.5362 -88.7699 1242.18
v -22.4788 -87.2109 1243.8
v -22.0914 -87.2628 1244.17
v -22.142 -86.9245 1243.18
v -22.5394 -88.9634 1244.87
v -22.5324 -88.7316 1245.95
v -22.6787 -88.1525 1245.04
v -22.4685 -88.5098 1245.99
v -22.3092 -88.7838 1246.57
v -22.4854 -88.1211 1245.67
v -22.4705 -87.7115 1245
v -22.0881 -88.1702 1245.94
v -21.8604 -87.5176 1244.83
v -21.2593 -84.5376 1215.39
v -21.3019 -85.1542 1216.64
v -21.4005 -85.1732 1217.53
v -21.5062 -84.4826 1216.01
v -21.3505 -86.2444 1221.99
v -21.5555 -84.6044 1220.8
v -21.2289 -86.3251 1220.45
v -21.4794 -85.1593 1223.75
v -21.3775 -84.8113 1223.56
v -21.4172 -84.7984 1224.38
v -21.4934 -84.8215 1225
v -21.3014 -84.2691 1225
v -21.3591 -85.7155 1225.66
v -21.3663 -85.4027 1226.75
v -21.5123 -84.5159 1227.36
v -21.5764 -84.1672 1225.97
v -21.2852 -84.853 1227.62
v -21.4781 -86.1579 1238.25
v -21.7229 -86.2665 1240.75
v -21.7085 -83.0514 1214.65
v -21.759 -82.6682 1214.47
v -21.8216 -82.0946 1214.21
v -21.5598 -83.4583 1214.54
v -21.5927 -82.9142 1214.2
v -21.5715 -82.049 1213.92
v -21.2656 -83.6969 1214.52
v -21.0654 -83.0794 1214.2
v -21.0255 -82.204 1213.98
v -21.755 -82.119 1216.59
v -21.5572 -82.1129 1216.97
v -21.2194 -81.929 1216.98
v -21.578 -83.5914 1218.32
v -21.2266 -83.9418 1220.29
v -21.6627 -83.3537 1226.18
v -21.7705 -82.1537 1226.48
v -21.5105 -83.9395 1225.58
v -21.2321 -82.9773 1225.87
v -21.2436 -82.1637 1226.06
v -21.6605 -83.329 1227.89
v -21.5122 -83.9968 1227.95
v -21.5817 -82.6501 1228.38
v -21.2694 -83.4069 1228.32
v -21.1834 -82.2844 1228.56
v -21.9399 -81.0964 1214.91
v -21.9863 -80.453 1214.19
v -22.0841 -79.7661 1214.52
v -21.89 -79.7537 1214.14
v -21.5755 -80.6521 1213.95
v -21.5852 -79.9995 1214.08
v -20.8783 -81.2856 1214.04
v -21.965 -80.3028 1216.19
v -22.0665 -79.3401 1216.55
v -21.8194 -81.4742 1216.28
v -21.863 -79.5168 1216.9
v -21.591 -81.5827 1216.63
v -21.4763 -81.2728 1216.63
v -21.4862 -80.4002 1216.71
v -21.2734 -81.5874 1216.78
v -21.7388 -79.507 1225.26
v -21.8359 -81.2235 1226.53
v -21.6053 -80.6349 1225.87
v -21.881 -80.4635 1226.25
v -21.5319 -81.2873 1226.12
v -21.9354 -80.5302 1228.12
v -21.8871 -79.4236 1228.09
v -21.5747 -81.5268 1228.53
v -21.5063 -80.3924 1228.42
v -21.3443 -79.4996 1228.16
v -21.1357 -81.3102 1228.56
v -22.0923 -79.157 1214.49
v -22.175 -78.9218 1214.89
v -22.19 -78.2537 1214.76
v -22.19 -77.3537 1215.22
v -21.89 -79.1537 1214.33
v -21.89 -78.8537 1214.42
v -21.8536 -77.7098 1215.01
v -21.8591 -77.0598 1215.5
v -21.4841 -78.9086 1214.51
v -21.5386 -77.3578 1215.36
v -22.0793 -78.5463 1217.41
v -22.1571 -78.1543 1217.79
v -22.19 -76.8594 1215.69
v -21.7859 -78.6685 1217.76
v -21.8193 -78.3283 1218.74
v -22.432 -77.0264 1224.87
v -21.8432 -78.2725 1222.66
v -22.2463 -78.6876 1227.3
v -22.44 -77.6537 1226.48
v -22.1677 -78.2428 1227.36
v -22.0858 -77.6854 1226.8
v -22.19 -77.0537 1225.85
v -21.7651 -78.5975 1227.67
v -21.7909 -78.216 1227.37
v -21.7242 -77.3075 1226.18
v -22.4796 -76.158 1217.56
v -22.4291 -76.9145 1216.56
v -22.19 -76.4537 1216.23
v -22.1709 -75.973 1217.49
v -21.8893 -76.1593 1216.86
v -21.8771 -75.9421 1217.48
v -21.6226 -76.4986 1216.28
v -21.5496 -76.0902 1217.17
v -21.5552 -75.8707 1217.86
v -22.5278 -76.3277 1218.8
v -22.4688 -75.8707 1219.59
v -22.1508 -75.7243 1218.95
v -21.8775 -75.8002 1218.08
v -21.3202 -75.7514 1218.66
v -21.3125 -75.7158 1219.91
v -22.4703 -76.1537 1222.28
v -22.1692 -75.7564 1220.61
v -22.19 -76.5592 1224.68
v -22.1866 -76.1279 1222.85
v -21.8188 -76.7399 1225.02
v -21.8011 -76.2421 1223.36
v -19.0653 -98.9854 1244.2
v -19.6611 -98.6537 1244.48
v -19.2814 -99.2537 1245.38
v -19.3033 -98.8796 1245.37
v -18.9883 -99.2161 1246.02
v -18.4995 -99.8814 1246.01
v -18.4761 -99.85 1246.45
v -18.724 -98.5853 1246.51
v -18.9822 -96.3965 1229.68
v -18.6827 -97.4037 1228.59
v -19.6898 -97.3293 1231.36
v -19.2975 -98.0783 1230.63
v -19.458 -97.9124 1231.31
v -19.4039 -97.763 1230.46
v -19.3645 -97.6182 1232.21
v -18.8111 -98.3412 1230.66
v -19.8365 -96.6165 1233.28
v -19.5148 -97.0937 1233.29
v -18.7382 -97.5416 1233.13
v -20.0732 -96.3207 1236.97
v -20.0064 -96.2275 1235.09
v -19.8928 -96.29 1235.98
v -19.9308 -96.2513 1236.39
v -19.7417 -96.7605 1236.96
v -19.7778 -96.426 1236.38
v -19.7875 -96.5507 1236.65
v -19.4632 -96.6615 1236.4
v -19.1126 -96.7874 1235.68
v -20.4311 -96.2774 1238.71
v -20.2858 -96.2367 1237.83
v -20.0104 -96.6298 1237.55
v -20.0855 -96.475 1238.15
v -19.7347 -97.1868 1239.4
v -19.4539 -96.845 1237.94
v -20.5491 -96.1924 1239.95
v -20.1393 -97.1537 1241.18
v -19.7653 -97.2756 1240.13
v -18.7683 -97.4708 1239.8
v -20.4045 -96.718 1242.53
v -19.8909 -98.0537 1242.98
v -19.8642 -97.7405 1243.06
v -20.0729 -97.0392 1244.23
v -19.7493 -98.0738 1244.12
v -19.79 -97.0248 1243.28
v -20.4155 -96.8347 1245.28
v -20.5803 -96.4996 1245.58
v -20.7232 -96.0183 1246.49
v -20.3803 -96.4438 1246.52
v -20.0728 -96.9063 1245.44
v -19.7894 -96.8666 1245.34
v -19.7988 -96.3272 1246.56
v -19.49 -97.0389 1244.78
v -19.502 -96.4802 1246.23
v -19.4906 -96.2517 1246.59
v -19.0939 -97.4537 1245.38
v -19.0662 -96.6031 1246.51
v -19.1815 -96.2019 1246.8
v -18.7651 -97.2285 1246.83
v -18.7527 -96.5904 1247.17
v -20.9968 -94.118 1234.79
v -20.703 -94.1454 1234.68
v -20.1448 -94.1601 1234.49
v -19.6604 -95.1566 1233.86
v -19.8036 -94.379 1234.32
v -19.5764 -94.1624 1233.95
v -19.4066 -94.1211 1233.2
v -19.5067 -93.8265 1233.61
v -20.8068 -95.312 1237.08
v -20.7179 -95.312 1236.31
v -20.681 -94.8308 1235.44
v -20.4003 -95.6066 1236.55
v -20.0042 -95.9441 1236.33
v -19.9182 -95.5923 1235.39
v -20.1013 -94.9406 1235.23
v -20.3762 -95.9428 1237.24
v -20.8292 -94.7761 1241.15
v -20.6237 -93.9732 1240.46
v -20.288 -94.4229 1241.56
v -20.7721 -95.3537 1243.88
v -20.7861 -95.0537 1242.38
v -20.3003 -94.7569 1243.52
v -20.8742 -95.1185 1244.79
v -20.8559 -94.1482 1245.08
v -20.6714 -94.4891 1244.66
v -20.0585 -93.8908 1244.81
v -20.9795 -94.1072 1247.82
v -20.6793 -95.6681 1247.18
v -20.5812 -94.1112 1247.89
v -20.3775 -95.0323 1247.63
v -20.0727 -95.9094 1247.09
v -19.502 -95.9445 1246.91
v -19.2639 -94.8105 1247.6
v -18.9398 -93.1824 1229.6
v -20.9589 -91.4087 1233.34
v -19.854 -93.5676 1233.88
v -19.9019 -92.0261 1233.22
v -19.557 -92.9711 1233.4
v -19.3308 -92.0798 1232.72
v -19.6174 -91.4746 1236.7
v -19.2606 -92.3351 1237.06
v -18.9086 -92.3291 1236.84
v -20.9809 -93.4859 1238.72
v -20.8683 -93.5776 1239.13
v -20.9646 -92.7037 1237.61
v -20.9357 -92.3034 1237.25
v -20.6949 -93.3865 1239.05
v -20.6935 -92.9792 1238.21
v -20.3879 -92.8197 1238.02
v -20.3373 -92.3641 1237.34
v -19.4837 -92.8514 1237.96
v -18.847 -93.0524 1237.76
v -19.7909 -93.5387 1239.85
v -20.95 -91.7546 1245.02
v -20.635 -93.2466 1245.19
v -20.6496 -92.6009 1245.2
v -19.8019 -92.6928 1245.17
v -19.476 -92.0838 1245.09
v -20.9003 -92.6322 1248.05
v -20.9206 -91.4796 1248.04
v -18.9496 -93.0574 1248.05
v -18.7119 -89.2176 1220.69
v -18.7425 -90.2544 1224.94
v -18.9495 -89.632 1223.19
v -18.7088 -89.9374 1228.1
v -18.6723 -90.5063 1230.21
v -18.7904 -90.3168 1232.08
v -21.0303 -90.5587 1233.32
v -19.5605 -90.5342 1233
v -19.7799 -90.512 1236.52
v -19.211 -90.9295 1236.39
v -19.2872 -90.2918 1236.38
v -19.6633 -89.6584 1236.77
v -19.4491 -89.3879 1236.99
v -18.8444 -89.4022 1236.48
v -18.8085 -88.9938 1236.98
v -20.1524 -88.9917 1239.05
v -19.8258 -89.2986 1237.3
v -19.9299 -89.0455 1238.14
v -19.4339 -88.8961 1239.4
v -19.2445 -88.9643 1237.64
v -18.8143 -88.7648 1237.68
v -20.1139 -89.1889 1241.08
v -19.2798 -89.6588 1242.66
v -20.6142 -90.9059 1244.49
v -20.6448 -89.9357 1247.64
v -18.9677 -90.3288 1247.73
v -19.0305 -89.3657 1247.2
v -19.7384 -87.2364 1219.29
v -19.1495 -88.139 1219.57
v -18.9078 -87.3277 1218.37
v -20.9824 -86.5594 1220.51
v -20.6999 -87.0674 1222.29
v -20.4409 -86.9755 1220.56
v -20.3695 -87.7956 1222.2
v -19.7864 -88.5382 1221.74
v -19.91 -87.8758 1220.52
v -20.5979 -87.2542 1223
v -20.134 -88.1777 1223.23
v -20.2683 -87.2989 1224.41
v -19.5808 -88.8341 1224.11
v -20.642 -86.5936 1225.21
v -20.0376 -86.8483 1225.63
v -19.3708 -88.6425 1225.66
v -18.9263 -87.2894 1227.42
v -19.1818 -86.6901 1227.06
v -19.543 -87.8781 1233.85
v -19.073 -88.7809 1233.19
v -20.7517 -86.5847 1242.79
v -20.2312 -87.5429 1244.97
v -19.3878 -87.9594 1245.82
v -20.8322 -84.2844 1214.98
v -20.8873 -85.2567 1216.37
v -20.2809 -85.6673 1217
v -20.2595 -84.9564 1215.71
v -18.9449 -86.3954 1217.68
v -20.9168 -86.2898 1219.37
v -20.888 -84.5986 1223.6
v -20.7067 -84.4609 1224.38
v -19.8246 -84.5936 1224.13
v -19.2456 -84.7932 1223.38
v -19.2258 -84.0769 1224.97
v -18.6339 -85.1848 1223.05
v -18.8622 -84.7901 1224.39
v -18.8497 -84.2809 1225
v -20.9609 -86.2857 1225.65
v -20.8942 -85.4864 1227.31
v -19.5652 -86.3459 1226.97
v -20.925 -84.8349 1227.9
v -20.0796 -84.7454 1228.23
v -18.882 -85.9544 1243.42
v -20.7057 -83.748 1214.57
v -20.0661 -82.5179 1217.63
v -19.9919 -81.8959 1217.13
v -20.9601 -83.2806 1218.78
v -19.2146 -83.7361 1219.41
v -19.2352 -83.6401 1225.24
v -20.9016 -83.7141 1225.34
v -20.0795 -83.0828 1225.53
v -19.6099 -82.41 1225.5
v -19.2038 -83.299 1225.34
v -18.8806 -82.7535 1225.37
v -19.9382 -83.9205 1228.49
v -19.1574 -82.4771 1228.65
v -20.908 -80.3216 1214.21
v -20.9416 -79.7653 1217.22
v -19.531 -81.2461 1217.2
v -19.4877 -80.6435 1217.46
v -18.9476 -80.336 1218.09
v -19.5863 -81.4906 1225.17
v -19.1697 -81.2618 1224.67
v -20.9582 -80.9748 1225.73
v -20.5558 -78.0013 1215.42
v -19.4514 -77.6533 1225.81
v -19.3073 -78.5159 1227.32
v -20.5379 -78.8962 1227.8
v -20.8833 -76.816 1216.31
v -20.3181 -76.2348 1218.16
v -20.5698 -76.042 1220.68
v -16.6756 -100.975 1247.97
v -16.4855 -98.6156 1225.09
v -16.4621 -98.9426 1225.39
v -18.6138 -98.7044 1229.26
v -18.3441 -98.5867 1228.28
v -18.0433 -98.9096 1228.36
v -18.1092 -98.9081 1229.3
v -18.1115 -98.1586 1227.66
v -16.6199 -99.0097 1231.83
v -17.4139 -99.7931 1245.06
v -18.2103 -98.5472 1247.42
v -16.4411 -99.8128 1249.03
v -18.5874 -98.2365 1231.32
v -18.1655 -97.5511 1236.68
v -17.1518 -98.1022 1238.65
v -16.4811 -98.4327 1239.13
v -18.0453 -94.8249 1227.02
v -17.3617 -94.3288 1235.57
v -16.8376 -94.9213 1234.6
v -17.9568 -94.4799 1237.56
v -18.7117 -94.2336 1241.54
v -18.0463 -94.6597 1241.16
v -17.0595 -95.59 1240.98
v -18.7078 -94.5194 1242.65
v -18.5899 -94.5232 1243.55
v -18.2351 -94.601 1242.4
v -17.9738 -94.7634 1243.32
v -17.9163 -94.559 1244.18
v -16.8078 -95.7935 1243.79
v -18.3948 -94.1725 1244.45
v -17.5732 -94.2879 1244.84
v -18.3688 -95.2965 1248.03
v -18.2594 -93.8203 1248.28
v -16.878 -94.3616 1249.48
v -17.6067 -92.1894 1223.8
v -18.3471 -91.7641 1226.14
v -17.1569 -92.3917 1234.63
v -16.4656 -92.8989 1232.63
v -18.3664 -93.2309 1236.9
v -18.2105 -91.7289 1235.83
v -18.451 -93.6085 1237.97
v -18.6293 -93.5095 1244.93
v -17.8193 -91.429 1244.72
v -17.4136 -92.6009 1245.16
v -17.0271 -93.5812 1245.37
v -18.8228 -91.9852 1248.11
v -18.2239 -92.0953 1248.3
v -17.7457 -90.7833 1222.28
v -16.6308 -91.1301 1220.73
v -17.3723 -90.6031 1235.17
v -16.888 -89.6529 1235.35
v -16.6545 -88.848 1236.13
v -18.5016 -88.8052 1241.48
v -18.39 -90.1842 1243.66
v -17.5467 -89.6521 1243.47
v -17.9179 -89.9829 1247.99
v -17.3734 -88.1806 1217.77
v -16.8175 -87.2408 1216.78
v -17.8321 -88.81 1218.84
v -17.4931 -87.1878 1222.66
v -17.1645 -87.2882 1221.7
v -16.46 -87.1656 1220.64
v -17.4407 -86.6878 1224.67
v -16.4432 -88.6808 1224.97
v -16.7889 -86.7079 1225.7
v -18.2502 -88.0173 1229.43
v -18.2337 -88.4965 1231.32
v -17.1164 -86.6437 1231.39
v -18.5686 -88.7913 1232.76
v -18.439 -87.8389 1233.41
v -18.1772 -87.821 1232.98
v -18.3201 -86.7586 1234.46
v -17.6308 -86.6272 1233.88
v -17.6703 -88.7075 1237.01
v -17.3985 -88.3725 1237.91
v -18.2045 -88.3837 1239.86
v -16.5222 -87.8274 1240.85
v -17.5102 -88.7462 1247.69
v -17.0079 -84.2043 1215.39
v -18.4254 -85.7585 1216.62
v -16.9981 -85.2289 1215.92
v -18.391 -84.7994 1220.36
v -17.3968 -84.8586 1219.47
v -16.8641 -85.5121 1219.59
v -16.4531 -84.9217 1219
v -16.5521 -84.2351 1218.61
v -17.9775 -84.5621 1225.69
v -17.3492 -85.2459 1225.76
v -17.1036 -84.8696 1225.99
v -16.8155 -84.5536 1226.12
v -16.5181 -85.4385 1226.26
v -18.7692 -85.9824 1228
v -18.3196 -86.3701 1228.29
v -18.0913 -85.1357 1228.75
v -17.6116 -85.5176 1229.17
v -17.8089 -84.1977 1229
v -17.4083 -84.5751 1229.18
v -16.9552 -84.9011 1229.83
v -16.8306 -86.0727 1230.87
v -16.5509 -84.7626 1236.48
v -17.154 -84.4121 1240.17
v -16.7717 -85.2514 1244.4
v -16.743 -84.8217 1242.99
v -18.3356 -83.2381 1217.83
v -18.01 -82.751 1217.37
v -17.9879 -82.4327 1217.28
v -18.009 -81.8536 1217.31
v -17.1099 -83.3633 1217.95
v -17.0293 -82.7806 1217.66
v -16.8025 -82.4323 1217.68
v -16.5 -81.8631 1217.91
v -17.9495 -83.9556 1218.75
v -17.4058 -83.7678 1218.36
v -18.5702 -81.9036 1225.04
v -17.1466 -81.6189 1224.36
v -18.6232 -83.9591 1225.33
v -18.5823 -83.3842 1225.42
v -18.2566 -82.7691 1225.38
v -17.6524 -83.6475 1225.71
v -16.8335 -82.5487 1225.31
v -16.4019 -83.9203 1226.18
v -17.0968 -83.5885 1229.26
v -18.3315 -80.0302 1215.39
v -17.7796 -81.2448 1217.67
v -18.6215 -80.2732 1218.97
v -17.0452 -80.7716 1219.58
v -16.6054 -81.2686 1218.24
v -16.4095 -80.8225 1219.01
v -16.6969 -81.0781 1220.83
v -16.6266 -81.2081 1222.68
v -18.3949 -80.94 1223.1
v -18.767 -81.1752 1228.51
v -17.1311 -81.5876 1228.83
v -16.9333 -79.7657 1228.07
v -17.528 -78.4952 1217.21
v -17.9855 -77.6528 1218.53
v -16.8418 -78.1233 1218.71
v -17.2766 -77.7126 1220.51
v -16.3547 -77.6535 1221.08
v -17.5788 -77.7477 1222.91
v -17.3685 -78.8544 1227.23
v -16.6991 -77.8325 1225.16
v -16.2497 -78.9099 1227.4
v -16.6501 -78.2007 1226.24
v -16.166 -101.092 1247.69
v -16.1855 -101.193 1248.36
v -16.2374 -101.004 1248.64
v -15.393 -101.459 1248.5
v -15.1768 -101.339 1249.73
v -14.4677 -101.021 1250.82
v -14.8708 -98.963 1222.64
v -14.8483 -98.6546 1222.35
v -14.1651 -99.2308 1221.4
v -14.2481 -99.2035 1222.04
v -14.3643 -99.2462 1222.93
v -13.8947 -98.7749 1220.68
v -16.0687 -98.9472 1224.56
v -16.1341 -99.095 1225.42
v -14.2629 -99.9417 1229.03
v -15.7571 -99.107 1234.76
v -14.5447 -99.5884 1235.64
v -16.2559 -99.1759 1241.91
v -15.0936 -96.6972 1222.23
v -14.0408 -96.1999 1227.2
v -14.9712 -96.2336 1228.9
v -14.2039 -96.7558 1228.64
v -15.6724 -96.2073 1231.14
v -15.4785 -96.2 1230.06
v -14.9437 -96.6971 1230.06
v -14.4372 -96.9831 1231.45
v -15.1908 -96.8228 1242.92
v -15.3114 -96.6411 1244.49
v -15.428 -96.2291 1250.6
v -13.8604 -94.3292 1219.27
v -14.1133 -95.0826 1226.22
v -15.6261 -95.2788 1229.34
v -14.9909 -95.5907 1228.18
v -15.9692 -95.2476 1230.42
v -16.234 -95.7463 1234.69
v -16.1312 -95.848 1245.05
v -15.4671 -95.6862 1245.84
v -15.5507 -94.9688 1246.14
v -14.999 -94.0374 1246.54
v -14.2856 -91.6546 1218.19
v -15.6365 -92.435 1220.84
v -15.0687 -91.4558 1225.19
v -15.0193 -93.5574 1226.86
v -15.5651 -92.7573 1227.86
v -16.1206 -93.0915 1230.54
v -16.0266 -92.6903 1245.76
v -15.4983 -92.4436 1250.25
v -14.3383 -89.8107 1217.01
v -14.9922 -89.2332 1221.97
v -16.1622 -88.8217 1223.43
v -15.5104 -90.1819 1224.6
v -14.6108 -90.465 1223.36
v -15.8843 -89.2769 1227.15
v -15.4665 -91.1422 1226.05
v -15.6891 -90.851 1228.83
v -15.3333 -88.9656 1229.41
v -15.4599 -89.7259 1230.93
v -14.9678 -88.7675 1231.86
v -15.9272 -90.1189 1233.36
v -15.9983 -90.8611 1245.2
v -15.3776 -87.2287 1227.93
v -14.8836 -88.3827 1230.17
v -14.5752 -88.1491 1233.15
v -16.2905 -88.3288 1236.99
v -15.8842 -88.7307 1235.48
v -14.6676 -87.7327 1235.27
v -16.1468 -87.6258 1238.65
v -14.9503 -87.2371 1240.56
v -15.2271 -87.9536 1243.02
v -15.6471 -87.4383 1248.32
v -15.4492 -84.6461 1215.67
v -15.9801 -86.2426 1219.41
v -15.5778 -84.5927 1218.54
v -15.204 -86.0587 1218.88
v -14.7547 -84.2192 1218.31
v -13.8731 -85.5965 1218.33
v -15.8975 -86.0433 1226.84
v -15.8675 -84.8795 1226.71
v -15.0661 -85.7368 1227.69
v -15.6254 -84.9383 1231.91
v -15.6412 -85.1441 1232.91
v -16.309 -86.209 1246.71
v -15.7459 -83.2673 1215.45
v -14.5782 -83.4677 1215.59
v -15.9063 -83.6542 1218.2
v -15.2791 -81.8831 1218.26
v -14.8101 -82.7615 1218.18
v -16.0493 -82.0148 1225.07
v -15.0037 -82.7807 1226.41
v -16.1395 -82.3883 1229.69
v -15.359 -82.9802 1230.4
v -13.8134 -82.6851 1231.94
v -14.936 -83.7038 1240.86
v -14.1823 -81.5251 1215.89
v -13.6936 -80.1136 1216.64
v -15.5585 -80.7369 1219.68
v -14.9619 -80.7621 1220.81
v -14.3254 -80.6553 1220.55
v -15.95 -81.4551 1224.16
v -14.4209 -80.7746 1223.49
v -15.8835 -80.9797 1229.38
v -14.9345 -80.3581 1229.51
v -14.1976 -81.3856 1230.35
v -15.0406 -79.0632 1217.53
v -14.0615 -78.9185 1217.86
v -15.6411 -78.1324 1219.23
v -14.0338 -77.4017 1220.18
v -15.5577 -77.2269 1222.4
v -14.4093 -77.1281 1221.2
v -15.0464 -77.6484 1225.92
v -11.8325 -101.428 1243.54
v -12.8493 -101.917 1252.11
v -12.126 -102.357 1251.39
v -11.8148 -102.498 1252.7
v -11.8969 -98.9701 1217.98
v -11.8588 -98.3092 1217.54
v -13.5479 -99.4406 1221
v -13.6387 -99.497 1221.48
v -13.8337 -100.235 1232.41
v -13.3877 -100.295 1236.23
v -12.8726 -100.441 1237.3
v -12.4797 -100.284 1253.11
v -11.986 -96.5386 1224.6
v -13.3665 -97.2611 1229.77
v -13.0711 -97.5504 1240.32
v -12.8414 -97.8622 1243.22
v -11.459 -98.2471 1244.88
v -11.7999 -97.5421 1246.53
v -12.5814 -91.4191 1216.47
v -11.9712 -89.1598 1219.07
v -13.4185 -89.5808 1220.56
v -12.7028 -91.0779 1221.2
v -13.8434 -87.6081 1215.76
v -13.4764 -86.9185 1231.25
v -12.3387 -86.2956 1233.59
v -13.5935 -86.6658 1237.76
v -13.3824 -88.1998 1245.12
v -13.7326 -85.8507 1229.36
v -13.9567 -84.2376 1227.8
v -11.8873 -85.7021 1242.09
v -13.2746 -84.859 1247.9
v -13.29 -83.9636 1246.68
v -13.3555 -83.3661 1218.2
v -12.7885 -82.212 1218.51
v -12.1727 -81.8081 1226.97
v -12.5197 -82.5418 1238.14
v -13.8394 -83.3219 1244.15
v -11.5699 -81.7962 1242.39
v -12.9446 -80.6526 1220.28
v -12.5172 -80.9865 1219.55
v -12.7302 -80.7243 1224.66
v -12.7543 -80.2796 1222.76
v -11.9384 -79.4296 1230.31
v -12.5564 -79.1245 1217.33
v -12.3333 -78.07 1218.48
v -13.8318 -76.819 1222.82
v -13.4714 -76.8515 1224.38
v -13.2543 -77.8876 1227.4
v -12.6528 -76.7314 1222.21
v -9.25957 -103.204 1254.49
v -9.90662 -101.49 1233.17
v -9.67738 -102.841 1254.65
v -8.99549 -99.0291 1213.93
v -10.4613 -99.0394 1215.94
v -9.89055 -99.1987 1215.86
v -11.3958 -99.4159 1219.07
v -9.7978 -100.432 1223.04
v -10.3279 -98.4091 1234.8
v -10.0686 -98.8075 1242.55
v -9.74466 -96.7109 1221.91
v -10.4317 -97.3463 1224.73
v -10.6118 -97.0393 1248.24
v -10.7311 -98.1169 1254.8
v -9.20263 -94.0381 1218.71
v -10.9811 -95.3494 1221.69
v -11.4508 -95.3373 1248.6
v -11.4926 -92.6242 1215.82
v -11.037 -93.3159 1248.91
v -11.4848 -89.8088 1215.14
v -10.0709 -90.9628 1214.12
v -10.3153 -91.1876 1218.66
v -10.7751 -91.1831 1248.54
v -11.1335 -86.5868 1214.73
v -9.25426 -86.8847 1217.2
v -10.7769 -88.5018 1218.08
v -10.5046 -86.4011 1245.65
v -11.3592 -82.1397 1227.83
v -9.90971 -82.9372 1230.3
v -10.8965 -82.441 1246.58
v -9.02249 -80.2874 1219.95
v -10.2344 -79.828 1221.08
v -10.2471 -79.4934 1222.34
v -9.26974 -80.3396 1227.29
v -10.6832 -80.268 1232.83
v -10.3227 -81.4976 1245
v -9.1476 -78.8315 1217.23
v -10.8653 -76.0585 1222.47
v -10.9666 -76.6616 1220.54
v -7.88466 -103.406 1255.6
v -7.56653 -103.078 1251.25
v -8.13979 -103.177 1255.87
v -7.30211 -102.581 1256.88
v -6.90674 -98.5301 1210.15
v -7.99734 -98.97 1247.25
v -8.57505 -100.761 1256.42
v -6.86272 -99.9175 1257.89
v -8.4113 -98.3074 1212.21
v -6.50326 -96.687 1218.24
v -8.11325 -98.414 1248.7
v -7.01475 -95.5455 1210.68
v -9.04087 -95.4229 1213.05
v -7.37139 -95.2656 1251.96
v -8.07984 -91.8819 1255.57
v -7.64901 -90.8591 1216.37
v -8.57999 -88.2856 1213.38
v -8.11955 -88.4685 1249.15
v -8.91312 -87.3079 1252.87
v -7.77055 -84.373 1214.15
v -8.70161 -84.4756 1217.38
v -6.98146 -83.4663 1217.52
v -8.85352 -83.5218 1249.91
v -7.61231 -81.2389 1230.73
v -6.92176 -79.4906 1244.85
v -8.79925 -77.3273 1218.71
v -6.7054 -76.88 1219.05
v -8.24061 -78.7341 1224.4
v -8.66095 -79.2353 1225.79
v -8.98044 -77.214 1229.99
v -8.23845 -78.1445 1232.47
v -7.93829 -79.3246 1237.22
v -8.71589 -76.1099 1220.72
v -9.03843 -75.5532 1226.75
v -7.93048 -74.8574 1225.25
v -6.32601 -103.76 1254
v -6.20355 -103.935 1256.35
v -4.86961 -104.297 1257.46
v -4.43636 -102.352 1221.87
v -6.46946 -102.438 1229.15
v -5.74516 -101.919 1258.25
v -5.45179 -98.3988 1208.29
v -5.29215 -98.9502 1208.22
v -5.15798 -99.0584 1208.37
v -4.76609 -99.2552 1207.93
v -4.79004 -99.2537 1207.52
v -6.57178 -98.9252 1210.16
v -5.23948 -99.1826 1210.18
v -6.47759 -99.23 1212.31
v -5.8892 -99.2761 1210.91
v -4.97373 -99.9762 1213.76
v -5.24135 -97.6628 1218.76
v -5.75464 -97.6043 1252.24
v -6.37542 -96.5019 1252.45
v -6.29006 -97.8549 1258.19
v -5.17853 -95.725 1215.56
v -4.62688 -94.3335 1214.24
v -6.40549 -93.8562 1252.6
v -5.60596 -95.3153 1253.3
v -4.95475 -95.1451 1258.64
v -5.05371 -92.012 1209.92
v -5.78326 -91.8576 1252.55
v -4.71902 -93.6483 1253.76
v -6.48456 -89.0895 1255.67
v -6.07983 -88.6872 1215.67
v -6.07674 -86.244 1212.88
v -6.54826 -85.9959 1216.55
v -4.47646 -85.4314 1249.99
v -5.99263 -82.4836 1214.65
v -5.13425 -84.13 1217.01
v -6.21087 -81.9002 1236.84
v -6.0891 -82.1567 1241.12
v -5.74634 -82.3316 1243.6
v -4.89266 -82.9974 1246.52
v -6.27318 -82.5964 1251.15
v -5.88814 -83.9566 1253.01
v -4.49949 -82.5404 1252.81
v -4.80403 -80.8706 1215.56
v -5.07754 -79.4275 1216.55
v -6.98287 -81.0314 1219.03
v -4.71117 -80.3589 1219.59
v -6.03044 -80.0888 1248.12
v -6.20463 -81.4132 1250.01
v -5.26909 -78.3056 1222.66
v -4.21233 -78.5099 1221.99
v -5.52893 -77.9506 1224.45
v -5.55531 -78.669 1228.04
v -5.716 -75.5043 1221.12
v -6.25817 -74.8185 1223.19
v -5.59834 -74.3862 1225.39
v -6.00391 -75.199 1228.93
v -5.2491 -75.8763 1231.74
v -1.86535 -105.834 1258.19
v -3.86045 -103.535 1248.26
v -4.15143 -104.515 1255.71
v -3.96841 -104.678 1257.59
v -3.92591 -104.628 1258.24
v -3.93983 -103.935 1258.72
v -3.20656 -104.668 1258.73
v -2.41813 -105.322 1256.8
v -2.0142 -105.578 1258.64
v -2.39214 -104.025 1259.68
v -2.9288 -102.076 1216.8
v -3.39778 -103.029 1238.48
v -4.48075 -102.95 1243.9
v -2.05608 -102.572 1260.45
v -2.99004 -99.6662 1205.78
v -2.43626 -99.5361 1205.18
v -2.39004 -99.9046 1205.18
v -1.93709 -100.241 1205.36
v -4.14594 -99.4439 1207.92
v -3.84407 -99.4716 1207.04
v -3.76955 -99.2537 1206.38
v -3.82295 -99.4436 1208.5
v -3.96164 -99.3437 1208.75
v -2.55306 -100.028 1208.99
v -3.37081 -100.022 1211.44
v -2.71484 -99.5481 1221.89
v -4.29108 -100.01 1229.22
v -4.40832 -100.09 1247.48
v -3.00161 -99.7149 1260.26
v -3.7005 -97.1725 1254.25
v -3.66872 -96.2295 1254.59
v -4.07475 -96.8403 1259.47
v -3.06609 -95.3064 1255.06
v -1.88118 -90.8805 1208.03
v -3.31309 -89.4364 1209.74
v -3.3087 -90.3505 1258.23
v -3.9624 -87.0531 1215.37
v -1.98268 -88.6955 1213.6
v -3.03635 -88.1259 1253
v -3.0811 -84.8238 1212.54
v -1.78574 -86.243 1215.12
v -3.90114 -86.3668 1256.1
v -4.16521 -83.1409 1217.43
v -2.84227 -80.2127 1239.35
v -4.08056 -81.3284 1243.25
v -3.13705 -81.4601 1245.28
v -3.46908 -80.0583 1250.55
v -3.89394 -78.2789 1217.55
v -2.2413 -79.2411 1216.79
v -3.43106 -77.5418 1227.16
v -2.40182 -78.0016 1231.03
v -3.33516 -78.2897 1246.93
v -3.41028 -75.5231 1220.94
v -3.6059 -74.6505 1222.64
v -2.76524 -73.8039 1227.35
v -2.13661 -73.7123 1226.47
v -4.14836 -74.2654 1227.86
v -3.05561 -74.1148 1229.47
v -2.62679 -73.7745 1228.27
v -1.2195 -105.952 1256.17
v 0.0945539 -106.791 1255.08
v -1.11979 -106.249 1257
v -0.368145 -106.661 1258.32
v 0.104396 -107.133 1257.68
v -0.764875 -104.593 1222.32
v -1.96616 -104.146 1228.72
v -0.602638 -104.082 1237.84
v -0.395067 -104.105 1242
v -0.0877084 -104.548 1246.21
v -1.02099 -104.803 1250.3
v -1.82687 -105.455 1255.19
v -0.267302 -104.335 1260.68
v -0.469704 -100.937 1203.38
v -0.0125795 -101.703 1203.27
v 0.352006 -101.448 1206.54
v -0.973994 -100.901 1210.45
v 0.328976 -101.704 1209.57
v -0.128385 -102.002 1212.2
v 0.275281 -101.83 1229.04
v -0.47108 -101.062 1235.83
v -1.79819 -100.888 1249.66
v 0.360989 -101.295 1261.92
v -1.20875 -100.488 1207.13
v 0.415705 -98.7849 1212.71
v -0.0306612 -99.5702 1215.52
v -2.26423 -100.373 1239.34
v -1.84173 -100.466 1252.24
v -1.80826 -97.4771 1205.08
v -0.0741415 -96.8998 1211.12
v -1.789 -96.2484 1255.77
v -0.204362 -97.7513 1256.39
v 0.414766 -98.0615 1261.8
v -0.770414 -95.1548 1205.1
v -1.2712 -93.9265 1255.96
v 0.138292 -94.1731 1261.1
v -0.545309 -89.3256 1208.14
v -1.23141 -90.7304 1211.99
v 0.414863 -88.798 1255.34
v -1.03929 -88.7056 1208.77
v 0.354768 -87.937 1208.56
v -0.991757 -87.4658 1258.21
v -0.216851 -85.6883 1253.38
v 0.0296266 -85.3016 1257.69
v -0.750172 -82.9274 1213.24
v -0.437758 -83.7531 1216.51
v -0.397158 -80.3766 1245.66
v -0.513775 -79.9236 1252.64
v 0.0461865 -79.0136 1251.9
v 0.331855 -76.9436 1224.94
v -1.23148 -76.6725 1219.33
v -0.857565 -76.7505 1227.1
v -0.0794963 -73.6413 1225.03
v -0.798014 -73.3412 1228.12
v -1.24176 -73.934 1231.89
v 2.47372 -108.517 1252.47
v 1.79992 -108.181 1255.14
v 1.71257 -106.561 1221.45
v 0.903664 -105.838 1226.06
v 2.48361 -105.868 1241.32
v 2.07175 -105.717 1245.45
v 1.61468 -106.174 1248.85
v 2.88114 -107.405 1248.35
v 0.62116 -107.574 1255.59
v 1.05283 -107.809 1256.29
v 1.1078 -106.474 1259.48
v 1.14252 -105.754 1260.37
v 1.93778 -103.27 1201.85
v 2.10786 -103.498 1202.28
v 2.9073 -103.43 1201.26
v 2.26633 -103.715 1210.58
v 0.741758 -104.054 1215.68
v 2.97284 -105.41 1214.08
v 1.23477 -105.034 1239.54
v 1.73688 -105.276 1243.03
v 1.14234 -102.791 1202.24
v 1.14868 -102.822 1202.54
v 1.78292 -102.734 1201.76
v 1.47903 -102.694 1203.71
v 2.03715 -102.943 1207.69
v 1.33008 -101.75 1220.3
v 0.392568 -101.24 1243.34
v 2.03478 -102.071 1243.74
v 2.37734 -102.818 1250.94
v 2.73995 -102.364 1254.34
v 1.75566 -103.162 1262.21
v 1.34001 -98.4569 1202.54
v 2.71175 -98.974 1209.45
v 1.47466 -100.875 1217.23
v 0.792777 -99.214 1256.34
v 2.7824 -96.3066 1208.01
v 1.51142 -97.7567 1209.83
v 1.41777 -96.2522 1209.15
v 2.94403 -97.991 1208.52
v 1.22037 -96.7937 1257.36
v 1.95079 -94.6423 1208.55
v 1.16129 -93.9558 1257.22
v 1.215 -91.5326 1256.64
v 1.1705 -91.0407 1260.75
v 3.12253 -92.1355 1261.84
v 1.24806 -89.699 1206.55
v 1.30875 -89.8668 1210.95
v 2.80668 -89.4998 1257.02
v 2.02746 -84.4877 1257.99
v 2.33017 -83.7255 1253.45
v 2.26513 -82.3665 1251.95
v 0.943292 -82.4097 1256.46
v 2.56511 -82.3915 1257.21
v 1.99931 -81.3226 1218.62
v 1.4015 -80.8612 1248.8
v 2.49629 -80.7358 1255.96
v 1.08215 -77.676 1218.41
v 2.41901 -77.1618 1236.65
v 1.7843 -77.2905 1250.29
v 2.65411 -76.1366 1227.76
v 2.34207 -72.9896 1227.01
v 0.817234 -74.2552 1237.07
v 5.23278 -108.508 1211.97
v 5.32374 -108.941 1214.8
v 5.00285 -109.716 1220.63
v 3.63128 -108.011 1227.16
v 5.1177 -109.764 1228.02
v 4.63378 -108.814 1244.16
v 5.07597 -109.402 1242.72
v 5.10625 -109.353 1243.91
v 4.41562 -108.788 1245.47
v 4.81499 -109.171 1244.46
v 5.02634 -108.87 1245.65
v 3.11009 -108.209 1249.22
v 4.23665 -108.506 1248.71
v 4.23631 -108.689 1246.99
v 5.05773 -106.74 1201.38
v 5.29035 -107.049 1203.41
v 5.11232 -107.011 1206.48
v 4.01929 -105.748 1209.36
v 4.285 -107.921 1241.78
v 2.96043 -106.767 1246.32
v 3.05613 -106.471 1244.39
v 3.92538 -107.904 1245.58
v 4.35976 -107.561 1258.74
v 4.94867 -106.076 1261.81
v 4.5262 -105.516 1201.01
v 5.19774 -104.951 1200.71
v 3.60608 -104.817 1201.3
v 3.58204 -104.91 1201.63
v 4.03041 -105.256 1202.51
v 3.13335 -104.126 1204.7
v 3.75488 -104.049 1223.85
v 4.41513 -104.306 1220.19
v 4.66494 -103.77 1247.1
v 4.02044 -103.556 1251.43
v 4.49137 -103.395 1253.67
v 3.76143 -104.667 1262.48
v 4.22745 -103.987 1262.99
v 4.793 -101.221 1209.7
v 4.45763 -102.006 1211.48
v 3.20091 -102.111 1216.45
v 2.76442 -102.93 1252.26
v 2.59491 -101.397 1255.8
v 4.23552 -102.431 1255.83
v 4.57961 -103.115 1254.72
v 3.62396 -100.959 1257.08
v 4.678 -101.956 1256.81
v 3.04574 -102.289 1262.95
v 2.91804 -100.557 1201.2
v 4.23426 -98.9439 1200.78
v 4.17073 -99.2071 1208.3
v 5.08518 -98.936 1207.59
v 5.09004 -100.155 1208.39
v 3.11636 -100.167 1210.31
v 4.16794 -100.117 1209.04
v 4.2908 -99.2019 1258.45
v 3.56527 -100.241 1263.24
v 3.93562 -97.7707 1207.68
v 4.22365 -96.8558 1207.22
v 5.09848 -97.7542 1207.06
v 3.17207 -94.2458 1202.74
v 4.58587 -95.6516 1201.41
v 3.95185 -95.6948 1207.18
v 3.54396 -94.9925 1262.59
v 2.80521 -92.5089 1203.83
v 2.91724 -92.0014 1208.58
v 5.04441 -92.9153 1206.99
v 3.25125 -92.0202 1257.78
v 4.84644 -91.3943 1203.28
v 4.82468 -89.7994 1204.6
v 2.98312 -88.7233 1206.19
v 3.23843 -90.7905 1209.05
v 3.02772 -90.5471 1257.47
v 4.55445 -89.5045 1257.81
v 2.97554 -87.7143 1211.85
v 4.76911 -86.9633 1260.74
v 5.04512 -86.2344 1207.22
v 3.74363 -84.6755 1259.15
v 5.19987 -83.9866 1214.73
v 3.86524 -78.5596 1217.1
v 4.05059 -77.1898 1251.84
v 3.95906 -78.637 1254.45
v 5.58664 -76.3388 1225.81
v 2.73821 -76.2742 1231.82
v 3.52208 -76.5665 1234.35
v 3.79889 -73.7346 1224.18
v 4.18793 -73.2431 1237.87
v 6.30996 -110.699 1212.88
v 6.96579 -110.637 1213.56
v 7.00248 -110.987 1215.4
v 6.30996 -111.254 1217.07
v 6.69319 -111.262 1217.14
v 6.30996 -111.589 1221.68
v 6.60996 -111.65 1224.08
v 6.60996 -111.71 1227.52
v 6.30996 -111.666 1229.48
v 6.17386 -111.604 1235.42
v 6.60996 -112.104 1234.88
v 7.10055 -111.477 1236.62
v 6.17776 -110.464 1239.6
v 5.94668 -108.554 1202.48
v 6.02663 -108.854 1202.18
v 6.12246 -108.554 1202.48
v 6.00996 -108.254 1201.57
v 6.00996 -108.633 1205.18
v 6.30265 -108.61 1204.15
v 6.00135 -108.988 1207.62
v 6.31007 -109.189 1207.34
v 7.32021 -108.369 1208.19
v 5.95076 -109.691 1210.52
v 6.30998 -110.096 1210.49
v 6.01944 -110.206 1212.43
v 6.06983 -110.02 1211.03
v 6.68842 -110.239 1211.61
v 5.6271 -110.321 1239.43
v 5.67172 -109.472 1243.21
v 7.16975 -108.016 1256.2
v 5.44612 -106.751 1201.11
v 6.50387 -106.908 1200.98
v 7.20996 -106.454 1200.73
v 6.30996 -107.954 1201.4
v 7.6773 -106.263 1201.21
v 7.16338 -105.563 1216.55
v 6.30522 -105.966 1219.93
v 7.54545 -106.285 1218.78
v 5.94233 -105.978 1221.53
v 6.95474 -106.568 1221.62
v 5.42973 -105.59 1224.45
v 6.86301 -106.558 1224.11
v 7.20738 -105.988 1231.59
v 6.6879 -107.939 1247.7
v 5.5231 -106.984 1260.74
v 7.17819 -106.168 1262.44
v 7.154 -104.001 1200.16
v 6.97135 -104.011 1212.49
v 6.90467 -103.295 1211.16
v 5.5387 -103.766 1214.15
v 6.36294 -104.233 1213.65
v 7.54288 -105.213 1215.03
v 5.37166 -104.31 1240.65
v 6.28538 -104.509 1245.66
v 7.57029 -104.542 1247.96
v 6.30954 -104.197 1251.64
v 6.00795 -103.73 1254.33
v 7.09083 -103.318 1256.18
v 7.76159 -104.004 1254.39
v 6.6661 -104.916 1263.39
v 6.20844 -103.344 1263.84
v 5.38254 -101.469 1200.3
v 6.91975 -101.089 1208.39
v 5.70993 -102.255 1210.29
v 5.73709 -101.516 1209.31
v 6.6106 -102.244 1209.71
v 5.7626 -103.147 1211.85
v 7.00175 -101.9 1258.22
v 7.77621 -102.802 1257.46
v 7.74393 -102.221 1264.36
v 6.40633 -99.7752 1200.04
v 6.02666 -99.8784 1207.75
v 7.4742 -99.8247 1207.4
v 5.69882 -100.741 1258.47
v 6.48998 -99.2363 1259.5
v 8.01438 -100.744 1259.51
v 5.58055 -97.4714 1200.53
v 7.21156 -96.1965 1206.05
v 5.71808 -96.8445 1206.56
v 6.28193 -98.3888 1206.88
v 7.54021 -97.9969 1206.49
v 5.4553 -97.9067 1259.27
v 5.9817 -94.6844 1206.29
v 7.01718 -94.5222 1263.64
v 7.30985 -93.0995 1201.33
v 6.96866 -91.7885 1206.58
v 6.70519 -91.5769 1259.27
v 5.3325 -93.3112 1262.87
v 7.4038 -89.3788 1203.41
v 5.69189 -90.564 1207.85
v 5.77315 -89.2654 1208.81
v 5.30284 -86.3306 1256.74
v 5.94846 -81.7017 1212.22
v 5.92591 -82.0237 1217.17
v 6.59279 -83.6911 1255.45
v 7.02883 -81.0953 1253.54
v 6.60048 -81.1346 1258.01
v 7.46011 -81.6877 1259.2
v 6.91641 -78.596 1248.51
v 6.36849 -77.0253 1253.14
v 7.18994 -78.6751 1256.34
v 6.42766 -74.8416 1222.06
v 5.77712 -74.6631 1246.29
v 5.74195 -75.8016 1250.17
v 5.86064 -76.6213 1252.22
v 7.25493 -73.3123 1224.57
v 8.15427 -72.8221 1225.62
v 9.42582 -109.006 1213.59
v 9.89711 -110.082 1218.7
v 8.42077 -110.225 1231.58
v 9.94994 -109.224 1230.58
v 9.21159 -109.686 1239.24
v 9.81672 -108.906 1242.19
v 9.9687 -106.465 1209.49
v 8.39557 -105.957 1216.9
v 9.00041 -105.853 1216.57
v 9.37936 -105.967 1216.46
v 9.30996 -105.954 1217.18
v 8.96481 -106.537 1219.46
v 8.41786 -106.769 1220.84
v 9.27496 -106.889 1222.66
v 7.83748 -106.89 1223.2
v 8.45534 -106.871 1225.07
v 9.70026 -106.726 1225.19
v 7.81062 -106.753 1225.81
v 8.72171 -106.206 1230.8
v 9.40251 -105.847 1234.49
v 8.04504 -105.53 1238.58
v 8.9656 -106.586 1262.14
v 9.10467 -105.829 1263.07
v 9.46949 -107.108 1261.09
v 8.58527 -103.778 1199.98
v 8.53788 -104.194 1212.16
v 8.59082 -105.111 1214.01
v 8.83541 -105.605 1215.37
v 9.00095 -105.472 1239.29
v 9.31788 -104.355 1248.92
v 8.28764 -104.319 1252.21
v 8.09389 -102.183 1199.81
v 9.60996 -102.854 1199.76
v 9.5849 -102.078 1199.67
v 7.81166 -102.612 1209.98
v 8.14377 -101.273 1208.53
v 8.71691 -102.773 1210.29
v 9.23162 -103.27 1210.46
v 8.95618 -101.909 1209.38
v 9.37416 -102.244 1209.59
v 9.60996 -101.354 1208.93
v 9.61075 -103.121 1264.55
v 9.42382 -99.0869 1199.57
v 8.9862 -99.474 1207.38
v 9.5466 -100.523 1208.38
v 8.45102 -97.4754 1199.82
v 9.04168 -97.4626 1206.37
v 9.88249 -98.0269 1206.84
v 8.52311 -96.9063 1260.49
v 9.63484 -97.4465 1264.85
v 8.17906 -95.809 1200.2
v 7.89351 -94.1787 1205.8
v 8.98993 -95.9217 1205.93
v 8.05765 -92.6974 1205.93
v 9.31931 -92.6022 1205.72
v 9.67558 -93.5793 1205.68
v 9.51808 -90.6174 1201.96
v 8.98527 -91.2197 1206.12
v 9.47558 -89.6657 1206.77
v 9.97231 -89.134 1259.73
v 9.03035 -90.907 1263.45
v 8.71859 -86.5459 1209.86
v 9.30336 -88.5452 1262.9
v 9.91195 -85.8168 1205.43
v 8.76052 -86.1075 1258.11
v 8.17727 -82.4463 1255.28
v 7.98257 -83.8345 1256.49
v 9.65738 -83.7212 1261.14
v 9.75301 -81.0274 1254.58
v 8.06522 -77.3755 1245.69
v 8.13461 -76.2619 1252.83
v 7.7396 -76.7759 1253.98
v 9.86585 -76.3173 1254.4
v 7.46976 -72.0422 1233.77
v 11.71 -108.149 1215.08
v 12.2018 -108.254 1216.58
v 12.0155 -109.053 1223.24
v 11.0482 -106.523 1210.67
v 11.3701 -106.154 1210.58
v 11.1826 -105.803 1210.66
v 11.3574 -105.759 1209.94
v 11.2258 -107.375 1212.67
v 11.0887 -107.109 1211.83
v 11.3413 -107.054 1212.68
v 11.425 -106.481 1211.26
v 11.5576 -107.654 1213.58
v 11.677 -107.654 1214.48
v 11.2308 -107.216 1213.66
v 12.3911 -107.954 1217.18
v 10.1 -106.571 1221.01
v 11.41 -106.1 1221.08
v 10.2411 -106.691 1222.86
v 11.3809 -106.259 1224.04
v 12.062 -105.776 1226.31
v 10.7809 -105.64 1231.39
v 11.887 -107.771 1240.97
v 10.6391 -106.946 1248.88
v 11.0433 -107.154 1246.62
v 11.3345 -107.444 1255.22
v 12.3771 -107.374 1254.68
v 11.9669 -107.491 1256.99
v 11.8457 -103.428 1208.08
v 10.9652 -105.08 1208.45
v 11.2765 -105.445 1210.12
v 11.3599 -105.135 1208.84
v 11.6056 -104.935 1209.08
v 11.4729 -104.585 1209.14
v 11.71 -104.67 1208.48
v 11.0062 -104.886 1240.51
v 11.5697 -104.139 1252.96
v 12.3842 -104.211 1255.1
v 11.7121 -105.48 1263.5
v 10.2521 -104.629 1264.04
v 10.81 -101.054 1199.51
v 11.3849 -103.247 1206.76
v 11.3032 -102.046 1259.72
v 12.416 -101.036 1260.82
v 11.3302 -99.8404 1199.45
v 11.6776 -99.8068 1199.49
v 11.9426 -99.8468 1199.84
v 12.01 -99.2537 1199.43
v 12.1878 -100.802 1204.64
v 10.51 -98.6537 1207.47
v 11.0772 -99.1869 1261.12
v 10.5427 -94.9571 1205.99
v 10.4934 -96.0497 1206.27
v 11.6908 -95.8477 1206.67
v 12.0897 -96.1013 1206.61
v 12.2408 -94.449 1206.4
v 12.4563 -91.5858 1200.83
v 11.077 -91.7887 1205.78
v 12.0431 -92.6669 1205.95
v 12.3988 -91.3996 1205.99
v 10.4382 -92.788 1260.82
v 10.4726 -90.8545 1205.97
v 11.7656 -90.5339 1206.02
v 11.1913 -89.3698 1206.51
v 11.2369 -88.3658 1207.14
v 10.7288 -86.9713 1208.47
v 11.6144 -86.116 1259.1
v 10.9661 -82.7319 1208.32
v 10.9348 -81.8041 1256.11
v 10.5185 -79.8346 1258.86
v 12.567 -77.0494 1217.76
v 11.4801 -76.9596 1224
v 11.8974 -78.2653 1251.51
v 9.7762 -74.9318 1234.02
v 11.5905 -75.8618 1243.29
v 11.8546 -75.3162 1253.38
v 12.0812 -75.6583 1254.07
v 11.6121 -72.5916 1243.92
v 10.337 -71.6296 1229.61
v 13.5849 -107.927 1219.77
v 13.8559 -107.954 1221.08
v 14.4825 -107.354 1221.98
v 14.143 -107.793 1222.92
v 13.7555 -107.157 1231.13
v 14.6676 -106.277 1242.7
v 13.5272 -106.476 1247.8
v 14.1156 -106.455 1249.32
v 12.5806 -106.963 1251.83
v 13.928 -107.662 1253.35
v 13.6343 -107.598 1256.04
v 14.6468 -107.455 1258.15
v 14.3439 -107.106 1260.65
v 12.5279 -106.435 1262.45
v 12.9318 -105.465 1224.01
v 13.4361 -105.559 1223.82
v 13.3354 -103.537 1247.43
v 14.5854 -103.502 1250.11
v 13.451 -104.099 1256.97
v 12.5827 -102.381 1206.77
v 12.61 -102.129 1206.98
v 13.21 -101.23 1206.08
v 12.8441 -100.86 1205.54
v 13.7651 -99.2947 1204.87
v 14.6682 -98.6537 1205.18
v 14.619 -98.4982 1204.91
v 14.1366 -100.095 1261.69
v 12.8825 -98.6971 1201.71
v 13.8965 -97.7706 1203.44
v 14.5135 -97.7238 1204.3
v 14.9025 -98.0537 1204.88
v 14.8955 -97.7537 1205.18
v 14.3998 -98.061 1262.18
v 12.6567 -95.7106 1199.69
v 12.7601 -94.8827 1206.39
v 12.6636 -95.988 1261.83
v 14.3549 -94.1691 1262.18
v 14.1658 -92.4425 1206.39
v 13.6789 -92.2324 1265.01
v 13.1607 -89.0815 1206.58
v 13.8248 -90.1266 1206.44
v 13.2222 -88.094 1207.05
v 14.8257 -87.7694 1207.3
v 13.6951 -87.9545 1260.39
v 13.475 -86.1617 1203.81
v 12.4237 -85.3043 1209.58
v 14.3056 -85.8428 1208.53
v 14.2126 -85.6463 1263.11
v 14.1662 -83.6125 1211.15
v 13.6399 -81.7363 1214.72
v 14.5478 -83.4248 1258.45
v 13.5705 -81.7262 1261.08
v 14.6361 -80.6333 1255.98
v 14.723 -78.3718 1221.03
v 13.9712 -79.1886 1253.82
v 14.3393 -78.5165 1258.51
v 13.5813 -74.9444 1240.17
v 13.2815 -76.0165 1254.61
v 12.8428 -74.31 1232.19
v 12.5588 -73.594 1248.72
v 12.7065 -74.3381 1251.07
v 14.301 -70.9161 1233.56
v 14.4097 -71.6881 1241.33
v 15.8362 -108.858 1255.64
v 16.3347 -108.252 1257.76
v 17.4526 -109.841 1257.44
v 17.6623 -109.216 1258.33
v 15.0817 -107.344 1222.93
v 16.21 -106.639 1225.28
v 16.5034 -105.993 1225.51
v 15.8973 -105.967 1248.6
v 15.1526 -106.782 1250.36
v 17.2248 -106.048 1249.45
v 15.0792 -107.716 1252.12
v 16.428 -107.025 1260.36
v 15.5701 -105.831 1263.08
v 15.81 -106.461 1262.15
v 16.2896 -105.414 1237.29
v 17.2952 -104.51 1253.24
v 14.8561 -103.604 1258.98
v 15.5722 -104.939 1263.91
v 16.8663 -103.033 1229.91
v 16.4284 -102.364 1236.2
v 15.5218 -102.978 1243.21
v 16.3691 -102.272 1260.99
v 16.611 -101.344 1261.63
v 15.4303 -103.18 1264.99
v 16.8966 -99.4225 1262.35
v 15.0765 -99.372 1265.84
v 15.7107 -96.607 1204.89
v 15.4887 -96.3515 1205.1
v 15.91 -96.3222 1204.58
v 15.2566 -95.4383 1199.7
v 15.463 -95.42 1200.19
v 15.5554 -95.3097 1203.08
v 16.1208 -94.5248 1201.85
v 15.5482 -95.6898 1203.75
v 15.8876 -95.4943 1205.11
v 16.4719 -95.4667 1204.57
v 16.3037 -95.6537 1204.88
v 17.2114 -94.6931 1204.93
v 16.9592 -95.6909 1262.8
v 16.0545 -95.7131 1266.03
v 14.9382 -93.2729 1200.08
v 16.2741 -92.5076 1262.32
v 15.3213 -90.6763 1206.79
v 15.4595 -87.6822 1202.25
v 16.0528 -87.8922 1207.51
v 15.0208 -86.3956 1208.05
v 15.7052 -85.5575 1259.84
v 16.2345 -83.9621 1210.04
v 17.297 -82.1764 1258.08
v 17.2867 -83.9781 1259.31
v 15.4395 -83.3446 1262.34
v 15.9582 -80.6905 1209.13
v 16.6472 -79.9109 1260.31
v 16.6416 -81.5828 1261.49
v 15.4548 -78.5887 1213.27
v 16.411 -74.9437 1227.47
v 16.4312 -75.5816 1245.59
v 14.7241 -76.6999 1248.67
v 15.2511 -76.0605 1255.59
v 14.4822 -74.3557 1230.17
v 15.4193 -73.6713 1250.32
v 19.1492 -110.951 1255.79
v 19.8262 -111.748 1259.66
v 18.0235 -109.01 1253.57
v 17.3505 -109.571 1254.66
v 17.8362 -110.45 1256.51
v 17.9442 -106.78 1250.86
v 17.7078 -107.392 1259.93
v 17.647 -106.079 1262.36
v 19.4767 -106.661 1262.01
v 19.5098 -104.194 1240.39
v 19.2013 -104.7 1243.45
v 18.7753 -105.243 1246.35
v 18.2283 -105.333 1255.76
v 18.6067 -105.086 1258.23
v 18.6494 -103.939 1259.98
v 18.9358 -104.982 1263.57
v 18.8531 -101.665 1232.12
v 19.4593 -102.091 1246.02
v 18.9894 -100.749 1262.16
v 19.5537 -99.5362 1262.52
v 19.1896 -97.0475 1266.34
v 18.8643 -94.3874 1263.01
v 19.2265 -93.635 1266.18
v 17.6392 -93.1815 1200.5
v 18.0346 -92.4126 1200.22
v 18.863 -91.856 1203.41
v 18.7672 -92.9537 1204.88
v 18.6439 -92.459 1204.36
v 19.0217 -92.7347 1205.48
v 18.5103 -92.0456 1262.57
v 18.7645 -88.7923 1201.2
v 18.5962 -88.0761 1208.2
v 19.0249 -88.7752 1261.7
v 17.8576 -84.6514 1209.33
v 18.2338 -85.5633 1208.88
v 19.5332 -86.2638 1209.13
v 17.8885 -82.2844 1206.55
v 18.0044 -82.1389 1212.09
v 19.3693 -83.882 1263.1
v 19.3472 -79.2406 1218.06
v 18.59 -79.2592 1255
v 18.6596 -80.8171 1257.02
v 18.307 -77.8535 1252.65
v 19.5703 -77.7776 1258.54
v 17.7203 -74.7268 1242.37
v 19.4873 -75.3943 1246.18
v 18.9012 -76.6905 1250.09
v 17.683 -76.1598 1255.93
v 18.5969 -76.4986 1256.64
v 17.5384 -74.2706 1229.61
v 18.3781 -73.7235 1232.76
v 17.3333 -73.9425 1236.59
v 18.722 -72.1884 1246.24
v 18.1881 -70.7051 1237.17
v 20.4821 -113.019 1257.62
v 21.9712 -113.203 1257.05
v 20.2336 -113.041 1258.86
v 19.9465 -110.724 1255.31
v 21.1063 -110.348 1261.55
v 21.5329 -106.255 1249.19
v 20.8307 -106.308 1257.4
v 20.5757 -105.957 1258.28
v 21.7234 -106.561 1256.66
v 21.5491 -107.492 1263.01
v 20.5997 -103.754 1230.38
v 21.5276 -103.437 1231.39
v 21.2642 -105.449 1247.8
v 19.6968 -103.394 1260.76
v 20.595 -105.134 1259.55
v 21.8634 -104.07 1260.88
v 19.6994 -104.036 1264.18
v 20.4883 -105.067 1263.8
v 21.9273 -102.854 1231.71
v 21.5895 -102.868 1249.55
v 20.9359 -102.051 1261.74
v 21.9382 -102.801 1264.92
v 20.3191 -100.69 1233.52
v 20.7329 -100.946 1233.03
v 22.1801 -100.357 1241.36
v 20.699 -100.377 1265.83
v 20.3652 -96.4068 1263.13
v 21.1314 -98.4008 1266.19
v 21.1739 -93.7817 1263
v 22.0204 -95.6569 1263.2
v 20.1178 -95.026 1266.37
v 22.2209 -95.1641 1266.3
v 19.9342 -92.0537 1205.48
v 19.9794 -91.6023 1205.24
v 20.717 -91.4537 1206.08
v 21.6392 -92.3812 1265.94
v 20.5822 -90.5467 1201.12
v 21.01 -89.9537 1200.78
v 21.91 -89.0537 1201.04
v 20.5858 -90.3168 1202.72
v 21.01 -90.9983 1206.38
v 21.2453 -90.781 1206.16
v 21.5562 -90.397 1262.27
v 21.8241 -88.1222 1201.37
v 21.0935 -87.568 1261.51
v 19.8111 -87.39 1264.63
v 21.8951 -87.531 1264.71
v 21.4123 -85.9326 1209.99
v 21.974 -84.281 1210.78
v 20.5737 -85.9962 1260.78
v 19.8827 -84.3705 1204.01
v 21.1672 -83.7105 1210.65
v 20.234 -82.5349 1211.31
v 21.4027 -82.484 1262.51
v 20.4167 -79.7524 1209.23
v 21.0597 -81.1579 1213.01
v 21.5248 -81.55 1258.09
v 21.1533 -79.6362 1260.54
v 21.8536 -78.171 1211.61
v 21.7093 -74.6416 1242.93
v 21.8491 -75.6961 1247.51
v 21.0638 -76.5676 1256.95
v 21.8896 -76.7277 1257.51
v 20.5576 -73.8297 1236.83
v 21.0496 -73.9643 1239.06
v 19.6256 -73.6122 1251.26
v 21.9026 -71.4571 1243.02
v 23.9539 -119.194 1260.27
v 24.506 -119.602 1259.81
v 24.0312 -119.667 1261.3
v 24.1315 -119.519 1262.37
v 22.644 -115.666 1258.34
v 22.3408 -116.176 1259.83
v 23.0074 -116.81 1261.61
v 23.8135 -116.144 1263.14
v 22.9662 -114.558 1257.63
v 22.6311 -112.919 1262.53
v 23.5999 -110.974 1255.7
v 23.9947 -112.53 1256.77
v 23.7838 -111.653 1263.57
v 24.4992 -111.292 1263.98
v 23.1568 -108.723 1253.4
v 24.4569 -108.458 1258.25
v 24.6187 -108.926 1259.22
v 24.2749 -108.139 1259.8
v 23.6027 -110.322 1263.52
v 22.5068 -105.769 1248.43
v 22.2049 -106.049 1255.46
v 23.3296 -107.645 1257.97
v 23.5466 -107.103 1257.01
v 22.7398 -107.187 1258.87
v 22.7966 -106.53 1259.75
v 23.3288 -106.086 1260.35
v 23.1037 -107.574 1264.02
v 22.7789 -103.71 1243.57
v 22.7419 -104.321 1252.16
v 23.6224 -104.06 1261.21
v 23.41 -102.289 1233.08
v 23.41 -101.954 1232.9
v 24.31 -101.741 1233.38
v 22.7908 -101.18 1262.09
v 22.2105 -99.6848 1237.45
v 23.71 -98.867 1235.18
v 23.653 -99.1167 1238.66
v 23.1915 -99.5061 1265.82
v 23.1833 -96.9487 1263.05
v 23.712 -97.8041 1266.13
v 23.5232 -97.376 1266.2
v 24.4765 -97.1484 1266.08
v 22.0599 -93.8988 1266.11
v 22.125 -89.2941 1201.31
v 22.199 -89.2396 1201.77
v 22.8096 -88.7865 1201.68
v 23.11 -89.4669 1207.58
v 23.71 -88.7894 1208.18
v 23.8895 -90.5411 1262.08
v 24.5585 -90.9422 1265.22
v 23.1348 -88.4275 1201.29
v 23.4518 -88.4679 1201.73
v 23.8101 -87.4491 1201.8
v 23.1055 -88.2488 1204.59
v 23.8529 -88.7537 1207.88
v 23.5021 -88.4398 1207.14
v 24.0686 -88.7537 1208.18
v 24.31 -88.4918 1208.18
v 24.09 -87.6078 1206.53
v 24.31 -88.4537 1208.56
v 23.38 -84.6975 1211.43
v 22.4736 -85.1092 1263.93
v 24.3326 -86.1946 1264.13
v 22.2395 -81.8609 1212.27
v 23.5303 -82.6781 1212.24
v 25.0629 -83.1358 1213.05
v 22.1539 -83.3426 1259.41
v 24.2344 -82.9665 1262.86
v 23.2999 -80.753 1207.64
v 23.4726 -80.3984 1214.27
v 22.3441 -79.4726 1215.99
v 22.4831 -80.0592 1256.66
v 23.4718 -78.5606 1218.3
v 23.359 -77.0356 1251.4
v 23.1379 -78.4967 1254.35
v 23.107 -77.9181 1259
v 23.4972 -75.2608 1218.39
v 24.2976 -75.8922 1247.34
v 22.048 -74.5812 1253.84
v 24.4003 -75.4332 1255.44
v 22.8117 -73.4909 1230.28
v 23.2765 -73.6761 1236.99
v 22.4503 -74.0052 1238.44
v 23.9926 -74.3487 1240.08
v 23.446 -72.9916 1249.35
v 24.2995 -74.0137 1252.28
v 23.6542 -71.3153 1226.22
v 22.2331 -70.4912 1230.01
v 26.1746 -122.643 1262.26
v 26.5443 -122.612 1264.57
v 25.7144 -121.283 1260.34
v 25.0893 -121.345 1261.5
v 25.0989 -121.386 1262.76
v 25.7322 -122.11 1263.4
v 26.0279 -122.221 1261.33
v 25.0299 -120.385 1263.87
v 25.6492 -121.728 1263.97
v 25.609 -120.172 1264.88
v 26.001 -121.449 1264.9
v 24.8553 -117.652 1258.37
v 25.0674 -119.421 1259.19
v 26.7256 -119.719 1266.18
v 24.9499 -113.968 1257.32
v 25.2133 -113.025 1256.9
v 26.1562 -114.191 1257.13
v 25.9497 -113.961 1265.4
v 24.9417 -111.308 1255.83
v 26.4355 -111.541 1255.38
v 26.1672 -112.856 1256.47
v 26.5618 -111.388 1260.21
v 26.9043 -111.4 1259.21
v 26.6783 -111.188 1260.82
v 24.7376 -109.14 1253.67
v 24.575 -109.945 1254.67
v 25.6122 -110.073 1254.42
v 25.162 -109.172 1260.08
v 25.5201 -108.843 1260.52
v 26.5467 -109.725 1260.97
v 25.1086 -109.947 1264.09
v 26.6673 -110.242 1264.52
v 24.8904 -106.415 1249.26
v 26.0105 -107.984 1251.19
v 26.4717 -106.708 1256.3
v 25.3512 -107.938 1257.45
v 24.6422 -106.72 1260.62
v 26.2064 -107.767 1260.85
v 25.5982 -107.69 1264.11
v 25.4831 -103.918 1251.8
v 25.7585 -105.315 1254.56
v 25.6505 -104.32 1261.15
v 25.1006 -105.009 1264.46
v 24.5715 -101.559 1237.09
v 26.8915 -101.101 1240.31
v 25.6322 -101.605 1247.94
v 25.0566 -101.673 1261.79
v 25.4539 -102.34 1264.96
v 26.0832 -100.754 1234.58
v 26.41 -100.154 1234.5
v 26.71 -100.24 1234.58
v 26.4727 -100.47 1234.97
v 26.2654 -98.4627 1241.4
v 25.3139 -100.237 1244.7
v 25.51 -97.6436 1236.08
v 25.3615 -95.6045 1262.71
v 25.3051 -94.1541 1265.81
v 24.9985 -92.4558 1262.31
v 25.3813 -92.6095 1265.43
v 24.8243 -89.8492 1265.04
v 26.1912 -91.1276 1265.04
v 24.5189 -87.6299 1202.52
v 24.5595 -87.576 1201.87
v 25.3968 -87.0903 1202.82
v 25.6075 -86.8768 1202.53
v 25.0724 -86.4937 1202.56
v 24.8794 -87.2244 1207.33
v 25.1425 -87.0154 1206.53
v 26.3927 -86.6459 1209.4
v 26.7553 -86.0077 1208.01
v 24.4914 -85.3872 1260.58
v 25.0439 -83.0732 1205.19
v 26.6337 -83.8536 1213.91
v 25.2306 -84.0255 1263.35
v 26.4491 -83.0452 1262.76
v 24.8648 -80.8706 1214.06
v 25.1486 -81.2904 1257.84
v 24.996 -78.2245 1211.14
v 25.1883 -77.8173 1219.77
v 26.4996 -77.2493 1257.96
v 25.3789 -76.1373 1215.16
v 24.1496 -75.4237 1217.69
v 25.6569 -75.8035 1223.77
v 24.6701 -74.7231 1225.82
v 26.6559 -74.4666 1239.47
v 26.4488 -75.2379 1241.95
v 24.3139 -74.0969 1227.36
v 24.8966 -73.2454 1233.14
v 26.7864 -73.596 1235.59
v 25.5366 -73.975 1238.16
v 26.4523 -72.8711 1246.33
v 26.5398 -71.5247 1225.4
v 25.1599 -70.2278 1234.06
v 26.6107 -70.9616 1238.62
v 29.1468 -125.136 1263.65
v 27.8891 -124.221 1263.11
v 28.5752 -124.599 1262.45
v 27.0108 -123.368 1263.93
v 27.6264 -123.53 1264.92
v 28.1993 -124.406 1264
v 29.2361 -124.753 1264.94
v 29.0685 -123.039 1267.06
v 27.6959 -120.211 1258.67
v 27.1091 -121.164 1266.35
v 27.3721 -122.353 1266.04
v 28.7457 -122.264 1267.44
v 28.8053 -121.09 1267.96
v 27.8401 -116.71 1257.39
v 27.4454 -113.169 1255.84
v 28.8926 -113.111 1254.64
v 27.4582 -111.096 1261.55
v 28.9278 -110.513 1261.97
v 27.3611 -112.71 1265.9
v 27.0541 -108.916 1252.09
v 28.6571 -110.248 1252.67
v 27.3585 -109.671 1257.79
v 27.1391 -109.142 1261.14
v 27.4455 -107.75 1250.61
v 28.3415 -107.341 1256.46
v 26.7847 -103.468 1245.58
v 27.8465 -105.125 1248.38
v 27.4174 -103.448 1261.03
v 27.4824 -103.495 1264.25
v 28.1603 -104.213 1263.9
v 28.0162 -101.525 1242.49
v 27.2279 -102.953 1264.34
v 27.01 -100.161 1234.58
v 27.61 -99.5537 1234.83
v 27.91 -99.6967 1235.18
v 28.1818 -99.3238 1236.31
v 28.81 -99.2207 1235.18
v 29.2423 -98.6537 1235.18
v 27.7289 -98.785 1243.75
v 28.3787 -100.071 1246.59
v 27.9426 -96.0483 1236.66
v 27.6337 -96.3225 1237.37
v 26.9433 -98.0979 1262.1
v 27.1758 -96.2006 1262.27
v 27.5361 -98.0633 1265.14
v 28.51 -95.8617 1236.38
v 27.6198 -94.6012 1262.06
v 27.9506 -95.9624 1265.21
v 29.2108 -89.8994 1260.77
v 26.9928 -86.42 1211.22
v 27.8315 -85.5349 1203.66
v 29.1414 -85.1537 1204.58
v 28.2211 -85.2832 1210.24
v 28.0333 -86.3537 1211.48
v 28.1848 -86.055 1211.37
v 29.1673 -85.2055 1211.83
v 27.6839 -86.3247 1260.51
v 27.932 -84.3037 1259.77
v 28.825 -82.9399 1206.03
v 28.4899 -82.2269 1206.94
v 29.2382 -83.0537 1216.58
v 29.113 -81.8291 1257.93
v 26.9175 -82.841 1259.07
v 27.9461 -80.4826 1208.54
v 29.1422 -79.3398 1217.38
v 28.3078 -79.9825 1260.52
v 26.8456 -81.3075 1261.74
v 28.8686 -77.1187 1213.5
v 28.1671 -78.5232 1218.24
v 28.4203 -78.2324 1253.05
v 26.8404 -79.1859 1255.29
v 26.9375 -74.8933 1218.1
v 28.9749 -74.9192 1225.24
v 27.6853 -74.4586 1238.42
v 29.3823 -75.2961 1239.3
v 28.4242 -75.4852 1240.91
v 28.4439 -76.286 1243.01
v 27.9818 -76.6867 1245.67
v 27.0994 -74.9667 1253.58
v 28.5961 -74.8774 1252.22
v 28.9319 -75.6921 1254.79
v 27.8618 -76.3657 1256.49
v 27.044 -73.9881 1227.09
v 27.0626 -73.4636 1228.93
v 28.0494 -74.1879 1250.72
v 27.2536 -70.5829 1227.85
v 29.5567 -124.764 1261.25
v 31.4588 -126.678 1263.4
v 31.6236 -126.555 1261.91
v 30.6924 -122.965 1258.51
v 29.6083 -123.697 1259.89
v 31.6961 -120.036 1260.65
v 31.6778 -120.725 1262.13
v 30.3043 -117.551 1256.15
v 30.0925 -118.344 1262.04
v 30.7755 -119.333 1263.11
v 30.831 -119.287 1261.23
v 30.2618 -117.654 1263.9
v 31.3606 -118.821 1264.85
v 31.5203 -117.767 1265.45
v 29.6497 -119.516 1268.85
v 31.3112 -117.819 1270.14
v 29.4419 -116.949 1262.64
v 30.0443 -116.265 1264.13
v 31.4645 -116.057 1265.48
v 29.6491 -113.454 1263.48
v 31.353 -115.05 1269.29
v 31.1077 -112.538 1253.22
v 30.8411 -111.792 1256.66
v 31.3458 -112.536 1263.68
v 29.3912 -108.727 1251.21
v 31.6113 -108.334 1255.99
v 29.977 -109.152 1256.47
v 30.826 -106.93 1250.04
v 30.9996 -106.122 1255.65
v 31.4852 -107.344 1255.96
v 29.5357 -106.314 1260.75
v 31.35 -103.018 1247.05
v 30.9284 -104.812 1254.83
v 31.1543 -104.323 1260.15
v 29.7872 -102.136 1245
v 29.8624 -102.372 1250.63
v 30.6795 -101.427 1260.35
v 29.7788 -102.581 1263.73
v 29.1925 -98.6934 1237.28
v 30.7423 -98.9873 1240.68
v 30.3963 -99.0319 1246.3
v 31.4145 -98.6415 1263.74
v 29.7311 -98.2596 1236.33
v 30.31 -97.8398 1235.48
v 30.2544 -97.9736 1235.76
v 30.56 -97.7537 1235.48
v 30.31 -97.4537 1235.41
v 30.6268 -97.6633 1235.81
v 31.2163 -97.14 1235.78
v 30.9352 -96.7995 1243.44
v 29.4516 -95.0537 1236.38
v 29.2961 -94.9466 1236.7
v 30.1231 -94.187 1236.71
v 30.61 -93.7037 1236.38
v 31.7101 -95.4305 1260.59
v 30.9744 -94.5017 1264.16
v 31.5478 -93.353 1235.85
v 31.5185 -92.6537 1236.08
v 31.5174 -93.4128 1238.19
v 29.41 -84.8894 1204.58
v 29.71 -85.0061 1204.88
v 30.0838 -84.8537 1204.88
v 30.0902 -84.803 1205.68
v 29.8325 -84.4681 1205.05
v 30.31 -84.6323 1205.18
v 30.6498 -84.5537 1205.48
v 30.5904 -84.1954 1205.55
v 31.2567 -84.282 1205.83
v 31.4324 -84.2912 1206.49
v 29.6107 -84.6374 1209.62
v 29.4887 -84.7433 1211.19
v 30.9282 -84.37 1212.94
v 31.3427 -84.1046 1211.18
v 30.7027 -85.6492 1214.53
v 31.21 -85.4948 1214.78
v 31.51 -85.5432 1215.38
v 30.6252 -84.8505 1259.53
v 29.361 -84.3421 1262.84
v 29.7856 -86.787 1263.35
v 30.2785 -82.9317 1206.52
v 31.9357 -83.2983 1219.51
v 30.132 -83.3916 1258.87
v 30.3588 -82.0972 1261.62
v 31.5913 -83.3279 1261.98
v 29.5125 -80.7226 1216.65
v 29.6725 -80.0737 1217.05
v 30.7116 -80.4604 1256.05
v 29.7904 -78.5696 1211.45
v 29.7942 -77.317 1243.91
v 30.3465 -78.0391 1246.65
v 30.7341 -78.3852 1250.84
v 30.8472 -78.0334 1257.96
v 30.7602 -76.5217 1240.34
v 31.329 -75.0509 1246.79
v 31.1076 -75.2014 1250.55
v 29.4939 -75.1063 1252.91
v 30.7191 -73.5735 1228.23
v 30.9222 -73.2211 1229.79
v 29.8065 -73.14 1231.33
v 31.6613 -73.212 1231.52
v 30.0075 -73.5219 1234.31
v 31.4755 -74.013 1235.48
v 29.9791 -72.5314 1240.65
v 31.4341 -70.3434 1228.84
v 30.1131 -70.1704 1232.08
v 31.9519 -126.052 1260.72
v 33.6347 -126.109 1259.59
v 31.8426 -126.998 1262.84
v 32.1682 -127.256 1263.43
v 31.9885 -126.881 1264.18
v 33.0622 -125.515 1267.53
v 33.6433 -122.734 1262.78
v 32.1609 -123.1 1269.56
v 34.0512 -124.227 1270.41
v 33.3143 -121.723 1256.42
v 34.1223 -121.625 1259.91
v 32.0686 -121.185 1262.83
v 33.2349 -122.143 1261.59
v 32.0333 -120.537 1264.3
v 33.5395 -122.304 1264.25
v 33.6823 -121.203 1265.82
v 31.7076 -121.126 1270.33
v 32.6954 -120.263 1271.18
v 33.3926 -122.435 1271.1
v 33.5705 -121.665 1271.5
v 32.5467 -119.115 1259.21
v 32.4326 -119.957 1265.44
v 32.7937 -119.376 1266.07
v 32.8325 -118.42 1266.39
v 31.7778 -119.639 1270.58
v 32.6582 -119.045 1271.15
v 33.3799 -119.996 1271.56
v 33.5992 -118.776 1271.55
v 33.9628 -117.897 1271.49
v 32.2847 -116.447 1258.26
v 32.2149 -116.995 1266.1
v 32.9514 -115.778 1266.32
v 33.9303 -115.441 1266.57
v 31.6274 -116.312 1269.98
v 32.7 -116.29 1270.52
v 32.7341 -117.546 1270.94
v 33.9122 -116.403 1270.95
v 32.9077 -114.743 1265.85
v 32.714 -113.595 1268.92
v 33.6345 -114.673 1269.97
v 33.9856 -113.215 1269.02
v 32.5135 -111.254 1255.73
v 33.0223 -112.56 1256.09
v 32.542 -110.928 1266.62
v 32.0624 -110.32 1255.73
v 34.0882 -109.837 1262.2
v 33.1729 -106.065 1255.55
v 31.882 -106.886 1260.69
v 33.5333 -103.142 1253.6
v 33.1308 -104.393 1254.74
v 31.9652 -105.799 1263.47
v 33.1151 -100.646 1262.66
v 31.6638 -96.6593 1236.48
v 32.0635 -96.2537 1235.48
v 32.4988 -97.0606 1244.94
v 33.8051 -98.1739 1259.1
v 32.11 -95.9537 1235.28
v 33.0373 -95.0264 1234.99
v 33.248 -95.0537 1235.18
v 34.0047 -95.8255 1259.51
v 33.01 -91.3787 1234.88
v 33.7034 -90.2684 1233.98
v 33.9537 -89.8607 1233.96
v 33.2504 -90.8537 1234.88
v 32.1362 -84.6199 1215.09
v 33.0281 -84.0195 1214.41
v 31.8686 -85.4537 1215.68
v 31.81 -85.442 1215.98
v 33.2842 -84.3043 1216
v 33.3543 -85.4537 1218.08
v 33.3862 -84.2537 1222.08
v 33.0246 -86.0051 1259.31
v 32.2412 -83.9305 1206.9
v 32.2834 -83.6537 1206.68
v 33.9251 -83.355 1207.7
v 31.7208 -83.6537 1219.44
v 33.8229 -83.8394 1222.33
v 31.7577 -80.8813 1209.27
v 33.2964 -80.0247 1244.37
v 33.7344 -79.9079 1249.93
v 32.1779 -79.605 1253.71
v 33.0378 -79.5207 1251.73
v 32.9533 -81.5066 1260.55
v 32.4861 -77.7313 1213.77
v 33.0783 -77.4722 1221.49
v 33.9738 -77.1508 1238.37
v 33.0489 -78.7281 1241.1
v 33.0208 -77.7015 1256.44
v 33.5326 -76.8556 1254.06
v 32.7546 -75.9597 1238.04
v 33.8332 -74.471 1240.89
v 33.8335 -75.6319 1242.09
v 32.8546 -74.2112 1220.82
v 31.8242 -74.1063 1242.02
v 32.1559 -73.1645 1240.38
v 33.6163 -73.4394 1239.59
v 32.709 -71.6075 1237.21
v 35.4842 -130.281 1262.8
v 35.2888 -129.759 1262.07
v 35.4514 -130.249 1264.22
v 36.0914 -130.262 1265.55
v 35.6484 -128.852 1260.68
v 35.531 -127.761 1267.8
v 34.369 -123.029 1261.57
v 34.8836 -123.712 1262.79
v 36.2113 -124.493 1262.17
v 34.767 -123.555 1263.7
v 35.0603 -123.231 1265.11
v 35.8451 -124.268 1264
v 35.6754 -123.242 1265.8
v 36.2677 -124.107 1265.2
v 35.7601 -124.778 1271.41
v 35.5322 -120.889 1258.65
v 35.0599 -120.82 1267.08
v 35.5165 -121.863 1266.84
v 36.0095 -120.526 1267.66
v 34.581 -122.435 1271.8
v 34.539 -121.408 1271.96
v 35.4772 -122.333 1272.12
v 36.0013 -120.888 1272.32
v 34.1837 -117.846 1267.19
v 34.4866 -119.361 1267.22
v 35.4319 -119.321 1267.66
v 36.0578 -118.177 1267.85
v 35.0485 -119.869 1272.08
v 35.6562 -117.838 1271.74
v 36.2867 -119.622 1272.21
v 35.8543 -115.682 1253.46
v 34.5643 -116.645 1267.17
v 35.1333 -115.721 1267
v 34.9053 -115.544 1270.7
v 35.4775 -114.283 1256.26
v 34.5215 -113.955 1265.76
v 34.0094 -111.985 1252.33
v 34.5712 -111.36 1255.31
v 36.0666 -111.846 1268.12
v 34.5353 -110.267 1255.13
v 36.2007 -108.22 1260.23
v 35.8961 -108.297 1264.48
v 34.5375 -106.782 1255.5
v 35.4536 -105.976 1259.16
v 35.628 -102.709 1248.01
v 36.1807 -101.178 1246.9
v 34.9891 -102.864 1258.39
v 35.4985 -99.4554 1244.71
v 35.1595 -99.3579 1248.82
v 36.5084 -99.0636 1260.74
v 34.21 -93.8537 1234.49
v 34.016 -93.7843 1240.94
v 34.939 -95.4891 1243.85
v 35.71 -91.4537 1232.39
v 36.01 -91.4537 1232.08
v 35.41 -92.0537 1232.93
v 35.71 -92.1132 1232.78
v 35.71 -91.7595 1232.56
v 36.01 -91.5224 1232.48
v 36.3921 -91.5057 1234.33
v 35.41 -92.5811 1235.18
v 36.4282 -92.5669 1236.06
v 35.1197 -91.7796 1239.27
v 36.215 -91.1621 1232.19
v 36.01 -90.8537 1231.74
v 36.31 -90.939 1231.88
v 36.6072 -90.2537 1230.68
v 34.1987 -89.2832 1233.05
v 34.4935 -89.0528 1233.36
v 35.0562 -88.9357 1234.2
v 36.3651 -90.9146 1232.48
v 36.3388 -89.945 1238.41
v 36.52 -86.9537 1224.98
v 36.31 -87.037 1225.28
v 34.5793 -88.174 1231.87
v 34.9497 -87.5139 1230.5
v 34.8733 -87.2274 1230.6
v 36.0708 -84.0658 1217.27
v 34.81 -85.5712 1220.18
v 35.2177 -85.0583 1220.02
v 36.11 -84.7549 1220.34
v 34.512 -85.6871 1220.45
v 35.6882 -86.3537 1222.58
v 34.7028 -84.8537 1225.58
v 34.9904 -86.3537 1228.58
v 34.9576 -86.0537 1227.98
v 34.8451 -86.0537 1228.28
v 34.9951 -86.0537 1228.58
v 35.0092 -85.7537 1227.98
v 35.519 -85.3421 1228.2
v 34.5591 -84.3684 1258.25
v 35.4502 -83.2892 1209.42
v 35.6955 -83.0812 1209.14
v 36.2581 -82.4442 1210.02
v 35.1195 -83.4506 1211.96
v 36.5502 -82.127 1239.28
v 35.9025 -82.5511 1241.2
v 35.936 -83.0731 1243.4
v 35.608 -81.8181 1246.91
v 35.4193 -81.7844 1255.27
v 34.7744 -83.2256 1257.33
v 35.0185 -83.0572 1260.96
v 36.3936 -82.2696 1259.97
v 34.8594 -80.1425 1211.67
v 35.2117 -79.8479 1221.02
v 35.2876 -79.4128 1238.97
v 34.8421 -80.856 1241.22
v 36.0297 -80.3023 1258.29
v 36.2072 -79.0845 1213.93
v 34.2599 -76.9913 1216.04
v 36.2993 -77.5837 1216.64
v 36.1057 -76.6958 1218.31
v 35.8106 -77.4441 1242.06
v 35.9045 -78.2847 1244.55
v 35.9851 -78.8698 1256.15
v 34.706 -74.7783 1235.32
v 35.9827 -76.2797 1236.2
v 34.9211 -74.9235 1240.37
v 34.8244 -75.5941 1241.23
v 36.257 -76.4864 1240.53
v 35.3851 -73.5396 1229.11
v 35.2677 -73.5522 1231.69
v 35.5759 -74.1494 1233.6
v 36.4296 -72.8284 1237.07
v 35.6744 -70.7948 1227.57
v 35.4885 -70.5807 1232.16
v 35.6044 -70.3944 1230.05
v 38.2638 -134.914 1264.28
v 38.6841 -134.435 1261.69
v 38.2143 -133.373 1266.11
v 36.6651 -131.385 1262.21
v 37.0642 -131.024 1261.23
v 36.8272 -132.021 1263.94
v 36.907 -131.543 1265.24
v 37.7038 -130.488 1267.74
v 38.8629 -131.418 1268.96
v 37.2421 -128.899 1259.78
v 37.5625 -129.345 1269.09
v 38.0087 -128.319 1270.62
v 37.7295 -125.828 1258.05
v 36.6618 -124.888 1262.81
v 38.4433 -125.438 1261.28
v 37.5 -124.854 1265.2
v 38.1002 -125.514 1264.33
v 38.3759 -125.809 1263.65
v 37.1167 -123.815 1266.33
v 37.7551 -123.203 1267.19
v 38.4607 -124.499 1266.38
v 38.3337 -122.589 1267.72
v 36.6231 -124.121 1272
v 37.9903 -124.078 1272.2
v 37.5698 -122.243 1254.96
v 36.6269 -121.744 1267.51
v 37.5104 -121.179 1268
v 38.1423 -120.843 1268.22
v 37.1871 -122.376 1272.4
v 37.2383 -120.575 1272.39
v 37.5901 -118.637 1257.05
v 36.9197 -119.953 1268.06
v 37.625 -117.865 1268.03
v 38.6375 -119.64 1268.33
v 36.9399 -118.253 1271.91
v 38.5272 -119.979 1272.21
v 36.5851 -116.648 1267.58
v 38.4124 -115.686 1270.74
v 36.8754 -116.827 1271.41
v 37.9487 -117.335 1271.51
v 36.6189 -115.184 1266.86
v 38.1097 -113.992 1265.86
v 36.5125 -114.032 1269.91
v 38.7638 -112.949 1269.08
v 37.7253 -108.221 1254.71
v 36.943 -109.809 1261.36
v 37.4487 -106.184 1254.8
v 38.4761 -107.139 1254.71
v 38.6993 -106.74 1258.36
v 38.5936 -105.817 1249.89
v 36.4789 -105.319 1254.86
v 36.4414 -103.17 1254.07
v 36.7607 -104.086 1254.5
v 37.5136 -104.93 1254.71
v 38.1304 -105.585 1254.81
v 38.1283 -104.409 1254.81
v 38.0849 -103.439 1254.66
v 38.6253 -104.1 1255.32
v 38.7003 -105.246 1255.08
v 38.0586 -104.677 1257.48
v 38.5875 -102.703 1248.34
v 37.0947 -101.794 1253.17
v 37.7598 -102.276 1253.91
v 38.3477 -101.845 1255.81
v 38.4639 -103.154 1256.18
v 38.4818 -102.537 1255.25
v 38.4543 -101.285 1253.98
v 38.6725 -100.717 1254.52
v 37.7714 -102.38 1256.79
v 37.1869 -101.68 1260.53
v 36.9566 -98.6852 1249.09
v 36.784 -100.508 1251.4
v 38.3807 -98.3607 1250.22
v 38.1221 -100.445 1252.49
v 38.6475 -99.7743 1252.47
v 36.8182 -99.2969 1256.89
v 38.7289 -98.9436 1259.16
v 38.7664 -97.7062 1254.77
v 36.7477 -96.1345 1257.32
v 38.2361 -97.673 1259.64
v 36.3398 -95.0653 1239.3
v 37.0903 -94.8996 1244.87
v 38.2047 -94.2076 1245.5
v 38.2989 -94.9404 1256.13
v 37.6917 -92.2189 1258.06
v 38.6591 -92.1979 1257.32
v 36.91 -88.862 1228.88
v 36.9908 -89.3844 1230.43
v 38.9061 -89.3792 1232.37
v 37.6171 -90.8563 1234.24
v 37.1422 -89.3032 1239.33
v 36.9586 -91.0447 1240.86
v 37.6044 -90.1315 1241.39
v 38.7472 -89.654 1244.64
v 36.9401 -91.0642 1258.7
v 37.6682 -86.7831 1226.58
v 38.482 -87.3522 1228.47
v 37.7827 -88.8348 1230.78
v 37.0823 -87.2223 1234.02
v 36.8932 -88.5923 1237.08
v 37.5912 -87.436 1239.35
v 37.6867 -87.2908 1237.59
v 37.8039 -88.1155 1241.72
v 38.2062 -87.2034 1245.09
v 36.5944 -87.0204 1258.57
v 38.1032 -88.789 1258.25
v 37.8376 -85.6887 1224.27
v 38.8211 -86.2695 1226.15
v 38.1896 -86.3253 1234.55
v 38.1369 -85.7441 1236.96
v 38.3912 -86.0671 1235.29
v 36.8498 -84.879 1242.37
v 37.7934 -84.775 1246.49
v 38.6154 -85.7891 1247.04
v 38.5296 -84.1717 1248.23
v 38.1396 -85.8153 1257.72
v 38.0868 -84.8791 1257.23
v 37.2696 -85.2709 1261.13
v 37.3494 -83.0576 1210.32
v 37.4426 -83.2098 1210.7
v 38.1451 -81.7542 1212.14
v 37.6581 -83.4917 1213.64
v 37.3739 -82.3977 1224.93
v 37.9526 -83.7714 1237.62
v 36.8615 -84.1094 1240.27
v 37.0092 -81.7352 1250.16
v 38.3376 -79.796 1214.84
v 36.5824 -80.5145 1222.22
v 37.4975 -79.6957 1222.89
v 37.3155 -81.6352 1223.72
v 38.1116 -79.9763 1223.59
v 38.4107 -81.0381 1224.63
v 38.9354 -79.7543 1224.69
v 39.0241 -80.568 1225.74
v 38.3257 -80.9506 1236.59
v 37.7816 -80.4637 1243.67
v 37.9017 -80.3626 1242.03
v 36.4557 -81.4291 1253.1
v 36.8691 -81.4261 1251.62
v 37.8624 -78.557 1216.57
v 38.1344 -78.4188 1217.84
v 38.3826 -77.0007 1219.96
v 37.0915 -77.1389 1223.6
v 37.5072 -78.3903 1236.39
v 37.3792 -78.1222 1240.61
v 37.5128 -79.0568 1247.81
v 36.5841 -78.081 1249.73
v 37.9552 -78.6233 1251.41
v 37.2648 -78.4085 1252.98
v 36.5017 -78.3675 1254.16
v 37.2962 -78.7952 1254.66
v 37.0081 -74.7723 1221.49
v 36.6856 -75.3581 1225.32
v 38.5266 -74.9761 1225.85
v 38.4521 -74.4054 1226.46
v 37.7136 -74.8785 1233.76
v 38.5333 -75.8539 1234.61
v 36.9601 -75.5779 1235.12
v 37.6786 -74.6911 1238.19
v 38.2392 -76.113 1238.69
v 37.2934 -72.1221 1224.84
v 38.6379 -72.7681 1224.27
v 36.9966 -74.3758 1226.49
v 38.3458 -74.0919 1227.24
v 38.575 -73.8243 1230.04
v 38.8543 -70.9737 1228.31
v 38.1332 -71.318 1233.2
v 41.3117 -144.457 1260.32
v 40.9337 -143.424 1259.71
v 41.4062 -143.844 1258.86
v 40.1858 -142.265 1263.47
v 40.2078 -142.067 1264.3
v 40.5487 -142.031 1264.88
v 40.8505 -142.988 1263.86
v 41.5179 -140.275 1258.39
v 39.2328 -139.255 1263.47
v 39.5634 -140.525 1264.48
v 39.9014 -139.687 1265.75
v 39.9577 -140.976 1265.15
v 40.5213 -140.919 1265.69
v 40.2663 -139.406 1266.12
v 39.9634 -137.684 1266.37
v 40.8121 -137.084 1266.96
v 39.1864 -136.732 1265.81
v 39.9268 -136.142 1266.91
v 40.4597 -134.752 1267.87
v 40.3073 -134.474 1258.97
v 39.5594 -134.136 1267.69
v 41.4166 -131.447 1257.53
v 39.2967 -131.843 1259.51
v 39.8463 -131.271 1269.78
v 41.1675 -131.931 1269.62
v 40.9011 -127.974 1257.39
v 39.2007 -127.951 1271.22
v 39.6071 -125.637 1260.6
v 40.447 -125.126 1259.56
v 41.1263 -126.369 1260.68
v 39.2146 -126.159 1262.21
v 39.9188 -126.472 1263.12
v 39.9334 -126.228 1261.3
v 40.5196 -126.644 1262.15
v 41.1462 -126.815 1262.82
v 38.9661 -125.438 1265.44
v 39.6096 -126.054 1264.58
v 40.1647 -125.581 1265.77
v 40.8469 -126.479 1264.23
v 40.8722 -125.95 1265.4
v 39.0179 -123.308 1267.54
v 40.2008 -124.461 1266.96
v 40.4832 -123.501 1267.63
v 40.8082 -122.599 1267.99
v 41.1614 -124.132 1267.28
v 39.2915 -122.966 1272.32
v 40.9814 -124.069 1272.05
v 40.8415 -120.815 1253.39
v 40.9073 -120.254 1256.46
v 39.539 -120.348 1256.82
v 40.9913 -122.306 1257.38
v 39.0565 -122.059 1268.08
v 39.2984 -121.109 1268.31
v 39.8956 -120.53 1268.34
v 40.4808 -121.451 1268.25
v 41.0364 -120.518 1268.16
v 40.7112 -120.257 1271.78
v 41.1349 -122.336 1271.98
v 39.6328 -119.587 1256.61
v 38.9844 -118.753 1268.23
v 39.6608 -119.361 1268.27
v 39.584 -118.103 1267.95
v 41.1321 -118.777 1267.72
v 40.1601 -118.996 1271.6
v 38.8943 -116.139 1267.25
v 40.5326 -116.395 1266.92
v 40.5795 -116.475 1270.48
v 40.7851 -114.348 1265.49
v 39.607 -115.168 1266.53
v 39.9434 -114.82 1269.92
v 40.4064 -111.541 1267.42
v 39.5415 -109.862 1254.64
v 40.4917 -108.838 1254.76
v 39.1319 -106.549 1254.95
v 40.5794 -107.378 1255.39
v 40.9773 -107.149 1256.23
v 39.636 -106.488 1257.67
v 39.6592 -105.854 1256.78
v 40.0543 -108.214 1259.15
v 41.0264 -107.491 1257.8
v 40.9075 -107.095 1257.1
v 41.2085 -105.935 1260.78
v 39.394 -105.576 1255.62
v 38.9201 -101.334 1247.47
v 41.3953 -100.965 1247.18
v 40.7528 -98.7315 1245.38
v 39.1949 -97.0616 1243.3
v 39.333 -97.4019 1251.12
v 40.5105 -96.4552 1257.62
v 40.8647 -97.6475 1257.11
v 39.2731 -94.8307 1247.89
v 39.8669 -94.5002 1249.04
v 40.1384 -94.4412 1251.8
v 39.3564 -94.4518 1254.64
v 40.7155 -94.7518 1258.35
v 41.2106 -94.7945 1257.74
v 41.2186 -94.187 1258.62
v 38.884 -92.151 1236.78
v 39.1733 -93.1346 1246.26
v 39.4173 -92.1083 1246.3
v 39.8786 -93.2982 1248.07
v 40.1292 -91.5485 1248.28
v 40.3431 -93.3658 1250.12
v 40.5359 -92.0608 1250.78
v 39.9906 -93.2209 1253.82
v 40.2204 -93.0665 1252.65
v 40.4539 -92.3018 1253.17
v 39.4588 -92.8286 1256.23
v 39.7798 -93.2489 1255.02
v 40.6651 -92.297 1254.62
v 39.3777 -91.7516 1257.14
v 41.3492 -91.465 1256.47
v 39.7567 -92.1677 1260.43
v 40.5373 -93.1573 1259.68
v 40.8408 -89.4062 1250.17
v 40.8671 -90.9372 1251.73
v 41.2183 -90.8871 1252.94
v 41.2463 -90.1909 1251.93
v 39.0541 -91.1443 1257.55
v 39.0082 -89.6952 1257.84
v 39.6963 -90.3812 1260.76
v 40.8448 -90.866 1260.57
v 41.1617 -89.6374 1260.73
v 41.0192 -87.8535 1229.74
v 41.3357 -86.7822 1239.34
v 40.8669 -87.2096 1242.55
v 39.4841 -87.9047 1247.61
v 40.4303 -88.0902 1249.28
v 40.3942 -86.6649 1249.23
v 41.3898 -87.3344 1250.21
v 39.6245 -88.1599 1257.66
v 40.2302 -86.6651 1257.15
v 40.0318 -88.0096 1260.68
v 39.2594 -84.9206 1221.9
v 38.8997 -84.2268 1231.71
v 39.1587 -84.6878 1233.7
v 41.4239 -85.1527 1238.6
v 40.5909 -86.2607 1241.18
v 40.0755 -84.598 1243.53
v 40.314 -84.9441 1249.77
v 40.5137 -84.267 1250.43
v 41.1492 -84.898 1250.53
v 41.2057 -84.2968 1250.94
v 38.6754 -84.1462 1256.25
v 40.3947 -85.6658 1256.5
v 39.3469 -84.1938 1260.03
v 40.7617 -85.7769 1260.01
v 41.2053 -84.4025 1259.18
v 39.1593 -83.1085 1211.88
v 39.4886 -83.3658 1212.67
v 40.1464 -83.9019 1216.27
v 39.6684 -83.1537 1231.97
v 39.3269 -83.9802 1234.77
v 40.6123 -81.8595 1233.52
v 40.508 -81.9057 1234.29
v 38.9926 -82.398 1236.08
v 39.6542 -82.4463 1240.27
v 39.4909 -83.5972 1242.43
v 39.5062 -82.1662 1245.55
v 39.5338 -82.8825 1252.26
v 40.3572 -83.3866 1251.49
v 39.6255 -83.5408 1254.63
v 39.4703 -82.348 1258.63
v 40.1048 -81.6065 1214.34
v 40.7848 -81.5327 1215.42
v 39.6686 -79.8528 1216.93
v 39.6082 -79.503 1218.2
v 40.0213 -79.8686 1230.39
v 40.726 -80.1304 1234.36
v 41.0412 -79.7384 1233.45
v 40.6845 -81.383 1238.56
v 38.956 -79.2165 1250.75
v 40.4581 -80.0353 1252.58
v 40.7865 -80.5778 1254.94
v 40.6655 -81.4506 1256.73
v 40.0099 -78.5989 1220.27
v 40.51 -76.7687 1221.98
v 41.2859 -77.6537 1222.28
v 38.8472 -77.5981 1224.41
v 39.865 -78.0125 1226.18
v 39.9998 -78.0682 1227.5
v 39.8474 -77.4654 1225.42
v 40.2231 -77.0442 1225.68
v 40.4995 -77.1081 1226.21
v 41.1004 -76.8117 1226.28
v 40.5336 -78.2939 1229.89
v 40.5578 -77.47 1227.74
v 40.2876 -78.8731 1230.37
v 41.0092 -78.8603 1234.26
v 38.9711 -77.4434 1235.26
v 39.607 -78.0355 1235.04
v 39.6547 -77.0482 1234.99
v 40.0717 -77.6633 1234.87
v 39.025 -77.7703 1238.89
v 39.51 -75.2879 1222.24
v 39.61 -74.6537 1222.63
v 39.91 -75.5443 1222.28
v 40.9129 -76.4693 1221.93
v 39.2084 -76.1225 1225.2
v 39.5229 -76.7739 1225.08
v 40.2198 -76.7568 1225.49
v 40.1831 -76.2102 1225.33
v 40.2006 -75.5913 1225.36
v 40.5221 -76.7559 1225.72
v 40.5128 -76.4551 1225.48
v 40.8901 -76.4637 1225.6
v 40.8029 -76.1537 1225.4
v 40.812 -75.2586 1225.33
v 40.7064 -74.5132 1225.9
v 38.9039 -74.455 1232.34
v 39.1153 -75.3335 1233.91
v 40.1396 -74.789 1232.76
v 40.5555 -75.7976 1234.62
v 38.8561 -76.7446 1235.1
v 39.5823 -76.454 1234.91
v 39.5065 -74.576 1237.2
v 40.7572 -76.1846 1234.86
v 40.8825 -75.8662 1237.11
v 41.0497 -76.7874 1234.89
v 39.639 -75.8553 1237.9
v 39.7201 -73.9956 1222.81
v 38.9956 -73.8829 1223.13
v 39.21 -72.9337 1223.98
v 40.5532 -72.0786 1224.66
v 38.9203 -72.0928 1225.29
v 39.663 -74.097 1231.22
v 41.0928 -73.8853 1230.32
v 39.9654 -72.0149 1233.87
v 40.4199 -73.4553 1235.67
v 40.8153 -72.9076 1234.88
v 41.0312 -74.4311 1236.25
v 41.1101 -74.0302 1235.89
v 41.1113 -73.5084 1235.46
v 39.5136 -71.509 1226.47
v 39.0746 -70.8894 1230.69
v 39.308 -71.1673 1232
v 42.1613 -146.928 1258.58
v 42.4873 -147.553 1258.28
v 42.364 -147.233 1258.66
v 42.8067 -147.744 1257.72
v 42.6705 -147.507 1258.63
v 42.9775 -147.943 1257.92
v 42.9413 -147.811 1258.32
v 43.2892 -148.047 1257.21
v 43.592 -147.279 1256.71
v 42.3435 -146.921 1258.95
v 42.1931 -146.616 1258.97
v 43.5366 -147.579 1259.21
v 42.0341 -145.422 1258.53
v 41.6954 -145.253 1259.21
v 41.8622 -145.423 1259.58
v 42.0121 -146.065 1258.91
v 42.2648 -146.006 1259.6
v 43.3914 -146.276 1260.78
v 42.5211 -144.544 1262.38
v 43.507 -144.864 1262.49
v 42.07 -143.716 1258.29
v 41.4564 -142.974 1264.54
v 41.4115 -141.844 1265.55
v 42.3745 -143.54 1264.19
v 42.312 -142.718 1265.07
v 42.9318 -142.115 1265.45
v 43.5038 -143.314 1264.36
v 42.9224 -140.987 1257.37
v 42.302 -141.548 1265.85
v 43.1912 -141.242 1265.87
v 41.4117 -140.491 1266.2
v 42.3759 -140.539 1266.25
v 41.4528 -135.006 1267.93
v 42.3028 -136.997 1267.19
v 43.456 -135.38 1267.61
v 41.5572 -127.869 1271.29
v 41.7305 -125.359 1259.2
v 42.641 -126.628 1260.73
v 42.5579 -126.08 1259.79
v 42.9401 -125.295 1258.93
v 43.24 -126.086 1259.79
v 41.9746 -126.91 1262.13
v 42.574 -126.934 1262.78
v 42.909 -126.927 1262.14
v 42.9357 -126.809 1263.4
v 43.5077 -126.856 1262.49
v 42.0097 -126.782 1263.66
v 42.0526 -125.91 1265.53
v 42.5277 -126.43 1264.57
v 42.9419 -126.033 1265.18
v 43.5631 -126.397 1264.27
v 41.6639 -125.052 1266.53
v 43.1781 -125.054 1266.24
v 41.5852 -124.363 1255.27
v 42.008 -123.903 1258.03
v 42.3519 -122.908 1257.35
v 43.4843 -123.578 1257.64
v 43.5726 -122.52 1257.06
v 41.9472 -122.988 1267.73
v 42.582 -124.118 1267.09
v 42.9581 -122.672 1267.53
v 42.9627 -124.549 1271.59
v 42.6099 -121.17 1256.53
v 41.9843 -121.738 1267.96
v 42.2842 -120.276 1267.65
v 43.4948 -121.153 1267.2
v 41.7324 -119.015 1256.03
v 43.4745 -119.092 1255.84
v 42.3812 -117.809 1266.66
v 43.1346 -119.648 1266.99
v 42.0926 -119.847 1271.13
v 43.1982 -116.485 1255.45
v 42.033 -115.746 1265.78
v 42.7891 -113.014 1263.32
v 41.4319 -112.867 1263.83
v 42.3998 -114.261 1264.58
v 42.7377 -114.058 1268.23
v 41.4565 -112.966 1255.14
v 42.8278 -111.214 1255.05
v 43.4629 -112.975 1255.11
v 42.095 -109.209 1255.31
v 43.0095 -109.138 1256.17
v 43.1357 -108.928 1256.8
v 43.3609 -109.015 1257.61
v 42.8438 -109.414 1259.35
v 43.3214 -109.251 1263.8
v 42.97 -105.987 1260.24
v 42.9031 -103.859 1258.17
v 40.6963 -104.188 1259.66
v 43.0121 -102.81 1248.2
v 42.5222 -100.774 1256.75
v 41.5334 -96.1495 1242.81
v 42.6547 -97.6682 1244.47
v 42.8682 -98.2117 1254.96
v 43.51 -94.7537 1241.34
v 43.7253 -94.1183 1241.44
v 43.3131 -95.4312 1252.39
v 41.71 -95.0537 1256.47
v 42.143 -95.0537 1255.58
v 42.3451 -95.0537 1254.98
v 42.5561 -94.7537 1254.38
v 42.6486 -94.8489 1255.71
v 42.6326 -94.7603 1255.09
v 43.0147 -94.397 1254.52
v 42.0275 -94.9393 1256.49
v 42.5927 -94.5776 1258.26
v 42.8478 -94.8539 1257.11
v 43.4981 -94.7139 1257.3
v 43.4637 -94.5958 1257.96
v 43.4824 -94.3302 1258.58
v 42.8736 -94.0465 1259.15
v 43.4886 -93.8985 1259.18
v 41.3758 -92.5851 1238.17
v 43.1113 -93.3346 1239.5
v 43.4403 -92.9064 1239.41
v 43.51 -92.0537 1237.77
v 42.8783 -92.0053 1243.89
v 43.335 -92.4573 1247.94
v 43.4336 -92.25 1249.61
v 43.5192 -93.3555 1250.01
v 43.515 -92.6805 1250.81
v 43.6207 -92.0744 1251.29
v 43.2193 -93.5183 1252.7
v 43.3462 -93.3187 1253
v 43.8028 -92.0127 1251.71
v 41.5943 -91.5206 1255.84
v 42.0249 -91.2974 1256.21
v 42.3296 -91.2442 1255.86
v 43.2286 -91.3413 1255.86
v 42.6561 -91.3183 1256.45
v 42.5787 -91.2002 1256.78
v 43.2536 -91.3899 1257.07
v 41.6576 -92.2949 1260.31
v 42.2868 -93.49 1259.68
v 42.6253 -92.2846 1260.36
v 43.1859 -93.5506 1259.61
v 43.1761 -92.9597 1260
v 43.1761 -91.6759 1260.5
v 43.5092 -93.2419 1259.72
v 43.7784 -92.5622 1259.74
v 43.4838 -92.2957 1260.22
v 43.2973 -90.1872 1234.3
v 43.5311 -90.9542 1237.16
v 42.7051 -90.886 1240.17
v 41.7388 -89.356 1242.41
v 42.3434 -90.4206 1245.6
v 42.3895 -89.8594 1246.31
v 43.4384 -89.9456 1248.73
v 41.4999 -89.0057 1251.12
v 43.8182 -90.3555 1249.69
v 42.2721 -89.3667 1252.71
v 42.0312 -91.0402 1255.08
v 43.0255 -90.7149 1255.03
v 43.5658 -90.9273 1255.23
v 41.2107 -90.2087 1257.39
v 41.5218 -90.8768 1257.07
v 42.0032 -91.0788 1256.78
v 42.2832 -90.1795 1257.45
v 42.2939 -90.6353 1260.75
v 42.8636 -89.6272 1260.81
v 43.1859 -90.5525 1260.72
v 43.4957 -90.8829 1260.61
v 43.7638 -90.579 1260.31
v 43.5035 -89.8834 1260.69
v 43.3938 -87.8863 1235.15
v 42.6233 -88.3812 1237.67
v 41.5972 -87.9003 1244.96
v 42.0104 -86.722 1246.21
v 42.8138 -87.8493 1247.43
v 43.401 -88.4293 1248.12
v 43.2651 -87.4889 1247.78
v 42.8118 -87.7222 1251.36
v 42.8976 -86.6958 1250.84
v 41.7086 -87.3444 1257.28
v 41.6839 -86.6296 1256.91
v 42.8976 -86.9398 1257.2
v 43.443 -87.9358 1257.85
v 41.9912 -87.2251 1260.51
v 42.2783 -88.1833 1260.72
v 43.1618 -87.2858 1260.44
v 43.4676 -88.1815 1260.6
v 42.31 -84.0967 1215.08
v 42.0622 -84.1909 1216.08
v 42.61 -84.2046 1215.68
v 42.8788 -84.3116 1216.27
v 42.9493 -84.2371 1215.98
v 43.249 -84.3741 1216.61
v 42.6366 -85.1829 1221.51
v 41.7225 -85.9696 1224.95
v 41.5304 -84.4956 1246.45
v 42.6135 -85.1957 1247.6
v 42.9027 -86.3691 1247.57
v 43.0866 -84.9417 1247.89
v 43.567 -86.3652 1247.72
v 41.4365 -86.2935 1250.23
v 42.566 -84.81 1251.2
v 42.9406 -84.7905 1251.4
v 43.1383 -85.6915 1250.89
v 42.2421 -84.4615 1253.53
v 42.5586 -84.2474 1252.01
v 42.6073 -84.4085 1251.67
v 42.5958 -84.3103 1252.61
v 42.9969 -84.6694 1253.32
v 42.9472 -84.4664 1251.98
v 42.9131 -84.4397 1252.56
v 43.5722 -84.5575 1252.55
v 42.4915 -85.9489 1256
v 43.0987 -86.3232 1260.02
v 43.1419 -85.3763 1259.41
v 41.4635 -83.8893 1214.68
v 41.71 -83.6537 1214.31
v 41.6407 -83.0001 1214.72
v 41.9102 -82.7425 1215.45
v 42.7014 -83.9537 1215.38
v 42.2778 -82.2909 1217.38
v 43.4248 -83.9413 1217.12
v 42.5835 -82.0028 1219.98
v 43.7198 -83.8979 1218.16
v 43.1347 -81.3823 1223.77
v 43.1451 -81.8404 1227.34
v 43.1483 -83.9685 1235.66
v 42.1926 -82.5592 1248.58
v 42.5916 -83.5088 1248.23
v 42.681 -82.4871 1248.94
v 43.558 -81.7564 1249.87
v 41.9266 -83.8912 1251.69
v 41.9048 -83.8283 1252.37
v 42.0363 -81.6536 1255.58
v 41.7307 -83.6407 1258.34
v 41.7499 -82.46 1257.08
v 42.5135 -80.7842 1222.17
v 42.7166 -80.0748 1228.14
v 42.6795 -79.6987 1227.82
v 42.7295 -79.7537 1228.58
v 42.9156 -79.4153 1228.07
v 43.2243 -79.5986 1228.88
v 43.1045 -80.9784 1230.32
v 43.21 -80.3537 1230.54
v 43.5638 -80.168 1230.48
v 43.2514 -80.4837 1236.09
v 43.7176 -81.5606 1234.96
v 43.7276 -80.9365 1235.21
v 43.8096 -80.0189 1236.08
v 41.978 -81.3923 1249.73
v 41.2635 -80.4272 1251.44
v 41.7325 -80.9625 1254.33
v 42.0869 -77.9513 1222.65
v 43.1335 -77.5494 1222.05
v 43.1573 -76.9972 1221.43
v 43.5023 -77.19 1221.73
v 43.6777 -77.2795 1222.35
v 41.9186 -78.2537 1222.88
v 42.31 -78.5537 1223.47
v 42.596 -78.2671 1223.5
v 43.1554 -77.9985 1222.99
v 43.5415 -77.9048 1223.39
v 43.1936 -78.7146 1225.99
v 43.5033 -77.2134 1227.31
v 43.4979 -79.1082 1227.73
v 41.7868 -77.9402 1230.3
v 41.5364 -78.8186 1232.91
v 41.5176 -78.892 1233.67
v 41.9571 -78.5643 1232.47
v 41.9507 -78.5603 1233.1
v 41.6589 -78.1822 1234.04
v 41.6933 -77.343 1234.58
v 42.0039 -78.3082 1233.69
v 42.4017 -77.3804 1234.28
v 42.6209 -78.3432 1233.12
v 42.6755 -77.9612 1233.76
v 41.8117 -77.645 1237.17
v 42.2628 -78.5896 1237.04
v 42.3904 -77.2974 1236.95
v 42.7432 -79.165 1236.8
v 42.8617 -78.0756 1236.92
v 41.3492 -75.2452 1221.53
v 42.0519 -75.8121 1221.23
v 42.3774 -74.6696 1221.02
v 43.0612 -76.4558 1221.1
v 43.51 -76.5568 1221.08
v 43.7584 -76.6508 1221.73
v 43.4464 -75.2872 1220.63
v 43.4682 -74.6682 1220.58
v 41.4022 -75.8758 1225.2
v 42.1141 -75.8352 1224.83
v 42.0275 -74.9387 1224.95
v 43.3988 -76.4705 1224.15
v 43.4336 -75.2528 1223.48
v 43.4628 -74.6553 1223.74
v 41.4229 -76.3885 1225.59
v 41.8367 -76.662 1226.13
v 42.0856 -74.4323 1225.51
v 42.8975 -76.6444 1225.36
v 41.7699 -76.4776 1234.76
v 41.5642 -74.908 1233.35
v 41.9664 -75.8508 1234.55
v 42.5782 -75.1742 1233.72
v 43.1622 -76.7108 1234.27
v 43.1706 -75.8589 1234.12
v 43.3785 -74.7211 1233.06
v 41.7434 -76.4513 1236.92
v 41.7126 -75.2715 1236.53
v 42.6902 -76.0635 1236.81
v 42.6309 -74.8944 1236.49
v 41.678 -74.0614 1221.55
v 41.6035 -73.1809 1222.06
v 42.2102 -72.5255 1222.39
v 42.8513 -73.1599 1221.39
v 43.1853 -73.7751 1220.9
v 43.2448 -72.4764 1221.99
v 43.4767 -74.3543 1220.62
v 43.4974 -73.1687 1221.16
v 41.6053 -74.1877 1226.51
v 42.58 -74.1958 1225.95
v 42.0543 -74.0359 1228.67
v 43.1905 -74.0722 1230.36
v 41.7143 -72.5872 1234.7
v 41.4445 -74.3804 1236.09
v 41.5657 -73.8607 1235.78
v 43.4546 -72.884 1235.62
v 43.0991 -71.9399 1223.27
v 41.4342 -71.5116 1226.13
v 42.2116 -70.8989 1229.54
v 42.8613 -71.134 1228.43
v 41.4091 -71.1845 1232.17
v 42.479 -70.8906 1231.01
v 43.5595 -70.9888 1231.02
v 41.4311 -71.6766 1233.33
v 42.8974 -71.465 1233.41
v 43.2003 -71.136 1232.47
v 45.2878 -148.454 1253.48
v 45.1146 -147.938 1253.3
v 45.31 -148.504 1252.88
v 45.4626 -148.454 1252.58
v 45.7302 -147.904 1252.1
v 45.61 -148.583 1252.58
v 43.9302 -148.339 1256.33
v 43.8146 -148.271 1257.15
v 43.8356 -147.927 1258.52
v 44.6811 -148.221 1257.04
v 44.3891 -146.882 1260.22
v 44.6788 -147.404 1259.45
v 45.1009 -147.614 1258.59
v 46.0032 -146.85 1258.91
v 45.8725 -146.251 1259.94
v 43.8991 -142.516 1256.54
v 44.7081 -143.93 1263.21
v 43.841 -141.806 1265.35
v 44.713 -142.907 1264.17
v 45.617 -141.169 1254.25
v 45.4945 -139.948 1265.56
v 44.1636 -139.666 1266.24
v 44.4767 -137.903 1255.54
v 45.3212 -132.939 1254.02
v 43.8323 -130.956 1269.68
v 45.883 -129.429 1254.49
v 43.7236 -127.373 1271.18
v 44.893 -127.912 1270.76
v 43.8415 -126.482 1260.65
v 44.1967 -125.93 1259.78
v 44.081 -125.477 1259.19
v 45.0132 -125.836 1260.12
v 45.0032 -125.177 1259.2
v 45.5926 -125.87 1260.97
v 45.6337 -125.277 1259.77
v 45.9064 -125.416 1260.39
v 43.8011 -126.736 1261.58
v 44.0766 -126.63 1263.1
v 44.6656 -126.51 1262.21
v 45.0057 -126.252 1261.26
v 45.6056 -125.961 1261.6
v 45.8901 -125.668 1262.73
v 45.9981 -125.625 1261.31
v 44.0835 -125.604 1265.23
v 44.9887 -126.049 1263.63
v 45.0028 -125.538 1264.57
v 46.1304 -125.072 1263.68
v 45.8194 -126.717 1270.74
v 45.3978 -124.449 1254.12
v 44.391 -124.698 1258.54
v 44.9939 -122.744 1257.37
v 45.3082 -124.38 1258.57
v 45.9185 -123.276 1258.05
v 44.9979 -124.486 1265.65
v 45.7099 -123.563 1265.45
v 46.0138 -124.434 1264.57
v 43.7746 -123.853 1266.81
v 44.1185 -124.72 1266.1
v 44.1323 -122.661 1266.94
v 44.6957 -123.826 1266.28
v 45.0491 -122.915 1266.27
v 44.2664 -124.279 1271.19
v 43.7522 -122.205 1253.55
v 44.3446 -120.839 1256.4
v 45.2989 -121.196 1256.71
v 45.6627 -121.997 1265.74
v 44.7382 -121.689 1266.46
v 45.1532 -118.759 1252.49
v 45.2966 -119.849 1256.23
v 44.7074 -119.281 1265.73
v 45.232 -118.591 1268.78
v 44.9382 -117.231 1255.54
v 45.5705 -116.449 1255.64
v 44.6077 -115.8 1264.13
v 44.7225 -113.632 1255.44
v 45.1133 -113.938 1262.54
v 44.356 -111.839 1255.61
v 44.6992 -111.224 1256.19
v 44.7266 -110.638 1256.81
v 45.7965 -111.651 1257.71
v 45.8834 -112.151 1257.06
v 43.6737 -111.114 1260.89
v 45.1678 -111.978 1260.7
v 45.438 -111.284 1259.21
v 44.9106 -112.609 1266.05
v 43.7313 -109.553 1258.56
v 44.7694 -110.373 1257.73
v 45.8675 -108.436 1261.46
v 44.0213 -106.948 1260.98
v 44.6792 -103.405 1256.02
v 44.9303 -105.691 1258.57
v 44.5877 -101.673 1254.69
v 43.7424 -98.8976 1245.5
v 44.9735 -98.9246 1245.32
v 45.1511 -99.5606 1245.83
v 45.4218 -99.2537 1245.68
v 45.5878 -98.9961 1246.12
v 45.3832 -100.847 1246.64
v 45.8138 -100.241 1246.46
v 45.4987 -99.9009 1246.04
v 45.5836 -99.5551 1245.92
v 45.6499 -99.5567 1246
v 45.8101 -99.5566 1246.69
v 44.3526 -98.9704 1253.26
v 44.295 -97.1937 1243.84
v 44.7997 -97.4327 1244.13
v 45.2149 -97.9971 1245.12
v 44.5265 -96.5842 1249.9
v 43.9188 -95.4891 1242.2
v 44.3469 -95.7269 1243.61
v 43.7247 -94.5963 1256.11
v 44.1943 -94.1227 1255.52
v 43.798 -94.4299 1258
v 44.0175 -93.9987 1257.85
v 44.0977 -94.3725 1256.73
v 43.8663 -93.709 1258.82
v 43.81 -91.5792 1255.88
v 43.7683 -91.7208 1256.19
v 44.1843 -92.0372 1256.21
v 44.1016 -91.7554 1255.88
v 44.1319 -91.3826 1255.46
v 44.397 -93.2266 1254.15
v 44.5905 -93.0711 1254.67
v 44.4127 -92.4405 1255.93
v 44.3873 -92.0198 1255.77
v 44.5891 -91.6908 1255.19
v 44.0564 -92.0402 1257.07
v 44.2857 -92.3969 1256.56
v 44.1958 -92.4333 1257.43
v 44.0723 -91.7015 1257.96
v 43.6976 -89.0351 1231.88
v 44.0331 -89.0537 1232.18
v 43.9529 -89.3537 1233.38
v 43.953 -89.5854 1249.06
v 45.0477 -90.2904 1250.74
v 45.6551 -90.0877 1251.14
v 45.7286 -90.0932 1251.61
v 45.5109 -89.4837 1249.91
v 45.8276 -89.0336 1249.49
v 46.0321 -89.0448 1250.25
v 45.2117 -89.7291 1253.54
v 44.8908 -89.4966 1253.54
v 44.91 -88.955 1252.93
v 45.3477 -89.8489 1253.24
v 45.5742 -89.0134 1252.46
v 45.261 -88.7063 1252.51
v 45.2897 -89.0744 1252.96
v 43.8892 -90.4504 1258.22
v 44.1019 -90.8185 1258.68
v 44.41 -87.3264 1227.38
v 44.908 -86.8191 1226.76
v 44.7495 -86.8557 1227.57
v 44.11 -87.9779 1229.18
v 44.5998 -87.2537 1227.98
v 44.207 -88.6445 1231.06
v 44.154 -87.9732 1231.97
v 44.9561 -86.997 1247.89
v 45.5044 -88.483 1248.72
v 45.7904 -87.8523 1248.39
v 45.8607 -86.5972 1248.01
v 43.7895 -87.7342 1251.68
v 44.4244 -86.6026 1251.01
v 45.5412 -87.0429 1250.94
v 45.9682 -87.3744 1250.5
v 43.7932 -87.0026 1257.63
v 43.823 -86.3812 1256.88
v 44.1927 -87.9179 1258.54
v 44.1783 -86.9167 1257.93
v 44.3891 -86.7008 1258.32
v 44.0031 -87.6578 1259.98
v 43.7687 -87.2232 1260.25
v 43.7494 -84.752 1217.91
v 43.9014 -84.5537 1217.48
v 44.1514 -84.8665 1218.16
v 44.163 -84.5537 1218.44
v 44.41 -85.2942 1219.58
v 44.41 -84.935 1219.28
v 44.71 -85.4701 1219.88
v 44.1305 -85.4217 1220.57
v 44.4366 -84.4396 1220.45
v 44.6094 -85.8868 1222.21
v 44.71 -85.7537 1221.58
v 44.8984 -85.7537 1221.98
v 44.9326 -85.4537 1221.38
v 44.9475 -85.478 1221.98
v 44.7618 -85.1514 1220.55
v 44.8773 -85.1442 1221.74
v 45.01 -85.6912 1221.68
v 45.01 -85.7537 1222.52
v 45.0538 -85.429 1225.01
v 44.9513 -85.9574 1227.54
v 44.4487 -84.7145 1229.42
v 44.2193 -84.7076 1232.07
v 44.6432 -84.2469 1248.23
v 44.945 -86.3 1247.83
v 45.794 -85.4077 1248.13
v 44.0764 -84.8551 1251.67
v 44.6849 -85.4627 1251.18
v 45.5743 -86.3689 1250.74
v 45.6585 -85.7316 1250.83
v 45.9762 -86.4016 1250.39
v 45.9163 -85.7016 1250.56
v 44.6505 -84.4876 1252.62
v 45.4521 -84.5984 1251.71
v 45.7925 -84.3459 1251.54
v 44.6628 -84.876 1254.56
v 45.31 -84.2537 1254.23
v 44.0004 -84.7812 1258.54
v 44.6701 -85.7537 1257.08
v 44.4061 -85.8115 1258.78
v 44.7551 -84.2636 1257.31
v 44.073 -86.0295 1259.48
v 44.1263 -83.3646 1222.89
v 43.9723 -83.1952 1232.03
v 43.7555 -82.4221 1249.19
v 44.3527 -83.3211 1248.65
v 45.8402 -83.9522 1248.75
v 44.2449 -81.5489 1250.8
v 44.9731 -82.4968 1249.59
v 45.5735 -82.3082 1250.48
v 45.5611 -82.0952 1251.37
v 46.1376 -83.1581 1250.59
v 45.9694 -82.4901 1251.02
v 45.4784 -83.9738 1253.1
v 45.5481 -82.9127 1253.84
v 45.5323 -82.1116 1252.29
v 45.9142 -82.4646 1251.77
v 43.7606 -82.6298 1256.11
v 43.9496 -81.7232 1254.13
v 44.6753 -83.1363 1256.15
v 44.9381 -82.4801 1254.75
v 45.2643 -82.8041 1254.84
v 45.2743 -82.4221 1254.04
v 43.7461 -83.3417 1257.11
v 44.0607 -79.4873 1229.45
v 44.1049 -80.3005 1231.27
v 44.4109 -80.4635 1232.22
v 44.5478 -79.9564 1231.48
v 44.7236 -80.0365 1232.28
v 43.86 -81.2315 1233.56
v 43.8308 -80.7229 1232.38
v 44.4058 -80.681 1233.67
v 44.6911 -80.5382 1234.32
v 44.865 -80.3477 1233.36
v 44.9948 -80.3495 1234.27
v 45.0996 -80.0191 1233.89
v 43.8136 -80.9662 1234.95
v 43.8164 -80.8428 1235.18
v 44.0429 -80.6541 1235.1
v 43.8172 -80.6246 1235.39
v 44.1127 -79.4082 1236.39
v 44.4513 -80.068 1235.73
v 44.709 -79.4618 1236.14
v 44.9755 -80.2532 1234.9
v 45.2489 -79.7281 1235.5
v 45.4569 -79.3548 1235.09
v 44.4037 -81.5555 1252.89
v 44.5904 -81.5316 1251.74
v 43.892 -77.0537 1223.78
v 43.7911 -78.6691 1227.01
v 43.9938 -77.3264 1225.53
v 43.79 -77.1235 1225.88
v 44.2154 -77.6537 1227.08
v 44.1004 -77.4504 1227.16
v 44.2092 -77.3537 1226.78
v 43.6942 -77.5091 1228.58
v 44.2519 -77.6659 1228.24
v 44.08 -77.536 1228.23
v 44.1127 -77.7103 1228.8
v 44.3931 -78.3091 1229.16
v 43.7863 -78.2384 1230.55
v 44.5505 -78.8741 1230.49
v 44.6351 -78.8347 1231.08
v 44.2722 -78.578 1231.55
v 44.4355 -78.5295 1230.6
v 44.3259 -78.4983 1232.49
v 44.9598 -79.1653 1232.5
v 44.7197 -78.5809 1232.48
v 44.6313 -77.0091 1233.95
v 44.7837 -77.95 1233.5
v 45.3622 -77.9801 1233.93
v 45.2859 -77.0537 1234.05
v 44.4409 -78.5128 1236.67
v 44.9873 -78.8426 1236.39
v 45.5604 -78.8633 1236.07
v 45.5745 -77.7097 1236.63
v 45.4184 -77.1873 1236.82
v 45.9617 -77.3465 1236.3
v 45.9838 -77.0537 1236.68
v 43.924 -75.5506 1221.13
v 43.81 -75.2537 1220.64
v 43.8009 -74.6353 1220.53
v 44.1 -74.522 1220.84
v 44.306 -74.6732 1222.48
v 44.0607 -75.8537 1222.88
v 43.8206 -74.9644 1223.27
v 44.2135 -74.9281 1222.92
v 43.8405 -75.2342 1233.68
v 44.2681 -74.3858 1232.53
v 44.6235 -75.8794 1233.96
v 44.6861 -74.668 1233.25
v 45.2891 -75.9063 1234.08
v 45.2535 -75.2269 1233.87
v 45.2932 -74.5328 1233.4
v 45.6551 -76.4223 1234.64
v 45.6043 -75.2018 1234.24
v 44.6429 -74.6812 1236.82
v 45.1193 -75.3822 1236.95
v 45.5614 -74.6705 1236.87
v 45.91 -76.1537 1236.92
v 45.91 -74.6537 1236.83
v 43.7882 -74.0504 1220.63
v 43.7989 -73.6457 1220.8
v 44.1426 -73.7701 1220.8
v 44.318 -73.7493 1221.18
v 44.0806 -73.1309 1221.17
v 44.0899 -72.4434 1222
v 44.3976 -73.154 1221.37
v 44.4344 -72.5809 1221.97
v 44.7029 -72.5537 1222.58
v 44.4038 -72.2359 1222.59
v 43.8334 -72.0397 1222.88
v 44.1049 -74.3671 1223.52
v 43.9789 -74.0462 1224.4
v 44.4034 -74.2095 1223.17
v 44.5214 -73.7483 1224.24
v 44.397 -72.0469 1223.18
v 44.7826 -72.2537 1223.18
v 45.0808 -73.3731 1226.91
v 44.8681 -73.769 1229.27
v 45.317 -73.4537 1229.18
v 45.4134 -72.3365 1228.56
v 45.0663 -74.0538 1232.18
v 45.31 -73.7847 1230.08
v 45.2719 -74.2709 1233.07
v 45.5943 -74.3483 1233.68
v 45.61 -73.7537 1232.96
v 45.8427 -72.3421 1232.95
v 43.6815 -72.3103 1235.07
v 44.3679 -73.5174 1236.3
v 44.6606 -72.8347 1235.84
v 45.3064 -73.17 1236.15
v 45.2862 -72.7446 1235.73
v 45.5607 -74.319 1236.76
v 45.5526 -73.7414 1236.52
v 45.5666 -72.5464 1235.38
v 46.1432 -74.5123 1236.33
v 45.8885 -73.7638 1236.45
v 46.0939 -73.4623 1236.05
v 46.0328 -73.0139 1235.05
v 45.8776 -72.8844 1235.66
v 45.8384 -72.5129 1235.07
v 44.2753 -71.874 1224.27
v 43.8145 -71.159 1229.53
v 45.1474 -71.869 1228.62
v 45.2246 -71.5754 1230.9
v 44.1526 -71.2284 1232.54
v 44.4306 -71.9169 1234.54
v 45.2712 -71.7528 1233.65
v 45.2177 -71.534 1232.43
v 45.7702 -71.9862 1233.01
v 47.768 -149.617 1246.64
v 48.2168 -149.984 1245.61
v 48.1564 -149.656 1245.43
v 48.2351 -148.956 1245.52
v 48.6331 -150.532 1245.64
v 48.3563 -149.342 1245.03
v 47.7994 -149.949 1246.83
v 47.6075 -149.848 1248.79
v 46.3998 -149.054 1249.88
v 47.9908 -149.3 1250.61
v 46.1701 -148.491 1253.58
v 47.2995 -147.97 1253.66
v 47.4525 -145.387 1258.67
v 46.1625 -142.217 1263.57
v 47.2767 -142.696 1261.94
v 47.8159 -139.106 1264.1
v 47.2987 -136.386 1251.66
v 46.3697 -132.976 1267.79
v 48.14 -134.558 1266.61
v 47.9915 -131.917 1252.51
v 46.2282 -130.088 1269.26
v 48.0201 -128.639 1253.41
v 46.4916 -127.819 1270.15
v 47.6775 -128.887 1268.98
v 46.3919 -126.406 1254.28
v 46.5209 -124.976 1260.74
v 46.6226 -125.032 1262.15
v 46.5351 -125.001 1262.82
v 47.3285 -125.91 1269.96
v 47.4112 -126.926 1269.87
v 48.2262 -126.157 1269.17
v 47.87 -123.771 1253.26
v 46.814 -123.073 1258.65
v 46.1493 -124.351 1259.15
v 46.5863 -124.438 1259.8
v 47.1656 -124.136 1260.66
v 47.3972 -123.287 1259.8
v 47.6933 -123.169 1260.72
v 47.1173 -124.356 1261.82
v 47.2121 -123.914 1262.76
v 47.2543 -123.255 1263.35
v 47.6281 -123.259 1262.17
v 47.9148 -122.587 1261.56
v 46.4162 -122.642 1264.89
v 46.732 -124.155 1263.66
v 46.7623 -123.289 1264.25
v 47.123 -122.59 1263.9
v 46.074 -124.003 1270.36
v 48.1132 -124.458 1268.93
v 46.0771 -121.664 1253.14
v 46.4541 -122.296 1257.78
v 47.3852 -121.947 1258.53
v 47.8158 -122.32 1259.73
v 48.2026 -121.248 1260.41
v 48.0761 -120.253 1258.93
v 48.332 -120.148 1260.61
v 47.6871 -121.124 1263.02
v 47.7733 -122.36 1262.5
v 48.1213 -121.398 1261.59
v 46.1351 -120.307 1264.94
v 47.0975 -121.108 1264.01
v 46.4621 -117.932 1256.21
v 46.7658 -120.007 1256.94
v 47.3524 -118.685 1257.08
v 47.6193 -119.675 1257.71
v 47.8337 -117.901 1257.75
v 48.2947 -118.466 1259.2
v 47.6018 -119.065 1262.75
v 48.1452 -119.362 1261.58
v 46.7625 -118.588 1263.71
v 46.5034 -116.323 1256.16
v 47.1945 -116.475 1256.81
v 47.7287 -116.346 1257.69
v 47.7058 -115.398 1258.28
v 47.8056 -115.515 1259.79
v 48.2008 -117.381 1260.11
v 48.149 -116.93 1259.11
v 46.1947 -116.675 1263.38
v 46.9411 -115.477 1261.88
v 47.4419 -117.231 1262.22
v 47.4512 -115.73 1261.23
v 47.9023 -117.275 1261.28
v 46.1675 -115.125 1256.04
v 46.1134 -113.527 1256.46
v 46.909 -114.929 1256.82
v 46.8957 -113.632 1257.65
v 47.0822 -113.583 1258.64
v 46.286 -113.015 1260.6
v 46.9034 -114.027 1260.72
v 46.8888 -113.363 1259.79
v 47.2958 -114.286 1260.07
v 46.1574 -114.282 1261.94
v 46.2216 -112.162 1259.14
v 46.1507 -110.03 1250.95
v 47.71 -105.254 1248.76
v 47.8392 -103.674 1249.09
v 47.9928 -104.586 1248.83
v 46.3233 -104.037 1255.09
v 46.21 -102.554 1247.52
v 46.5408 -102.545 1247.97
v 47.4208 -101.72 1250.96
v 46.7303 -101.552 1252.75
v 46.1754 -99.5329 1249.97
v 46.2024 -88.0926 1249.05
v 46.1652 -87.1814 1248.32
v 46.2754 -87.1693 1248.76
v 46.1913 -85.7732 1248.23
v 46.3077 -85.4426 1248.84
v 46.2749 -84.6288 1248.66
v 46.3109 -84.2223 1249.03
v 46.1388 -83.2792 1249.64
v 49.8889 -149.064 1241.5
v 50.1279 -149.671 1241.6
v 50.4068 -149.065 1240.72
v 48.855 -149.881 1244.18
v 49.2425 -150.499 1244.24
v 49.3283 -149.154 1242.91
v 50.1638 -150.986 1243.89
v 50.3906 -150.404 1242.15
v 48.6251 -150.665 1246.58
v 50.5692 -150.928 1246.08
v 48.5463 -150.524 1247.4
v 50.6627 -149.517 1247.83
v 50.0117 -148.455 1241.17
v 49.8441 -147.992 1241.64
v 50.0896 -147.089 1241.35
v 50.937 -148.762 1240.03
v 48.8998 -148.438 1244.21
v 48.901 -148.553 1250.9
v 50.4005 -146.027 1241.61
v 49.2327 -145.776 1253.85
v 49.5326 -144.413 1244.13
v 49.7686 -143.495 1244.08
v 50.7603 -143.449 1243.39
v 49.518 -143.56 1256.83
v 49.2876 -142.268 1259.21
v 50.5984 -139.604 1246.66
v 49.1673 -140.242 1247.96
v 50.7958 -139.312 1259.55
v 49.2994 -135.537 1250.14
v 49.3216 -135.993 1265.08
v 50.762 -135.68 1263.54
v 50.2513 -133.712 1265.34
v 48.4908 -130.374 1267.71
v 49.0447 -127.918 1267.94
v 50.6357 -120.616 1264.99
v 49.9366 -117.083 1252.17
v 48.9499 -111.325 1262.25
v 49.5166 -109.91 1260.18
v 50.2676 -106.243 1249.24
v 48.8978 -106.281 1249.34
v 48.6007 -105.255 1249.07
v 48.9826 -104.639 1249.32
v 49.2587 -105.558 1249.19
v 50.7516 -105.556 1249.14
v 50.1757 -103.877 1250.73
v 49.0669 -103.67 1253.17
v 50.6524 -103.823 1251.85
v 48.8523 -103.12 1250.95
v 48.643 -102.717 1251.7
v 51.3312 -151.151 1244.15
v 52.51 -149.054 1239.2
v 51.0202 -150.65 1241.77
v 50.9776 -150.125 1240.95
v 51.009 -149.635 1240.39
v 51.3516 -149.31 1239.85
v 51.5838 -150.223 1240.58
v 51.633 -149.65 1239.9
v 51.9367 -150.497 1240.96
v 52.2552 -149.92 1240.06
v 52.7434 -150.841 1241.86
v 51.3745 -150.875 1242.11
v 52.4242 -151.04 1242.72
v 52.4247 -151.048 1243.42
v 53.1059 -150.859 1242.09
v 53.1159 -150.887 1242.67
v 53.1048 -150.733 1243.3
v 51.6125 -150.722 1245.46
v 51.61 -148.454 1239.41
v 51.01 -147.854 1239.95
v 52.6883 -146.445 1247.61
v 53.2463 -142.801 1243.38
v 51.8486 -144.035 1251.26
v 51.0208 -142.779 1253.97
v 52.4277 -141.512 1252.68
v 52.897 -133.198 1249.87
v 51.8485 -131.003 1251.23
v 52.5408 -128.711 1251.31
v 51.4725 -128.887 1265.25
v 51.7492 -123.76 1251.91
v 51.6015 -118.867 1252.11
v 51.9726 -116.29 1251.72
v 50.9956 -109.029 1250.24
v 52.9516 -107.232 1248.88
v 53.0856 -106.468 1248.6
v 51.0576 -107.781 1255.81
v 53.0834 -105.598 1248.78
v 51.0924 -104.947 1249.49
v 52.1685 -104.702 1249.89
v 53.0207 -104.725 1250.19
v 53.3478 -150.613 1241.44
v 53.7253 -149.94 1240.54
v 54.0091 -150.358 1241.46
v 54.5984 -149.957 1241.77
v 54.625 -149.668 1240.88
v 55.2602 -149.25 1241.78
v 55.4396 -149.007 1241.19
v 53.7086 -150.618 1242.06
v 53.9951 -150.376 1242.41
v 54.1276 -149.694 1243.3
v 54.85 -149.514 1242.41
v 54.91 -148.154 1239.51
v 54.8888 -148.758 1240.02
v 55.4981 -148.423 1240.33
v 55.2551 -148.131 1239.79
v 55.3031 -147.096 1240.12
v 55.3033 -142.111 1243.22
v 53.9853 -143.116 1249.08
v 53.518 -139.821 1245.05
v 55.3554 -138.894 1250.94
v 54.404 -136.164 1247.31
v 54.595 -135.615 1255.71
v 54.6359 -133.978 1248.57
v 54.1638 -133.015 1260.31
v 53.5269 -131.751 1250.2
v 54.7032 -129.991 1249.94
v 55.3142 -129.287 1261.03
v 54.069 -123.411 1261.35
v 54.3907 -120.003 1261.18
v 53.8034 -118.96 1251.3
v 54.039 -115.983 1251.03
v 54.4923 -116.053 1260.79
v 53.2117 -114.833 1261.31
v 55.2059 -115.192 1259.74
v 55.1381 -114.427 1259.08
v 53.3313 -112.16 1250.59
v 54.7729 -110.031 1249.44
v 53.935 -110.392 1255.62
v 54.5888 -109.001 1254.16
v 54.3321 -106.482 1248.26
v 54.9232 -106.19 1248.38
v 55.6281 -106.187 1248.69
v 55.1169 -106.435 1251.59
v 55.5495 -105.839 1249.57
v 53.6168 -105.171 1249.29
v 54.297 -105.217 1250.24
v 54.8368 -105.51 1249.3
v 56.0387 -147.558 1240.26
v 55.9317 -147.254 1239.98
v 55.9862 -146.635 1240.25
v 56.349 -147.829 1241.49
v 56.4768 -147.594 1241.15
v 56.4481 -147.263 1240.58
v 56.7725 -147.088 1241.59
v 56.8114 -146.873 1240.96
v 56.7663 -146.484 1240.67
v 56.4408 -147.5 1242.17
v 57.2535 -144.643 1241.17
v 57.4874 -144.771 1241.51
v 56.3601 -146.418 1243.95
v 57.2341 -143.42 1241.66
v 57.5923 -143.682 1241.69
v 57.6183 -143.04 1241.76
v 57.5205 -142.024 1242.31
v 58.0203 -143.994 1242.63
v 57.9266 -143.179 1242.11
v 58.1404 -143.229 1244.32
v 57.9431 -142.467 1242.16
v 56.6288 -143.71 1246.07
v 57.8776 -140.848 1242.76
v 57.4311 -140.638 1247.45
v 56.7777 -136.852 1245.45
v 56.6776 -134.626 1246.86
v 56.2092 -136.394 1252.1
v 57.8896 -133.269 1246.58
v 56.1143 -132.466 1248.33
v 56.6988 -134.092 1253.67
v 58.0213 -134.169 1252.05
v 57.825 -133.1 1252.99
v 56.8208 -133.389 1254.45
v 57.621 -132.156 1254.15
v 57.1127 -130.589 1256.87
v 56.5982 -129.497 1248.8
v 57.3736 -126.934 1258.4
v 56.5748 -119.207 1257.69
v 56.5734 -117.963 1258.11
v 57.9069 -116.476 1248.78
v 55.7368 -116.428 1250.31
v 56.9989 -118.074 1249.49
v 56.5627 -116.339 1258.24
v 56.5335 -115.437 1258.06
v 57.0072 -115.481 1257.16
v 56.0637 -116.197 1258.97
v 57.0165 -113.038 1249.03
v 56.6382 -114.464 1249.62
v 56.3066 -113.228 1255.82
v 57.8498 -115.068 1254.48
v 57.6686 -114.231 1254.56
v 56.6873 -114.559 1257.08
v 55.9622 -112.734 1249.7
v 58.0875 -112.141 1252.92
v 56.7467 -112.518 1254.54
v 55.9377 -110.415 1248.96
v 55.7322 -108.389 1248.1
v 56.6951 -109.205 1247.79
v 56.5269 -108.19 1247.68
v 57.6652 -108.611 1251.24
v 56.7626 -107.433 1248.01
v 56.755 -106.754 1248.97
v 56.1474 -106.431 1250.46
v 56.7788 -106.704 1249.58
v 58.234 -141.211 1242.67
v 58.1988 -140.255 1242.91
v 58.5589 -139.803 1243.08
v 58.2216 -139.66 1243.13
v 59.2755 -140.434 1243.72
v 59.5363 -140.966 1244.47
v 59.7169 -137.936 1243.47
v 59.2632 -138.367 1248.23
v 59.9367 -138.981 1247.05
v 60.3746 -137.862 1247.43
v 59.6179 -136.318 1243.74
v 60.1019 -135.821 1243.78
v 59.9983 -134.451 1244.27
v 59.4431 -136.144 1249.58
v 59.2164 -134.364 1244.78
v 60.2969 -132.531 1245.15
v 58.7691 -133.024 1251.6
v 59.0421 -131.21 1246.44
v 59.2117 -128.384 1247.05
v 59.9035 -127.426 1251.32
v 60.3729 -126.036 1246.27
v 60.1702 -125.566 1251.43
v 59.2198 -126.171 1254.35
v 60.386 -122.968 1246.56
v 58.2047 -124.124 1248.23
v 59.0186 -122.245 1247.69
v 59.6674 -123.708 1252.6
v 59.5821 -120.349 1252.71
v 58.8649 -120.568 1254.58
v 59.1402 -118.527 1253.11
v 60.0689 -119.007 1251.94
v 58.7242 -115.71 1247.74
v 59.4126 -117.509 1246.97
v 58.4474 -117.605 1253.71
v 58.7632 -116.756 1253.03
v 59.3982 -116.893 1252.29
v 60.228 -113.105 1245.43
v 58.4932 -114.014 1253.15
v 58.6577 -110.952 1246.82
v 59.519 -111.189 1251.22
v 60.3057 -112.548 1250.87
v 59.1847 -110.245 1246.72
v 58.1633 -109.143 1247.17
v 58.1129 -108.128 1248.11
v 58.5498 -108.914 1247.46
v 58.7386 -108.519 1248.7
v 59.7347 -110.393 1246.86
v 59.6722 -109.883 1247.5
v 60.0075 -110.069 1248.13
v 58.2466 -108.258 1250.14
v 59.3173 -109.219 1249.29
v 59.6272 -110.267 1250.42
v 60.1664 -110.431 1249.27
v 60.9885 -137.471 1244.13
v 60.5466 -139.003 1245.94
v 61.6661 -137.18 1245.44
v 61.1977 -135.764 1244.33
v 61.7066 -136.832 1244.76
v 62.0176 -136.135 1245.39
v 61.9022 -135.5 1245.11
v 61.9193 -135.573 1246.32
v 62.0702 -135.197 1245.73
v 60.6008 -134.412 1244.26
v 60.5988 -133.48 1244.65
v 60.9346 -133.772 1244.7
v 60.9044 -132.77 1244.97
v 61.3198 -132.847 1245.1
v 61.215 -132.264 1245.13
v 61.6329 -133.825 1245.34
v 61.9553 -133.814 1245.95
v 61.8177 -133.146 1245.66
v 62.0022 -133.078 1245.99
v 62.0836 -132.01 1245.41
v 61.4488 -133.899 1247.98
v 61.9847 -133.631 1247.06
v 60.5863 -130.302 1246.01
v 61.2093 -131.642 1245.29
v 61.5391 -131.907 1245.17
v 61.7688 -130.675 1245.29
v 62.3974 -130.67 1245.26
v 62.7212 -131.054 1245.98
v 62.7847 -130.752 1246.61
v 62.0562 -131.238 1247.85
v 60.9075 -129.567 1246.01
v 61.9626 -129.108 1245.31
v 62.0625 -127.449 1245.14
v 62.3972 -129.013 1245.12
v 62.3949 -128.084 1245
v 62.4081 -127.394 1245.01
v 62.7009 -128.97 1245.23
v 62.7101 -128.053 1245.01
v 60.5054 -128.562 1249.89
v 62.0118 -126.383 1245.26
v 62.387 -125.68 1245.33
v 62.7393 -126.923 1245.19
v 61.1494 -125.735 1249.64
v 61.8094 -124.195 1245.77
v 61.7932 -122.888 1245.87
v 62.3924 -123.925 1245.85
v 62.3833 -122.898 1246.04
v 62.7252 -122.845 1246.52
v 62.0151 -123.557 1248.66
v 62.6449 -123.449 1247.5
v 62.9746 -124.729 1246.89
v 60.8319 -122.79 1250.4
v 61.1907 -120.579 1245.75
v 62.1271 -121.001 1245.72
v 62.7891 -120.604 1246.63
v 61.9628 -121.84 1248.94
v 62.1503 -120.178 1249.15
v 62.4568 -121.141 1248.05
v 61.742 -119.013 1245.25
v 62.1267 -118.827 1245.25
v 62.7781 -118.968 1245.96
v 62.8805 -119.315 1247.54
v 61.3411 -117.938 1250.51
v 61.4349 -115.874 1245.15
v 61.7159 -117.467 1245.12
v 61.81 -115.454 1245.04
v 62.11 -117.554 1245.02
v 62.3269 -115.435 1246.02
v 62.3894 -117.177 1245.4
v 62.9126 -117.495 1246.56
v 62.6771 -116.94 1245.96
v 62.1866 -116.255 1248.97
v 62.3859 -115.337 1247.01
v 62.8719 -117.547 1247.45
v 60.5878 -113.014 1245.26
v 60.9428 -113.372 1245.2
v 61.1716 -112.951 1245.71
v 61.51 -115.154 1244.87
v 61.564 -113.723 1245.69
v 61.6479 -113.353 1246.61
v 62.0172 -115.244 1245.4
v 60.5659 -112.353 1245.65
v 60.5961 -111.501 1246.57
v 61.2951 -112.718 1246.29
v 60.6895 -111.301 1247.19
v 60.9242 -111.601 1248.29
v 60.5901 -111.652 1249.96
v 61.0076 -112.072 1249.17
v 63.1506 -128.787 1246.04
v 63.0996 -128.464 1245.67
v 63.2392 -127.731 1246.29
v 63.1666 -127.451 1245.68
v 63.0212 -128.954 1246.87
v 63.1353 -125.962 1246.29
v 62.8575 -126.256 1247.4
v 63.0051 -119.008 1246.62
v -21.2911 -92.3288 1237.14
v -21.655 -92.1728 1245.73
v -21.2519 -93.5883 1245.7
v -21.2519 -93.5883 1245.7
v -21.6662 -91.9202 1247.77
v -22.183 -91.1055 1233.7
v -21.7253 -90.3085 1236.66
v -22.4803 -88.8206 1237.54
v -21.9255 -91.1996 1245.39
v -22.1549 -90.1955 1244.41
v -22.038 -90.2802 1247.47
v -21.576 -91.1483 1247.93
v -22.5105 -88.4481 1239.02
v -22.7687 -86.6641 1238.78
v -22.7486 -86.666 1240.54
v -22.8465 -87.3395 1242.86
v -22.5362 -88.7699 1242.18
v -22.4685 -88.5098 1245.99
v -22.4854 -88.1211 1245.67
v -22.4705 -87.7115 1245
v -21.3775 -84.8113 1223.56
v -21.4172 -84.7984 1224.38
v -21.4172 -84.7984 1224.38
v -21.3014 -84.2691 1225
v -21.5927 -82.9142 1214.2
v -21.5715 -82.049 1213.92
v -21.2266 -83.9418 1220.29
v -21.6627 -83.3537 1226.18
v -21.7705 -82.1537 1226.48
v -21.5105 -83.9395 1225.58
v -21.5122 -83.9968 1227.95
v -21.5817 -82.6501 1228.38
v -21.9863 -80.453 1214.19
v -21.89 -79.7537 1214.14
v -21.89 -79.7537 1214.14
v -21.5755 -80.6521 1213.95
v -21.8194 -81.4742 1216.28
v -21.7388 -79.507 1225.26
v -21.8359 -81.2235 1226.53
v -21.6053 -80.6349 1225.87
v -21.8871 -79.4236 1228.09
v -22.0923 -79.157 1214.49
v -22.175 -78.9218 1214.89
v -22.19 -78.2537 1214.76
v -22.19 -77.3537 1215.22
v -21.89 -79.1537 1214.33
v -21.89 -78.8537 1214.42
v -21.89 -78.8537 1214.42
v -22.19 -76.8594 1215.69
v -22.432 -77.0264 1224.87
v -21.8432 -78.2725 1222.66
v -22.2463 -78.6876 1227.3
v -22.44 -77.6537 1226.48
v -22.44 -77.6537 1226.48
v -22.44 -77.6537 1226.48
v -22.1677 -78.2428 1227.36
v -22.19 -77.0537 1225.85
v -22.4796 -76.158 1217.56
v -22.19 -76.4537 1216.23
v -22.4688 -75.8707 1219.59
v -22.4703 -76.1537 1222.28
v -19.6611 -98.6537 1244.48
v -19.2975 -98.0783 1230.63
v -19.8365 -96.6165 1233.28
v -20.0064 -96.2275 1235.09
v -20.1393 -97.1537 1241.18
v -20.1393 -97.1537 1241.18
v -19.8909 -98.0537 1242.98
v -19.8909 -98.0537 1242.98
v -20.3803 -96.4438 1246.52
v -19.49 -97.0389 1244.78
v -19.49 -97.0389 1244.78
v -20.9968 -94.118 1234.79
v -19.5764 -94.1624 1233.95
v -19.5067 -93.8265 1233.61
v -20.8292 -94.7761 1241.15
v -20.288 -94.4229 1241.56
v -20.7721 -95.3537 1243.88
v -20.7861 -95.0537 1242.38
v -20.3003 -94.7569 1243.52
v -20.3003 -94.7569 1243.52
v -20.9795 -94.1072 1247.82
v -20.6793 -95.6681 1247.18
v -19.557 -92.9711 1233.4
v -19.557 -92.9711 1233.4
v -19.3308 -92.0798 1232.72
v -20.7067 -84.4609 1224.38
v -18.8622 -84.7901 1224.39
v -16.4621 -98.9426 1225.39
v -18.3948 -94.1725 1244.45
v -18.6293 -93.5095 1244.93
v -16.1855 -101.193 1248.36
v -15.1768 -101.339 1249.73
v -14.8708 -98.963 1222.64
v -14.8483 -98.6546 1222.35
v -14.1651 -99.2308 1221.4
v -14.2481 -99.2035 1222.04
v -16.0687 -98.9472 1224.56
v -12.8493 -101.917 1252.11
v -11.8148 -102.498 1252.7
v -11.8969 -98.9701 1217.98
v -13.5479 -99.4406 1221
v -8.99549 -99.0291 1213.93
v -10.4613 -99.0394 1215.94
v -8.13979 -103.177 1255.87
v -6.90674 -98.5301 1210.15
v -5.29215 -98.9502 1208.22
v -4.79004 -99.2537 1207.52
v -6.57178 -98.9252 1210.16
v -2.99004 -99.6662 1205.78
v -2.39004 -99.9046 1205.18
v -3.76955 -99.2537 1206.38
v 1.93778 -103.27 1201.85
v 1.14234 -102.791 1202.24
v 5.07597 -109.402 1242.72
v 4.41562 -108.788 1245.47
v 4.81499 -109.171 1244.46
v 4.23631 -108.689 1246.99
v 5.05773 -106.74 1201.38
v 3.60608 -104.817 1201.3
v 6.30996 -110.699 1212.88
v 6.30996 -111.254 1217.07
v 6.30996 -111.589 1221.68
v 6.60996 -111.71 1227.52
v 6.60996 -112.104 1234.88
v 5.94668 -108.554 1202.48
v 5.94668 -108.554 1202.48
v 6.02663 -108.854 1202.18
v 6.02663 -108.854 1202.18
v 6.02663 -108.854 1202.18
v 6.12246 -108.554 1202.48
v 6.12246 -108.554 1202.48
v 6.00996 -108.254 1201.57
v 6.30265 -108.61 1204.15
v 6.31007 -109.189 1207.34
v 6.30998 -110.096 1210.49
v 7.20996 -106.454 1200.73
v 6.30996 -107.954 1201.4
v 9.60996 -102.854 1199.76
v 11.71 -108.149 1215.08
v 12.2018 -108.254 1216.58
v 11.3701 -106.154 1210.58
v 11.3574 -105.759 1209.94
v 11.3413 -107.054 1212.68
v 11.425 -106.481 1211.26
v 11.5576 -107.654 1213.58
v 11.5576 -107.654 1213.58
v 11.5576 -107.654 1213.58
v 11.677 -107.654 1214.48
v 12.3911 -107.954 1217.18
v 11.41 -106.1 1221.08
v 11.6056 -104.935 1209.08
v 11.71 -104.67 1208.48
v 11.71 -104.67 1208.48
v 11.71 -104.67 1208.48
v 10.81 -101.054 1199.51
v 11.6776 -99.8068 1199.49
v 12.01 -99.2537 1199.43
v 10.51 -98.6537 1207.47
v 11.6908 -95.8477 1206.67
v 13.5849 -107.927 1219.77
v 13.5849 -107.927 1219.77
v 13.8559 -107.954 1221.08
v 14.4825 -107.354 1221.98
v 14.4825 -107.354 1221.98
v 12.9318 -105.465 1224.01
v 12.5827 -102.381 1206.77
v 12.61 -102.129 1206.98
v 13.21 -101.23 1206.08
v 14.6682 -98.6537 1205.18
v 14.6682 -98.6537 1205.18
v 14.6682 -98.6537 1205.18
v 14.9025 -98.0537 1204.88
v 15.0817 -107.344 1222.93
v 16.21 -106.639 1225.28
v 16.5034 -105.993 1225.51
v 15.91 -96.3222 1204.58
v 15.2566 -95.4383 1199.7
v 16.4719 -95.4667 1204.57
v 16.3037 -95.6537 1204.88
v 17.2114 -94.6931 1204.93
v 18.0346 -92.4126 1200.22
v 18.7672 -92.9537 1204.88
v 19.0217 -92.7347 1205.48
v 20.5997 -103.754 1230.38
v 20.5997 -103.754 1230.38
v 21.5276 -103.437 1231.39
v 21.5276 -103.437 1231.39
v 21.9273 -102.854 1231.71
v 20.3191 -100.69 1233.52
v 19.9342 -92.0537 1205.48
v 20.717 -91.4537 1206.08
v 20.717 -91.4537 1206.08
v 20.717 -91.4537 1206.08
v 21.01 -89.9537 1200.78
v 21.91 -89.0537 1201.04
v 21.01 -90.9983 1206.38
v 24.6187 -108.926 1259.22
v 23.41 -102.289 1233.08
v 23.41 -101.954 1232.9
v 24.31 -101.741 1233.38
v 24.31 -101.741 1233.38
v 24.31 -101.741 1233.38
v 23.71 -98.867 1235.18
v 22.125 -89.2941 1201.31
v 23.11 -89.4669 1207.58
v 23.11 -89.4669 1207.58
v 23.71 -88.7894 1208.18
v 23.71 -88.7894 1208.18
v 23.1348 -88.4275 1201.29
v 23.1348 -88.4275 1201.29
v 23.8529 -88.7537 1207.88
v 23.8529 -88.7537 1207.88
v 24.0686 -88.7537 1208.18
v 24.0686 -88.7537 1208.18
v 24.0686 -88.7537 1208.18
v 24.31 -88.4918 1208.18
v 24.31 -88.4537 1208.56
v 26.0832 -100.754 1234.58
v 26.0832 -100.754 1234.58
v 26.41 -100.154 1234.5
v 26.41 -100.154 1234.5
v 26.71 -100.24 1234.58
v 26.71 -100.24 1234.58
v 25.51 -97.6436 1236.08
v 24.5595 -87.576 1201.87
v 25.6075 -86.8768 1202.53
v 27.01 -100.161 1234.58
v 27.01 -100.161 1234.58
v 27.01 -100.161 1234.58
v 27.61 -99.5537 1234.83
v 27.61 -99.5537 1234.83
v 27.91 -99.6967 1235.18
v 28.81 -99.2207 1235.18
v 28.81 -99.2207 1235.18
v 29.2423 -98.6537 1235.18
v 27.8315 -85.5349 1203.66
v 29.1414 -85.1537 1204.58
v 28.0333 -86.3537 1211.48
v 28.0333 -86.3537 1211.48
v 28.0333 -86.3537 1211.48
v 29.2382 -83.0537 1216.58
v 30.31 -97.8398 1235.48
v 30.56 -97.7537 1235.48
v 30.56 -97.7537 1235.48
v 30.56 -97.7537 1235.48
v 30.31 -97.4537 1235.41
v 30.61 -93.7037 1236.38
v 31.5185 -92.6537 1236.08
v 31.5185 -92.6537 1236.08
v 31.5185 -92.6537 1236.08
v 29.41 -84.8894 1204.58
v 29.71 -85.0061 1204.88
v 30.0838 -84.8537 1204.88
v 30.0838 -84.8537 1204.88
v 30.31 -84.6323 1205.18
v 30.6498 -84.5537 1205.48
v 31.2567 -84.282 1205.83
v 31.2567 -84.282 1205.83
v 30.7027 -85.6492 1214.53
v 31.51 -85.5432 1215.38
v 31.51 -85.5432 1215.38
v 32.0635 -96.2537 1235.48
v 32.11 -95.9537 1235.28
v 32.11 -95.9537 1235.28
v 33.0373 -95.0264 1234.99
v 33.248 -95.0537 1235.18
v 33.01 -91.3787 1234.88
v 33.7034 -90.2684 1233.98
v 31.8686 -85.4537 1215.68
v 31.81 -85.442 1215.98
v 33.3543 -85.4537 1218.08
v 33.3543 -85.4537 1218.08
v 33.3543 -85.4537 1218.08
v 33.3862 -84.2537 1222.08
v 32.2834 -83.6537 1206.68
v 33.9251 -83.355 1207.7
v 31.7208 -83.6537 1219.44
v 34.21 -93.8537 1234.49
v 34.21 -93.8537 1234.49
v 35.71 -91.4537 1232.39
v 35.71 -91.4537 1232.39
v 36.01 -91.4537 1232.08
v 36.01 -91.4537 1232.08
v 36.01 -91.4537 1232.08
v 35.41 -92.0537 1232.93
v 35.41 -92.0537 1232.93
v 35.71 -92.1132 1232.78
v 35.71 -92.1132 1232.78
v 35.71 -92.1132 1232.78
v 35.71 -91.7595 1232.56
v 36.01 -91.5224 1232.48
v 36.01 -91.5224 1232.48
v 35.41 -92.5811 1235.18
v 36.01 -90.8537 1231.74
v 36.01 -90.8537 1231.74
v 36.31 -90.939 1231.88
v 36.31 -90.939 1231.88
v 36.6072 -90.2537 1230.68
v 36.6072 -90.2537 1230.68
v 34.1987 -89.2832 1233.05
v 36.52 -86.9537 1224.98
v 36.31 -87.037 1225.28
v 34.5793 -88.174 1231.87
v 34.8733 -87.2274 1230.6
v 34.81 -85.5712 1220.18
v 34.512 -85.6871 1220.45
v 35.6882 -86.3537 1222.58
v 35.6882 -86.3537 1222.58
v 35.6882 -86.3537 1222.58
v 34.7028 -84.8537 1225.58
v 34.7028 -84.8537 1225.58
v 34.9904 -86.3537 1228.58
v 34.9576 -86.0537 1227.98
v 34.9576 -86.0537 1227.98
v 34.8451 -86.0537 1228.28
v 34.8451 -86.0537 1228.28
v 34.8451 -86.0537 1228.28
v 34.9951 -86.0537 1228.58
v 35.0092 -85.7537 1227.98
v 35.0092 -85.7537 1227.98
v 35.6955 -83.0812 1209.14
v 38.0849 -103.439 1254.66
v 38.6253 -104.1 1255.32
v 38.4639 -103.154 1256.18
v 36.91 -88.862 1228.88
v 36.91 -88.862 1228.88
v 37.3494 -83.0576 1210.32
v 39.394 -105.576 1255.62
v 41.2106 -94.7945 1257.74
v 40.5373 -93.1573 1259.68
v 39.1593 -83.1085 1211.88
v 40.51 -76.7687 1221.98
v 41.2859 -77.6537 1222.28
v 39.91 -75.5443 1222.28
v 42.1613 -146.928 1258.58
v 42.4873 -147.553 1258.28
v 42.8067 -147.744 1257.72
v 43.2892 -148.047 1257.21
v 42.0121 -146.065 1258.91
v 43.51 -94.7537 1241.34
v 43.51 -94.7537 1241.34
v 41.71 -95.0537 1256.47
v 42.143 -95.0537 1255.58
v 42.3451 -95.0537 1254.98
v 42.3451 -95.0537 1254.98
v 42.5561 -94.7537 1254.38
v 43.1113 -93.3346 1239.5
v 43.4403 -92.9064 1239.41
v 43.4403 -92.9064 1239.41
v 43.51 -92.0537 1237.77
v 43.51 -92.0537 1237.77
v 42.5787 -91.2002 1256.78
v 43.2536 -91.3899 1257.07
v 42.0032 -91.0788 1256.78
v 43.4957 -90.8829 1260.61
v 43.5035 -89.8834 1260.69
v 43.401 -88.4293 1248.12
v 43.4676 -88.1815 1260.6
v 42.31 -84.0967 1215.08
v 42.61 -84.2046 1215.68
v 42.9493 -84.2371 1215.98
v 42.9493 -84.2371 1215.98
v 43.249 -84.3741 1216.61
v 41.71 -83.6537 1214.31
v 41.71 -83.6537 1214.31
v 42.7014 -83.9537 1215.38
v 42.7014 -83.9537 1215.38
v 42.6795 -79.6987 1227.82
v 42.7295 -79.7537 1228.58
v 43.21 -80.3537 1230.54
v 41.9186 -78.2537 1222.88
v 42.31 -78.5537 1223.47
v 42.31 -78.5537 1223.47
v 43.51 -76.5568 1221.08
v 42.1141 -75.8352 1224.83
v 45.2878 -148.454 1253.48
v 45.1146 -147.938 1253.3
v 45.31 -148.504 1252.88
v 45.31 -148.504 1252.88
v 45.31 -148.504 1252.88
v 45.4626 -148.454 1252.58
v 45.61 -148.583 1252.58
v 45.4218 -99.2537 1245.68
v 45.8138 -100.241 1246.46
v 45.8138 -100.241 1246.46
v 45.4987 -99.9009 1246.04
v 45.5836 -99.5551 1245.92
v 44.7997 -97.4327 1244.13
v 43.9188 -95.4891 1242.2
v 44.0977 -94.3725 1256.73
v 44.0723 -91.7015 1257.96
v 44.0331 -89.0537 1232.18
v 44.0331 -89.0537 1232.18
v 43.9529 -89.3537 1233.38
v 45.7286 -90.0932 1251.61
v 46.0321 -89.0448 1250.25
v 45.261 -88.7063 1252.51
v 44.41 -87.3264 1227.38
v 44.11 -87.9779 1229.18
v 44.5998 -87.2537 1227.98
v 44.207 -88.6445 1231.06
v 44.207 -88.6445 1231.06
v 45.5412 -87.0429 1250.94
v 44.1927 -87.9179 1258.54
v 44.3891 -86.7008 1258.32
v 43.7687 -87.2232 1260.25
v 43.9014 -84.5537 1217.48
v 44.1514 -84.8665 1218.16
v 44.41 -85.2942 1219.58
v 44.41 -85.2942 1219.58
v 44.41 -84.935 1219.28
v 44.71 -85.4701 1219.88
v 44.71 -85.4701 1219.88
v 44.71 -85.4701 1219.88
v 44.71 -85.7537 1221.58
v 44.71 -85.7537 1221.58
v 44.8984 -85.7537 1221.98
v 44.9326 -85.4537 1221.38
v 44.9326 -85.4537 1221.38
v 45.01 -85.6912 1221.68
v 45.01 -85.6912 1221.68
v 45.01 -85.7537 1222.52
v 45.9762 -86.4016 1250.39
v 45.9163 -85.7016 1250.56
v 44.6505 -84.4876 1252.62
v 45.4521 -84.5984 1251.71
v 45.7925 -84.3459 1251.54
v 45.31 -84.2537 1254.23
v 44.6701 -85.7537 1257.08
v 45.9694 -82.4901 1251.02
v 45.4784 -83.9738 1253.1
v 45.4784 -83.9738 1253.1
v 43.86 -81.2315 1233.56
v 45.2489 -79.7281 1235.5
v 43.892 -77.0537 1223.78
v 43.892 -77.0537 1223.78
v 43.7911 -78.6691 1227.01
v 43.9938 -77.3264 1225.53
v 44.2092 -77.3537 1226.78
v 44.2092 -77.3537 1226.78
v 44.7197 -78.5809 1232.48
v 44.7837 -77.95 1233.5
v 45.3622 -77.9801 1233.93
v 45.3622 -77.9801 1233.93
v 45.3622 -77.9801 1233.93
v 45.2859 -77.0537 1234.05
v 45.5604 -78.8633 1236.07
v 45.9617 -77.3465 1236.3
v 45.9838 -77.0537 1236.68
v 45.9838 -77.0537 1236.68
v 43.81 -75.2537 1220.64
v 43.8009 -74.6353 1220.53
v 44.0607 -75.8537 1222.88
v 44.0607 -75.8537 1222.88
v 45.2891 -75.9063 1234.08
v 45.2535 -75.2269 1233.87
v 45.91 -76.1537 1236.92
v 45.91 -74.6537 1236.83
v 44.1426 -73.7701 1220.8
v 44.3976 -73.154 1221.37
v 44.7826 -72.2537 1223.18
v 44.7826 -72.2537 1223.18
v 45.317 -73.4537 1229.18
v 45.31 -73.7847 1230.08
v 45.5943 -74.3483 1233.68
v 45.61 -73.7537 1232.96
v 45.8885 -73.7638 1236.45
v 46.0939 -73.4623 1236.05
v 46.0939 -73.4623 1236.05
v 45.8776 -72.8844 1235.66
v 45.8384 -72.5129 1235.07
v 45.1474 -71.869 1228.62
v 46.3998 -149.054 1249.88
v 47.71 -105.254 1248.76
v 46.21 -102.554 1247.52
v 46.5408 -102.545 1247.97
v 46.5408 -102.545 1247.97
v 46.2024 -88.0926 1249.05
v 46.1652 -87.1814 1248.32
v 46.1652 -87.1814 1248.32
v 46.1913 -85.7732 1248.23
v 46.2749 -84.6288 1248.66
v 46.3109 -84.2223 1249.03
v 46.1388 -83.2792 1249.64
v 52.51 -149.054 1239.2
v 51.61 -148.454 1239.41
v 54.91 -148.154 1239.51
v 56.0387 -147.558 1240.26
v 56.0387 -147.558 1240.26
v 55.9317 -147.254 1239.98
v 55.9317 -147.254 1239.98
v 55.9862 -146.635 1240.25
v 56.4481 -147.263 1240.58
v 57.5923 -143.682 1241.69
v 57.6183 -143.04 1241.76
v 57.6183 -143.04 1241.76
v 57.9431 -142.467 1242.16
v 58.234 -141.211 1242.67
v 58.1988 -140.255 1242.91
v 58.1988 -140.255 1242.91
v 58.5589 -139.803 1243.08
v 58.2216 -139.66 1243.13
v 59.6179 -136.318 1243.74
v 59.1847 -110.245 1246.72
v 62.3974 -130.67 1245.26
v 62.7009 -128.97 1245.23
v 62.7101 -128.053 1245.01
v 62.3924 -123.925 1245.85
v 62.3833 -122.898 1246.04
v 62.1271 -121.001 1245.72
v 62.1267 -118.827 1245.25
v 61.4349 -115.874 1245.15
v 61.81 -115.454 1245.04
v 61.81 -115.454 1245.04
v 62.11 -117.554 1245.02
v 61.51 -115.154 1244.87
v 61.51 -115.154 1244.87
f 8 13 6
f 257 13 8
f 13 265 16
f 265 232 1
f 16 265 1
f 232 273 1
f 273 2 1
f 2 3842 274
f 244 19 3
f 244 4 19
f 4 17 19
f 4 284 283
f 283 20 4
f 24 7 5
f 6 13 5
f 6 5 7
f 3772 27 7
f 291 7 27
f 8 6 9
f 9 7 293
f 9 6 7
f 293 7 291
f 5 13 11
f 5 11 29
f 11 10 12
f 10 14 12
f 13 10 11
f 13 16 10
f 10 16 14
f 302 15 3767
f 15 12 3767
f 15 32 12
f 16 301 14
f 1 299 16
f 1 2 299
f 299 301 16
f 304 301 299
f 302 3767 301
f 3768 18 3769
f 18 3768 42
f 17 4 3775
f 42 44 18
f 310 18 44
f 311 18 312
f 3769 18 311
f 312 18 310
f 4 20 21
f 315 49 3771
f 21 20 3778
f 315 316 49
f 3848 315 3771
f 5 23 22
f 57 25 22
f 22 23 57
f 5 22 24
f 26 27 3772
f 3772 22 26
f 29 23 5
f 25 26 22
f 324 27 26
f 324 26 28
f 28 26 25
f 25 55 28
f 324 291 27
f 35 62 23
f 29 30 23
f 29 31 30
f 30 35 23
f 30 31 3774
f 12 32 29
f 11 12 29
f 33 31 3773
f 31 29 3773
f 33 38 31
f 31 38 34
f 34 3774 31
f 3774 34 36
f 39 34 38
f 34 39 36
f 39 37 36
f 333 339 37
f 39 333 37
f 39 38 335
f 335 333 39
f 37 339 40
f 40 43 70
f 3776 74 3783
f 43 40 41
f 43 41 44
f 44 41 341
f 21 45 74
f 74 45 75
f 43 44 42
f 3776 3775 74
f 4 74 3775
f 4 21 74
f 45 47 78
f 49 47 46
f 21 3778 3777
f 21 3777 45
f 46 47 45
f 48 78 47
f 316 50 49
f 50 47 49
f 51 47 342
f 51 48 47
f 50 342 47
f 373 348 89
f 89 348 52
f 87 89 52
f 53 87 52
f 87 53 95
f 53 358 382
f 53 382 95
f 54 25 57
f 58 54 57
f 25 54 55
f 54 56 55
f 23 62 57
f 62 61 57
f 58 57 61
f 58 56 54
f 60 56 58
f 60 58 59
f 58 61 59
f 61 62 64
f 64 62 67
f 3780 3781 66
f 3774 36 63
f 62 35 3779
f 61 3780 65
f 3780 66 65
f 63 36 37
f 66 100 65
f 59 65 100
f 59 61 65
f 3779 69 62
f 69 3779 3783
f 69 67 62
f 3781 3782 68
f 40 63 37
f 70 63 40
f 3781 68 101
f 3783 74 69
f 76 69 74
f 76 80 3782
f 71 3782 80
f 68 3782 71
f 71 72 73
f 71 3786 72
f 68 71 73
f 73 72 365
f 101 68 73
f 101 73 365
f 72 366 365
f 75 45 78
f 77 75 78
f 74 75 76
f 75 79 76
f 75 77 79
f 80 76 79
f 78 81 3784
f 78 48 81
f 81 3785 3784
f 81 3786 3785
f 3786 82 72
f 82 3786 81
f 72 82 366
f 366 82 81
f 367 81 48
f 344 367 48
f 105 83 86
f 108 83 105
f 86 102 105
f 371 83 368
f 368 83 108
f 83 84 86
f 84 85 86
f 86 114 102
f 85 114 86
f 84 83 369
f 84 369 373
f 85 84 373
f 83 371 369
f 85 88 114
f 114 88 115
f 89 85 373
f 89 87 85
f 87 90 88
f 87 88 85
f 90 91 88
f 88 91 115
f 3787 374 3793
f 3793 374 392
f 87 95 90
f 95 93 90
f 90 92 91
f 90 93 92
f 94 93 118
f 118 93 98
f 374 3787 3788
f 92 93 94
f 3789 3790 394
f 98 97 121
f 382 96 95
f 93 95 98
f 96 98 95
f 96 97 98
f 96 99 97
f 383 96 382
f 383 99 96
f 99 383 385
f 97 122 121
f 97 99 122
f 99 385 3797
f 66 3781 101
f 100 66 101
f 106 109 105
f 102 3791 105
f 3791 102 103
f 102 126 103
f 104 107 3791
f 3791 103 104
f 103 126 104
f 108 105 109
f 106 3792 109
f 109 3792 110
f 132 110 3792
f 108 109 388
f 368 108 388
f 642 109 110
f 102 114 126
f 126 114 111
f 114 112 111
f 391 112 114
f 126 111 135
f 111 137 3803
f 111 112 137
f 112 391 113
f 140 112 113
f 140 137 112
f 115 391 114
f 116 118 98
f 98 121 116
f 116 146 117
f 145 3795 142
f 117 146 3805
f 394 3790 3796
f 394 3796 119
f 3796 3794 119
f 119 3795 120
f 119 3794 3795
f 3795 145 120
f 121 146 116
f 121 123 146
f 123 148 146
f 3797 385 124
f 121 3797 124
f 121 124 123
f 3798 124 125
f 125 148 3798
f 124 385 386
f 124 386 125
f 126 135 133
f 104 126 127
f 127 126 128
f 128 126 133
f 128 129 127
f 156 129 128
f 152 156 128
f 128 153 3808
f 104 3799 107
f 107 3799 130
f 130 3799 3800
f 3802 3801 131
f 131 3801 3812
f 132 3792 3802
f 132 3802 401
f 401 3802 131
f 131 160 401
f 133 153 128
f 133 134 153
f 133 136 134
f 134 178 153
f 137 138 3803
f 3803 139 133
f 3803 138 139
f 133 139 136
f 140 138 137
f 136 402 165
f 402 136 139
f 141 144 169
f 144 146 169
f 169 170 141
f 143 145 144
f 144 145 142
f 146 144 3805
f 143 144 141
f 3806 408 145
f 3806 3804 408
f 149 146 148
f 149 147 146
f 3807 149 150
f 125 151 148
f 151 149 148
f 154 157 153
f 178 154 153
f 155 154 178
f 155 178 164
f 3813 156 152
f 3813 152 3809
f 3814 3810 158
f 158 3810 3811
f 159 158 3811
f 159 3811 3815
f 131 3812 160
f 160 3812 3814
f 160 3814 158
f 161 158 159
f 160 158 409
f 158 161 409
f 161 413 409
f 413 161 159
f 178 163 186
f 162 165 163
f 134 162 178
f 162 163 178
f 165 166 163
f 136 162 134
f 136 165 162
f 3815 183 159
f 179 183 3815
f 402 405 165
f 413 159 183
f 163 166 186
f 166 168 186
f 166 540 3817
f 166 165 405
f 546 3817 540
f 168 192 186
f 141 170 167
f 173 3816 3819
f 168 167 192
f 3823 176 196
f 167 168 141
f 3818 171 3820
f 3822 172 3821
f 3821 172 3823
f 172 175 411
f 3822 175 172
f 174 175 3822
f 176 3823 172
f 411 176 172
f 174 412 411
f 174 411 175
f 3818 147 171
f 147 3818 146
f 174 3822 3807
f 3807 150 174
f 174 150 412
f 178 186 177
f 164 178 3825
f 178 177 3825
f 179 3824 180
f 188 180 3824
f 181 179 180
f 182 181 180
f 180 189 182
f 188 189 180
f 183 179 181
f 184 183 181
f 184 181 182
f 184 182 185
f 189 185 182
f 190 185 189
f 183 184 413
f 184 185 414
f 414 185 190
f 414 413 184
f 177 186 187
f 188 3824 3826
f 188 3826 193
f 188 193 191
f 191 193 197
f 189 188 190
f 190 188 191
f 192 187 186
f 3827 193 3826
f 3827 195 193
f 193 195 197
f 197 410 415
f 191 197 415
f 3827 3816 194
f 3816 173 194
f 195 3827 194
f 197 194 196
f 196 194 3823
f 197 195 194
f 196 410 197
f 410 196 176
f 207 420 211
f 420 419 211
f 199 240 237
f 198 3828 3834
f 198 3834 577
f 199 200 201
f 199 201 240
f 201 252 240
f 200 3828 198
f 200 202 201
f 202 205 201
f 201 205 252
f 200 198 203
f 200 203 204
f 202 200 204
f 211 208 206
f 206 207 211
f 211 209 210
f 211 210 208
f 210 214 208
f 212 214 210
f 260 206 208
f 208 3830 260
f 211 419 209
f 210 428 212
f 213 3829 419
f 3829 213 210
f 428 210 213
f 428 424 212
f 216 212 424
f 3830 218 260
f 214 215 3831
f 212 215 214
f 216 215 212
f 217 272 269
f 223 221 217
f 215 219 3831
f 219 222 220
f 222 223 217
f 222 217 220
f 219 269 3831
f 219 220 269
f 220 217 269
f 216 225 215
f 221 224 429
f 221 223 224
f 219 215 225
f 224 223 222
f 575 225 216
f 225 224 222
f 222 219 225
f 429 224 225
f 217 228 227
f 230 232 226
f 228 229 227
f 226 227 229
f 272 217 227
f 217 221 228
f 231 230 226
f 231 229 228
f 226 229 231
f 230 235 234
f 221 429 228
f 429 231 228
f 230 231 430
f 230 430 235
f 236 232 233
f 230 234 233
f 233 234 3835
f 232 230 233
f 234 235 3834
f 236 276 277
f 237 238 3832
f 3833 241 236
f 241 239 236
f 237 240 238
f 3832 238 252
f 241 249 239
f 249 247 239
f 240 252 238
f 252 3837 3833
f 241 3833 3837
f 243 245 244
f 242 245 243
f 242 243 236
f 279 236 243
f 245 284 244
f 236 239 242
f 239 246 242
f 246 3836 242
f 246 248 3836
f 287 3836 248
f 239 247 246
f 247 250 246
f 250 248 246
f 288 287 248
f 249 250 247
f 250 251 248
f 251 288 248
f 252 253 3837
f 253 250 3838
f 251 250 254
f 254 288 251
f 252 255 253
f 250 253 254
f 255 252 205
f 3849 3836 287
f 256 447 254
f 255 205 426
f 426 256 255
f 253 256 254
f 253 255 256
f 206 263 290
f 3839 258 267
f 13 257 267
f 8 259 258
f 258 3839 8
f 267 258 259
f 8 292 259
f 271 267 259
f 218 270 260
f 261 260 270
f 261 270 271
f 261 271 259
f 261 259 292
f 262 263 260
f 260 261 262
f 292 3840 261
f 264 3840 292
f 206 260 263
f 263 262 3841
f 266 268 265
f 267 266 13
f 266 265 13
f 268 267 271
f 268 266 267
f 268 271 269
f 272 268 269
f 265 268 272
f 218 269 270
f 270 269 271
f 274 300 2
f 227 265 272
f 226 265 227
f 232 265 226
f 232 236 273
f 274 3842 275
f 303 274 305
f 439 3843 278
f 305 274 309
f 436 274 3843
f 436 3843 439
f 309 274 436
f 3846 276 281
f 277 273 236
f 3845 3844 3847
f 3842 3845 3847
f 3842 3847 275
f 282 3846 281
f 439 278 440
f 445 278 282
f 440 278 445
f 243 244 279
f 3 279 244
f 281 276 279
f 281 279 280
f 279 3 280
f 3 3770 280
f 3770 311 280
f 236 279 276
f 280 282 281
f 282 280 311
f 282 311 457
f 282 457 445
f 284 4 244
f 3849 286 3848
f 3848 286 285
f 287 286 3849
f 289 285 286
f 287 289 286
f 287 288 289
f 317 285 289
f 254 289 288
f 254 447 289
f 317 289 447
f 447 448 317
f 290 322 451
f 263 295 290
f 323 290 295
f 290 323 322
f 8 9 292
f 9 293 294
f 292 9 294
f 264 292 3850
f 3852 294 293
f 3841 3851 263
f 263 3851 295
f 296 15 302
f 296 3773 15
f 297 298 296
f 298 297 307
f 298 455 327
f 296 298 327
f 299 300 303
f 299 2 300
f 300 274 303
f 304 299 303
f 302 301 306
f 304 303 305
f 301 305 306
f 301 304 305
f 296 302 306
f 307 305 309
f 307 306 305
f 297 296 306
f 307 297 306
f 308 298 307
f 308 307 436
f 454 298 308
f 436 307 309
f 314 312 310
f 44 341 310
f 313 311 312
f 313 312 314
f 314 310 341
f 458 314 341
f 457 311 313
f 313 314 457
f 285 315 3848
f 461 316 315
f 461 50 316
f 317 315 285
f 315 317 461
f 448 462 317
f 461 317 462
f 320 355 352
f 463 320 352
f 352 318 463
f 319 357 320
f 319 360 357
f 319 321 360
f 451 322 321
f 482 322 323
f 324 28 325
f 291 324 325
f 325 28 364
f 325 293 291
f 325 3852 293
f 3852 325 323
f 325 364 484
f 325 484 323
f 326 329 3773
f 329 33 3773
f 329 38 33
f 334 38 329
f 296 326 3773
f 327 326 296
f 327 328 326
f 330 334 329
f 337 334 330
f 332 337 330
f 328 327 455
f 329 326 331
f 326 328 331
f 331 330 329
f 331 332 330
f 332 338 337
f 328 465 466
f 466 331 328
f 467 332 331
f 467 489 332
f 332 489 338
f 334 335 38
f 336 339 333
f 337 335 334
f 335 337 333
f 333 337 336
f 339 336 468
f 337 338 336
f 339 468 340
f 339 340 40
f 40 340 41
f 41 340 469
f 469 341 41
f 341 469 458
f 340 470 469
f 340 468 470
f 48 51 344
f 51 342 344
f 343 342 50
f 344 342 343
f 343 50 461
f 473 347 372
f 348 373 350
f 350 373 345
f 345 353 350
f 345 373 372
f 346 353 345
f 345 347 346
f 372 347 345
f 474 318 346
f 474 346 347
f 53 52 349
f 52 348 350
f 355 354 351
f 349 350 351
f 354 349 351
f 53 349 354
f 350 349 52
f 353 352 351
f 355 351 352
f 351 350 353
f 318 353 346
f 352 353 318
f 358 53 354
f 354 355 356
f 358 354 356
f 356 359 358
f 355 360 356
f 356 360 359
f 357 355 320
f 384 358 359
f 384 359 362
f 360 355 357
f 360 362 359
f 481 360 321
f 361 362 360
f 360 481 361
f 362 507 384
f 362 361 508
f 507 362 508
f 55 56 363
f 55 364 28
f 55 363 364
f 487 363 56
f 363 485 364
f 485 363 487
f 487 56 60
f 487 60 59
f 336 491 468
f 365 366 387
f 367 366 81
f 387 366 367
f 387 367 641
f 367 344 493
f 369 370 373
f 369 495 370
f 373 370 372
f 372 370 495
f 495 369 371
f 496 371 368
f 473 372 495
f 392 379 497
f 377 379 392
f 375 374 3788
f 3789 394 3853
f 3853 376 374
f 376 3853 394
f 376 394 378
f 378 394 393
f 378 380 376
f 377 374 376
f 374 377 392
f 376 3854 377
f 380 378 381
f 379 3854 478
f 3854 379 377
f 381 502 380
f 384 383 382
f 358 384 382
f 383 384 507
f 507 385 383
f 381 378 531
f 386 385 507
f 509 399 386
f 386 507 509
f 59 100 487
f 387 101 365
f 101 387 518
f 132 642 110
f 389 113 391
f 390 140 113
f 389 390 113
f 389 519 390
f 391 3793 392
f 391 392 389
f 392 519 389
f 392 527 519
f 119 120 396
f 119 395 394
f 395 119 396
f 396 120 145
f 394 395 393
f 395 397 393
f 397 395 396
f 397 532 393
f 532 397 398
f 398 397 396
f 398 396 529
f 529 396 406
f 378 393 531
f 393 532 531
f 398 529 533
f 399 125 386
f 400 125 399
f 511 400 399
f 400 151 125
f 400 547 151
f 401 538 132
f 401 160 538
f 390 138 140
f 390 403 138
f 403 139 138
f 139 404 402
f 404 405 402
f 404 139 403
f 404 403 539
f 404 539 405
f 546 3804 3817
f 406 3804 407
f 529 406 407
f 3804 546 407
f 408 3804 406
f 396 145 408
f 396 408 406
f 151 547 149
f 547 150 149
f 549 150 547
f 160 409 538
f 409 550 538
f 413 550 409
f 540 166 405
f 553 410 555
f 412 549 411
f 410 176 411
f 557 555 410
f 549 412 150
f 550 413 414
f 551 550 414
f 191 414 190
f 415 414 191
f 553 551 414
f 415 553 414
f 410 553 415
f 204 203 416
f 416 203 560
f 204 416 562
f 562 416 561
f 3858 416 560
f 561 563 562
f 572 573 418
f 567 3864 417
f 417 3864 3855
f 3855 421 417
f 418 573 421
f 420 421 419
f 419 421 422
f 213 419 422
f 423 420 207
f 417 421 420
f 423 417 420
f 213 424 428
f 422 424 213
f 577 3834 235
f 577 235 431
f 425 203 198
f 205 202 426
f 577 425 198
f 425 577 560
f 560 203 425
f 202 204 426
f 204 427 426
f 204 562 427
f 578 567 417
f 423 432 578
f 423 578 417
f 432 423 207
f 206 432 207
f 575 216 424
f 575 429 225
f 429 575 576
f 430 231 429
f 429 576 679
f 679 430 429
f 679 680 430
f 235 430 431
f 430 680 431
f 444 443 595
f 426 447 256
f 426 427 447
f 447 427 681
f 588 447 681
f 578 600 589
f 578 432 450
f 206 290 432
f 452 433 434
f 452 454 433
f 435 434 433
f 435 594 434
f 308 437 456
f 454 435 433
f 435 454 456
f 437 435 456
f 436 437 308
f 438 437 441
f 441 437 436
f 435 438 594
f 438 441 444
f 437 438 435
f 439 441 436
f 439 440 441
f 3856 443 440
f 442 441 440
f 440 443 442
f 441 442 444
f 442 443 444
f 3856 3857 446
f 443 3856 446
f 460 446 3857
f 446 460 597
f 447 449 448
f 448 449 462
f 588 449 447
f 449 588 606
f 600 578 450
f 600 450 463
f 600 463 464
f 600 464 599
f 319 450 451
f 450 319 463
f 432 290 451
f 450 432 451
f 434 604 453
f 452 434 453
f 452 453 618
f 454 455 298
f 455 454 452
f 465 455 452
f 456 454 308
f 459 314 458
f 457 314 459
f 460 457 459
f 459 605 460
f 619 605 459
f 606 471 462
f 606 462 449
f 474 472 607
f 463 318 464
f 464 318 599
f 463 319 320
f 321 319 451
f 612 479 480
f 321 322 481
f 323 484 482
f 455 465 328
f 466 467 331
f 452 618 465
f 465 618 466
f 489 467 623
f 624 466 618
f 624 467 466
f 469 619 458
f 469 470 619
f 459 458 619
f 462 343 461
f 462 471 343
f 471 344 343
f 344 471 493
f 629 493 471
f 472 347 473
f 607 472 473
f 472 474 347
f 379 475 497
f 476 497 475
f 497 476 477
f 477 476 608
f 475 478 479
f 475 379 478
f 475 479 609
f 609 476 475
f 479 478 480
f 481 508 361
f 481 322 482
f 482 483 481
f 486 483 482
f 488 483 486
f 486 482 484
f 486 484 485
f 484 364 485
f 488 485 487
f 485 488 486
f 623 490 489
f 490 338 489
f 336 338 491
f 490 491 338
f 468 491 492
f 626 492 491
f 626 627 492
f 367 629 641
f 367 493 629
f 388 496 368
f 109 494 388
f 642 494 109
f 642 630 494
f 494 630 496
f 371 496 495
f 496 473 495
f 496 388 494
f 497 498 392
f 497 477 498
f 498 501 527
f 499 498 477
f 631 499 477
f 499 500 498
f 631 500 499
f 501 498 500
f 478 380 502
f 503 480 478
f 381 531 502
f 531 532 502
f 502 532 534
f 502 503 478
f 503 502 504
f 502 534 505
f 506 503 504
f 504 502 505
f 506 504 505
f 503 506 480
f 505 637 506
f 536 637 505
f 509 507 508
f 511 399 509
f 510 508 481
f 509 508 510
f 481 513 510
f 512 509 510
f 511 509 512
f 510 513 512
f 513 481 514
f 483 514 481
f 639 514 483
f 639 513 514
f 488 640 483
f 488 487 515
f 515 487 100
f 100 101 518
f 516 100 518
f 515 100 516
f 387 517 518
f 642 132 653
f 538 653 132
f 519 527 528
f 390 519 520
f 520 521 390
f 521 522 390
f 522 403 390
f 528 523 519
f 523 520 519
f 525 522 521
f 524 520 523
f 521 520 524
f 525 521 524
f 522 525 526
f 522 526 539
f 644 524 523
f 498 527 392
f 501 528 527
f 501 523 528
f 501 644 523
f 530 529 407
f 533 529 535
f 535 529 530
f 535 530 647
f 530 658 647
f 533 532 398
f 534 532 533
f 505 534 536
f 534 533 535
f 535 536 534
f 400 511 537
f 548 547 400
f 537 548 400
f 511 512 537
f 537 512 513
f 548 537 649
f 537 513 650
f 649 660 548
f 539 403 522
f 539 542 405
f 550 654 538
f 538 654 653
f 526 542 539
f 543 540 405
f 541 544 540
f 542 543 405
f 543 541 540
f 540 544 546
f 546 544 545
f 546 545 530
f 407 546 530
f 530 545 658
f 549 558 556
f 548 549 547
f 558 549 712
f 663 654 550
f 552 550 551
f 553 552 551
f 665 550 552
f 665 552 553
f 553 555 554
f 554 555 667
f 668 554 667
f 555 557 667
f 556 411 549
f 557 410 559
f 411 556 559
f 559 410 411
f 558 559 556
f 559 558 669
f 557 559 669
f 3858 560 563
f 563 564 562
f 427 562 3859
f 564 563 672
f 672 671 564
f 3859 3865 565
f 563 862 672
f 567 569 566
f 3860 3863 570
f 568 677 3863
f 3861 568 3863
f 567 578 571
f 571 676 3862
f 568 3868 677
f 571 3862 567
f 726 570 3863
f 3860 570 572
f 572 570 573
f 567 566 3864
f 573 570 574
f 574 570 726
f 421 574 422
f 574 421 573
f 422 574 424
f 424 574 678
f 575 424 678
f 678 576 575
f 678 679 576
f 680 670 577
f 431 680 577
f 3859 565 427
f 681 427 565
f 592 580 579
f 591 583 580
f 584 580 583
f 584 585 683
f 591 580 592
f 581 584 683
f 580 584 581
f 580 581 579
f 582 594 585
f 434 594 582
f 593 582 583
f 591 593 583
f 582 593 434
f 583 582 584
f 582 585 584
f 684 438 586
f 684 586 685
f 595 587 444
f 685 586 587
f 586 444 587
f 444 586 438
f 686 685 587
f 587 595 687
f 686 587 687
f 681 732 588
f 571 578 589
f 602 592 590
f 590 592 579
f 603 604 593
f 591 603 593
f 602 591 592
f 591 602 603
f 434 593 604
f 585 594 438
f 687 595 596
f 595 443 446
f 595 446 596
f 598 597 460
f 596 446 597
f 605 598 460
f 606 588 732
f 607 599 474
f 600 599 589
f 691 611 601
f 602 613 603
f 601 613 602
f 601 602 590
f 603 613 614
f 604 618 453
f 603 614 604
f 741 605 619
f 741 598 605
f 474 599 318
f 608 611 690
f 609 479 610
f 610 479 601
f 476 609 608
f 611 610 601
f 610 611 609
f 609 611 608
f 479 612 613
f 480 620 612
f 601 479 613
f 613 612 614
f 614 612 615
f 620 615 612
f 604 614 616
f 604 616 618
f 614 615 616
f 616 615 621
f 618 616 617
f 616 621 617
f 624 618 622
f 470 775 619
f 471 606 776
f 607 473 692
f 692 473 496
f 692 496 630
f 690 631 477
f 689 633 631
f 690 689 631
f 689 635 633
f 690 477 608
f 480 636 620
f 636 638 620
f 697 620 638
f 693 621 697
f 615 697 621
f 620 697 615
f 617 621 693
f 693 697 747
f 617 622 618
f 625 624 622
f 622 617 693
f 694 622 693
f 625 622 694
f 624 623 467
f 626 624 625
f 626 623 624
f 695 626 625
f 623 626 490
f 626 491 490
f 695 627 626
f 627 628 492
f 628 627 699
f 468 492 628
f 628 470 468
f 628 696 470
f 696 775 470
f 641 629 700
f 630 642 643
f 633 500 631
f 632 501 500
f 633 632 500
f 635 632 633
f 634 632 635
f 506 636 480
f 506 637 636
f 636 637 638
f 698 638 637
f 640 639 483
f 640 789 639
f 513 639 650
f 651 639 789
f 640 488 515
f 515 516 652
f 518 652 516
f 518 517 706
f 387 641 517
f 517 700 701
f 641 700 517
f 643 642 653
f 646 525 524
f 646 526 525
f 645 526 646
f 644 646 524
f 632 644 501
f 634 644 632
f 645 542 526
f 634 646 644
f 703 645 646
f 703 542 645
f 542 703 709
f 648 698 536
f 648 536 535
f 637 536 698
f 648 704 698
f 535 647 648
f 647 658 704
f 647 704 648
f 649 537 650
f 649 650 662
f 639 651 650
f 662 660 649
f 662 650 651
f 515 652 705
f 652 518 706
f 706 517 701
f 664 654 663
f 543 655 541
f 541 655 544
f 708 657 655
f 709 543 542
f 708 655 543
f 708 543 709
f 545 544 711
f 656 544 655
f 544 656 711
f 657 656 655
f 711 656 657
f 711 659 545
f 658 545 659
f 658 659 710
f 711 710 659
f 548 660 549
f 549 660 661
f 661 660 662
f 549 661 712
f 712 717 558
f 662 712 661
f 663 550 665
f 663 665 664
f 554 665 553
f 665 554 666
f 664 665 666
f 714 664 666
f 554 668 666
f 668 667 715
f 667 716 715
f 667 557 716
f 716 557 669
f 669 558 717
f 680 720 670
f 560 577 670
f 670 563 560
f 851 672 862
f 671 672 673
f 673 672 719
f 721 3865 3866
f 3865 721 681
f 676 571 674
f 571 675 674
f 725 3868 3867
f 726 3863 677
f 3868 726 677
f 574 726 797
f 720 678 574
f 720 679 678
f 720 680 679
f 3865 681 565
f 764 732 681
f 579 682 734
f 581 730 682
f 682 579 581
f 730 581 683
f 727 683 585
f 727 585 438
f 727 438 684
f 727 684 685
f 686 728 685
f 727 685 728
f 763 686 687
f 596 731 687
f 596 735 731
f 589 675 571
f 736 675 589
f 691 601 590
f 734 691 590
f 590 579 734
f 597 598 735
f 597 735 596
f 735 598 737
f 688 599 607
f 599 688 736
f 589 599 736
f 598 741 737
f 732 772 606
f 776 606 772
f 742 738 692
f 688 607 692
f 688 692 738
f 689 690 691
f 689 740 744
f 611 691 690
f 471 776 629
f 742 692 630
f 744 635 689
f 625 694 695
f 829 699 695
f 699 627 695
f 775 741 619
f 696 745 775
f 628 745 696
f 742 630 643
f 778 634 635
f 697 698 704
f 698 697 638
f 747 694 693
f 695 694 829
f 699 831 628
f 700 629 780
f 742 643 653
f 742 653 777
f 654 777 653
f 634 702 646
f 702 703 646
f 778 702 634
f 778 703 702
f 704 746 697
f 746 747 697
f 789 640 705
f 515 705 640
f 652 707 705
f 652 706 707
f 706 748 707
f 701 748 706
f 701 700 748
f 713 654 664
f 708 709 750
f 749 750 709
f 708 711 657
f 751 711 708
f 751 785 711
f 658 710 704
f 711 785 710
f 651 712 662
f 651 753 712
f 789 753 651
f 654 713 755
f 714 713 664
f 755 713 714
f 757 714 666
f 668 715 718
f 718 666 668
f 666 718 757
f 716 718 715
f 716 669 717
f 718 756 757
f 756 718 716
f 756 716 791
f 791 716 717
f 670 720 862
f 672 759 719
f 3866 719 721
f 761 764 721
f 722 724 723
f 3870 766 3869
f 724 722 808
f 675 3870 674
f 3867 723 725
f 723 726 725
f 726 723 724
f 725 726 3868
f 728 686 877
f 686 763 877
f 721 764 681
f 766 3870 675
f 682 729 734
f 730 729 682
f 729 767 734
f 767 813 734
f 729 730 809
f 729 809 767
f 730 683 876
f 763 687 768
f 768 687 731
f 675 770 766
f 733 691 734
f 813 733 734
f 739 736 688
f 736 770 675
f 739 770 736
f 733 740 691
f 733 814 740
f 688 738 739
f 740 773 744
f 691 740 689
f 738 742 739
f 739 742 774
f 774 742 823
f 743 635 744
f 744 773 743
f 823 742 777
f 743 824 635
f 778 635 824
f 743 822 824
f 747 781 694
f 828 829 694
f 699 829 830
f 699 830 831
f 831 745 628
f 654 826 777
f 748 754 707
f 700 780 748
f 780 840 748
f 654 755 835
f 709 703 837
f 837 749 709
f 750 751 708
f 785 786 710
f 710 786 704
f 786 752 704
f 704 752 746
f 746 752 747
f 752 781 747
f 753 789 788
f 789 705 707
f 789 707 782
f 707 754 782
f 790 714 757
f 783 755 714
f 783 714 790
f 712 787 717
f 753 788 712
f 757 756 790
f 790 756 846
f 792 756 791
f 787 791 717
f 719 759 793
f 793 758 719
f 760 719 758
f 758 795 760
f 574 797 720
f 862 563 670
f 672 851 759
f 760 721 719
f 721 3871 761
f 766 762 3869
f 762 804 3869
f 3875 806 722
f 806 808 722
f 727 876 683
f 876 727 935
f 764 765 732
f 764 761 765
f 3872 766 770
f 936 768 731
f 735 811 731
f 811 735 771
f 772 732 812
f 765 812 732
f 772 812 817
f 813 814 733
f 737 771 735
f 737 815 771
f 816 771 815
f 770 739 769
f 741 819 737
f 888 819 741
f 888 741 775
f 776 772 821
f 821 772 885
f 774 823 818
f 739 774 818
f 822 743 773
f 889 777 826
f 629 776 780
f 780 776 833
f 778 779 703
f 892 703 779
f 828 694 781
f 780 832 840
f 832 780 833
f 835 826 654
f 749 837 838
f 752 844 781
f 788 789 849
f 754 748 782
f 784 755 783
f 751 843 785
f 843 899 785
f 785 899 786
f 752 786 844
f 786 899 844
f 712 788 787
f 787 788 849
f 784 783 790
f 845 790 846
f 846 756 792
f 787 848 791
f 791 906 792
f 906 791 848
f 847 792 906
f 846 792 847
f 851 793 759
f 793 851 852
f 793 794 758
f 793 852 794
f 795 758 794
f 3871 795 761
f 794 852 795
f 795 853 854
f 852 920 795
f 920 853 795
f 795 854 761
f 761 854 855
f 726 796 797
f 797 861 720
f 861 862 720
f 765 761 798
f 798 761 855
f 765 798 878
f 803 802 800
f 799 3874 3873
f 870 3874 799
f 802 801 800
f 869 803 3878
f 872 801 802
f 869 868 803
f 803 868 802
f 868 872 802
f 805 807 3875
f 762 801 804
f 3875 801 805
f 801 872 805
f 799 3873 3872
f 801 762 800
f 806 3875 807
f 874 807 805
f 874 806 807
f 874 808 806
f 724 808 726
f 808 796 726
f 860 796 808
f 876 875 730
f 727 728 935
f 930 763 768
f 877 763 930
f 930 768 936
f 878 812 765
f 818 870 799
f 3872 770 769
f 3872 769 799
f 731 811 810
f 810 811 879
f 816 880 811
f 817 812 881
f 881 812 878
f 769 818 799
f 771 816 811
f 816 815 820
f 815 819 820
f 816 820 882
f 882 880 816
f 769 739 818
f 814 773 740
f 737 819 815
f 817 885 772
f 818 823 884
f 822 886 824
f 889 884 823
f 889 823 777
f 824 779 778
f 824 827 779
f 824 886 827
f 825 775 745
f 775 825 888
f 825 951 888
f 833 821 891
f 776 821 833
f 1015 833 891
f 779 827 892
f 703 892 837
f 838 837 892
f 829 894 830
f 745 831 825
f 956 896 832
f 832 833 834
f 834 833 1015
f 832 834 956
f 844 900 781
f 781 893 828
f 893 781 900
f 893 829 828
f 748 839 782
f 840 839 748
f 840 832 896
f 840 896 839
f 835 755 836
f 836 755 897
f 784 897 755
f 842 750 749
f 838 842 749
f 750 842 841
f 750 841 751
f 841 843 751
f 843 960 899
f 849 789 1025
f 1025 789 782
f 782 839 901
f 845 784 790
f 902 784 845
f 845 846 903
f 902 845 903
f 848 787 849
f 848 849 907
f 907 906 848
f 847 906 904
f 905 847 904
f 860 914 796
f 796 915 797
f 915 861 797
f 916 917 861
f 851 919 852
f 857 853 920
f 855 854 856
f 857 850 853
f 853 850 854
f 858 854 850
f 858 856 854
f 920 909 857
f 855 856 859
f 855 859 863
f 860 808 927
f 798 855 863
f 878 798 863
f 863 931 878
f 931 941 878
f 870 865 864
f 937 865 870
f 865 866 864
f 865 922 866
f 867 3876 3877
f 867 924 932
f 932 3876 867
f 868 871 872
f 869 873 868
f 869 3878 3876
f 871 868 873
f 3876 873 869
f 932 873 3876
f 873 872 871
f 873 805 872
f 873 874 805
f 874 927 808
f 874 925 927
f 933 767 934
f 875 809 730
f 875 876 989
f 728 877 935
f 936 731 1067
f 1067 731 810
f 1066 930 936
f 818 937 870
f 767 933 813
f 813 933 938
f 809 934 767
f 811 880 879
f 939 880 882
f 879 880 939
f 878 944 881
f 814 1004 773
f 817 881 944
f 944 885 817
f 773 946 822
f 943 820 819
f 882 820 943
f 818 884 883
f 822 946 887
f 891 885 950
f 948 884 889
f 887 886 822
f 887 890 886
f 943 819 888
f 888 947 943
f 891 821 885
f 952 891 950
f 827 886 892
f 890 892 886
f 1015 891 952
f 953 889 826
f 835 953 826
f 830 895 831
f 956 834 1019
f 1019 834 1015
f 835 898 953
f 898 835 836
f 898 1104 953
f 1363 838 1017
f 893 894 829
f 894 895 830
f 955 831 895
f 839 896 1022
f 898 836 897
f 784 959 897
f 1020 897 959
f 898 897 1020
f 1363 842 838
f 1363 958 842
f 958 841 842
f 841 958 843
f 900 844 899
f 960 1108 899
f 902 903 1110
f 903 846 961
f 1110 903 961
f 846 847 961
f 849 1025 963
f 905 961 847
f 962 905 904
f 905 962 961
f 907 849 963
f 904 906 908
f 906 907 908
f 908 962 904
f 908 907 962
f 907 963 962
f 920 970 910
f 920 910 909
f 910 911 909
f 910 972 911
f 910 964 972
f 857 911 850
f 857 909 911
f 913 912 850
f 972 913 911
f 911 913 850
f 974 912 913
f 912 858 850
f 974 858 912
f 858 974 975
f 914 860 966
f 914 967 796
f 1029 967 914
f 796 967 915
f 915 967 916
f 916 861 915
f 861 917 862
f 916 982 917
f 982 983 917
f 983 918 917
f 917 918 862
f 851 862 918
f 918 919 851
f 919 918 970
f 919 920 852
f 920 919 970
f 856 921 859
f 859 921 863
f 856 858 975
f 863 921 994
f 994 931 863
f 921 856 975
f 994 921 1061
f 924 923 987
f 924 926 932
f 926 924 988
f 932 926 925
f 927 925 926
f 980 860 927
f 876 928 989
f 876 929 928
f 935 930 990
f 935 990 929
f 866 922 923
f 867 3877 923
f 922 865 937
f 937 995 922
f 924 867 923
f 873 925 874
f 925 873 932
f 875 997 934
f 875 934 809
f 989 997 875
f 935 929 876
f 935 877 930
f 1067 810 998
f 998 810 879
f 940 998 879
f 941 944 878
f 942 995 937
f 937 818 942
f 1000 1001 938
f 939 940 879
f 1003 940 939
f 818 883 942
f 1001 1004 814
f 938 1001 813
f 1001 814 813
f 943 939 882
f 1003 939 943
f 1005 1003 943
f 1006 1005 943
f 945 1009 883
f 945 883 948
f 1009 945 949
f 883 884 948
f 946 1010 887
f 887 1010 1099
f 947 1006 943
f 949 945 948
f 887 1099 890
f 888 951 947
f 950 885 1007
f 949 948 889
f 889 953 949
f 954 892 890
f 954 838 892
f 838 954 1017
f 1021 955 893
f 955 894 893
f 894 955 895
f 1022 896 957
f 896 956 957
f 899 1108 900
f 900 1021 893
f 839 1022 901
f 901 1022 1214
f 959 784 902
f 958 960 843
f 960 1023 1108
f 958 1023 960
f 901 1025 782
f 1025 901 1214
f 1024 961 962
f 1370 1024 962
f 1292 962 963
f 1037 1038 964
f 910 1037 964
f 972 964 965
f 981 1028 980
f 980 927 981
f 860 980 966
f 1028 966 980
f 1029 914 966
f 982 916 967
f 982 967 1029
f 968 982 1029
f 968 1046 983
f 968 1044 1046
f 983 1046 969
f 969 1045 970
f 971 970 1045
f 910 970 971
f 910 971 1037
f 973 913 972
f 973 972 965
f 965 1048 973
f 913 973 1048
f 974 913 1048
f 984 976 977
f 978 3879 986
f 1055 977 1054
f 977 976 1053
f 1054 977 1053
f 927 979 981
f 982 968 983
f 969 918 983
f 969 970 918
f 1061 1062 994
f 1061 921 975
f 923 922 984
f 923 984 985
f 923 985 987
f 995 1073 922
f 984 977 985
f 922 986 3880
f 977 987 985
f 986 3879 3880
f 987 977 1055
f 1073 986 922
f 1073 978 986
f 924 987 1055
f 988 924 1055
f 1043 988 1055
f 927 926 979
f 926 988 979
f 979 988 1043
f 1057 1065 997
f 989 1057 997
f 928 1056 989
f 1056 928 929
f 929 991 1056
f 929 990 991
f 991 990 930
f 991 930 992
f 991 992 1058
f 992 930 1066
f 1066 936 993
f 993 936 1067
f 1067 1068 993
f 994 1072 931
f 994 1062 1072
f 1081 931 1072
f 933 996 1000
f 996 933 1078
f 933 934 1065
f 933 1065 1161
f 1065 934 997
f 940 1080 998
f 941 931 1081
f 995 942 1085
f 1001 999 1004
f 1002 999 1001
f 1000 938 933
f 1002 1000 996
f 1001 1000 1002
f 1081 1088 941
f 1088 1081 1195
f 999 1087 1004
f 1088 944 941
f 942 883 1089
f 1092 1005 1006
f 1007 885 944
f 1007 944 1008
f 1089 883 1009
f 1094 1089 1009
f 1096 1010 946
f 1097 1092 1006
f 947 1097 1006
f 1011 1097 947
f 1009 949 1095
f 1103 890 1099
f 947 1203 1011
f 953 1101 949
f 1101 953 1204
f 951 1013 947
f 1007 1102 950
f 952 950 1012
f 1012 950 1102
f 953 1104 1204
f 1103 954 890
f 1017 954 1205
f 831 1018 1014
f 831 1014 825
f 1013 951 825
f 825 1014 1013
f 1014 1207 1013
f 952 1016 1015
f 1016 952 1012
f 955 1018 831
f 1019 1106 956
f 898 1020 1104
f 959 1213 1020
f 1020 1213 1104
f 1363 1107 958
f 959 902 1213
f 1213 902 1110
f 1107 1023 958
f 1108 1109 900
f 900 1109 1021
f 961 1024 1110
f 1292 963 1025
f 981 1027 1028
f 966 1028 1029
f 1028 1030 1029
f 1030 1044 1029
f 1139 1140 1032
f 1139 3881 1044
f 1044 1031 1047
f 3881 1035 1031
f 1031 1035 1034
f 1032 1033 3883
f 1033 1036 3883
f 3881 1031 1044
f 1140 1033 1032
f 1140 1036 1033
f 971 1034 1039
f 1047 1034 971
f 1036 3884 3882
f 1031 1034 1047
f 1036 3882 3883
f 3884 1038 1037
f 1037 971 1039
f 3884 1155 1038
f 1036 1155 3884
f 1038 1141 964
f 1142 1040 1050
f 1142 1050 1051
f 1041 1054 3885
f 1054 1041 1055
f 1026 1043 1042
f 981 979 1043
f 981 1043 1026
f 1029 1044 968
f 1047 1046 1044
f 969 1046 1045
f 1045 1046 1047
f 1047 971 1045
f 1049 975 974
f 974 1048 1156
f 1048 1242 1156
f 974 1156 1049
f 1052 1050 1040
f 1052 978 1050
f 1050 978 1051
f 1173 1051 978
f 3886 1053 976
f 978 1052 3879
f 3885 1054 1053
f 3885 1053 3886
f 1043 1055 1042
f 989 1056 1057
f 1057 1056 1150
f 1150 1056 1152
f 1152 1056 1164
f 1164 991 1058
f 1164 1058 1165
f 1165 1058 1059
f 992 1059 1058
f 1066 1059 992
f 1066 993 1060
f 1059 1066 1060
f 1069 1060 993
f 1060 1069 1168
f 1049 1061 975
f 1171 1061 1049
f 1062 1061 1171
f 1173 978 1073
f 1064 1063 1078
f 1176 1077 1063
f 1078 933 1064
f 1064 933 1161
f 1161 1178 1064
f 1057 1161 1065
f 991 1164 1056
f 1070 1067 998
f 993 1068 1069
f 1071 1068 1067
f 1071 1067 1070
f 995 1074 1073
f 1074 1173 1073
f 1074 995 1086
f 1182 1173 1074
f 1182 1074 1188
f 1075 1082 1002
f 1076 1084 1082
f 1076 1082 1075
f 1077 1076 1075
f 1183 1076 1077
f 1079 996 1078
f 1075 1002 996
f 1079 1075 996
f 1079 1078 1063
f 1077 1075 1079
f 1079 1063 1077
f 1070 998 1080
f 1070 1185 1071
f 1080 1185 1070
f 1193 1186 1080
f 1195 1081 1268
f 1074 1086 1188
f 995 1085 1086
f 999 1083 1087
f 1082 1083 999
f 1082 999 1002
f 1084 1083 1082
f 1190 1087 1083
f 1190 1083 1084
f 1080 940 1003
f 1193 1080 1003
f 1193 1003 1005
f 1090 773 1004
f 1091 1004 1194
f 1087 1194 1004
f 1092 1198 1005
f 1199 944 1088
f 1195 1199 1088
f 1085 1089 1093
f 942 1089 1085
f 1085 1093 1086
f 1094 1093 1089
f 773 1090 946
f 1090 1004 1091
f 1201 1090 1091
f 1201 1091 1197
f 1090 1096 946
f 1090 1201 1096
f 1201 1202 1096
f 1198 1092 1097
f 944 1279 1008
f 1279 944 1199
f 1009 1095 1094
f 1096 1202 1010
f 1202 1099 1010
f 1011 1098 1097
f 1198 1097 1098
f 1281 1007 1008
f 1100 1007 1281
f 1095 1101 1094
f 1101 1095 949
f 947 1285 1203
f 1098 1011 1203
f 947 1206 1285
f 1100 1102 1007
f 1359 1101 1204
f 1205 954 1103
f 1013 1207 1206
f 947 1013 1206
f 1208 1016 1012
f 1012 1102 1208
f 1018 1210 1207
f 1018 1207 1014
f 1018 955 1210
f 1210 955 1288
f 1106 1019 1212
f 1019 1015 1016
f 1021 1288 955
f 957 1105 1022
f 956 1106 1290
f 957 1216 1105
f 957 956 1216
f 1214 1022 1215
f 1110 1024 1370
f 1025 1111 1292
f 1025 1214 1111
f 1138 1113 1112
f 1136 3887 1027
f 1113 1114 1112
f 1114 1113 1220
f 3887 1115 1027
f 1114 1116 1112
f 3888 1112 1116
f 1114 1220 1116
f 1027 1115 1028
f 1115 1117 1028
f 1117 1030 1028
f 3888 1116 3889
f 3889 1116 1118
f 1116 1220 1118
f 1220 1295 1118
f 1118 1119 3889
f 1118 1221 3890
f 1117 1120 1030
f 3889 1119 1120
f 1120 1044 1030
f 1119 1122 1120
f 1221 3891 3890
f 1120 1122 1121
f 1044 1120 1121
f 3891 1221 1223
f 1121 1122 1139
f 1121 1139 1044
f 1123 3891 1223
f 1122 1124 1139
f 1123 1124 1122
f 1126 1127 1125
f 3892 1041 3894
f 1128 1145 3895
f 1398 3897 3895
f 1130 3897 1398
f 3892 1129 1041
f 3893 3900 1129
f 3900 1132 1129
f 3893 3898 3900
f 1133 1130 1340
f 1130 1133 3901
f 1129 1131 1026
f 1129 1026 1042
f 1129 1132 1131
f 1026 1131 1134
f 1131 1132 1135
f 1134 1131 1135
f 1137 1134 1135
f 3901 1138 3902
f 1138 3901 1133
f 1219 1138 1133
f 1136 1026 1137
f 1137 1026 1134
f 1135 3887 1137
f 1136 1137 3887
f 1027 1026 1136
f 3902 1138 1112
f 1138 1219 1113
f 1027 981 1026
f 1124 1140 1139
f 1224 1140 1124
f 1036 1140 1316
f 1036 1316 1155
f 964 1141 965
f 1051 1143 1142
f 1144 3904 1143
f 1143 1051 1144
f 1146 1145 3903
f 1146 3895 1145
f 3885 3894 1041
f 3899 1040 1142
f 3899 3896 1040
f 3904 1142 1143
f 3899 1142 3904
f 1398 3895 1146
f 1042 1055 1041
f 1129 1042 1041
f 1130 1398 1340
f 1162 1161 1147
f 1149 1226 1147
f 1161 1148 1147
f 1147 1148 1149
f 1148 1151 1149
f 1148 1057 1150
f 1148 1150 1151
f 1150 1153 1151
f 1151 1153 1233
f 1150 1152 1153
f 1164 1153 1152
f 1236 1233 1153
f 1164 1154 1153
f 1236 1153 1154
f 1236 1154 1237
f 1165 1154 1164
f 1154 1165 1239
f 1155 1315 1038
f 1315 1155 1316
f 1141 1038 1315
f 1141 1048 965
f 1049 1156 1157
f 1171 1157 1241
f 1144 1051 1158
f 1158 1051 1173
f 1173 1250 1158
f 1144 1158 1243
f 1243 1158 1250
f 1162 1159 1178
f 1159 1160 1178
f 1160 1159 1244
f 1163 1159 1162
f 1226 1163 1147
f 1147 1163 1162
f 1148 1161 1057
f 1166 1239 1165
f 1165 1167 1166
f 1167 1249 1166
f 1165 1059 1167
f 1166 1249 1248
f 1167 1059 1060
f 1169 1168 1069
f 1060 1168 1167
f 1168 1170 1167
f 1169 1170 1168
f 1171 1049 1157
f 1171 1241 1331
f 1072 1062 1172
f 1172 1081 1072
f 1062 1171 1172
f 1260 1172 1171
f 1172 1260 1181
f 1182 1261 1250
f 1178 1175 1064
f 1175 1063 1064
f 1175 1176 1063
f 1177 1176 1175
f 1177 1174 1176
f 1178 1160 1175
f 1160 1177 1175
f 1253 1177 1160
f 1177 1253 1174
f 1160 1244 1253
f 1174 1253 1254
f 1257 1254 1253
f 1178 1161 1162
f 1169 1069 1068
f 1169 1068 1071
f 1179 1071 1185
f 1179 1180 1071
f 1187 1179 1185
f 1180 1169 1071
f 1186 1187 1185
f 1081 1172 1181
f 1181 1268 1081
f 1250 1173 1182
f 1191 1084 1076
f 1176 1183 1077
f 1076 1183 1191
f 1174 1183 1176
f 1174 1184 1183
f 1191 1184 1192
f 1183 1184 1191
f 1254 1184 1174
f 1262 1184 1254
f 1262 1192 1184
f 1186 1185 1080
f 1188 1086 1269
f 1190 1084 1191
f 1192 1190 1191
f 1192 1189 1190
f 1193 1005 1267
f 1186 1193 1267
f 1269 1086 1196
f 1270 1272 1194
f 1270 1194 1189
f 1087 1190 1194
f 1194 1190 1189
f 1272 1197 1194
f 1267 1005 1198
f 1093 1196 1086
f 1197 1091 1194
f 1352 1267 1198
f 1093 1200 1196
f 1094 1200 1093
f 1200 1275 1196
f 1201 1197 1277
f 1279 1281 1008
f 1280 1099 1202
f 1098 1278 1198
f 1283 1098 1203
f 1283 1203 1285
f 1286 1102 1100
f 1284 1206 1207
f 1206 1284 1285
f 1284 1207 1287
f 1102 1209 1208
f 1286 1209 1102
f 1016 1212 1019
f 1016 1208 1212
f 1208 1209 1361
f 1208 1361 1212
f 1363 1017 1424
f 1290 1211 956
f 956 1211 1216
f 1106 1212 1290
f 1489 1107 1363
f 1023 1365 1108
f 1108 1365 1109
f 1022 1105 1215
f 1215 1105 1216
f 1216 1431 1215
f 1216 1211 1289
f 1213 1110 1217
f 1217 1110 1218
f 1292 1111 1433
f 1118 1295 1222
f 1294 1220 1113
f 1222 1221 1118
f 1221 1222 1314
f 1224 1123 1223
f 1123 1224 1124
f 1224 1316 1140
f 1133 1225 1219
f 1225 1296 1219
f 1306 1246 1305
f 1306 1302 1245
f 1227 1226 1229
f 1246 1226 1227
f 1246 1227 1228
f 1228 1227 1229
f 1305 1246 1228
f 1229 1305 1228
f 1149 1151 1231
f 1149 1231 1230
f 1226 1149 1230
f 1229 1226 1230
f 1229 1230 1308
f 1231 1151 1233
f 1232 1231 1233
f 1230 1231 1308
f 1308 1231 1232
f 1310 1308 1232
f 1233 1236 1234
f 1232 1233 1234
f 1232 1234 1235
f 1310 1232 1235
f 1234 1236 1237
f 1234 1237 1235
f 1235 1237 1313
f 1313 1237 1238
f 1313 1238 1327
f 1237 1154 1239
f 1238 1237 1247
f 1237 1239 1247
f 1141 1242 1048
f 1156 1240 1157
f 1156 1242 1240
f 1157 1240 1241
f 1240 1384 1241
f 1251 1146 3903
f 1243 3905 1144
f 3905 1243 1250
f 1322 1256 1244
f 1320 1258 1256
f 1245 1303 1244
f 1245 1244 1159
f 1245 1159 1163
f 1245 1163 1246
f 1163 1226 1246
f 1246 1306 1245
f 1238 1247 1327
f 1166 1247 1239
f 1247 1166 1248
f 1327 1247 1248
f 1327 1248 1387
f 1248 1249 1328
f 1249 1167 1170
f 1249 1170 1329
f 1328 1249 1329
f 1170 1389 1329
f 1389 1170 1169
f 1330 1331 1241
f 1331 1260 1171
f 1252 1250 1261
f 3905 1250 1252
f 1332 1252 1261
f 3905 1252 1332
f 1257 1253 1255
f 1244 1255 1253
f 1256 1255 1244
f 1254 1257 1263
f 1256 1258 1255
f 1258 1257 1255
f 1263 1257 1258
f 1263 1258 1259
f 1320 1259 1258
f 1341 1263 1259
f 1391 1259 1320
f 1391 3925 1259
f 1334 1180 1179
f 1187 1334 1179
f 1334 1187 1335
f 1182 1188 1264
f 1254 1263 1262
f 1263 1341 1262
f 1341 1266 1262
f 1186 1342 1187
f 1264 1188 1269
f 1182 1264 1261
f 1261 1264 1404
f 1265 1271 1192
f 1344 1271 1265
f 1265 1192 1262
f 1265 1262 1266
f 1344 1265 1266
f 1342 1186 1267
f 1267 1406 1342
f 1268 1409 1195
f 1473 1409 1268
f 1269 1196 1348
f 1404 1264 1269
f 1404 1269 1348
f 1271 1189 1192
f 1271 1270 1189
f 1271 1274 1270
f 1343 1274 1271
f 1350 1274 1343
f 1352 1406 1267
f 1348 1196 1275
f 1273 1272 1270
f 1274 1273 1270
f 1272 1273 1276
f 1274 1349 1273
f 1350 1349 1274
f 1353 1276 1273
f 1272 1276 1197
f 1352 1278 1475
f 1409 1279 1195
f 1279 1199 1195
f 1277 1202 1201
f 1197 1276 1277
f 1276 1353 1277
f 1353 1355 1277
f 1277 1355 1356
f 1278 1352 1198
f 1200 1094 1282
f 1277 1356 1357
f 1357 1202 1277
f 1357 1280 1202
f 1283 1278 1098
f 1286 1100 1281
f 1418 1286 1281
f 1094 1101 1282
f 1280 1103 1099
f 1280 1416 1103
f 1103 1420 1205
f 1284 1287 1360
f 1284 1360 1285
f 1421 1283 1285
f 1424 1205 1420
f 1424 1017 1205
f 1207 1364 1287
f 1286 1361 1209
f 1204 1104 1362
f 1210 1288 1364
f 1364 1207 1210
f 1212 1291 1290
f 1104 1213 1362
f 1365 1427 1021
f 1021 1109 1365
f 1021 1366 1288
f 1215 1430 1214
f 1431 1430 1215
f 1289 1211 1290
f 1216 1289 1431
f 1289 1290 1431
f 1370 1218 1110
f 1111 1214 1369
f 1293 3915 3907
f 3906 1294 1219
f 1219 1294 1113
f 1307 3907 3915
f 1372 1295 1220
f 1375 1222 1295
f 1221 1314 1223
f 1224 1223 1314
f 1225 1323 1299
f 1296 1225 1299
f 1296 1299 1297
f 1244 1303 1298
f 1298 1303 3908
f 1225 1321 1323
f 1322 3908 3909
f 1244 1298 1322
f 1322 1298 3908
f 1299 1323 1324
f 3909 3918 1322
f 1219 1296 1301
f 1303 1245 1302
f 1301 1300 1219
f 1300 1304 1219
f 3911 1300 1301
f 1300 3911 3910
f 3912 1300 3910
f 1296 3911 1301
f 1296 1297 3911
f 3906 1219 1304
f 1293 3913 3915
f 3914 1302 1306
f 1305 3914 1306
f 1305 1229 3916
f 1309 1371 1229
f 1308 1310 3917
f 3917 1310 1311
f 1229 1308 3917
f 1386 1309 1385
f 1235 1311 1310
f 3917 1311 3932
f 1235 1312 1311
f 3932 1311 1312
f 1312 1235 1313
f 1327 1453 1313
f 1314 1376 1224
f 1376 1316 1224
f 1316 1376 1377
f 1377 1315 1316
f 1379 1318 1317
f 1379 1317 1141
f 1318 1319 1317
f 1317 1319 1141
f 1383 1242 1141
f 1319 1383 1141
f 1241 1384 1330
f 1240 1242 1384
f 1133 1321 1225
f 1133 1333 1321
f 1326 1321 1333
f 3918 3919 1320
f 1326 1333 1390
f 3920 3933 3934
f 1391 1320 3921
f 1325 1320 1256
f 1325 1256 1322
f 1321 1326 1323
f 1323 1326 1324
f 1325 1322 3918
f 3918 1320 1325
f 1454 1327 1387
f 1387 1248 1388
f 1248 1328 1388
f 1328 1329 1449
f 1180 1450 1169
f 1334 1450 1180
f 1457 1331 1330
f 1331 1457 1260
f 3922 1338 1251
f 1251 1338 1146
f 1398 1146 1338
f 1133 1340 1333
f 1333 1340 1393
f 1393 1390 1333
f 1393 1392 1390
f 1455 1334 1335
f 1260 1459 1181
f 1459 1268 1181
f 1336 1332 1261
f 1336 1261 1339
f 1337 1332 1336
f 1337 1336 1339
f 3923 1338 3922
f 1338 3923 3924
f 1399 1340 1398
f 1342 1335 1187
f 1397 1335 1342
f 1342 1403 1397
f 1459 1473 1268
f 1404 1339 1261
f 1341 1344 1266
f 1345 1344 1341
f 1402 1346 3925
f 1403 1342 1406
f 1343 1271 1344
f 1347 1350 1343
f 1347 1408 1350
f 1344 1347 1343
f 1347 1344 1345
f 1346 3926 3925
f 1346 1402 1405
f 1346 1405 3926
f 1405 1347 3926
f 1461 1405 1402
f 1405 1408 1347
f 1349 1353 1273
f 1351 1354 1349
f 1350 1351 1349
f 1351 1411 1354
f 1476 1350 1408
f 1476 1351 1350
f 1476 1411 1351
f 1275 1477 1348
f 1354 1353 1349
f 1355 1353 1354
f 1355 1354 1410
f 1414 1475 1278
f 1275 1200 1415
f 1200 1282 1415
f 1357 1356 1417
f 1356 1355 1412
f 1410 1412 1355
f 1356 1412 1417
f 1357 1416 1280
f 1357 1417 1416
f 1283 1358 1278
f 1414 1278 1358
f 1409 1281 1279
f 1418 1281 1409
f 1419 1103 1416
f 1421 1358 1283
f 1286 1418 1484
f 1359 1282 1101
f 1419 1420 1103
f 1421 1285 1360
f 1286 1484 1422
f 1360 1287 1425
f 1422 1361 1286
f 1426 1361 1422
f 1425 1287 1364
f 1291 1212 1368
f 1428 1212 1492
f 1212 1361 1492
f 1493 1023 1107
f 1546 1427 1365
f 1427 1366 1021
f 1288 1366 1491
f 1290 1291 1367
f 1431 1290 1367
f 1291 1368 1367
f 1614 1431 1367
f 1368 1212 1428
f 1369 1433 1111
f 1214 1430 1369
f 1703 1218 1370
f 1370 962 1292
f 1370 1292 1432
f 1433 1432 1292
f 3907 1307 3927
f 1220 1294 3928
f 1372 1220 3928
f 1374 1295 1372
f 3916 1229 1371
f 1371 1309 1373
f 1373 1309 1386
f 1440 1373 1386
f 1372 3928 3930
f 1438 3929 3931
f 1374 1372 3940
f 1295 1439 1375
f 1448 1222 1375
f 1222 1448 1314
f 1314 1448 1376
f 1377 1376 1505
f 1377 1378 1315
f 1315 1379 1141
f 1378 1379 1315
f 1380 1379 1444
f 1442 1444 1379
f 1378 1442 1379
f 1380 1318 1379
f 1318 1380 1381
f 1318 1381 1319
f 1319 1381 1383
f 1381 1382 1383
f 1383 1384 1242
f 1384 1446 1330
f 1440 1386 1452
f 3932 1312 1452
f 1386 1385 1452
f 1313 1453 1452
f 1452 1312 1313
f 1453 1327 1454
f 1454 1387 1512
f 1512 1387 1388
f 1388 1328 1449
f 1389 1169 1450
f 1457 1330 1451
f 3935 3934 3933
f 1395 3934 3935
f 1391 3936 3925
f 1455 1335 1456
f 1459 1260 1457
f 1340 1394 1393
f 1399 1394 1340
f 1392 1393 1394
f 1399 1400 1394
f 1394 1396 1392
f 1396 1394 1400
f 1392 1396 3937
f 1403 1458 1397
f 1515 1473 1459
f 3924 1463 1338
f 1338 1463 1464
f 1338 1464 1398
f 1399 1398 1465
f 1399 1467 1400
f 3925 3936 1402
f 1401 1396 1400
f 1401 1400 1462
f 1396 1401 3937
f 1402 3938 3939
f 1467 1462 1400
f 1406 1407 1472
f 1403 1406 1472
f 3944 1404 1474
f 3944 1339 1404
f 1468 1408 1461
f 1408 1405 1461
f 1352 1407 1406
f 1352 1475 1407
f 1474 1404 1348
f 1410 1354 1411
f 1415 1477 1275
f 1417 1412 1479
f 1410 1413 1412
f 1479 1412 1413
f 1480 1414 1358
f 1480 1527 1414
f 1531 1415 1282
f 1481 1419 1416
f 1481 1416 1417
f 1359 1531 1282
f 1360 1423 1421
f 1487 1486 1422
f 1487 1422 1484
f 1359 1204 1488
f 1425 1423 1360
f 1423 1425 1535
f 1425 1537 1535
f 1426 1422 1486
f 1204 1362 1488
f 1288 1491 1364
f 1364 1491 1541
f 1541 1425 1364
f 1541 1537 1425
f 1492 1361 1426
f 1486 1543 1426
f 1493 1107 1489
f 1427 1490 1366
f 1490 1491 1366
f 1431 1614 1494
f 1367 1368 1614
f 1213 1217 1703
f 1023 1429 1365
f 1493 1429 1023
f 1429 1546 1365
f 1369 1547 1433
f 1369 1430 1547
f 1547 1430 1431
f 1217 1218 1703
f 1370 1432 1703
f 1380 1434 1381
f 1435 1381 1434
f 1498 1380 1444
f 1434 1380 1498
f 1498 1499 1434
f 1444 1497 1498
f 1436 1435 1434
f 1436 1437 1435
f 1434 1499 1436
f 1437 1558 1435
f 1438 3931 3942
f 1439 1374 3940
f 3941 1438 3942
f 1374 1439 1295
f 3942 1560 3941
f 1439 1448 1375
f 1377 1441 1378
f 1506 1443 1441
f 1505 1506 1377
f 1506 1441 1377
f 1378 1443 1442
f 1378 1441 1443
f 1442 1443 1500
f 1444 1442 1497
f 1435 1382 1381
f 1445 1383 1382
f 1445 1447 1383
f 1445 1502 1447
f 1382 1501 1445
f 1445 1501 1502
f 1384 1383 1447
f 1447 1446 1384
f 1447 1502 1446
f 1502 1510 1446
f 1452 1559 1440
f 3942 3951 1560
f 1568 1388 1449
f 1449 1329 1507
f 1389 1507 1329
f 1389 1450 1508
f 1509 1450 1334
f 1446 1451 1330
f 1446 1510 1451
f 1451 1510 1457
f 1650 1453 1454
f 1509 1334 1455
f 1562 1509 1455
f 1397 1456 1335
f 1403 1472 1458
f 1458 1456 1397
f 1574 1515 1459
f 3939 3943 1460
f 3939 1460 1402
f 1402 1460 1461
f 1460 3943 1470
f 1461 1460 3946
f 1464 1463 1518
f 1398 1464 1466
f 1466 1464 1518
f 1467 1399 1465
f 1398 1466 1465
f 1466 1520 1465
f 1461 3946 1468
f 1467 1469 1462
f 1470 3943 3945
f 1465 1522 1467
f 1471 1470 3945
f 3946 3947 1468
f 1467 1522 1469
f 1472 1407 1475
f 1516 1472 1475
f 1474 1348 1519
f 3944 1474 1519
f 3947 1408 1468
f 1516 1475 1524
f 1517 1409 1473
f 1408 3947 1476
f 1476 3947 1523
f 1526 1478 1476
f 1411 1476 1478
f 1413 1410 1411
f 1411 1478 1413
f 1528 1479 1413
f 1529 1413 1478
f 1413 1529 1528
f 1526 1530 1478
f 1478 1530 1529
f 1417 1479 1528
f 1480 1358 1421
f 1483 1480 1421
f 1598 1527 1480
f 1483 1598 1480
f 1415 1531 1599
f 1481 1532 1419
f 1420 1419 1532
f 1601 1532 1481
f 1482 1421 1423
f 1483 1421 1482
f 1682 1483 1482
f 1533 1484 1418
f 1484 1533 1487
f 1531 1359 1485
f 1603 1531 1485
f 1603 1485 1488
f 1485 1359 1488
f 1482 1423 1536
f 1535 1536 1423
f 1362 1784 1488
f 1426 1543 1542
f 1486 1538 1543
f 1362 1213 1795
f 1427 1546 1539
f 1539 1490 1427
f 1541 1491 1490
f 1368 1428 1614
f 1428 1492 1614
f 1426 1542 1492
f 1493 1489 1544
f 1429 1545 1546
f 1493 1545 1429
f 1544 1545 1493
f 1547 1431 1494
f 1548 1432 1433
f 1499 1498 1495
f 1495 1498 1552
f 1499 1551 1436
f 1551 1496 1436
f 1551 1499 1549
f 1553 1437 1496
f 1552 1498 1497
f 1437 1436 1496
f 1558 1437 1553
f 1443 1506 1561
f 1497 1442 1500
f 1561 1554 1443
f 1443 1554 1500
f 1554 1630 1500
f 1449 1507 1557
f 1555 1557 1507
f 1507 1508 1556
f 1507 1556 1555
f 1382 1435 1501
f 1435 1558 1501
f 1558 1503 1501
f 1510 1502 1503
f 1503 1502 1501
f 1448 1439 3953
f 1448 1504 1376
f 1505 1376 1504
f 1507 1389 1508
f 1509 1508 1450
f 1556 1508 1509
f 1566 1565 1510
f 1503 1566 1510
f 1565 1457 1510
f 1452 1572 1559
f 1572 1452 1511
f 1572 1511 1571
f 1511 1452 1453
f 1453 3956 1511
f 1453 1650 1651
f 1650 1454 1512
f 1568 1512 1388
f 1455 1456 1562
f 1513 1569 1456
f 1562 1456 1569
f 1457 1570 1574
f 1575 1458 1472
f 1513 1456 1458
f 1458 1514 1513
f 1514 1458 1575
f 1459 1457 1574
f 1575 1472 1516
f 1577 1575 1516
f 1517 1473 1515
f 1515 1579 1517
f 1658 1517 1579
f 3948 1518 1463
f 1520 1466 1518
f 1585 1520 1518
f 3945 1521 1471
f 1471 1521 3950
f 1465 1520 1522
f 1522 3949 1469
f 1581 3950 1521
f 1522 3957 3949
f 1522 1582 3957
f 1519 1348 1525
f 1523 1526 1476
f 1589 1526 1523
f 1527 1475 1414
f 1527 1524 1475
f 1409 1517 1594
f 1477 1525 1348
f 1415 1599 1477
f 1599 1525 1477
f 1418 1409 1594
f 1533 1418 1594
f 1530 1600 1529
f 1600 1528 1529
f 1530 1597 1600
f 1600 1601 1528
f 1682 1598 1483
f 1531 1775 1599
f 1528 1481 1417
f 1528 1601 1481
f 1605 1682 1482
f 1533 1606 1487
f 1420 1534 1424
f 1605 1482 1536
f 1606 1486 1487
f 1607 1603 1488
f 1689 1537 1541
f 1537 1690 1535
f 1543 1538 1610
f 1538 1486 1606
f 1363 1790 1489
f 1787 1790 1363
f 1790 1696 1489
f 1608 1539 1546
f 1608 1546 1613
f 1539 1608 1540
f 1539 1540 1490
f 1490 1540 1541
f 1541 1540 1609
f 1614 1492 1694
f 1694 1492 1542
f 1694 1542 1543
f 1543 1610 1694
f 1213 1702 1795
f 1702 1213 1703
f 1696 1544 1489
f 1696 1545 1544
f 1494 1614 1547
f 1703 1432 1796
f 1796 1432 1548
f 1551 1549 1621
f 1621 1622 1551
f 1552 1550 1549
f 1620 1549 1550
f 1622 1623 1496
f 1495 1549 1499
f 1552 1549 1495
f 1551 1622 1496
f 1496 1625 1553
f 1500 1630 1497
f 1497 1630 1552
f 1635 1554 1561
f 1636 1449 1557
f 1636 1557 1638
f 1639 1555 1556
f 1563 1639 1556
f 1640 1639 1563
f 1503 1558 1566
f 1642 1566 1558
f 1642 1570 1566
f 1572 1567 1559
f 3955 3954 3952
f 1504 1448 1747
f 1504 1747 1643
f 1643 1505 1504
f 1561 1506 1823
f 1643 1506 1505
f 1449 1644 1568
f 1636 1644 1449
f 1556 1509 1563
f 1563 1509 1562
f 1562 1564 1563
f 1569 1564 1562
f 1564 1641 1563
f 1570 1565 1566
f 1647 1567 1572
f 1573 1650 1512
f 1649 1569 1513
f 1514 1649 1513
f 1564 1569 1645
f 1649 1645 1569
f 1565 1570 1457
f 1453 1651 3956
f 1572 1571 3970
f 1650 1573 1652
f 1653 1574 1570
f 1576 1515 1574
f 1575 1649 1514
f 1576 1656 1515
f 1578 1575 1577
f 1658 1579 1515
f 1656 1580 1515
f 1760 1580 1656
f 1580 1658 1515
f 1582 1522 1671
f 1582 1671 3957
f 1581 1583 3950
f 3958 1589 1523
f 1577 1516 1524
f 1658 1584 1517
f 1585 1518 1586
f 1586 1518 3948
f 1586 1659 1585
f 1587 3961 1592
f 3962 1659 1586
f 1588 1520 1585
f 1585 3971 1588
f 3971 1660 1588
f 3959 3957 1590
f 3957 1671 1590
f 1671 1522 1520
f 1590 3963 3960
f 1590 1662 3963
f 1589 3972 1526
f 1524 1527 1591
f 1577 1524 1591
f 1595 1594 1517
f 3961 1519 1525
f 1592 3961 1525
f 1592 1525 1599
f 1663 1596 1526
f 1530 1526 1596
f 1591 1527 1593
f 1598 1593 1527
f 1774 1591 1593
f 1774 1593 1598
f 1596 1597 1530
f 1597 1680 1600
f 1676 1596 1675
f 1597 1596 1676
f 1774 1598 1682
f 1677 1602 1533
f 1595 1677 1594
f 1677 1533 1594
f 1600 1679 1601
f 1600 1680 1679
f 1680 1597 1681
f 1682 1605 1780
f 1602 1606 1533
f 1602 1683 1606
f 1684 1775 1531
f 1603 1607 1781
f 1604 1532 1601
f 1604 1601 1679
f 1604 1679 1685
f 1685 1679 1779
f 1686 1420 1532
f 1687 1605 1536
f 1687 1536 1535
f 1780 1605 1687
f 1488 1784 1607
f 1686 1534 1420
f 1782 1424 1534
f 1424 1786 1363
f 1689 1690 1537
f 1687 1535 1690
f 1606 1611 1538
f 1786 1787 1363
f 1609 1540 1608
f 1693 1689 1609
f 1609 1689 1541
f 1611 1610 1538
f 1696 1791 1545
f 1545 1791 1612
f 1545 1612 1546
f 1546 1612 1613
f 1612 1698 1613
f 1698 1699 1613
f 1613 1699 1608
f 1700 1614 1694
f 1796 1548 1615
f 1548 1433 1615
f 1615 1433 1547
f 1618 1616 1707
f 1620 1617 1616
f 1616 1618 1621
f 1621 1619 1622
f 1619 1711 1622
f 1619 1621 1618
f 1619 1708 1711
f 1711 1713 1623
f 1715 1620 1624
f 1620 1616 1621
f 1621 1549 1620
f 1622 1711 1623
f 1624 1620 1550
f 1550 1627 1624
f 1496 1623 1625
f 1721 1625 1623
f 1550 1552 1626
f 1626 1729 1722
f 1627 1550 1626
f 1718 1624 1627
f 1627 1626 1722
f 1634 1625 1628
f 1628 1629 1634
f 1625 1721 1628
f 1734 1634 1629
f 1626 1552 1630
f 1729 1626 1630
f 1729 1630 1728
f 1632 1631 1637
f 1625 1634 1553
f 1558 1553 1634
f 1634 1734 1642
f 1635 1824 1736
f 1635 1736 1554
f 1554 1736 1821
f 1744 1636 1638
f 1644 1636 1744
f 1555 1637 1557
f 1637 1555 1639
f 1557 1637 1638
f 1632 1637 1639
f 1638 1637 1631
f 1739 1638 1631
f 1641 1640 1563
f 1633 3964 1639
f 1633 1639 1640
f 1640 1641 1633
f 1641 1740 1633
f 1642 1558 1634
f 1570 1642 1742
f 1643 1823 1506
f 1561 1823 1824
f 1561 1824 1635
f 1743 1568 1644
f 1743 1644 1744
f 1564 1645 1641
f 1645 1740 1641
f 1740 1645 1745
f 1745 1645 1649
f 1746 1570 1742
f 1746 1751 1570
f 3966 3954 3955
f 3970 1647 1572
f 3966 1646 3954
f 3965 1448 3953
f 3966 1648 1646
f 3965 3967 1448
f 1748 1643 1747
f 1757 1512 1568
f 1647 3970 3968
f 3968 3970 1753
f 1758 1651 1650
f 1650 1652 1758
f 1757 1756 1573
f 1573 1512 1757
f 1653 1576 1574
f 1653 1656 1576
f 1649 1575 1654
f 1654 1575 1578
f 1840 1649 1654
f 1657 1655 1653
f 1655 1656 1653
f 1655 1657 1656
f 1657 1760 1656
f 1577 1759 1578
f 1654 1578 1759
f 1764 1658 1580
f 1664 1577 1591
f 1761 1759 1577
f 1577 1664 1761
f 1764 1584 1658
f 1762 1764 1580
f 1584 1665 1763
f 1760 1762 1580
f 1764 1665 1584
f 1666 1659 3962
f 1588 1660 1669
f 3976 1661 3971
f 1661 1660 3971
f 1669 1660 1661
f 1661 3976 1667
f 3972 1663 1526
f 1671 1662 1590
f 1671 1670 1662
f 3974 3973 3978
f 3975 3979 1672
f 1663 3980 1675
f 1595 1517 1584
f 1595 1584 1763
f 3977 1587 1592
f 1668 3977 1592
f 1667 1669 1661
f 1667 1765 1669
f 1599 1668 1592
f 1667 3976 1766
f 3992 3977 1668
f 1765 1667 1766
f 1669 1765 1767
f 1588 1669 1520
f 1675 1596 1663
f 1671 1673 1670
f 1673 3981 1670
f 3982 3983 3984
f 1520 1674 1671
f 1669 1674 1520
f 1674 1770 1671
f 1771 1674 1669
f 1854 1664 1774
f 1774 1664 1591
f 1769 1599 1775
f 1769 1668 1599
f 1681 1597 1676
f 1678 1677 1595
f 1777 1677 1678
f 1680 1779 1679
f 1680 1969 1779
f 1860 1682 1780
f 1677 1683 1602
f 1677 1777 1683
f 1778 1864 1683
f 1684 1531 1603
f 1684 1603 1781
f 1781 1861 1684
f 1685 1686 1604
f 1604 1686 1532
f 1683 1864 1606
f 1607 1784 1781
f 1688 1782 1534
f 1688 1534 1686
f 1686 1782 1688
f 1690 1689 1868
f 1868 1687 1690
f 1691 1611 1606
f 1785 1362 1692
f 1795 1692 1362
f 1782 1786 1424
f 1608 1693 1609
f 1876 1701 1694
f 1695 1610 1611
f 1610 1695 1694
f 1691 1695 1611
f 1881 1696 1790
f 1881 1791 1696
f 1697 1698 1612
f 1612 1791 1697
f 1697 1699 1698
f 1697 1793 1699
f 1700 1615 1547
f 1614 1700 1547
f 1700 1694 1701
f 1703 1796 1988
f 1704 1801 1709
f 1704 1799 1801
f 1709 1801 1705
f 1802 1705 1801
f 1705 1808 1714
f 1706 1707 1617
f 1617 1707 1616
f 1706 1617 1716
f 1710 1707 1706
f 1888 1706 1716
f 1884 1710 1706
f 1618 1707 1708
f 1708 1619 1618
f 1704 1708 1707
f 1709 1708 1704
f 1709 1712 1708
f 1712 1711 1708
f 1707 1710 1704
f 1712 1714 1711
f 1713 1711 1714
f 1709 1705 1712
f 1705 1714 1712
f 1713 1714 1807
f 1714 1808 1807
f 1717 1713 1807
f 1716 1620 1715
f 1806 1716 1715
f 1716 1617 1620
f 1713 1717 1623
f 1623 1717 1721
f 1717 1898 1721
f 1718 1806 1715
f 1718 1720 1806
f 1811 1724 1812
f 1718 1715 1624
f 1720 1718 1719
f 1722 1724 1719
f 1719 1724 1720
f 1806 1720 1811
f 1811 1720 1724
f 1730 1722 1729
f 1722 1730 1723
f 1724 1722 1723
f 1812 1724 1723
f 1812 1723 1818
f 1627 1722 1719
f 1718 1627 1719
f 3964 1727 1725
f 1629 1628 1721
f 1629 1735 1734
f 1629 1721 1816
f 1816 1735 1629
f 1730 1728 1817
f 1728 1737 1817
f 1728 1630 1737
f 1729 1728 1730
f 1818 1730 1817
f 1723 1730 1818
f 1632 1726 1631
f 1819 1739 1631
f 1819 1631 1726
f 3964 1633 1731
f 1731 1633 1732
f 1726 1632 1725
f 3964 1731 1727
f 1727 1731 1732
f 1733 1732 1741
f 1727 1732 1733
f 1741 1820 1733
f 1814 1727 1733
f 1814 1733 1820
f 1742 1734 1735
f 1734 1742 1642
f 1737 1630 1554
f 1737 1554 1821
f 1736 1824 1821
f 1738 1744 1638
f 1916 1744 1738
f 1739 1738 1638
f 1732 1633 1740
f 1741 1732 1740
f 1742 1827 1746
f 1827 1742 2039
f 1743 1749 1568
f 1749 1743 1919
f 1740 1745 1741
f 1741 1745 1825
f 1827 1826 1746
f 1829 1746 1826
f 1747 1448 3967
f 1752 1747 3967
f 3987 3985 3969
f 3986 3988 1754
f 1823 1643 1748
f 1748 1828 1823
f 1757 1568 1749
f 1757 1749 1837
f 1745 1649 1750
f 1825 1745 1750
f 1751 1653 1570
f 1746 1829 1751
f 3989 1755 1752
f 1754 3988 1830
f 3994 1755 3990
f 1831 1753 3970
f 1748 1747 1922
f 1747 1752 1755
f 1833 1922 1747
f 3995 1753 1831
f 1833 1747 1755
f 1832 1833 1755
f 1756 1839 1652
f 1652 1573 1756
f 1756 1757 1836
f 1757 1837 1836
f 1649 1840 1750
f 1831 3970 3991
f 1838 1758 1839
f 1652 1839 1758
f 1840 1654 1759
f 1841 1759 1844
f 1840 1759 1841
f 1938 1841 1844
f 1657 1653 1842
f 1842 1845 1657
f 1845 1760 1657
f 1759 1761 1844
f 1760 1939 1762
f 1939 1764 1762
f 1846 1761 1664
f 1764 1962 1665
f 1665 1962 1763
f 1962 1595 1763
f 1767 1765 1766
f 1769 3992 1668
f 1767 1766 1768
f 3993 3992 1769
f 3993 1769 1848
f 1767 1768 4003
f 1771 1669 1767
f 1671 1772 1673
f 1772 1671 1770
f 1674 1771 1770
f 1771 1773 1770
f 1770 1773 1772
f 1773 1771 1767
f 3984 3983 1851
f 1772 4005 1673
f 1675 1847 1676
f 1775 1848 1769
f 1773 1850 1772
f 1776 1681 1676
f 1855 1854 1774
f 1857 1775 1684
f 1969 1680 1681
f 1968 1969 1681
f 1776 1858 1681
f 1774 1682 1860
f 1860 1855 1774
f 1777 1778 1683
f 1861 1857 1684
f 1866 1686 1685
f 1687 1868 1780
f 1863 1606 1864
f 1781 1784 1865
f 1866 1782 1686
f 1866 1786 1782
f 1868 1689 1867
f 1693 1867 1689
f 1974 1867 1693
f 1783 1695 1691
f 1863 1691 1606
f 1863 1783 1691
f 1784 1362 1785
f 1869 1785 1692
f 1785 1869 1784
f 1869 1692 1795
f 1870 1787 1786
f 1699 1788 1789
f 1788 1873 1789
f 1693 1608 1699
f 1693 1699 1789
f 1789 1875 1693
f 1876 1694 1695
f 1700 1876 1882
f 1695 1879 1878
f 1695 1878 1876
f 1783 1879 1695
f 1870 1880 1787
f 1880 1790 1787
f 1791 1792 1697
f 1792 1793 1697
f 1792 1871 1793
f 1791 1984 1792
f 1788 1699 1793
f 1793 1871 1788
f 1700 1794 1615
f 1700 1701 1876
f 1795 1702 1883
f 1702 1703 1883
f 1883 1703 1988
f 1796 1615 1797
f 1797 1615 1794
f 1800 1991 1798
f 1991 1885 1798
f 1804 1798 1993
f 1885 1993 1798
f 1800 1704 1710
f 1800 1710 1884
f 1801 1799 1803
f 1704 1800 1799
f 1799 1798 1803
f 1799 1800 1798
f 1803 1802 1801
f 1802 1805 1808
f 1802 1808 1705
f 1803 1798 1804
f 1802 1803 1804
f 1805 1802 1804
f 1994 1805 1804
f 1805 1809 1808
f 1716 1806 1888
f 1809 1807 1808
f 1810 1717 1807
f 1809 1810 1807
f 1717 1810 1898
f 1891 1806 1811
f 1895 1727 1901
f 1725 1727 1900
f 1727 1895 1900
f 1721 1898 1899
f 1811 1812 1891
f 1813 1891 1812
f 1901 1814 1903
f 1813 1812 1818
f 1726 1906 1819
f 1814 1901 1727
f 1814 1820 1815
f 1814 1815 1903
f 1907 1903 1815
f 1908 1817 1737
f 1737 1821 1908
f 1908 1818 1817
f 1910 1822 1819
f 1820 1914 1815
f 2036 1815 1914
f 1735 2039 1742
f 1911 1821 1824
f 1911 1908 1821
f 1824 2130 1911
f 1916 1738 1822
f 1822 1910 1913
f 1822 1738 1739
f 1822 1739 1819
f 1914 1820 1741
f 1824 1823 1915
f 1919 1743 1744
f 1914 1741 1825
f 1921 1827 2039
f 1921 1826 1827
f 1823 1828 1918
f 1823 1918 1915
f 1749 1919 1837
f 1750 1840 1825
f 1920 1825 1840
f 1921 1829 1826
f 1829 1921 1751
f 1832 1755 3994
f 3999 3996 3997
f 3999 3997 1834
f 1835 4000 3998
f 1831 3991 4002
f 1832 4001 1833
f 4002 3991 1843
f 4001 1926 1833
f 1926 1922 1833
f 1748 1923 1828
f 1836 1837 1924
f 1842 1653 1751
f 1758 1838 1843
f 1836 1924 1933
f 1938 1840 1841
f 1934 1843 1838
f 1934 1838 1935
f 1838 1839 1935
f 1839 1756 1942
f 1939 1760 1845
f 1844 1761 1846
f 1939 1962 1764
f 1847 1675 4006
f 2060 1846 1664
f 2060 1664 1854
f 1962 1678 1595
f 1775 1943 1848
f 1767 4003 4018
f 1773 1849 1953
f 1947 1943 1775
f 1773 1767 1849
f 4018 4004 1767
f 1953 1850 1773
f 1953 1954 1850
f 1847 1776 1676
f 4006 1776 1847
f 1852 4005 1772
f 1858 1776 4006
f 1850 1853 1772
f 1852 1772 1853
f 1852 1853 4005
f 1954 1853 1850
f 1854 1855 1960
f 2060 1854 1960
f 1777 1678 1961
f 1856 1947 1775
f 1950 1947 1856
f 1775 1857 1856
f 1856 1857 1963
f 1860 1780 1859
f 1965 1860 1859
f 1855 1860 1965
f 1961 1778 1777
f 1778 1966 1864
f 1779 1866 1685
f 1779 1969 1862
f 1866 1779 1862
f 1868 1859 1780
f 1864 1966 1863
f 1975 1863 2071
f 2071 1863 1966
f 1781 1971 1861
f 1865 1971 1781
f 1784 2081 1865
f 1875 1972 1973
f 1693 1875 1974
f 1868 1867 1970
f 1975 1783 1863
f 1783 1975 1879
f 2081 1784 1869
f 2081 1869 1795
f 1788 1871 1873
f 1873 1871 1872
f 1872 1871 1985
f 1874 1789 1873
f 1873 1872 1972
f 1874 1875 1789
f 1979 1876 1878
f 1876 1979 1877
f 1876 1877 1882
f 1882 1877 1978
f 1978 1877 1979
f 1878 2077 1979
f 1881 1790 1880
f 1881 1982 1791
f 1985 1871 1792
f 1984 1985 1792
f 2082 1794 1977
f 1794 1700 1882
f 1883 1988 1987
f 1800 1884 1886
f 1886 1884 1989
f 1800 1886 1991
f 1991 1992 1885
f 1993 1994 1804
f 1992 1993 1885
f 1887 1806 1998
f 1990 1888 1887
f 1990 1887 1998
f 1887 1888 1806
f 1884 1888 1989
f 1884 1706 1888
f 1996 1805 1994
f 1998 1806 1891
f 2000 1893 2002
f 1805 2007 1809
f 1809 2005 1810
f 1809 2007 2005
f 1810 2005 1898
f 1726 1894 1889
f 1889 1894 1890
f 2009 1726 1889
f 1892 1725 1900
f 1892 1894 1726
f 1725 1892 1726
f 1892 1893 1890
f 1894 1892 1890
f 1892 1900 1893
f 2000 1890 1893
f 1900 1895 1893
f 2002 1893 1896
f 1895 1896 1893
f 1897 1896 1895
f 2002 1896 2010
f 1896 1897 2011
f 2005 2013 1898
f 1898 2013 1899
f 2022 1721 1899
f 2006 2013 2005
f 1891 1905 2116
f 1901 1897 1895
f 1897 1901 1902
f 1897 1902 2019
f 1902 2020 2019
f 2020 1902 1903
f 1721 2022 1904
f 2022 2023 1904
f 1905 1891 1813
f 2018 1906 1726
f 1902 1901 1903
f 1721 1904 1816
f 2027 1816 1904
f 2032 1816 2027
f 1813 1818 1905
f 1818 1908 1905
f 2122 1905 1908
f 2033 1910 1906
f 1906 1910 1819
f 1907 1815 2036
f 1735 1816 2032
f 1909 1913 1910
f 2033 1909 1910
f 1912 1822 1913
f 1912 1916 1822
f 1915 2130 1824
f 1916 2037 1744
f 1914 1825 1917
f 2036 1914 1917
f 1744 2037 1919
f 1917 1825 1920
f 2040 1925 1921
f 1925 1751 1921
f 1918 1828 1923
f 1918 1923 2293
f 1919 1924 1837
f 1920 1840 1938
f 1925 1842 1751
f 1927 4000 1835
f 1926 2041 1922
f 4002 1843 1930
f 1928 4001 4009
f 1926 4001 1928
f 1927 1835 4013
f 1928 4009 1929
f 1931 1928 4010
f 1926 1928 1931
f 2041 1926 1931
f 4011 1927 4013
f 4010 1932 1931
f 1932 2041 1931
f 4011 4013 2045
f 1932 4010 2042
f 1932 2042 2041
f 1922 2041 1748
f 1748 2041 1923
f 1924 2043 1933
f 2044 1920 1938
f 1843 1934 1930
f 1935 1839 1936
f 1936 1839 1942
f 1935 1936 1934
f 1936 1937 1934
f 1937 1936 1941
f 1936 1942 4015
f 1934 4030 1930
f 1934 4014 4030
f 4030 4014 2046
f 2046 4014 1940
f 1836 1933 1756
f 1942 1756 1933
f 1939 1845 1842
f 1842 1925 1939
f 1925 2500 1939
f 4016 1940 4014
f 4016 2046 1940
f 1938 1844 1846
f 1939 2330 1962
f 4018 1944 4004
f 1849 4019 1953
f 4019 1946 1953
f 1944 4018 1945
f 4020 1946 4019
f 1948 4021 1947
f 1947 4021 1943
f 4020 4022 1946
f 1948 1947 1950
f 1946 4022 1949
f 1950 4023 1948
f 4023 1950 1951
f 1951 1950 2062
f 1952 1946 1949
f 1952 1949 4024
f 2061 1952 4024
f 2061 4025 4042
f 2061 1956 1952
f 1952 1956 1946
f 1953 1956 1954
f 1954 1956 1955
f 1946 1956 1953
f 1954 1955 1853
f 4005 1853 1958
f 1853 1955 2053
f 1959 1858 1957
f 2053 1958 1853
f 4006 1957 1858
f 4026 4007 1958
f 4027 4026 1958
f 4027 1958 2053
f 2056 2064 1959
f 2176 1960 1965
f 1961 1678 1962
f 2330 1961 1962
f 1950 1856 1963
f 1950 1963 2062
f 2062 1963 2066
f 2064 1858 1959
f 4044 1964 4008
f 2186 1965 1859
f 1960 1855 1965
f 1778 1967 1966
f 1967 1778 1961
f 1857 1861 1963
f 1971 2066 1861
f 1861 2066 1963
f 1968 2190 1969
f 1681 2190 1968
f 1970 1867 2069
f 2186 1970 2185
f 1859 1868 1970
f 1970 2186 1859
f 2081 2072 1865
f 1865 2072 1971
f 2073 1866 1862
f 1875 1874 1972
f 1972 1874 1873
f 2067 1973 1972
f 1973 1974 1875
f 1867 1974 2069
f 2077 1878 2076
f 1975 1878 1879
f 2076 1878 1975
f 2076 1975 2193
f 2071 2193 1975
f 1870 1786 1866
f 1870 1866 2073
f 2078 1976 1872
f 1972 1872 1976
f 1977 2199 2082
f 1794 1978 1977
f 1979 2077 1978
f 2077 2361 1978
f 1795 2373 2081
f 1870 1980 1880
f 1880 1980 1881
f 1981 1982 1881
f 1981 1881 1980
f 1982 1984 1791
f 1983 1982 1981
f 1983 1984 1982
f 1983 2207 1984
f 1984 2207 1985
f 1794 1986 1797
f 2082 2083 1986
f 1986 1794 2082
f 1978 1794 1882
f 1795 1883 1987
f 1988 2211 2212
f 1988 1796 1797
f 2211 1988 1797
f 2085 1797 1986
f 2090 2087 1989
f 1990 2090 1989
f 1886 2086 1991
f 1991 2088 1992
f 2086 1886 2087
f 1993 1992 2088
f 2086 2088 1991
f 2091 1994 1993
f 1990 1989 1888
f 2087 1886 1989
f 2001 1995 2092
f 2092 1995 2093
f 2092 1999 2001
f 2007 1805 1996
f 1997 2007 1996
f 2007 1997 2100
f 2100 2105 2007
f 2116 2237 1998
f 1999 2009 1889
f 1889 2001 1999
f 2009 1999 2101
f 1890 2000 2001
f 2001 1889 1890
f 2000 2003 1995
f 2000 1995 2001
f 2095 1995 2003
f 2000 2002 2003
f 2003 2002 2004
f 2004 2002 2010
f 2010 2011 2004
f 2011 2102 2004
f 2005 2008 2006
f 2005 2007 2008
f 2006 2008 2015
f 2015 2014 2006
f 2106 2015 2008
f 2008 2007 2105
f 2015 2106 2113
f 2105 2106 2008
f 2116 1998 1891
f 2009 2018 1726
f 2101 2018 2009
f 1896 2011 2010
f 2012 2011 1897
f 2110 2011 2012
f 2024 2022 1899
f 2006 2014 2013
f 1899 2013 2014
f 2014 2024 1899
f 2014 2015 2016
f 2024 2014 2016
f 2016 2017 2024
f 2113 2016 2015
f 2113 2017 2016
f 1897 2019 2012
f 1903 2026 2020
f 2109 2020 2117
f 2019 2020 2109
f 2109 2012 2019
f 2026 2121 2021
f 2021 2020 2026
f 2020 2021 2117
f 2023 2028 1904
f 2024 2023 2022
f 2023 2024 2025
f 2024 2017 2025
f 2017 2114 2025
f 2119 2025 2114
f 1905 2122 2116
f 2018 2120 2031
f 2026 1903 1907
f 2026 1907 2121
f 2121 1907 2034
f 1904 2028 2027
f 2025 2028 2023
f 2028 2029 2027
f 2027 2029 2032
f 2119 2028 2025
f 2255 2028 2119
f 2255 2029 2028
f 2030 2033 1906
f 2031 1906 2018
f 2031 2030 1906
f 2031 2123 2030
f 2125 2030 2123
f 2034 1907 2036
f 2122 1908 1911
f 2125 1909 2033
f 2030 2125 2033
f 1909 2125 2257
f 2129 2034 2036
f 1735 2032 2039
f 1913 2035 1912
f 2035 2038 1912
f 2038 1916 1912
f 2128 1913 1909
f 2128 2035 1913
f 2257 2128 1909
f 2129 2036 2132
f 2127 2704 2039
f 1915 2131 2130
f 2038 2037 1916
f 2132 2036 1917
f 2129 2132 2272
f 2704 1921 2039
f 2134 1924 1919
f 2134 1919 2037
f 2134 2037 2284
f 2132 1917 1920
f 2040 1921 2282
f 1921 2704 2282
f 2293 2133 1918
f 2043 1924 2134
f 1920 2044 2132
f 4012 4031 4029
f 2042 2047 2041
f 4029 4031 4033
f 1923 2041 2146
f 2293 1923 2146
f 2138 2043 2134
f 2044 1938 2048
f 2040 2492 1925
f 4032 4033 4031
f 2041 2047 2146
f 2136 4033 4032
f 2146 2047 4045
f 1942 1933 2137
f 1933 2043 2138
f 2048 1938 2297
f 4016 2049 4046
f 2046 4016 4046
f 4034 4017 2052
f 4015 1942 2052
f 2052 2050 4034
f 2137 2148 1942
f 4035 4046 2049
f 2051 2050 2052
f 2155 2051 2052
f 2139 4035 2153
f 2051 4067 2050
f 2155 2052 1942
f 4027 2053 2055
f 2054 2053 1955
f 2054 2057 2053
f 2054 2163 2057
f 2058 4037 4036
f 4028 4036 4037
f 4038 2064 2056
f 2055 2165 4039
f 2055 2053 2165
f 2165 2053 2057
f 4038 2167 2059
f 4038 2059 2064
f 4041 2065 4044
f 2059 2168 2169
f 4041 4077 2065
f 2176 2060 1960
f 1961 2330 1967
f 4042 2063 2061
f 2062 2066 4043
f 2177 1956 2061
f 1956 2054 1955
f 1956 2180 2054
f 1964 4044 2065
f 1964 2065 2342
f 4008 1964 2342
f 1965 2186 2176
f 1967 2071 1966
f 2187 2071 1967
f 2330 2187 1967
f 2066 1971 2189
f 2189 4043 2066
f 2189 1971 2072
f 1681 4008 2340
f 1972 2075 2067
f 2191 2192 2075
f 2067 2075 2192
f 1973 2067 2184
f 2184 2068 1973
f 2070 1974 2068
f 2069 1974 2070
f 2069 2070 2350
f 1970 2069 2185
f 2081 2195 2072
f 2355 1862 1969
f 2355 2073 1862
f 2075 2078 2074
f 1976 2075 1972
f 2075 1976 2078
f 2074 2191 2075
f 1974 1973 2068
f 2200 2077 2076
f 2193 2200 2076
f 1870 2073 2365
f 1872 1985 2201
f 2078 1872 2201
f 2082 2080 2079
f 2204 2079 2080
f 2199 2080 2082
f 2359 2199 1977
f 1977 1978 2361
f 1977 2361 2359
f 1870 2206 1980
f 1981 2206 1983
f 1980 2206 1981
f 2083 2079 2084
f 2079 2083 2082
f 2079 2203 2084
f 2373 1795 2210
f 1987 1988 2212
f 2210 1795 1987
f 1987 2212 2210
f 2085 2211 1797
f 2083 2085 1986
f 2216 2087 2217
f 2086 2087 2216
f 2086 2218 2088
f 2086 2216 2218
f 2089 2088 2219
f 2219 2088 2218
f 2090 2222 2217
f 1990 2222 2090
f 2087 2090 2217
f 1993 2089 2091
f 2088 2089 1993
f 2089 2220 2091
f 2091 1997 1994
f 1997 2224 2100
f 2406 2100 2224
f 2225 1998 2237
f 1990 1998 2225
f 1995 2095 2093
f 2095 2097 2093
f 1999 2092 2227
f 2094 2093 2226
f 2097 2226 2093
f 2093 2094 2092
f 2094 2227 2092
f 2096 2003 2004
f 2003 2096 2095
f 2096 2004 2098
f 2098 2099 2096
f 2098 2004 2103
f 2097 2095 2096
f 2096 2099 2097
f 2231 2099 2098
f 2098 2103 2231
f 2232 2231 2103
f 1994 1997 1996
f 2100 2235 2105
f 2241 2107 2235
f 2241 2108 2107
f 2406 2235 2100
f 2227 2407 1999
f 2407 2101 1999
f 2103 2004 2102
f 2104 2102 2110
f 2110 2111 2104
f 2103 2102 2238
f 2238 2102 2104
f 2104 2111 2244
f 2235 2107 2105
f 2107 2106 2105
f 2106 2107 2108
f 2108 2113 2106
f 2108 2115 2113
f 2243 2018 2101
f 2011 2110 2102
f 2110 2012 2109
f 2109 2117 2112
f 2111 2110 2109
f 2249 2112 2117
f 2112 2111 2109
f 2114 2017 2113
f 2115 2114 2113
f 2115 2247 2114
f 2243 2120 2018
f 2117 2021 2118
f 2118 2021 2121
f 2118 2121 2253
f 2249 2117 2118
f 2249 2118 2253
f 2251 2255 2119
f 2251 2119 2114
f 2251 2114 2247
f 2254 2121 2034
f 2253 2121 2254
f 2120 2123 2031
f 2123 2120 2693
f 2693 2451 2123
f 2451 2125 2123
f 2124 2032 2029
f 2029 2255 2124
f 2125 2451 2257
f 2254 2034 2258
f 2034 2129 2126
f 2032 2127 2039
f 2124 2127 2032
f 2262 2122 1911
f 2259 2128 2257
f 2259 2263 2128
f 2263 2035 2128
f 2264 2037 2038
f 2038 2035 2265
f 2264 2274 2037
f 2035 2263 2265
f 2265 2264 2038
f 2266 2265 2263
f 2273 1911 2130
f 2281 2272 2132
f 2133 1915 1918
f 2492 2135 2292
f 2282 2135 2040
f 2040 2135 2492
f 2466 2133 2293
f 2134 2294 2138
f 2134 2283 2294
f 2044 2297 2291
f 2044 2291 2288
f 2044 2288 2132
f 2044 2048 2297
f 2146 2147 2293
f 1933 2138 2137
f 2137 2138 2148
f 2138 2294 2148
f 2297 2298 2291
f 2492 2500 1925
f 4047 2140 2144
f 4048 4058 2143
f 2149 4059 4049
f 4059 2149 2156
f 2141 4046 4035
f 2141 4035 2139
f 4057 2142 2141
f 2146 4045 4052
f 4053 4054 4060
f 4057 2141 2139
f 2143 4058 4055
f 2156 4056 4059
f 2146 4056 2156
f 2145 2146 2156
f 2146 2145 2147
f 2145 2302 2147
f 2297 1938 2307
f 2307 1938 2317
f 2153 2150 2139
f 2153 2299 2152
f 2150 2153 2152
f 4050 2139 2150
f 4061 2151 4051
f 4049 4063 2149
f 2149 4063 2156
f 4062 4065 4064
f 4063 4066 2156
f 4066 2300 2156
f 2051 2154 4067
f 2051 2155 2154
f 1942 2148 2155
f 2148 2157 2155
f 2148 2304 2157
f 2155 2157 2312
f 2317 1938 1846
f 2165 2308 4074
f 2158 2159 4075
f 2158 4092 2159
f 4074 2308 4068
f 2169 2299 2171
f 4069 2299 2169
f 2170 2299 2161
f 2161 2173 4079
f 2160 2299 2153
f 2161 2299 2160
f 2161 2160 2162
f 2155 4071 4070
f 2173 2161 2162
f 4085 4071 2311
f 4070 4067 2154
f 4070 2154 2155
f 2155 2311 4071
f 2317 1846 2060
f 2163 2166 2057
f 2163 2513 2166
f 2530 2513 2163
f 4073 4040 2164
f 4039 2165 4072
f 2057 2166 2165
f 2167 2168 2059
f 4076 4073 2164
f 4074 4072 2165
f 2065 4077 2335
f 4077 2175 2335
f 4080 2174 4078
f 2168 4069 2169
f 4086 2175 4077
f 2171 2299 2172
f 2299 2170 2172
f 4079 2173 4082
f 4083 4087 4081
f 4084 2175 4086
f 4085 2175 4084
f 2317 2060 2176
f 2063 2177 2061
f 2177 2063 2178
f 1956 2177 2180
f 4043 2189 2179
f 4043 2179 4088
f 2054 2180 2163
f 2180 2334 2163
f 2181 2337 2182
f 2182 2337 2324
f 2183 2192 2182
f 2067 2192 2183
f 2183 2182 2324
f 2183 2184 2067
f 2183 2325 2184
f 2186 2185 2523
f 2523 2185 2541
f 2176 2186 2523
f 2193 2071 2188
f 2188 2071 2187
f 2330 2188 2187
f 2072 2194 2189
f 2189 2333 2179
f 2189 2194 2333
f 1681 2340 2190
f 2191 2181 2192
f 2182 2192 2181
f 2184 2338 2068
f 2351 2068 2338
f 2350 2068 2351
f 2069 2350 2185
f 2068 2350 2070
f 2195 2194 2072
f 2196 2194 2195
f 2339 2194 2196
f 2196 2195 2081
f 2081 2197 2196
f 1969 2190 2558
f 2074 2202 2191
f 2205 2198 2357
f 2199 2359 2358
f 2361 2077 2362
f 2362 2077 2200
f 2363 2362 2200
f 2364 2197 2081
f 2197 2364 2354
f 2073 2355 2365
f 2208 2201 1985
f 2368 2208 2589
f 2201 2208 2368
f 2202 2074 2078
f 2202 2078 2201
f 2202 2201 2370
f 2079 2204 2203
f 2198 2204 2080
f 2204 2198 2205
f 2205 2203 2204
f 2198 2080 2199
f 2081 2373 2364
f 2375 1870 2365
f 2375 2206 1870
f 2375 2376 2206
f 2207 1983 2206
f 2207 2208 1985
f 2209 2607 2085
f 2084 2085 2083
f 2085 2084 2209
f 2084 2203 2209
f 2614 2212 2211
f 2085 2379 2211
f 2607 2379 2085
f 2389 2213 2388
f 2214 2388 2213
f 2213 2396 2215
f 2217 2214 2216
f 2215 2219 2218
f 2215 2220 2219
f 2214 2213 2218
f 2213 2215 2218
f 2402 2217 2222
f 2216 2214 2218
f 2089 2219 2220
f 2220 2221 2223
f 2220 2215 2221
f 2221 2224 2223
f 2225 2222 1990
f 2220 2223 2091
f 2091 2223 1997
f 2223 2224 1997
f 2406 2224 2403
f 2224 2221 2403
f 2227 2094 2410
f 2410 2226 2230
f 2094 2226 2410
f 2230 2226 2097
f 2230 2411 2410
f 2230 2097 2229
f 2228 2229 2097
f 2228 2099 2231
f 2415 2229 2228
f 2416 2230 2229
f 2415 2416 2229
f 2228 2233 2415
f 2406 2651 2236
f 2669 2225 2237
f 2408 2430 2101
f 2097 2099 2228
f 2103 2238 2232
f 2238 2234 2232
f 2234 2238 2239
f 2232 2234 2420
f 2231 2232 2233
f 2228 2231 2233
f 2232 2420 2233
f 2431 2234 2239
f 2236 2235 2406
f 2236 2241 2235
f 2425 2241 2236
f 2651 2425 2236
f 2408 2101 2407
f 2104 2239 2238
f 2239 2104 2244
f 2244 2240 2239
f 2240 2431 2239
f 2431 2240 2432
f 2432 2240 2246
f 2246 2240 2244
f 2242 2108 2241
f 2108 2242 2115
f 2425 2242 2241
f 2425 2248 2242
f 2243 2438 2687
f 2101 2438 2243
f 2244 2111 2112
f 2112 2246 2244
f 2245 2246 2112
f 2245 2112 2249
f 2245 2249 2444
f 2245 2439 2246
f 2440 2246 2439
f 2441 2439 2245
f 2247 2252 2251
f 2242 2247 2115
f 2248 2247 2242
f 2252 2247 2248
f 2443 2252 2248
f 2444 2249 2253
f 2444 2253 2254
f 2444 2441 2245
f 2445 2441 2444
f 2255 2251 2250
f 2252 2250 2251
f 2446 2250 2252
f 2443 2446 2252
f 2243 2693 2120
f 2250 2256 2255
f 2124 2255 2256
f 2124 2450 2127
f 2262 2116 2122
f 2260 2257 2451
f 2034 2126 2258
f 2258 2126 2458
f 2458 2254 2258
f 2260 2259 2257
f 2260 2267 2259
f 2453 2267 2260
f 2453 2271 2267
f 2261 2129 2272
f 2126 2129 2261
f 2265 2275 2264
f 2259 2266 2263
f 2266 2269 2265
f 2269 2275 2265
f 2267 2266 2259
f 2268 2266 2267
f 2269 2266 2268
f 2271 2268 2267
f 2271 2270 2268
f 2268 2270 4089
f 4090 2457 2277
f 2270 2278 4089
f 4090 2277 2278
f 2272 2281 4091
f 2456 2261 2272
f 2456 2272 2457
f 2457 2272 4091
f 2463 2130 2131
f 2273 2130 2463
f 2273 2463 2464
f 2264 2275 2274
f 2037 2274 2284
f 2286 2284 2274
f 2286 2274 2275
f 2275 2279 2286
f 2279 2287 2286
f 2279 2467 2287
f 2290 2276 2281
f 2278 2279 4089
f 2276 4091 2281
f 2290 2280 2276
f 2278 2277 2276
f 2278 2280 2279
f 2278 2276 2280
f 2269 2279 2275
f 2279 2280 2467
f 2281 2288 2290
f 2289 2135 2282
f 2704 2289 2282
f 2289 2704 2706
f 2133 2131 1915
f 2133 2466 2131
f 2134 2284 2283
f 2283 2286 2285
f 2285 2286 2287
f 2283 2284 2286
f 2287 2467 2285
f 2472 2467 2280
f 2472 2280 2290
f 2288 2281 2132
f 2292 2289 2469
f 2289 2292 2135
f 2289 2706 2469
f 2294 2283 2285
f 2290 2288 2291
f 2291 2296 2290
f 2147 2477 2293
f 2295 2470 2478
f 2295 2294 2285
f 2285 2470 2295
f 2296 2291 2298
f 2477 2147 2302
f 2304 2148 2294
f 2304 2294 2295
f 2304 2478 2305
f 2295 2478 2304
f 2498 2297 2307
f 2298 2297 2498
f 4066 4093 2300
f 2301 2302 2310
f 2145 2156 2300
f 2145 2300 2310
f 2310 2302 2145
f 2302 2301 2477
f 2157 2304 2303
f 2303 2312 2157
f 2304 2305 2303
f 2305 2479 2315
f 2479 2306 2315
f 2306 2479 2481
f 2318 2307 2317
f 2499 2498 2307
f 2318 2499 2307
f 2510 2499 2318
f 2308 4093 4068
f 4093 2308 2300
f 2310 2308 2309
f 2310 2309 2301
f 2309 2503 2301
f 2308 2310 2300
f 2321 2311 2312
f 2312 2311 2155
f 2312 2323 2321
f 2305 2313 2303
f 2303 2314 2312
f 2312 2314 2323
f 2313 2314 2303
f 2314 2313 2322
f 2305 2315 2313
f 2315 2316 2324
f 2306 2316 2315
f 2481 2316 2306
f 2316 2326 2325
f 2511 2510 2328
f 2510 2317 2328
f 2510 2318 2317
f 2500 2512 1939
f 2330 1939 2512
f 2165 2166 2308
f 2166 2319 2308
f 2166 2513 2319
f 2308 2319 2320
f 2308 2320 2309
f 2513 2320 2319
f 2175 4085 2514
f 2311 2514 4085
f 2311 2321 2514
f 2321 2515 2514
f 2321 2323 2515
f 2322 2323 2314
f 2313 2336 2322
f 2336 2313 2337
f 2315 2324 2337
f 2337 2313 2315
f 2183 2324 2316
f 2316 2325 2183
f 2326 2327 2325
f 2317 2176 2328
f 2328 2176 2329
f 2329 2176 2523
f 2524 2328 2329
f 2178 2332 2177
f 2332 2178 2331
f 4094 4088 2179
f 2177 2332 2180
f 2332 2334 2180
f 4094 2179 2333
f 2163 2334 2530
f 2342 2065 2335
f 2335 2175 2514
f 2535 2181 2347
f 2181 2336 2337
f 2191 2347 2181
f 2181 2535 2336
f 2537 2348 2538
f 2327 2184 2325
f 2338 2184 2327
f 2327 2540 2338
f 2540 2539 2338
f 2185 2350 2541
f 2539 2350 2351
f 2539 2541 2350
f 2330 2525 2188
f 2339 2333 2194
f 2545 2339 2352
f 2545 2353 2546
f 2340 2341 2190
f 2558 2190 2341
f 2340 4008 2342
f 2341 2340 2343
f 2340 2342 2343
f 2343 2558 2341
f 2343 2561 2558
f 2335 2344 2342
f 2342 2344 2343
f 2335 2514 2344
f 2346 2344 2514
f 2345 2343 2344
f 2344 2346 2345
f 2346 2561 2345
f 2561 2343 2345
f 2347 2191 2356
f 2356 2191 2202
f 2357 2198 2349
f 2349 2536 2357
f 2198 2348 2349
f 2537 2349 2348
f 2538 2348 2358
f 2539 2351 2338
f 2553 2363 2200
f 2188 2542 2193
f 2200 2193 2542
f 2196 2197 2353
f 2196 2352 2339
f 2352 2196 2353
f 2545 2352 2353
f 2354 2353 2197
f 2555 2353 2354
f 2354 2574 2556
f 1969 2558 2355
f 2593 2356 2202
f 2593 2569 2356
f 2347 2356 2569
f 2570 2347 2569
f 2573 2599 2372
f 2357 2573 2205
f 2357 2536 2573
f 2199 2348 2198
f 2358 2348 2199
f 2359 2361 2360
f 2551 2358 2359
f 2551 2359 2360
f 2361 2552 2360
f 2552 2551 2360
f 2363 2553 2361
f 2363 2361 2362
f 2354 2364 2574
f 2364 2601 2574
f 2365 2355 2578
f 2366 2375 2365
f 2375 2366 2367
f 2365 2578 2366
f 2368 2589 2590
f 2590 2369 2368
f 2368 2370 2201
f 2593 2202 2370
f 2369 2370 2368
f 2593 2370 2369
f 2372 2203 2205
f 2371 2203 2372
f 2573 2372 2205
f 2599 2371 2372
f 2364 2374 2601
f 2374 2364 2373
f 2373 2604 2374
f 2210 2604 2373
f 2602 2601 2374
f 2374 2604 2602
f 2376 2375 2367
f 2588 2376 2367
f 2376 2377 2206
f 2376 2606 2377
f 2605 2589 2208
f 2377 2207 2206
f 2208 2207 2605
f 2595 2209 2371
f 2209 2608 2607
f 2608 2209 2595
f 2209 2203 2371
f 2378 2210 2212
f 2614 2378 2212
f 2211 2615 2614
f 2379 2615 2211
f 2387 2382 2381
f 2381 2383 2389
f 2380 2386 2383
f 2381 2380 2383
f 2634 2386 2380
f 2383 2384 2389
f 2383 2386 2384
f 2637 2386 2634
f 2386 2385 2384
f 2386 2637 2385
f 2385 2638 2392
f 2385 2637 2638
f 2388 2214 2381
f 2388 2381 2389
f 2385 2391 2384
f 2391 2389 2384
f 2391 2390 2389
f 2389 2390 2396
f 2391 2385 2392
f 2391 2392 2390
f 2390 2392 2393
f 2392 2638 2646
f 2646 2393 2392
f 2393 2646 2395
f 2395 2646 2649
f 2389 2396 2213
f 2394 2396 2390
f 2390 2393 2394
f 2393 2395 2394
f 2394 2395 2397
f 2214 2399 2381
f 2214 2402 2399
f 2387 2381 2399
f 2394 2397 2396
f 2397 2400 2396
f 2400 2397 2398
f 2398 2397 2395
f 2648 2398 2395
f 2401 2399 2402
f 2387 2399 2401
f 2214 2217 2402
f 2396 2400 2215
f 2400 2221 2215
f 2398 2221 2400
f 2398 2648 2404
f 2401 2402 2405
f 2221 2398 2403
f 2406 2403 2404
f 2404 2403 2398
f 2404 2970 2651
f 2402 2222 2405
f 2405 2222 2225
f 2406 2404 2651
f 2405 2225 2669
f 2412 2407 2227
f 2409 2407 2412
f 2409 2408 2407
f 2410 2412 2227
f 2411 2413 2410
f 2414 2413 2411
f 2413 2412 2410
f 2409 2412 2413
f 2657 2413 2414
f 2409 2413 2657
f 2414 2658 2657
f 2658 2414 2662
f 2411 2230 2416
f 2416 2415 2417
f 2411 2416 2418
f 2418 2416 2419
f 2417 2419 2416
f 2414 2411 2418
f 2414 2418 2662
f 2415 2233 2417
f 2417 2667 2419
f 2417 2421 2667
f 2426 2425 2651
f 2408 2670 2430
f 2421 2233 2420
f 2420 2422 2421
f 2234 2431 2420
f 2422 2420 2431
f 2423 2422 2431
f 2423 2431 2434
f 2421 2417 2233
f 2424 2421 2422
f 2422 2674 2424
f 2423 2674 2422
f 2437 2425 2426
f 2426 2677 2437
f 2677 3007 2437
f 2427 2237 2116
f 2669 2237 2427
f 2430 2429 2101
f 2438 2101 2429
f 2430 2428 2429
f 2433 2432 2246
f 2433 2246 2440
f 2434 2431 2432
f 2434 2432 2433
f 2435 2433 2440
f 2434 2433 2435
f 2442 2435 2440
f 2434 2679 2423
f 2435 2442 2680
f 2248 2425 2437
f 2437 2436 2248
f 2686 2436 2437
f 3007 2686 2437
f 2428 2438 2429
f 2439 2441 2440
f 2442 2440 2441
f 2442 2441 2445
f 2436 2443 2248
f 2686 2443 2436
f 2448 2445 2444
f 2445 2448 2447
f 2442 2445 2684
f 2684 2445 2688
f 2686 2446 2443
f 2687 2693 2243
f 2458 2690 2254
f 2448 2254 2447
f 2690 2447 2254
f 2688 2447 2691
f 2691 2447 2690
f 2448 2444 2254
f 2445 2447 2688
f 2446 2449 2250
f 2449 2256 2250
f 2449 2692 2256
f 2446 2692 2449
f 2450 2256 2692
f 2458 2700 2690
f 2256 2450 2124
f 2116 2262 3400
f 2695 2451 2693
f 2452 2453 2260
f 2451 2452 2260
f 2695 2694 2451
f 2694 2452 2451
f 2461 2127 2701
f 2271 2453 2462
f 2454 2462 2453
f 2462 2454 2455
f 4095 2455 2460
f 2126 2261 2458
f 2458 2261 2456
f 2456 2459 2458
f 4095 2460 2457
f 2460 2459 2456
f 2457 2460 2456
f 2700 2458 2459
f 2461 2704 2127
f 2262 1911 2273
f 2262 2273 2705
f 2271 2462 2270
f 2457 4090 4095
f 2465 2463 2131
f 2465 2464 2463
f 2465 2131 2466
f 2465 2466 2707
f 2285 2467 2470
f 2482 2467 2472
f 2472 2290 2485
f 2292 2469 2468
f 2709 2469 2706
f 2293 2477 2466
f 2466 2728 2707
f 2471 2470 2467
f 2467 2482 2471
f 2471 2480 2470
f 2473 2290 2296
f 2290 2473 2485
f 2485 2473 2484
f 2474 2468 2475
f 2292 2468 2474
f 2474 2476 2493
f 2474 2475 2476
f 2474 4097 2292
f 2292 4097 2492
f 2493 2476 2749
f 2477 2301 2728
f 2466 2477 2728
f 2478 2479 2305
f 2480 2481 2479
f 2478 2480 2479
f 2470 2480 2478
f 2471 2482 2480
f 2480 2482 2481
f 2482 2483 2481
f 2483 2494 2481
f 2482 2472 2483
f 2495 2483 2485
f 2472 2485 2483
f 2485 2484 2486
f 2495 2485 2486
f 2489 2486 2484
f 2487 2296 2298
f 2487 2488 2296
f 2488 2473 2296
f 2488 2484 2473
f 2484 2488 2489
f 2741 2489 2488
f 2488 2487 2741
f 2741 2767 2489
f 2491 2741 2487
f 2489 2767 2496
f 2487 2298 2490
f 2298 2498 2490
f 2771 2487 2490
f 2490 2498 2771
f 2491 2487 2771
f 2493 2748 2492
f 2501 2492 2748
f 2749 2748 2493
f 2481 2506 2316
f 2494 2506 2481
f 2506 2494 2507
f 2483 2495 2494
f 2495 2497 2494
f 2764 2494 2497
f 2486 2489 2496
f 2495 2486 2496
f 2770 2498 2499
f 2770 2499 2510
f 2771 2498 2770
f 2773 2770 2510
f 2492 2501 2500
f 2501 2502 2500
f 2500 2502 2512
f 2774 2501 2748
f 2774 2502 2501
f 2320 2503 2309
f 3095 2503 2804
f 2517 2505 2760
f 2504 2759 2758
f 2759 2504 2517
f 2505 2518 2782
f 2506 2326 2316
f 2506 2508 2326
f 2506 2507 2508
f 2507 2509 2508
f 2507 2494 2509
f 2509 2810 2508
f 2790 2511 2524
f 2789 2773 2510
f 2789 2510 2511
f 2789 2511 2790
f 2526 2330 2512
f 2793 2526 2512
f 2798 2530 2825
f 2798 2803 2530
f 2803 2513 2530
f 2803 2804 2513
f 2320 2804 2503
f 2513 2804 2320
f 2532 2323 2322
f 2532 2515 2323
f 2336 2532 2322
f 2504 2516 2536
f 2505 2517 2537
f 2517 2536 2537
f 2536 2517 2504
f 2505 2537 2518
f 2538 2805 2518
f 2326 2519 2327
f 2519 2508 2810
f 2326 2508 2519
f 2327 2520 2540
f 2327 2519 2520
f 2810 2521 2519
f 2520 2519 2521
f 2522 2520 2521
f 2522 2540 2520
f 2521 2810 2813
f 2511 2328 2524
f 2524 2329 2523
f 2541 2524 2523
f 2526 2525 2330
f 2526 2527 2525
f 2332 2331 2528
f 2528 2529 2332
f 2332 2529 2334
f 4098 4094 2333
f 2528 2825 2529
f 2825 2334 2529
f 2334 2825 2530
f 4098 2543 2827
f 2827 2543 2544
f 2827 2544 2828
f 2528 2826 2825
f 2346 2514 2531
f 2547 2346 2531
f 2515 2531 2514
f 2531 2515 2533
f 2531 2533 2547
f 2534 2532 2535
f 2515 2534 2533
f 2534 2515 2532
f 2336 2535 2532
f 2550 2536 2516
f 2536 2349 2537
f 2537 2538 2518
f 2841 2540 2522
f 2539 2842 2541
f 2841 2539 2540
f 2542 2188 2525
f 2844 2542 2525
f 2527 2844 2525
f 2543 4098 2333
f 2339 2543 2333
f 2544 2543 2339
f 2545 2546 2832
f 2544 2545 2830
f 2545 2832 2830
f 2544 2339 2545
f 2353 2555 2546
f 2555 2832 2546
f 2346 2559 2561
f 2346 2547 2560
f 2346 2560 2559
f 2547 2549 2567
f 2347 2548 2535
f 2548 2347 2568
f 2549 2533 2534
f 2535 2548 2534
f 2549 2547 2533
f 2534 2548 2549
f 2549 2548 2877
f 2568 2877 2548
f 2573 2536 2550
f 2859 2538 2358
f 2860 2859 2358
f 2551 2860 2358
f 2551 2552 2860
f 2200 2554 2553
f 2554 2843 2553
f 2554 2845 2843
f 2542 2554 2200
f 2542 2845 2554
f 2555 2354 2556
f 2555 2556 2557
f 4099 2577 4100
f 2555 2557 2867
f 2561 2579 2558
f 2558 2579 2355
f 2581 2579 2561
f 2561 2580 2581
f 2559 2560 2563
f 2561 2559 2563
f 2563 2560 2566
f 2562 2561 2563
f 2562 2580 2561
f 2562 2583 2580
f 2562 2563 2583
f 2564 2563 2566
f 2564 2566 2875
f 2563 2564 2583
f 2875 2906 2564
f 2567 2560 2547
f 2567 2565 2560
f 2566 2560 2565
f 2566 2565 2875
f 2549 2565 2567
f 2565 2549 2876
f 2875 2565 2876
f 2570 2572 2568
f 2572 2598 2881
f 2571 2570 2569
f 2571 2569 2593
f 2572 2570 2571
f 2598 2572 2571
f 2568 2347 2570
f 2886 2599 2573
f 2886 2573 2550
f 2552 2361 2553
f 2574 2576 2556
f 2575 2574 2601
f 2576 2574 2575
f 2575 2601 2600
f 2575 2891 4101
f 2575 2600 2920
f 2575 2920 2891
f 2577 4099 4101
f 2577 4101 2891
f 2892 2894 2577
f 2577 2891 2892
f 2355 2579 2578
f 2581 2578 2579
f 2581 2582 2578
f 2899 2587 2582
f 2586 2905 2899
f 2366 2578 2582
f 2366 2588 2367
f 2584 2581 2580
f 2587 2366 2582
f 2588 2366 2587
f 2583 2584 2580
f 2586 2581 2584
f 2586 2582 2581
f 2584 2585 2586
f 2583 2585 2584
f 2899 2582 2586
f 2585 2583 2564
f 2585 2905 2586
f 2905 2585 2564
f 2906 2905 2564
f 2591 2605 2910
f 2592 2369 2590
f 2590 2589 2591
f 2592 2596 2369
f 2591 2910 2590
f 2911 2596 2592
f 2910 2592 2590
f 2571 2593 2594
f 2594 2593 2369
f 2596 2571 2594
f 2596 2594 2369
f 2598 2571 2596
f 2597 2610 2599
f 2916 2597 2886
f 2597 2917 2610
f 2917 2933 2610
f 2595 2371 2599
f 2610 2595 2599
f 2597 2599 2886
f 2601 2602 2600
f 2603 2602 2604
f 2588 2928 2376
f 2928 2930 2376
f 2376 2930 2606
f 2591 2589 2605
f 2377 2605 2207
f 2377 2606 2605
f 2609 2608 2612
f 2608 2609 2607
f 2609 2932 2607
f 2609 2612 2932
f 2607 2932 2943
f 2610 2608 2595
f 2611 2608 2610
f 2611 2612 2608
f 2933 2611 2610
f 2933 2934 2611
f 2934 2612 2611
f 2613 2604 2210
f 2210 2378 2613
f 2937 2613 2378
f 2604 2613 2603
f 2937 2603 2613
f 2378 2614 2938
f 2938 2614 2941
f 2379 2607 2615
f 2607 2943 2615
f 2614 2615 2940
f 2941 2614 2940
f 2943 2940 2615
f 2618 2625 2616
f 2625 2626 2616
f 2626 2631 2616
f 2621 2622 2617
f 2619 2621 2617
f 2622 2620 2617
f 2620 2633 2618
f 2620 2618 2617
f 2617 2618 2616
f 2625 2618 2633
f 4104 4103 4102
f 2628 4104 4102
f 2620 2627 2633
f 2628 2624 4104
f 2619 2623 2621
f 2954 2622 2621
f 2954 2627 2622
f 2627 2620 2622
f 2947 2952 2623
f 2952 2953 2621
f 2623 2952 2621
f 4104 2624 4105
f 2624 4144 4105
f 2953 2954 2621
f 2953 2955 2954
f 2625 2633 2626
f 2633 2632 2626
f 2626 2632 2631
f 2628 2382 2636
f 4102 4106 2628
f 2628 2636 2961
f 2624 2628 2961
f 2630 2380 2629
f 2634 2380 2630
f 2380 2381 2629
f 2628 2381 2382
f 2630 2629 2631
f 2628 4106 2629
f 2628 2629 2381
f 2631 2632 2630
f 2634 2630 2632
f 2632 2633 2634
f 2635 2634 2633
f 2956 2635 2633
f 2635 2956 2962
f 2642 2635 2962
f 2639 2635 2642
f 2382 2387 2636
f 2961 2636 2643
f 2968 2961 2643
f 2639 2637 2634
f 2637 2639 2640
f 2637 2640 2638
f 2639 2634 2635
f 2639 2642 2640
f 2644 2638 2640
f 2640 2641 2644
f 2640 2642 2641
f 2642 2963 2641
f 2636 2387 2643
f 2968 2643 2387
f 2644 2646 2638
f 2963 2645 2641
f 2641 2645 2644
f 2645 2647 2644
f 2647 2645 2967
f 2647 2646 2644
f 2649 2646 2647
f 2647 2967 2649
f 2649 2648 2395
f 2649 2650 2648
f 2648 2650 2404
f 2650 2970 2404
f 2968 2387 2969
f 2401 2969 2387
f 2401 2405 3331
f 2970 2972 2651
f 2670 2408 2652
f 2655 2670 2652
f 2409 2652 2408
f 2654 2652 2409
f 2654 2655 2652
f 2654 2653 2656
f 2409 2653 2654
f 2656 2655 2654
f 2976 2655 2656
f 2653 2982 2974
f 2656 2653 2974
f 2656 2975 2976
f 2657 2653 2409
f 2657 2659 2653
f 2653 2659 2982
f 2659 2657 2658
f 2660 2658 2662
f 2659 2658 2661
f 2658 2660 2661
f 2659 2661 2982
f 2983 2661 2660
f 2662 2418 2664
f 2418 2419 2664
f 2663 2419 2667
f 2667 2668 2663
f 2419 2663 2664
f 2664 2660 2662
f 2665 2664 2663
f 2665 2663 2668
f 2660 2664 2666
f 2666 2664 2665
f 2989 2665 2668
f 2666 2665 2989
f 2421 2424 2667
f 2668 2667 2675
f 2972 2426 2651
f 2972 2677 2426
f 2671 2430 2670
f 2672 2671 2670
f 2678 2430 2671
f 2655 2672 2670
f 2671 2673 2678
f 2672 2673 2671
f 2995 2672 2655
f 2667 2424 2675
f 2424 2674 2675
f 2674 2423 2679
f 2674 2679 2676
f 2675 2674 2676
f 2681 3004 2676
f 2668 2675 3002
f 2675 2676 3002
f 2676 3004 3002
f 2683 2682 2428
f 2678 2683 2428
f 2678 2428 2430
f 2435 2679 2434
f 2679 2435 2680
f 2679 2681 2676
f 2681 2679 2680
f 2685 2681 2680
f 3400 2427 2116
f 3013 2427 3400
f 2682 2438 2428
f 2687 2438 2682
f 2683 2687 2682
f 2685 2680 2442
f 2685 2442 2684
f 2684 2688 3019
f 2686 3016 2446
f 2446 3016 2692
f 3019 2688 2691
f 2691 2690 2689
f 2691 3021 3019
f 3021 2691 2689
f 2692 3030 2450
f 3539 3030 2692
f 2693 2687 2695
f 2694 3022 2696
f 2689 2690 3027
f 2450 2701 2127
f 3030 2701 2450
f 2452 2694 2696
f 2454 2453 2696
f 2696 2453 2452
f 2696 2697 2454
f 2697 2455 2454
f 2460 3031 2459
f 2698 2455 2697
f 2460 2699 3031
f 2699 2455 2698
f 2460 2455 2699
f 2700 2459 3031
f 3027 2690 2700
f 2461 3034 2702
f 3036 2703 2702
f 3036 3035 2703
f 2704 2461 2703
f 2702 2703 2461
f 2705 2273 2464
f 2704 2703 2706
f 3035 2706 2703
f 3035 3037 2706
f 2464 2465 3038
f 2709 2706 3049
f 3037 3049 2706
f 2708 2465 2707
f 2708 2707 3054
f 3038 2465 2708
f 2709 2715 2469
f 2712 2715 2709
f 3049 2712 2709
f 2707 2728 2729
f 2729 2710 2707
f 2730 4107 4114
f 2711 4156 4108
f 4108 4115 2711
f 3054 2707 2710
f 2716 2712 2738
f 4113 2738 2739
f 4113 2739 2719
f 2712 2735 2738
f 4111 2714 2469
f 2469 2714 2713
f 4109 4110 2720
f 2717 2720 4110
f 4112 2718 4110
f 2712 2716 2715
f 4112 4113 2718
f 2718 2717 4110
f 4113 2719 2718
f 2718 3056 2717
f 2718 2719 3056
f 3056 2723 2717
f 2469 2713 2468
f 2468 2713 2475
f 4109 2720 4096
f 2720 2722 4096
f 2476 4096 2721
f 2717 2722 2720
f 2721 4096 2722
f 2717 2723 2722
f 2725 2726 2721
f 2721 2726 2476
f 2723 2724 2722
f 2722 2724 2721
f 2724 2725 2721
f 2725 2727 2726
f 2723 3058 2724
f 3058 3061 2725
f 3058 2725 2724
f 3061 2727 2725
f 2749 2476 2726
f 2749 2726 2751
f 2727 2751 2726
f 2751 2727 2754
f 2729 2728 2731
f 2758 2759 4116
f 2730 4114 4117
f 4118 2758 4116
f 4116 2759 2711
f 3055 2711 2759
f 2732 3055 2759
f 2732 2733 3055
f 2733 2732 2761
f 2763 2761 2762
f 2761 2763 2733
f 2734 2733 2763
f 2733 2734 2735
f 2735 2736 2738
f 2734 2736 2735
f 2736 2737 2738
f 2738 2737 2740
f 2734 2737 2736
f 2734 2763 2765
f 2734 2765 2737
f 2740 2739 2738
f 2767 2766 2496
f 2741 2491 2742
f 2767 2741 2743
f 2743 2741 2742
f 2767 2743 2768
f 2743 2742 2745
f 2743 2744 2768
f 3063 2744 2745
f 2745 2744 2743
f 3062 3066 2744
f 3062 2744 3063
f 2772 2742 2491
f 4121 2746 2742
f 2746 2745 2742
f 2745 2747 3063
f 2747 2745 2746
f 2773 4120 4119
f 3063 2747 3064
f 3064 2747 3072
f 2750 2748 2749
f 2748 2750 2774
f 2749 2751 2752
f 2750 2749 2752
f 2752 2756 2750
f 2756 2753 2750
f 2751 2754 2752
f 2754 2756 2752
f 2755 2756 2754
f 2755 2778 2756
f 2301 2503 2757
f 2503 3098 3100
f 3100 3076 2503
f 2757 2503 3076
f 2757 2728 2301
f 3078 2780 2781
f 2728 2757 2731
f 2758 3078 2781
f 4161 2731 2757
f 4118 3078 2758
f 2781 2504 2758
f 2517 2760 2759
f 2761 2760 2505
f 2732 2760 2761
f 2732 2759 2760
f 2761 2505 2782
f 2762 2782 2763
f 2782 2762 2761
f 2785 3079 2763
f 2740 2737 2765
f 2765 2763 3079
f 2496 2497 2495
f 2497 2496 2766
f 2497 2766 2764
f 2767 2768 3106
f 2766 2767 3106
f 2769 2768 2744
f 3066 2769 2744
f 2772 2491 2771
f 2770 2773 2771
f 2771 2773 2772
f 4119 2772 2773
f 2773 3093 4120
f 2774 2775 2502
f 2750 2753 2774
f 2753 2776 2774
f 2775 2774 2776
f 2753 2756 2777
f 2753 2777 2776
f 2777 2779 2776
f 2776 2779 2775
f 2796 2775 2779
f 2756 2778 4122
f 4123 4122 2778
f 2778 3115 4123
f 4125 4123 3115
f 3095 2804 3126
f 3098 2503 3095
f 2504 2781 2516
f 2516 2781 2780
f 2784 2763 2782
f 2783 2784 2782
f 2784 2783 2807
f 2784 2785 2763
f 2784 2786 2785
f 2807 2786 2784
f 2509 2494 2764
f 2509 2764 2787
f 2509 2787 2788
f 2509 2788 2810
f 2788 2813 2810
f 2788 2787 3106
f 3107 2813 2788
f 2764 2766 2787
f 2787 2766 3106
f 2789 2790 2791
f 3093 2773 2792
f 2792 2773 2789
f 2792 2789 2791
f 3110 2792 2791
f 3111 3110 2791
f 3110 3112 2792
f 2794 2512 2502
f 2794 2793 2512
f 2793 2823 2526
f 2775 2794 2502
f 2793 2795 2823
f 2796 2794 2775
f 2795 2793 2794
f 2796 2795 2794
f 2796 3116 2795
f 3115 4173 4125
f 3116 2823 2795
f 2825 2797 2798
f 2829 2799 4126
f 2797 4127 2798
f 2802 2803 2798
f 2798 2801 2800
f 2798 2800 2802
f 2799 2829 4128
f 2831 4129 4133
f 2801 2798 4127
f 2801 2802 2800
f 2802 3117 2803
f 4129 2831 4130
f 4130 2831 3118
f 2831 2833 3118
f 2804 2803 3126
f 2783 2782 2518
f 2518 2805 2783
f 2805 2838 2783
f 2783 2838 2806
f 2806 2807 2783
f 2807 2806 2808
f 2806 2838 2808
f 2786 2807 2809
f 2809 2807 2808
f 3139 2808 2838
f 2522 2521 2813
f 2841 2522 2811
f 2811 2522 2813
f 2811 2816 2841
f 2812 2816 2811
f 2811 2813 2812
f 2813 3107 3143
f 2812 2813 3142
f 2814 2541 2842
f 2816 2819 2815
f 2815 2817 2842
f 2842 2817 2814
f 2819 2816 2812
f 2819 2820 2815
f 2815 2820 2817
f 2820 2818 2817
f 2814 2817 2818
f 2812 3142 2819
f 2818 2821 3148
f 2818 2820 2821
f 2821 2819 3142
f 2820 2819 2821
f 2821 3142 3148
f 2822 2524 2541
f 2524 2822 2790
f 2790 2822 2791
f 2541 2814 2822
f 2822 2814 2818
f 2822 3111 2791
f 2822 2818 3111
f 3151 3111 2818
f 2526 2823 2527
f 2527 2823 2824
f 2824 2844 2527
f 3157 3153 2824
f 3157 2824 2823
f 3153 2844 2824
f 3157 2823 3116
f 2827 4131 4098
f 2826 2797 2825
f 4132 2829 4126
f 4134 4131 2827
f 4134 2827 2828
f 2828 2544 2830
f 4134 2828 2830
f 4134 2830 2831
f 2830 2833 2831
f 2832 2833 2830
f 2832 3125 2833
f 2832 2846 3125
f 2834 3158 2846
f 2834 2835 3158
f 2835 3159 3137
f 2835 2852 3159
f 2516 2780 2836
f 2856 2855 2836
f 2550 2516 2836
f 2805 2538 2838
f 2838 2538 2837
f 2859 2837 2538
f 2838 2837 2839
f 2839 2837 2859
f 3160 2839 2859
f 3139 2838 3161
f 3161 2838 2839
f 3161 2839 3160
f 2840 3160 2859
f 3163 2840 2859
f 2841 2842 2539
f 2815 2841 2816
f 2842 2841 2815
f 2845 3173 2843
f 3173 3174 2843
f 2845 2542 2844
f 2845 2844 3179
f 3179 3173 2845
f 2832 2555 2846
f 2846 2555 2867
f 2846 2867 2834
f 2867 2868 2834
f 4139 2847 2835
f 2847 4139 2848
f 4135 4140 2850
f 2835 2834 4139
f 2835 2847 2852
f 2847 2848 2849
f 2847 2849 2852
f 4136 4135 2850
f 2849 2853 2852
f 2874 2851 2850
f 2850 2851 4136
f 4136 2851 4137
f 2874 3180 2851
f 3180 4137 2851
f 3185 2852 2853
f 2852 3185 3159
f 4137 3186 4200
f 4137 2854 3186
f 3180 3181 2854
f 3186 2854 3181
f 3180 2854 4137
f 2550 2836 2855
f 2550 2855 2889
f 2855 3195 2858
f 2858 2889 2855
f 2857 2856 3192
f 2856 2857 2855
f 3192 3193 2857
f 3195 2857 3193
f 3195 2855 2857
f 3196 3228 2889
f 3163 2859 2860
f 2552 3163 2860
f 2552 2553 2861
f 3174 2552 2861
f 2843 2861 2553
f 3174 2861 2843
f 4138 4100 2862
f 2862 4100 2863
f 2863 4100 2864
f 2869 2862 2870
f 2863 2870 2862
f 2863 2871 2870
f 2863 2865 2871
f 2864 2895 2865
f 2863 2864 2865
f 2866 2871 2865
f 2865 2896 2866
f 2865 4141 2896
f 2869 4140 4138
f 4138 2862 2869
f 2869 2872 4140
f 2870 2872 2869
f 2870 2871 2872
f 2875 3211 2906
f 2872 2850 4140
f 3211 2873 2906
f 2872 2874 2850
f 2872 3205 2874
f 3216 3211 2875
f 2876 2878 2875
f 3219 3216 2875
f 3219 2875 2878
f 2877 2876 2549
f 2876 2877 2879
f 2879 2877 2882
f 2882 2877 2568
f 2880 2882 2568
f 2568 2572 2880
f 2572 2881 2880
f 2879 2878 2876
f 2880 2883 2882
f 2883 2880 2881
f 2878 2879 2884
f 2884 2879 2882
f 2882 2883 2885
f 2885 2884 2882
f 2883 3225 2885
f 3225 2883 3224
f 2913 3224 2883
f 2878 2884 3225
f 3225 2884 2885
f 3245 3224 2913
f 2886 2888 2916
f 2887 2888 2886
f 2887 2550 2889
f 2890 2887 2889
f 2890 2888 2887
f 3253 2888 2890
f 2887 2886 2550
f 4100 2577 2894
f 2864 4100 2894
f 2897 2894 2892
f 2892 2891 2893
f 2891 2920 2893
f 2893 2897 2892
f 2898 2897 2893
f 2864 2894 2895
f 2895 2894 2897
f 2926 2898 2893
f 2896 4141 3235
f 3236 2895 2897
f 4141 4218 3235
f 3236 2897 3237
f 3237 2897 2898
f 3237 2898 2926
f 2906 2908 2905
f 2900 2899 2908
f 2908 2899 2905
f 2899 4142 2587
f 2587 4142 2901
f 2908 2902 2900
f 3240 2903 4142
f 2902 4220 2900
f 2908 3206 2902
f 2908 3207 3206
f 2901 4142 2903
f 2904 3269 2907
f 2903 2904 2901
f 2901 2904 2907
f 2903 3240 3241
f 2903 3241 2904
f 2904 3241 3268
f 2587 2901 2588
f 2901 2907 2588
f 2906 2873 2908
f 2910 2605 2915
f 2881 2598 2909
f 2909 2598 2596
f 2909 2596 2911
f 2912 2911 2592
f 2881 2909 2883
f 2911 2912 2914
f 2883 2909 2913
f 2912 2592 2910
f 2909 2911 2914
f 2913 2909 2914
f 2915 2912 2910
f 2915 3243 2912
f 3243 2914 2912
f 2917 2597 2916
f 2933 2917 2919
f 2888 2918 2916
f 2918 2917 2916
f 2934 2933 2919
f 2919 2917 2918
f 3253 2918 2888
f 3252 2919 2918
f 3285 2934 2919
f 3252 2918 3253
f 3252 3285 2919
f 2920 2600 2921
f 2600 2602 2921
f 2921 2602 2922
f 2922 2602 2603
f 2920 2921 2923
f 2922 2923 2921
f 2920 2923 2924
f 2936 2922 2603
f 2920 2924 2893
f 2925 2923 2922
f 2922 2936 2925
f 2936 3267 2925
f 2926 2893 2924
f 2927 2924 2923
f 2927 2923 2925
f 3261 2927 2925
f 3262 3261 2925
f 3262 2925 3267
f 3237 2926 3257
f 2926 2924 3257
f 3257 2924 3258
f 2924 2927 3258
f 3269 3271 3275
f 2907 2928 2588
f 2929 2928 2907
f 2929 2930 2928
f 3269 2929 2907
f 3269 2930 2929
f 3269 3275 2930
f 2930 3275 2931
f 3275 3244 2931
f 2930 2931 2606
f 2931 3244 2606
f 2605 2606 3244
f 3244 2915 2605
f 2934 2932 2612
f 2935 2932 2934
f 2935 2934 3285
f 2935 3284 2932
f 2936 2603 2937
f 3267 2936 3298
f 3298 2936 2937
f 2937 2378 2939
f 3298 2939 3300
f 2938 2939 2378
f 2939 2938 3299
f 3299 2938 2942
f 2941 2940 2945
f 2942 2941 2945
f 2942 2938 2941
f 2945 3302 2942
f 2944 2940 2943
f 2944 2943 3284
f 3284 2943 2932
f 2945 2940 2944
f 2944 3284 3303
f 3302 2945 3303
f 2945 2944 3303
f 2948 3317 2946
f 2950 2949 4145
f 4144 2950 4145
f 2947 4146 4143
f 4144 2624 3444
f 4148 2951 4147
f 3444 2950 4144
f 2951 4148 3315
f 4240 2949 2950
f 4149 3317 2948
f 3444 4240 2950
f 2946 3317 2952
f 2947 4143 2952
f 2952 3317 2955
f 2952 2955 2953
f 2958 2954 2955
f 3317 2958 2955
f 3317 3318 2958
f 2633 2627 2956
f 2956 2627 2957
f 2958 2957 2954
f 2627 2954 2957
f 2957 2960 2956
f 2960 2962 2956
f 2958 2960 2957
f 2958 2959 2960
f 3318 2959 2958
f 2960 3320 2962
f 2968 2965 2961
f 2961 2965 2624
f 2624 2965 3444
f 3320 2964 2962
f 2642 2964 2963
f 2642 2962 2964
f 3320 2966 2964
f 3320 3322 2966
f 3323 2965 2968
f 2963 2967 2645
f 2964 2966 2963
f 2966 2967 2963
f 2649 2967 2650
f 2967 3324 2650
f 2650 3324 2970
f 2970 3324 3327
f 2401 2971 2969
f 3327 2973 2970
f 3327 3329 2973
f 2401 3331 2971
f 2970 2973 2972
f 2993 2972 2973
f 2677 2972 2993
f 2973 3329 2993
f 2655 2976 2995
f 2976 2978 2995
f 2975 2656 2974
f 2975 2974 2977
f 2974 2982 2985
f 2974 2985 2977
f 2975 2978 2976
f 2977 2978 2975
f 2977 2980 2978
f 2978 2980 3340
f 2978 3340 2997
f 2985 2979 2977
f 2977 2979 2981
f 2981 2979 2988
f 3340 2980 3341
f 2980 2977 2981
f 3341 2980 2981
f 2983 2660 2666
f 2982 2661 2984
f 2990 2984 2983
f 2984 2661 2983
f 2982 2984 2985
f 2985 2986 2979
f 2987 2990 2992
f 2984 2986 2985
f 2986 2988 2979
f 2986 2984 2987
f 2988 2986 2987
f 2984 2990 2987
f 2988 2987 3333
f 2668 3003 2989
f 2990 2983 2666
f 2666 2989 2991
f 2999 2991 2989
f 2989 3003 2999
f 2990 2666 2991
f 2990 2991 2992
f 2992 2991 3001
f 2991 2999 3001
f 3007 2677 2993
f 3008 2994 2669
f 3356 2994 3008
f 2994 2405 2669
f 2996 2672 2995
f 2995 2978 2997
f 2996 2997 2998
f 2996 2995 2997
f 3340 2998 2997
f 2998 3340 3339
f 3357 2998 3339
f 2996 2998 3357
f 2999 3003 3005
f 2999 3005 3000
f 2999 3000 3001
f 3000 3006 3350
f 3005 3006 3000
f 3350 3006 3011
f 2668 3002 3003
f 3003 3002 3005
f 3006 3004 3012
f 3002 3004 3005
f 3006 3005 3004
f 3354 3007 2993
f 3354 2686 3007
f 2669 2427 3008
f 3008 2427 3356
f 2427 3013 3356
f 3013 3453 3356
f 2678 2673 3009
f 3009 2683 2678
f 3009 3014 2683
f 3010 3014 3009
f 2673 2672 2996
f 3009 2673 3010
f 3010 2673 2996
f 3357 3010 2996
f 3015 3366 3012
f 3012 3011 3006
f 3011 3012 3366
f 3004 2681 3012
f 3012 2681 3015
f 2686 3354 3016
f 3453 3013 3400
f 3017 2687 2683
f 2683 3014 3017
f 3368 3017 3014
f 2684 3015 2685
f 2681 2685 3015
f 3452 3539 3016
f 3017 2695 2687
f 3017 3368 3018
f 3018 2695 3017
f 2695 3018 3020
f 3389 3020 3018
f 3377 3389 3018
f 2684 3019 3015
f 3384 3015 3019
f 3019 3398 3384
f 3016 3539 2692
f 2694 2695 3020
f 3020 3389 3390
f 3398 3019 3021
f 3021 2689 3028
f 3398 3021 3028
f 3398 3028 3394
f 2696 3022 3023
f 3023 2697 2696
f 3020 3022 2694
f 2697 3024 2698
f 3023 3022 3390
f 2697 3023 3024
f 3390 3026 3023
f 3022 3020 3390
f 3023 3026 3024
f 3026 3025 3024
f 3025 3399 3032
f 3029 3031 3032
f 3032 3399 3029
f 3392 3025 3026
f 3031 3028 2700
f 3028 3027 2700
f 3394 3028 3029
f 3031 3029 3028
f 3394 3029 3399
f 3028 2689 3027
f 3032 2698 3024
f 2699 2698 3032
f 3032 3024 3025
f 3031 2699 3032
f 3033 3034 2701
f 3400 2262 2705
f 3034 3036 2702
f 3033 3036 3034
f 2701 3034 2461
f 2705 3401 3400
f 3036 3404 3035
f 3044 3406 3405
f 3043 4151 4242
f 2705 3043 4242
f 3401 2705 4242
f 4243 4152 3409
f 3404 3037 3035
f 3408 3037 3404
f 2464 3038 3040
f 3040 3038 3039
f 3051 3039 3038
f 2464 3043 2705
f 3041 3040 3039
f 3039 3051 3041
f 3045 3043 2464
f 3045 2464 3040
f 3045 3040 3046
f 3041 3046 3040
f 4150 3042 3047
f 3042 3052 3409
f 3043 4153 4151
f 3047 4153 4154
f 4153 3047 4151
f 3409 4152 3048
f 4150 3047 4154
f 4152 3047 3048
f 3047 3042 3048
f 3048 3042 3409
f 3053 3408 3409
f 3408 3049 3037
f 3053 3049 3408
f 2708 3050 3038
f 3050 2708 3054
f 3038 3050 3051
f 3050 3054 3051
f 4155 4156 3052
f 3055 3052 4156
f 4155 3052 4150
f 4150 3052 3042
f 3053 3409 3055
f 3409 3052 3055
f 3053 2735 2712
f 3053 2712 3049
f 3055 4156 2711
f 3053 2733 2735
f 2733 3053 3055
f 2719 3057 3056
f 3067 3057 2719
f 3068 3057 3067
f 3057 3068 3060
f 3056 4157 2723
f 4157 3058 2723
f 3059 3058 3060
f 3061 3058 3059
f 4157 3056 3057
f 2754 2727 3061
f 2740 3067 2739
f 3065 3063 3064
f 3062 3063 3065
f 3065 3066 3062
f 2739 3067 2719
f 3059 3060 3069
f 3070 3065 3064
f 3070 3066 3065
f 3060 3068 3069
f 3069 3068 3071
f 3059 3069 3073
f 3070 3064 3069
f 3070 3069 3071
f 3069 3064 3073
f 3071 3066 3070
f 3073 3072 3074
f 3064 3072 3073
f 3072 2747 3075
f 3072 4158 3074
f 3059 3073 3074
f 3059 3074 3061
f 3061 3074 4158
f 4158 3094 3061
f 2754 3061 2755
f 3061 3094 2755
f 4161 2757 3077
f 2757 3076 4159
f 2836 3078 4160
f 3076 3100 4159
f 2836 4160 3101
f 3078 2836 2780
f 3079 4124 3103
f 3079 3083 2765
f 2765 3080 2740
f 2765 3083 3080
f 3080 3081 2740
f 3080 3083 3081
f 3085 3090 3082
f 3083 3079 3084
f 3084 3079 3103
f 3081 3083 4163
f 3081 4163 4162
f 4163 3083 3084
f 3084 3103 3410
f 3088 3106 2768
f 3087 2768 2769
f 3066 3087 2769
f 3087 3088 2768
f 2740 3081 3067
f 3071 3089 3086
f 3066 3071 3086
f 3087 3066 3086
f 3087 3086 3092
f 3088 3092 3091
f 3092 3088 3087
f 3067 3081 4162
f 3067 4162 3068
f 3068 3082 3089
f 3068 3089 3071
f 3082 3090 3089
f 3089 3090 3086
f 3092 3086 3090
f 3090 3108 4164
f 3092 3090 4164
f 3093 4158 4120
f 4158 3093 3094
f 3112 3093 2792
f 3093 3112 3094
f 3094 4171 3115
f 2755 3094 2778
f 2778 3094 3115
f 3097 3099 4165
f 3138 4167 3097
f 4165 3096 3097
f 3097 3096 3136
f 4166 3099 4168
f 3099 4166 4165
f 4160 4169 3101
f 4169 4167 3101
f 2809 3102 2786
f 4124 2786 3102
f 2809 3140 3102
f 3105 3102 3140
f 4124 3104 3103
f 3102 3104 4124
f 3410 3103 3104
f 3411 3410 3104
f 4246 3104 3102
f 3102 3105 4246
f 3413 4246 3105
f 3106 3107 2788
f 3107 3106 4170
f 3090 3109 3108
f 3108 3146 3144
f 3108 3109 3146
f 3084 3410 4163
f 3085 3109 3090
f 3109 3085 4245
f 3412 4190 4245
f 4245 4190 3109
f 3091 3106 3088
f 3091 4170 3106
f 3112 3110 3113
f 3111 3113 3110
f 3112 3113 3114
f 4171 4172 3115
f 3155 3115 4172
f 3117 2802 4174
f 3119 3117 4174
f 3117 3119 2803
f 2803 3119 3121
f 3118 2833 3120
f 3122 3120 3125
f 3120 2833 3125
f 3124 2803 3121
f 3122 4176 4175
f 3118 3120 4175
f 4175 3120 3122
f 3121 3123 3124
f 4177 4178 4179
f 3122 3125 4180
f 4180 3125 3131
f 3126 2803 3124
f 3096 3126 3134
f 3123 3127 3124
f 3124 3127 3126
f 3131 3125 3132
f 3158 3132 3125
f 3134 3126 3128
f 3129 4182 4181
f 3133 3126 3127
f 4187 4183 4185
f 4188 3130 4184
f 4184 3130 4189
f 4180 3131 4186
f 4186 3131 3132
f 4186 3132 4188
f 4188 3132 3130
f 3130 3132 4189
f 3126 3133 3128
f 4165 3126 3096
f 3158 3135 3132
f 4189 3132 3135
f 3137 3135 3158
f 3135 3096 4189
f 2835 3137 3158
f 3135 3137 3136
f 3096 3135 3136
f 3138 3097 3136
f 3137 3138 3136
f 3138 3101 4167
f 3137 3159 3138
f 3141 2808 3139
f 2808 3140 2809
f 2808 3141 3140
f 3162 3141 3139
f 3415 3141 3162
f 3105 3140 3141
f 3141 3413 3105
f 3415 3413 3141
f 2813 3143 3142
f 3144 3107 4170
f 3144 3145 3107
f 3143 3107 3145
f 3145 3149 3143
f 3146 3145 3144
f 3145 3146 3147
f 3145 3150 4193
f 4190 3414 4191
f 4191 3414 4194
f 3145 3147 3150
f 4194 3414 3167
f 3142 4193 3148
f 3143 3149 3142
f 3148 4193 3169
f 4198 3151 4192
f 3151 4198 3152
f 3169 4193 3150
f 4194 3167 4199
f 3148 3151 2818
f 3111 3151 3152
f 3111 3152 3154
f 3113 3154 3114
f 4172 4196 3155
f 3111 3154 3113
f 3155 3156 3157
f 3155 4196 3156
f 3153 3157 3156
f 4196 3170 3156
f 3177 3156 3170
f 3115 3155 3157
f 4173 3115 3157
f 2846 3158 3125
f 3159 3185 2856
f 2856 3138 3159
f 3101 3138 2856
f 2836 3101 2856
f 3164 3161 3160
f 3162 3139 3161
f 3161 3164 3162
f 3164 3417 3162
f 3164 3160 2840
f 2840 3163 3164
f 3163 3203 3166
f 3168 3165 3166
f 3163 3165 3164
f 3166 3165 3163
f 3417 3164 3165
f 3168 3166 3172
f 3414 3416 3167
f 3416 4251 3167
f 3167 4251 4197
f 3167 4197 3172
f 3168 3417 3165
f 2552 3202 3203
f 3178 3202 3174
f 3178 3174 3176
f 3166 3203 3171
f 4199 3170 4195
f 3202 3171 3203
f 4199 3167 3170
f 3170 3172 3178
f 3166 3171 3172
f 3178 3172 3171
f 3202 3178 3171
f 3170 3167 3172
f 3173 3176 3174
f 3175 3179 3156
f 3175 3173 3179
f 3175 3176 3173
f 3177 3175 3156
f 3177 3176 3175
f 3170 4196 4195
f 3177 3170 3178
f 3176 3177 3178
f 3153 3179 2844
f 3153 3156 3179
f 3180 3183 3181
f 3181 3182 3186
f 3187 3186 3182
f 3181 3183 3182
f 3182 3183 3184
f 3184 3183 3222
f 3183 3217 3222
f 2856 3185 3192
f 3186 3187 4200
f 4200 3194 3192
f 3187 3194 4200
f 3187 3188 3194
f 3187 3182 3189
f 3190 3187 3189
f 3187 3190 3188
f 3190 3199 3188
f 3199 3194 3188
f 3182 3184 3189
f 3189 3184 3191
f 3190 3189 3191
f 3184 3222 3191
f 3199 3190 3201
f 3190 3191 3201
f 3201 3191 3222
f 3194 3193 3192
f 3193 3194 3195
f 3194 3197 3195
f 3197 2858 3195
f 2889 2858 3196
f 3196 3229 3228
f 2858 3197 3198
f 3196 2858 3198
f 3196 3198 3229
f 3194 3199 3197
f 3199 3200 3197
f 3200 3198 3197
f 4201 3199 3201
f 3198 3200 3230
f 4214 4201 3201
f 3203 3163 2552
f 3174 3202 2552
f 3205 2872 2871
f 2866 3204 2871
f 2871 3204 4205
f 2866 4221 3204
f 4202 4220 2902
f 2902 3206 4203
f 2874 3205 3180
f 3210 2871 4205
f 4206 2873 3209
f 2873 3213 3209
f 3206 3207 4206
f 3207 2908 4206
f 2908 2873 4206
f 3208 4204 2871
f 3180 4204 3208
f 2871 3210 3208
f 4207 3209 3208
f 3212 3208 3209
f 3213 3212 3209
f 2873 3211 3213
f 3213 3211 3214
f 3216 3214 3211
f 3180 3208 3215
f 3214 3220 3215
f 3208 3212 3215
f 3215 3212 3214
f 3216 3220 3214
f 3214 3212 3213
f 3183 3180 3215
f 3221 3219 2878
f 3183 3215 3217
f 3217 3218 3222
f 3217 3215 3220
f 3217 3220 3218
f 3219 3218 3220
f 3218 3219 3223
f 3221 3223 3219
f 3220 3216 3219
f 3222 3218 4208
f 3221 2878 3225
f 3223 3221 3225
f 3225 3226 3223
f 4208 4210 3222
f 3222 4211 3201
f 3224 3227 3225
f 3247 3227 3224
f 3201 4211 3250
f 4213 4212 4209
f 4213 3250 4212
f 4222 3250 4213
f 2889 3228 3232
f 3232 2890 2889
f 3231 3228 3229
f 3229 3198 3230
f 3229 3230 3231
f 3228 3231 3232
f 4214 3201 3233
f 3230 4215 3231
f 3201 3250 3233
f 3231 3234 3232
f 3234 3255 3232
f 4216 3231 4215
f 2866 2896 4221
f 4218 3238 3235
f 3235 3238 3239
f 3235 3239 2896
f 4219 3238 4218
f 4221 2896 3239
f 4221 3239 3242
f 3242 3239 3270
f 3238 3260 3239
f 3240 3242 3241
f 3241 3242 3268
f 3268 3242 3270
f 3245 2913 2914
f 2915 3246 3243
f 3245 2914 3243
f 3246 2915 3244
f 3248 3245 3243
f 3248 3243 3246
f 3247 3224 3245
f 3247 3245 3248
f 3246 3249 3248
f 4223 3251 4222
f 4222 3251 3250
f 3249 3281 4223
f 4223 3281 3251
f 3251 4232 3295
f 3289 3285 3252
f 3254 3252 3253
f 3254 3289 3252
f 3255 2890 3232
f 3255 3253 2890
f 3255 3256 3253
f 3256 3254 3253
f 3251 3295 3250
f 3256 3289 3254
f 4217 3233 3292
f 4217 3292 4224
f 3233 3250 3292
f 4224 3292 4225
f 3250 3295 3292
f 3292 3293 4225
f 3238 4219 3259
f 4226 3237 3257
f 4226 3257 3258
f 3261 4226 3258
f 2927 3261 3258
f 3266 3262 3267
f 3266 3267 3272
f 3238 3259 3260
f 3239 3260 3265
f 3239 3265 3270
f 3261 3263 4226
f 3259 4227 3260
f 3264 3263 3261
f 3262 3264 3261
f 3266 3264 3262
f 3260 4227 3265
f 3265 4227 3264
f 3265 3264 3266
f 3268 3269 2904
f 3270 3271 3268
f 3268 3271 3269
f 3271 3270 3265
f 3265 3274 3271
f 3265 3273 3274
f 3266 4228 3265
f 4228 3266 3272
f 3271 3274 3275
f 3274 3273 3277
f 3275 3279 3244
f 3276 3275 3274
f 3275 3276 3279
f 4230 3274 3277
f 4230 3277 4231
f 3244 3279 3278
f 3278 3279 3282
f 4231 3277 4233
f 3246 3244 3280
f 3244 3278 3280
f 3246 3280 3249
f 3282 3280 3278
f 3280 3282 3281
f 3280 3281 3249
f 4232 4233 3295
f 3277 3283 4233
f 4233 3283 3295
f 3277 3306 3283
f 3283 3306 3295
f 3297 3295 3306
f 3306 3304 4238
f 3286 3284 2935
f 3286 2935 3285
f 3286 3285 3287
f 3286 3303 3284
f 3286 3287 3288
f 3288 3303 3286
f 3288 3291 3303
f 3289 3290 3285
f 3285 3290 3287
f 3303 3291 4238
f 3256 4234 3289
f 4234 3290 3289
f 4234 3296 3287
f 4234 3287 3290
f 3296 3288 3287
f 3291 3296 4238
f 3288 3296 3291
f 3292 3294 3293
f 3292 3295 4235
f 3296 4234 4236
f 4237 4235 3295
f 3297 4237 3295
f 3272 3267 3298
f 2937 2939 3298
f 3298 4228 3272
f 3300 4228 3298
f 3277 4229 4239
f 3300 2939 3299
f 3301 3277 4239
f 3301 2942 3305
f 2942 3302 3305
f 2942 3301 3299
f 3301 3300 3299
f 3304 3303 4238
f 3302 3303 3304
f 3304 3305 3302
f 3304 3306 3305
f 3306 3277 3301
f 3305 3306 3301
f 4240 3307 3313
f 4240 3310 3307
f 3313 3311 3426
f 3313 3426 3315
f 3313 3308 3311
f 3421 3308 3309
f 3309 3313 3307
f 3309 3308 3313
f 3421 3309 3312
f 3310 3312 3309
f 3307 3310 3309
f 3422 3311 3308
f 3421 3422 3308
f 4240 3444 3310
f 3315 3426 3428
f 3428 3314 3315
f 3315 3314 2951
f 3314 3316 4149
f 3316 3427 3435
f 4149 3316 3317
f 3316 3435 3317
f 3438 3310 3444
f 3435 3318 3317
f 3437 3319 3318
f 3437 3318 3435
f 3319 2959 3318
f 3319 2960 2959
f 3321 2960 3319
f 3321 3319 3442
f 3320 3321 3322
f 3320 2960 3321
f 2965 3323 3444
f 3444 3323 3446
f 2968 2969 3323
f 3447 2966 3322
f 3323 2969 3446
f 2967 3325 3324
f 2966 3325 2967
f 2969 2971 3326
f 3446 2969 3326
f 3324 3450 3327
f 3325 3450 3324
f 3328 3326 2971
f 3450 3330 3327
f 3327 3330 3329
f 3493 3326 3328
f 2971 3331 3328
f 3336 3329 3330
f 3330 3451 3336
f 3330 3450 3451
f 3338 3496 3331
f 3497 3496 3338
f 3331 2994 3338
f 2405 2994 3331
f 2981 2988 3332
f 3334 3333 2987
f 2992 3334 2987
f 3333 3332 2988
f 3329 3336 2993
f 2993 3335 3354
f 3335 2993 3336
f 3335 3355 3354
f 3337 3335 3336
f 3355 3335 3337
f 3337 3534 3355
f 3337 3336 3451
f 2994 3356 3338
f 3339 3358 3357
f 3341 2981 3332
f 3340 3341 3339
f 3342 3341 3332
f 3345 3344 3342
f 3341 3342 3343
f 3342 3344 3343
f 3339 3341 3343
f 3339 3359 3358
f 3339 3343 3359
f 3343 3344 3359
f 3349 3360 3344
f 3360 3359 3344
f 3346 3333 3334
f 3351 3334 2992
f 3333 3345 3332
f 3333 3346 3345
f 3351 3346 3334
f 3342 3332 3345
f 3346 3351 3347
f 3352 3347 3351
f 3348 3345 3346
f 3346 3347 3348
f 3348 3344 3345
f 3344 3348 3349
f 3348 3347 3364
f 3348 3364 3349
f 3349 3364 3365
f 3001 3000 3352
f 3000 3350 3352
f 2992 3001 3351
f 3001 3352 3351
f 3353 3350 3367
f 3352 3350 3353
f 3352 3353 3347
f 3355 3534 3452
f 3355 3016 3354
f 3338 3356 3453
f 3357 3369 3010
f 3357 3358 3369
f 3369 3358 3371
f 3358 3361 3371
f 3359 3361 3358
f 3361 3359 3360
f 3360 3362 3361
f 3360 3365 3362
f 3347 3353 3364
f 3353 3363 3364
f 3360 3349 3365
f 3364 3363 3365
f 3365 3363 3375
f 3365 3375 3362
f 3376 3367 3366
f 3350 3011 3367
f 3011 3366 3367
f 3353 3367 3363
f 3355 3452 3016
f 3010 3369 3014
f 3369 3368 3014
f 3370 3368 3369
f 3370 3378 3368
f 3377 3368 3378
f 3370 3369 3371
f 3371 3361 3372
f 3371 3372 3370
f 3370 3372 3378
f 3361 3373 3372
f 3382 3375 3388
f 3361 3362 3373
f 3373 3362 3382
f 3382 3362 3375
f 3373 3382 3383
f 3374 3376 3386
f 3386 3376 3384
f 3367 3374 3363
f 3388 3374 3386
f 3363 3374 3375
f 3375 3374 3388
f 3366 3015 3376
f 3376 3015 3384
f 3374 3367 3376
f 3377 3018 3368
f 3377 3391 3389
f 3391 3377 3378
f 3391 3378 3379
f 3380 3391 3379
f 3379 3378 3372
f 3372 3383 3379
f 3379 3383 3380
f 3373 3383 3372
f 3381 3387 3397
f 3397 3387 3395
f 3382 3388 3381
f 3381 3388 3387
f 3383 3381 3380
f 3383 3382 3381
f 3398 3385 3384
f 3387 3385 3395
f 3386 3384 3385
f 3387 3386 3385
f 3387 3388 3386
f 3389 3391 3390
f 3026 3390 3392
f 3391 3392 3390
f 3391 3380 3392
f 3392 3380 3393
f 3381 3393 3380
f 3394 3395 3398
f 3399 3396 3394
f 3396 3395 3394
f 3399 3393 3396
f 3393 3381 3397
f 3397 3396 3393
f 3396 3397 3395
f 3385 3398 3395
f 3392 3393 3025
f 3399 3025 3393
f 2701 3454 3455
f 3454 2701 3030
f 3454 3030 3539
f 3033 3455 3036
f 3502 3036 3455
f 2701 3455 3033
f 3401 3457 3400
f 3401 4244 3403
f 3403 4243 3402
f 3402 4243 3407
f 3458 3457 3401
f 3403 3458 3401
f 3402 3407 3465
f 3463 3408 3404
f 3405 3406 4241
f 4243 3409 3407
f 3407 3409 3408
f 3408 3466 3407
f 3465 3407 3466
f 3408 3463 3466
f 4247 3412 4245
f 4247 3414 3412
f 4248 3414 4247
f 3412 3414 4190
f 4248 4249 3414
f 4249 3416 3414
f 3162 4250 3415
f 3162 3417 4250
f 3423 3418 3419
f 3420 3418 3430
f 3418 3423 3430
f 3420 3419 3418
f 3470 3425 3419
f 3419 3420 3471
f 3470 3469 3425
f 3470 3419 3471
f 3471 3420 3433
f 3423 3421 3434
f 3424 3422 3425
f 3419 3422 3421
f 3419 3425 3422
f 3419 3421 3423
f 3467 3427 3424
f 3425 3469 3424
f 3312 3434 3421
f 3422 3424 3311
f 3311 3424 3426
f 3426 3424 3427
f 3427 3428 3426
f 3316 3314 3428
f 3427 3316 3428
f 3429 3435 3484
f 3427 3484 3435
f 3516 3429 3484
f 3438 3431 3423
f 3423 3431 3430
f 3430 3431 3432
f 3431 3438 3432
f 3439 3436 3432
f 3438 3439 3432
f 3430 3433 3420
f 3433 3430 3486
f 3486 3430 3432
f 3432 3436 3486
f 3440 3486 3436
f 3438 3423 3434
f 3312 3310 3434
f 3434 3310 3438
f 3436 3439 3440
f 3438 3444 3439
f 3489 3437 3435
f 3319 3437 3441
f 3440 3439 3444
f 3440 3444 3443
f 3489 3490 3437
f 3441 3437 3490
f 3442 3319 3441
f 3442 3441 3445
f 3322 3321 3445
f 3442 3445 3321
f 3443 3444 3446
f 3445 3448 3322
f 3322 3448 3447
f 3447 3325 2966
f 3447 3448 3449
f 3449 3325 3447
f 3325 3449 3450
f 3328 3331 3496
f 3450 3449 3451
f 3451 3449 3495
f 3534 3337 3451
f 3453 3497 3338
f 3539 3452 3538
f 3455 3454 3539
f 3499 3400 3457
f 3453 3400 3499
f 3457 3460 3456
f 3461 3456 3460
f 3501 3456 3461
f 3456 3499 3457
f 3502 3404 3036
f 3502 3463 3404
f 3459 3458 3403
f 3402 3459 3403
f 3460 3457 3458
f 3459 3460 3458
f 3461 3460 3459
f 3461 3459 3504
f 3465 3459 3402
f 3466 3462 3465
f 3465 3462 3459
f 3504 3459 3462
f 3505 3504 3462
f 3466 3463 3464
f 3466 3464 3462
f 3502 3549 3463
f 3480 3467 3479
f 3467 3480 3427
f 3485 3468 3472
f 3518 4252 4253
f 3471 3433 3472
f 3478 3469 3475
f 3469 3473 3475
f 3469 3470 3473
f 3473 3471 3474
f 3473 3470 3471
f 3474 3472 3468
f 3474 3471 3472
f 3475 3477 3478
f 3473 3476 3475
f 3476 3473 3474
f 3476 3474 3468
f 3475 3507 3477
f 3475 3476 3507
f 3507 3476 3508
f 3476 3468 3508
f 3507 3481 3477
f 4254 3508 3468
f 3424 3469 3478
f 3478 3479 3424
f 3467 3424 3479
f 3480 3484 3427
f 3478 3477 3479
f 3481 3479 3477
f 3481 3482 3479
f 3483 3480 3482
f 3482 3480 3479
f 3480 3483 3484
f 3515 3516 3483
f 3515 3483 3482
f 3484 3483 3516
f 3516 3487 3429
f 3485 3472 3433
f 3485 3433 3486
f 3518 4253 3440
f 3440 4253 3486
f 3429 3487 3435
f 3524 3435 3487
f 3524 3487 3575
f 3489 3435 3524
f 3490 3489 3491
f 3440 3443 3525
f 3440 3525 3488
f 3488 3525 3523
f 3445 3441 3490
f 3491 3445 3490
f 3525 3443 3527
f 3530 3448 3445
f 3527 3446 3492
f 3443 3446 3527
f 3446 3326 3492
f 3448 3530 3449
f 3326 3493 3492
f 3492 3493 3531
f 3493 3532 3531
f 3532 3493 3494
f 3496 3595 3494
f 3494 3493 3328
f 3496 3494 3328
f 3495 3449 3533
f 3451 3495 3534
f 3452 3534 3535
f 3536 3496 3497
f 3497 3498 3537
f 3542 3537 3498
f 3498 3497 3453
f 3542 3453 3499
f 3542 3498 3453
f 3543 3542 3499
f 3602 3544 3455
f 3500 3543 3499
f 3544 3502 3455
f 3461 3503 3501
f 3456 3500 3499
f 3500 3456 3501
f 3546 3501 3503
f 3612 3500 3501
f 3503 3461 3504
f 3504 3551 3503
f 3505 3462 3506
f 3464 3506 3462
f 3551 3504 3505
f 3505 3506 3551
f 3463 3549 3464
f 3507 3514 3481
f 3508 3509 3507
f 3514 3507 3509
f 3508 3511 3509
f 3511 3510 3509
f 3515 3514 3510
f 3510 3514 3509
f 4254 3519 3508
f 3508 3519 3511
f 3510 3517 3515
f 3510 3512 3517
f 3510 3511 3513
f 3512 3510 3513
f 3519 3520 3511
f 3513 3511 3520
f 3512 3513 3557
f 3558 3513 3520
f 3557 3513 3558
f 3481 3514 3482
f 3514 3515 3482
f 3517 3516 3515
f 3519 4254 3521
f 3519 3521 3520
f 3440 3522 3518
f 3522 3440 3556
f 3440 3488 3556
f 3520 3521 3554
f 3555 3521 4254
f 4257 3518 3522
f 3556 4257 3522
f 3512 3563 3517
f 3517 3566 3516
f 3563 3566 3517
f 3516 3566 3487
f 3566 3575 3487
f 3523 3556 3488
f 3577 3524 3575
f 3577 3526 3524
f 3491 3489 3524
f 3523 3525 3578
f 3524 3526 3491
f 3525 3527 3578
f 3491 3526 3580
f 3528 3491 3580
f 3445 3491 3528
f 3588 3528 3586
f 3587 3588 3586
f 3586 3528 3583
f 3588 3445 3528
f 3492 3529 3527
f 3529 3531 3582
f 3529 3492 3531
f 3579 3529 3582
f 3445 3588 3530
f 3582 3531 3532
f 3532 3589 3582
f 3589 3532 3642
f 3595 3532 3494
f 3534 3495 3533
f 3590 3534 3533
f 3449 3530 3533
f 3496 3536 3595
f 3591 3534 3646
f 3497 3537 3536
f 3536 3537 3594
f 3595 3536 3594
f 3535 3538 3452
f 3599 3538 3535
f 3599 3535 3592
f 3538 3540 3539
f 3540 3538 3599
f 3597 3541 3540
f 3602 3541 3605
f 3455 3541 3602
f 3539 3541 3455
f 3539 3540 3541
f 3606 3542 3543
f 3609 3606 3543
f 3610 3543 3500
f 3609 3543 3610
f 3545 3502 3544
f 3610 3500 3612
f 3612 3501 3546
f 3547 3612 3546
f 3547 3546 3503
f 3547 3503 3551
f 3553 3548 3547
f 3550 3548 3553
f 3614 3612 3547
f 3614 3547 3548
f 3552 3616 3550
f 3553 3552 3550
f 3545 3549 3502
f 3613 3549 3545
f 3553 3551 3506
f 3547 3551 3553
f 3552 3506 3464
f 3549 3616 3552
f 3552 3464 3549
f 3553 3506 3552
f 3563 3512 3557
f 3520 3554 3559
f 3554 3521 3555
f 3558 3520 3559
f 4258 4259 4255
f 4256 3556 4260
f 3560 3557 3558
f 3561 3558 3559
f 3561 3560 3558
f 3563 3557 3560
f 3556 3562 4260
f 3559 3562 3561
f 3560 3561 3571
f 3573 3560 3571
f 3560 3573 3563
f 3561 3562 3571
f 3563 3573 3566
f 3571 3562 3565
f 3556 3564 3562
f 3562 3564 3565
f 3556 3567 3564
f 3568 3565 3564
f 3567 4261 3564
f 3565 3568 3572
f 3571 3565 3572
f 3623 3573 3571
f 3575 3566 3573
f 3567 3569 4261
f 3567 3570 4262
f 3572 4263 3574
f 3572 3568 4263
f 3570 4264 4262
f 3556 3523 3567
f 3567 3523 3570
f 3578 3570 3523
f 4264 3570 3576
f 3570 3578 3576
f 3618 4264 3576
f 3576 3619 3618
f 3619 3576 3578
f 3578 3621 3619
f 3580 3526 3577
f 3573 3577 3575
f 3625 3580 3577
f 3580 3625 3631
f 3527 3579 3578
f 3632 3578 3579
f 3581 3632 3579
f 3628 3578 3632
f 3579 3527 3529
f 3583 3528 3580
f 3580 3631 3584
f 3581 3579 3582
f 3635 3581 3582
f 3635 3582 3589
f 3584 3583 3580
f 3585 3586 3583
f 3584 3634 3583
f 3583 3634 3585
f 3634 3587 3585
f 3587 3634 3709
f 3585 3587 3586
f 3589 3636 3635
f 3588 3587 3709
f 3588 3709 3637
f 3533 3530 3588
f 3590 3533 3588
f 3532 3595 3642
f 3588 3640 3590
f 3640 3646 3590
f 3590 3646 3534
f 3592 3591 3651
f 3591 3592 3535
f 3646 3651 3591
f 3534 3591 3535
f 3593 3649 3643
f 3643 3595 3593
f 3594 3537 3601
f 3601 3595 3594
f 3595 3601 3593
f 3603 3651 3652
f 3655 3603 3652
f 3598 3592 3603
f 3651 3603 3592
f 3597 3599 3596
f 3597 3596 3598
f 3598 3596 3592
f 3597 3540 3599
f 3592 3596 3599
f 3593 3601 3600
f 3600 3656 3593
f 3537 3542 3606
f 3537 3606 3601
f 3608 3604 3655
f 3608 3602 3604
f 3603 3604 3598
f 3603 3655 3604
f 3541 3597 3605
f 3605 3604 3602
f 3598 3605 3597
f 3598 3604 3605
f 3600 3606 3609
f 3609 3656 3600
f 3601 3606 3600
f 3607 3544 3608
f 3607 3657 3544
f 3608 3544 3602
f 3611 3609 3610
f 3611 3610 3612
f 3656 3609 3611
f 3612 3660 3656
f 3611 3612 3656
f 3614 3660 3612
f 3661 3662 3614
f 3613 3667 3616
f 3544 3613 3545
f 3657 3613 3544
f 3614 3548 3661
f 3548 3615 3661
f 3615 3548 3550
f 3617 3615 3550
f 3617 3663 3615
f 3615 3663 3661
f 3617 3550 3616
f 3613 3616 3549
f 3663 3617 3667
f 3617 3616 3667
f 3574 3622 3572
f 4265 3622 3574
f 3571 3572 3622
f 3571 3622 3623
f 4265 4266 3622
f 3620 3622 4266
f 4269 4268 4267
f 3622 3620 3671
f 3573 3623 3672
f 3625 3577 3573
f 3573 3626 3625
f 3621 3578 3628
f 4270 4268 4269
f 3624 3671 3620
f 4270 3624 4268
f 4270 3671 3624
f 3672 3626 3573
f 3627 3625 3626
f 3625 3627 3631
f 3672 3627 3626
f 3629 3628 3630
f 3632 3630 3628
f 3671 4270 3629
f 3680 3629 3630
f 3681 3680 3630
f 3581 3635 3632
f 3632 3635 3630
f 3630 3635 3633
f 3633 3681 3630
f 3681 3633 3683
f 3635 3636 3693
f 3636 3701 3693
f 3633 3635 3693
f 3700 3709 3634
f 3636 3702 3701
f 3636 3589 3642
f 3637 3640 3588
f 3638 3702 3636
f 3642 3638 3636
f 3642 3641 3638
f 3713 3639 3637
f 3713 3722 3639
f 3644 3640 3639
f 3637 3639 3640
f 3642 3643 3641
f 3639 3722 3644
f 3722 3645 3644
f 3640 3644 3646
f 3723 3641 3650
f 3643 3642 3595
f 3727 3648 3645
f 3645 3646 3644
f 3649 3650 3643
f 3641 3643 3650
f 3646 3647 3651
f 3647 3646 3645
f 3647 3645 3648
f 3653 3647 3648
f 3649 3593 3656
f 3658 3653 3733
f 3655 3652 3653
f 3653 3652 3651
f 3651 3647 3653
f 3648 3733 3653
f 3656 3654 3650
f 3748 3650 3654
f 3745 3748 3654
f 3656 3650 3649
f 3653 3658 3655
f 3608 3655 3607
f 3655 3658 3607
f 3656 3660 3659
f 4271 3664 3752
f 3752 3664 3753
f 3654 3656 3659
f 3745 3654 3659
f 3752 3745 4271
f 3753 3665 3755
f 3664 3665 3753
f 3669 3657 3757
f 3658 3757 3657
f 3668 3669 3670
f 3670 3669 3757
f 3757 3658 3742
f 3758 3670 3757
f 3657 3607 3658
f 3662 3660 3614
f 3662 3661 3665
f 3663 3665 3661
f 4271 3660 3662
f 3665 3663 3666
f 3668 3663 3667
f 4271 3662 3664
f 3664 3662 3665
f 3668 3666 3663
f 3666 3668 3670
f 3755 3665 3666
f 3657 3669 3613
f 3668 3667 3669
f 3669 3667 3613
f 3675 3623 3671
f 3673 3672 3623
f 3622 3671 3623
f 3673 3627 3672
f 3673 3623 3675
f 3676 3673 3675
f 3674 3629 3680
f 3680 3682 3674
f 3674 3671 3629
f 3674 3675 3671
f 3627 3673 3678
f 3675 3677 3676
f 3676 3677 3679
f 3673 3676 3678
f 3674 3677 3675
f 3686 3677 3674
f 3676 3679 3678
f 3678 3679 3692
f 3686 3687 3677
f 3677 3687 3679
f 3691 3627 3678
f 3631 3627 3691
f 3584 3631 3691
f 3691 3678 3692
f 3681 3682 3680
f 3682 3681 3683
f 3683 3633 3693
f 3682 3683 3684
f 3683 3685 3684
f 3685 3683 3694
f 3694 3683 3693
f 3682 3686 3674
f 3685 3695 3684
f 3695 3685 3694
f 3682 3684 3686
f 3688 3684 3690
f 3690 3684 3695
f 3690 3695 3697
f 3692 3679 3687
f 3688 3687 3686
f 3684 3688 3686
f 3687 3688 3689
f 3687 3689 3692
f 3690 3689 3688
f 3689 3690 3698
f 3692 3689 3698
f 3584 3691 3634
f 3691 3692 3700
f 3691 3700 3634
f 3693 3696 3694
f 3701 3696 3693
f 3694 3696 3695
f 3697 3695 3696
f 3696 3701 3702
f 3690 4272 3698
f 3697 3696 3704
f 3704 3696 3702
f 3698 3699 3692
f 3707 3760 4272
f 4273 3697 3704
f 3698 3759 3699
f 4272 3760 3698
f 3698 3760 3759
f 3699 3759 3763
f 3699 3763 3700
f 3699 3700 3692
f 3703 3702 3638
f 3705 3702 3703
f 3704 3702 3705
f 3705 3703 3706
f 3708 4273 3704
f 3708 3704 3705
f 3708 3705 3706
f 3708 3706 3712
f 4274 3760 3707
f 3713 3709 3765
f 3765 3709 3700
f 3709 3713 3637
f 3703 3638 3710
f 3638 3641 3710
f 3710 3641 3714
f 3703 3710 3706
f 3706 3710 3711
f 3711 3710 3714
f 3712 3706 3711
f 3722 3713 3765
f 3720 3765 3721
f 3719 3765 3720
f 3714 3641 3715
f 3641 3723 3715
f 3716 3711 3714
f 3716 3714 3715
f 3716 3715 3717
f 3717 3715 3724
f 3711 4275 3712
f 4276 4277 3718
f 4275 3718 3712
f 4276 3718 4275
f 3765 3719 3722
f 3726 3719 3720
f 3721 3718 3720
f 3718 3725 3720
f 3719 3726 3722
f 3724 3715 3723
f 3724 3723 3729
f 3724 3729 3730
f 3725 3718 4277
f 3727 3726 3728
f 3720 3728 3726
f 3728 3732 3727
f 3720 3725 3728
f 3728 3725 3732
f 3645 3722 3727
f 3722 3726 3727
f 3723 3650 3729
f 3735 3729 3650
f 3737 3730 3729
f 3729 3735 3737
f 4277 4278 3731
f 4278 4282 3731
f 3731 4282 3739
f 4277 3731 3725
f 3725 3731 3766
f 3731 3741 3740
f 3739 3741 3731
f 3732 3742 3727
f 3744 3732 3766
f 3740 3744 3766
f 3732 3744 3742
f 3733 3648 3727
f 3727 3742 3733
f 3650 3734 3735
f 3735 3734 3736
f 4280 4279 4283
f 4282 4281 3739
f 3735 3736 3737
f 4284 3751 4281
f 4281 3751 3739
f 3738 3750 3743
f 3751 3741 3739
f 3738 3743 3740
f 3751 3738 3741
f 3741 3738 3740
f 3740 3743 3744
f 3743 3742 3744
f 3733 3742 3658
f 3734 3650 3748
f 3746 3748 3745
f 3746 3745 3752
f 3746 3752 3747
f 3747 3749 3746
f 3750 3749 3754
f 3750 3754 3755
f 3746 3749 4284
f 3751 4284 3749
f 3751 3749 3738
f 3738 3749 3750
f 3743 3750 3756
f 3756 3750 3755
f 3752 3753 3747
f 3747 3753 3754
f 3754 3749 3747
f 3754 3753 3755
f 3666 3670 3756
f 3755 3666 3756
f 3743 3758 3742
f 3670 3758 3756
f 3758 3743 3756
f 3758 3757 3742
f 3763 3759 3761
f 3759 3760 3761
f 3763 3761 3765
f 3760 4274 3762
f 3760 3762 3761
f 4274 3712 3762
f 3761 3762 3764
f 3761 3764 3765
f 3700 3763 3765
f 3765 3764 3721
f 3712 3764 3762
f 3712 3718 3764
f 3764 3718 3721
f 3740 3766 3731
f 3725 3766 3732
