o FMA9457_BP8712_FJ2439
v -35.54 -115.634 1230.09
v -35.8344 -114.488 1225.6
v -35.7986 -114.361 1226.3
v -35.6424 -115.158 1228.51
v -35.7633 -114.829 1230.52
v -35.8528 -114.13 1231.12
v -35.6291 -114.686 1231.54
v -35.5728 -114.184 1236.89
v -35.6506 -113.439 1221.23
v -35.9122 -113.534 1224.89
v -35.8723 -112.522 1224.03
v -35.9257 -113.778 1227.19
v -35.9222 -113.448 1228.67
v -35.7715 -113.667 1229.27
v -35.8334 -113.109 1229.74
v -35.9137 -113.864 1230.34
v -36.0334 -113.325 1230.92
v -35.973 -112.772 1231.76
v -35.736 -114.074 1233.1
v -35.6835 -113.9 1234.72
v -35.703 -113.262 1235.79
v -35.7504 -112.613 1237.38
v -35.6005 -111.756 1218.31
v -35.9486 -111.25 1222.39
v -36.0837 -112.301 1225.87
v -36.0896 -111.612 1225.12
v -36.0926 -111.773 1227.73
v -36.2002 -111.013 1227.12
v -36.1536 -112.033 1230.97
v -36.1028 -111.065 1229.9
v -36.1988 -110.918 1233.9
v -35.9237 -112.291 1235.26
v -35.8651 -111.294 1236.86
v -36.0997 -110.561 1226.34
v -36.1758 -109.863 1225.61
v -36.1845 -109.912 1227.91
v -36.2173 -109.293 1227.28
v -36.1971 -110.695 1228.87
v -36.2544 -109.32 1229.17
v -36.1604 -109.855 1230.28
v -36.0689 -110.736 1235.57
v -35.9241 -109.494 1237.02
v -35.8367 -109.844 1238.68
v -35.802 -108.993 1220.92
v -35.8408 -107.939 1222.24
v -36.1354 -108.777 1226.53
v -36.101 -108.442 1225.02
v -36.1765 -108.762 1227.74
v -36.2437 -108.889 1228.36
v -36.252 -108.053 1229.16
v -36.2166 -108.526 1229.9
v -36.1324 -107.708 1230.6
v -36.3037 -108.951 1232.57
v -36.2603 -107.912 1232.04
v -36.2327 -108.429 1234.46
v -35.8441 -107.874 1237.42
v -35.7921 -107.923 1238.89
v -35.512 -109.043 1240.99
v -35.7548 -106.387 1223.91
v -35.9557 -106.436 1226.07
v -36.0923 -107.263 1227.03
v -36.0641 -107.197 1227.7
v -36.162 -106.935 1228.51
v -36.0828 -106.312 1229.54
v -36.2573 -107.099 1232.76
v -36.016 -106.636 1235.05
v -35.7912 -106.563 1236.66
v -35.6616 -106.978 1239.1
v -35.661 -106.88 1237.92
v -35.5067 -106.724 1240
v -35.5053 -104.907 1225.65
v -35.5354 -104.663 1226.36
v -35.8895 -105.932 1226.93
v -35.7281 -105.316 1227.75
v -36.0242 -105.687 1228.9
v -35.9183 -105.244 1229.43
v -35.7871 -104.768 1228.91
v -35.6648 -105.176 1231.23
v -35.9844 -105.651 1232.91
v -35.5954 -104.47 1233.46
v -35.6262 -105.08 1235.22
v -35.6222 -105.827 1236.3
v -35.5866 -105.902 1237.15
v -35.5642 -104.119 1229.75
v -33.9319 -124.005 1222.65
v -34.0193 -123.664 1225.02
v -34.1801 -122.01 1222.25
v -34.0982 -123.167 1223.82
v -34.3197 -121.848 1226.64
v -34.0133 -123.12 1225.51
v -34.0119 -122.951 1225.75
v -33.9528 -122.694 1228.77
v -33.9036 -122.192 1232.54
v -34.6075 -120.815 1225.1
v -34.5416 -120.709 1228.27
v -33.9887 -121.444 1233.52
v -34.0187 -121.42 1235.31
v -33.9866 -119.709 1215.35
v -34.2322 -119.611 1216.77
v -34.58 -118.783 1218.45
v -34.3204 -119.844 1219.11
v -34.616 -119.422 1220.35
v -34.7121 -119.76 1225.71
v -34.5947 -119.617 1229.84
v -34.4728 -119.401 1231.01
v -34.2893 -119.436 1237.36
v -34.144 -119.771 1238.91
v -34.3049 -119.1 1239.72
v -34.1984 -119.068 1240.99
v -34.2472 -117.97 1213.17
v -34.4575 -117.943 1214.89
v -34.235 -118.776 1214.67
v -34.2608 -118.43 1215.56
v -34.8485 -117.215 1217.11
v -35.1144 -117.975 1222.98
v -35.2038 -117.806 1226.52
v -35.2605 -117.498 1225.17
v -35.2544 -117.28 1226.13
v -34.9579 -118.567 1225.75
v -34.9432 -118.628 1227.9
v -34.6616 -118.638 1233.57
v -34.5431 -118.735 1235.03
v -34.7559 -117.88 1236.54
v -34.6196 -117.655 1238.65
v -34.2081 -118.055 1243.43
v -34.4 -117.145 1244.53
v -33.9259 -118.127 1245.66
v -33.8642 -118.152 1246.74
v -34.3936 -116.491 1211.92
v -34.0987 -116.71 1210.72
v -34.8024 -115.963 1215.53
v -35.1107 -116.773 1219.44
v -35.4281 -116.532 1227.81
v -35.3692 -115.674 1229.3
v -35.3688 -116.325 1230.92
v -35.2353 -116.411 1231.38
v -35.248 -115.998 1235.72
v -34.7769 -116.028 1239.96
v -34.6966 -116.714 1241.43
v -34.5862 -116.532 1242.15
v -34.5857 -115.612 1243.83
v -34.4632 -116.413 1244.01
v -34.3076 -116.922 1245.28
v -34.7264 -114.725 1213.49
v -34.7698 -114.434 1212.33
v -34.9322 -115.533 1214.83
v -35.06 -114.334 1215.11
v -34.7722 -114.818 1213.91
v -35.0439 -114.318 1215.88
v -35.3448 -114.518 1218.01
v -35.3133 -115.627 1234.09
v -35.4492 -114.825 1235.34
v -34.4981 -114.487 1246.12
v -34.3465 -115.194 1247.16
v -34.8883 -113.903 1213.29
v -34.9165 -113.204 1212.83
v -34.9816 -113.558 1213.94
v -33.9551 -112.637 1224.82
v -33.9343 -112.909 1233.04
v -35.4332 -113.143 1239.82
v -35.0942 -113.877 1242.32
v -34.961 -113.731 1243.92
v -34.7385 -113.773 1245.68
v -34.824 -113.317 1244.66
v -34.1652 -113.661 1249.03
v -33.9463 -111.056 1208.33
v -33.9953 -110.919 1208.94
v -34.1097 -112.176 1209.09
v -34.5407 -111.476 1211.75
v -35.3766 -111.699 1216.9
v -35.3999 -111.358 1216.46
v -35.3421 -110.821 1216.06
v -35.1859 -111.965 1215.54
v -34.1286 -111.613 1228.21
v -34.1905 -111.322 1233.16
v -34.0977 -111.377 1234.81
v -34.9508 -112.163 1245.42
v -34.1552 -110.334 1209.87
v -34.744 -110.285 1212.55
v -35.2154 -110.879 1214.73
v -35.0838 -109.398 1214.54
v -35.3987 -109.713 1216.66
v -33.8792 -110.605 1221.64
v -34.1632 -110.105 1226.37
v -34.2556 -110.244 1233.5
v -34.0976 -109.709 1236
v -35.436 -109.846 1242.66
v -35.1709 -109.555 1244.68
v -34.9589 -110.556 1246.26
v -34.2819 -110.184 1249.82
v -33.9707 -108.634 1210.22
v -34.3287 -108.97 1211.82
v -34.449 -108.435 1212.44
v -34.6662 -107.618 1214.49
v -35.197 -108.711 1216.22
v -35.0694 -109.045 1215.54
v -33.9257 -109.104 1222.54
v -34.1676 -108.873 1226.24
v -34.2564 -108.606 1229.25
v -34.191 -108.003 1234.18
v -35.2047 -107.621 1244.1
v -35.0917 -107.693 1244.95
v -34.9316 -108.471 1246.19
v -34.6022 -109.052 1248.02
v -34.0756 -108.3 1250.35
v -34.7115 -107.416 1215.68
v -34.7261 -106.59 1216.51
v -35.0152 -106.541 1218.05
v -34.0328 -107.587 1225.54
v -33.8847 -106.838 1225.32
v -34.0695 -106.869 1228.7
v -33.9169 -106.374 1234.27
v -35.4456 -106.007 1238.15
v -35.4132 -107.464 1241.09
v -35.4374 -107.344 1241.75
v -35.274 -106.672 1242.3
v -35.2767 -106.422 1241.73
v -35.2327 -106.486 1241.14
v -35.2609 -107.393 1243.08
v -34.8624 -106.024 1243.47
v -34.8717 -106.164 1243.71
v -34.9311 -106.523 1244.89
v -34.7494 -106.7 1245.63
v -34.1113 -107.299 1249.53
v -33.9097 -105.716 1213.96
v -33.9725 -105.248 1215.52
v -34.5692 -105.398 1217.83
v -34.5244 -105.036 1218.74
v -35.3636 -105.98 1221.47
v -35.0301 -104.674 1222.02
v -35.4826 -104.462 1231.02
v -35.3443 -104.659 1235.8
v -35.1618 -104.73 1237.43
v -34.9938 -104.551 1237.98
v -35.1141 -105.05 1240.01
v -35.0322 -105.731 1241.51
v -34.9963 -105.45 1241.73
v -34.9422 -105.381 1242.36
v -34.8947 -105.426 1241.27
v -34.6959 -104.483 1242.14
v -34.6622 -104.483 1241.71
v -34.8551 -105.888 1243.93
v -34.8742 -105.93 1244.19
v -34.6776 -105.697 1243.72
v -34.5735 -105.078 1243.93
v -34.5979 -105.083 1244.17
v -34.2468 -104.338 1244.13
v -34.6632 -105.647 1245.09
v -34.1831 -105.162 1246.08
v -34.5164 -104.148 1220.44
v -34.3026 -103.164 1221.83
v -34.893 -103.58 1224.62
v -35.1488 -104.052 1225.71
v -35.0203 -103.685 1225.94
v -34.9561 -103.215 1226.39
v -34.5078 -102.835 1225.7
v -35.0412 -103.177 1227.91
v -35.2246 -103.262 1229.55
v -35.0727 -103.099 1228.76
v -35.2807 -103.626 1230.52
v -35.2305 -103.844 1231.11
v -35.3831 -104.252 1231.57
v -35.2908 -103.76 1232.96
v -35.073 -103.535 1232.08
v -34.8251 -103.214 1235.28
v -34.9272 -104.011 1236.51
v -34.7102 -103.663 1237.43
v -34.6626 -104.281 1240.93
v -34.3599 -103.515 1240.86
v -34.2543 -103.058 1239.72
v -34.5163 -104.257 1241.33
v -34.3896 -103.71 1242.1
v -34.3854 -103.726 1242.35
v -34.1511 -103.276 1242.35
v -34.0904 -103.285 1241.3
v -34.0581 -103.291 1241.57
v -34.3958 -104.288 1243.25
v -34.2085 -104.36 1243.91
v -34.0498 -102.049 1224.53
v -34.3784 -101.904 1227.87
v -34.5152 -102.228 1228.85
v -34.6119 -102.237 1229.32
v -34.5899 -102.244 1230.51
v -34.5331 -102.055 1229.92
v -34.5204 -102.397 1231.15
v -34.3619 -102.102 1232.38
v -34.3937 -102.156 1232.92
v -34.3306 -102.155 1232.15
v -34.2237 -101.89 1231.73
v -34.0838 -101.672 1232.92
v -34.4341 -102.397 1233.57
v -34.3946 -102.335 1235.21
v -34.0804 -102.478 1237.75
v -34.0425 -102.481 1237.3
v -34.0842 -102.342 1236.49
v -33.906 -102.663 1240.92
v -33.8743 -101.093 1229.89
v -32.3425 -138.611 1224.57
v -32.4022 -137.675 1218.24
v -32.978 -136.5 1220.1
v -32.7719 -137.007 1219.24
v -32.4701 -137.854 1219.69
v -32.8044 -136.953 1220.79
v -32.9516 -137.053 1227.37
v -32.5758 -136.487 1231.72
v -32.3778 -136.281 1233.26
v -32.4376 -135.291 1214.15
v -32.7661 -135.753 1216.9
v -32.4691 -136.423 1216.35
v -32.5585 -135.707 1215.94
v -33.1858 -135.583 1219.44
v -33.245 -135.489 1220.74
v -33.1903 -135.87 1229.02
v -32.7188 -134.119 1214.25
v -33.0365 -134.118 1216.75
v -33.4078 -133.341 1218.46
v -33.5771 -133.859 1221.55
v -33.3437 -134.773 1222.26
v -33.517 -134.323 1228.82
v -33.2639 -133.735 1231.45
v -32.897 -133.933 1232.76
v -32.7016 -132.678 1212.95
v -33.1533 -132.686 1215.94
v -33.2668 -132.889 1217.57
v -33.6597 -131.539 1219.89
v -33.7323 -131.755 1223.94
v -33.6385 -132.375 1227.19
v -33.5614 -131.845 1231.02
v -32.7544 -132.674 1235.19
v -32.5335 -130.036 1211.68
v -32.9969 -130.6 1213.7
v -32.5852 -130.683 1212.33
v -33.1439 -130.912 1214.72
v -33.7136 -130.681 1229.47
v -33.6528 -130.165 1228.49
v -33.4943 -130.717 1232.44
v -33.3872 -131.595 1232.47
v -33.2422 -129.972 1233.75
v -32.6303 -129.849 1212.15
v -32.5708 -128.678 1211.69
v -32.726 -128.79 1212.36
v -32.705 -129.259 1212.83
v -33.6634 -128.52 1221.59
v -33.7149 -128.444 1226.15
v -33.6341 -129.038 1225.2
v -33.6568 -128.345 1227.76
v -32.2556 -127.956 1210.3
v -32.6126 -127.289 1211.93
v -32.3076 -127.911 1210.95
v -33.2742 -127.654 1215.54
v -32.9556 -127.322 1214.06
v -33.6782 -128.021 1224.35
v -33.5076 -127.076 1229.02
v -33.5437 -128.015 1231.19
v -33.4683 -126.778 1230.71
v -32.2881 -127.849 1241.93
v -32.534 -126.308 1210.92
v -32.9667 -126.228 1213.46
v -32.7046 -125.999 1212.32
v -32.8781 -125.298 1213.08
v -32.9919 -126.419 1214.16
v -32.9625 -126.487 1214.55
v -33.04 -125.528 1215.09
v -32.9895 -125.472 1214.71
v -33.6438 -126.554 1220.9
v -33.777 -125.558 1224.68
v -33.7045 -126.359 1226.07
v -33.617 -125.989 1225.49
v -33.6631 -125.754 1225.27
v -33.7131 -125.785 1227.7
v -33.5851 -125.631 1228.57
v -33.5332 -125.817 1230.1
v -33.4422 -125.4 1230.82
v -33.6509 -125.251 1232.26
v -33.4169 -125.769 1233.56
v -33.3794 -126.564 1234.5
v -32.6943 -125.817 1241.5
v -32.5119 -125.365 1243.16
v -32.493 -125.062 1210.64
v -32.3283 -125.031 1210.05
v -32.7702 -124.766 1211.55
v -32.6061 -123.827 1210.87
v -32.9889 -123.826 1213.12
v -33.7239 -123.879 1220.52
v -33.9045 -123.828 1226.17
v -33.7036 -124.815 1225.49
v -33.6927 -124.88 1225.77
v -33.8347 -124.019 1228.12
v -33.6822 -125.379 1226.72
v -33.7277 -124.234 1228.54
v -33.7604 -123.773 1229.09
v -33.7589 -124.053 1230.05
v -33.5605 -123.99 1231.02
v -33.5452 -123.65 1235.54
v -33.3003 -124.54 1237.22
v -32.3383 -123.657 1246.06
v -32.3966 -123.461 1208.79
v -33.0493 -122.322 1211.69
v -32.7976 -122.428 1210.59
v -32.8723 -122.048 1211.09
v -33.1792 -122.297 1212.35
v -33.3333 -122.933 1214.26
v -33.2493 -123.196 1214.93
v -33.38 -123.147 1216.16
v -33.809 -123.08 1219.22
v -33.899 -123.458 1226.98
v -33.7491 -123.19 1232.26
v -33.2414 -122.656 1241.6
v -33.4036 -122.004 1243.48
v -33.2781 -122.038 1244.02
v -32.6393 -123.269 1244.71
v -32.3251 -122.708 1247.13
v -32.4148 -122.482 1247.88
v -32.2927 -122.309 1248.47
v -33.6041 -120.522 1213.52
v -33.725 -120.667 1214.37
v -33.5864 -121.721 1216.12
v -33.8406 -121.905 1218.63
v -33.0942 -121.331 1246.12
v -32.8851 -120.966 1247.29
v -33.2828 -119.471 1209.22
v -33.6939 -119.409 1211.92
v -32.4071 -119.007 1216.14
v -32.5249 -119.407 1231.01
v -33.4955 -120.217 1245.28
v -32.8502 -120.281 1248.63
v -32.9263 -118.947 1249.62
v -33.6666 -118.701 1211.26
v -32.4073 -117.687 1213.78
v -33.1638 -117.512 1221.94
v -32.5677 -118.576 1236.12
v -33.647 -117.387 1248.51
v -32.302 -117.754 1255.3
v -32.3497 -116.361 1203.97
v -33.1383 -116.926 1206.45
v -32.7419 -115.683 1213.88
v -32.5119 -116.018 1212.52
v -33.4928 -116.223 1225.86
v -32.8309 -116.795 1252.9
v -32.6095 -115.584 1255.71
v -32.8274 -113.938 1204.84
v -33.8003 -115.345 1208.65
v -33.7448 -114.234 1207.52
v -32.4537 -114.839 1211.41
v -33.3136 -115.093 1218.76
v -33.3756 -114.859 1236.99
v -32.9812 -114.767 1241.92
v -33.6683 -115.515 1249.52
v -33.5179 -115.578 1250.21
v -32.4645 -113.654 1203.14
v -33.362 -113.929 1206.24
v -32.3865 -112.761 1210.64
v -32.8408 -113.891 1213.35
v -33.7899 -112.505 1221.6
v -33.1066 -113.245 1242.98
v -33.801 -112.803 1250.44
v -32.8102 -112.896 1255.25
v -32.5832 -113.316 1256.63
v -32.403 -113.702 1257.12
v -32.312 -113.485 1257.97
v -32.6481 -111.264 1203.6
v -33.0698 -111.416 1205.31
v -33.6884 -111.849 1207.16
v -33.1043 -110.965 1214.71
v -33.5807 -112.272 1218.78
v -33.7251 -111.862 1238.44
v -32.9489 -111.609 1245.57
v -32.3711 -111.738 1248.72
v -33.4199 -112.106 1252.92
v -32.5683 -111.738 1256.69
v -32.296 -112.31 1257.9
v -33.3309 -109.48 1206.55
v -33.8676 -110.038 1208.56
v -33.7811 -109.671 1208.27
v -32.9457 -109.347 1214.54
v -33.6244 -110.457 1218.79
v -33.2461 -109.832 1244.01
v -32.9279 -110.286 1246.2
v -32.4404 -109.466 1248.71
v -33.2496 -110.694 1253.87
v -33.4438 -110.473 1252.95
v -33.501 -109.751 1252.21
v -33.2581 -109.262 1253.38
v -32.6335 -110.569 1255.76
v -32.3607 -110.307 1256.95
v -32.3234 -108.621 1203.41
v -32.7681 -108.929 1205.16
v -33.4826 -107.922 1208.23
v -32.5712 -108.284 1213.92
v -33.4226 -108.967 1218
v -33.2819 -108.276 1217.83
v -33.75 -108.025 1221.83
v -33.1696 -107.856 1243.55
v -33.0123 -109.062 1245.59
v -32.6942 -107.13 1206.09
v -33.258 -106.88 1208.64
v -33.56 -107.525 1209.48
v -33.2191 -106.138 1209.7
v -33.7512 -107.063 1211.45
v -33.8384 -106.151 1212.78
v -32.9332 -106.728 1218.54
v -33.6053 -106.99 1222.35
v -33.3202 -106.201 1239.38
v -32.7568 -106.274 1243.96
v -32.7631 -106.9 1245.11
v -32.6312 -107.553 1246.58
v -32.4384 -106.329 1245.98
v -33.6587 -106.624 1250.59
v -32.7238 -106.047 1252.19
v -33.138 -107.487 1252.25
v -32.8207 -107.428 1253.71
v -32.7143 -105.881 1207.81
v -33.3038 -105.454 1211.97
v -32.8051 -104.802 1210.63
v -33.3272 -104.503 1213.83
v -32.4042 -105.588 1218.1
v -33.1348 -105.636 1222.02
v -33.5 -105.619 1224.78
v -33.4983 -104.789 1228.92
v -33.5781 -105.266 1234.36
v -32.9963 -104.407 1235.99
v -32.7687 -104.903 1240.27
v -33.0084 -104.82 1250.46
v -32.8909 -105.266 1251.19
v -32.2938 -103.836 1210.7
v -32.7709 -104.22 1212.31
v -33.4437 -103.491 1216.98
v -33.7598 -103.321 1218.87
v -32.7583 -104.116 1224.09
v -32.9201 -103.712 1227.49
v -32.7414 -103.258 1229.68
v -33.1449 -104.259 1234.03
v -32.4183 -103.109 1234.93
v -32.3832 -103.906 1239.62
v -33.8656 -103.793 1243.72
v -33.594 -103.109 1244.12
v -33.4188 -102.922 1243.72
v -33.8215 -103.712 1245.13
v -33.4945 -103.887 1246.97
v -33.1233 -103.04 1246.49
v -32.4158 -102.868 1247.81
v -32.3452 -102.706 1214.07
v -32.5938 -102.521 1216.14
v -32.9261 -102.408 1217.95
v -32.7478 -102.31 1217.29
v -33.3704 -102.456 1219.86
v -32.6213 -101.555 1218.97
v -33.6691 -102.289 1221.12
v -33.1291 -101.326 1221.7
v -33.7564 -101.666 1225.48
v -33.7783 -101.329 1226.37
v -33.6763 -101.444 1225.1
v -33.6783 -101.524 1225.74
v -33.8188 -101.292 1232.32
v -33.6609 -101.211 1235.32
v -33.5059 -101.629 1237.93
v -33.3725 -101.472 1237.25
v -33.0986 -101.212 1239.18
v -33.2691 -101.652 1240.79
v -33.5006 -102.245 1242.32
v -33.3945 -102.144 1241.52
v -33.362 -101.887 1241.14
v -32.6736 -101.224 1241.75
v -33.4073 -102.361 1243.31
v -33.149 -102.48 1243.72
v -32.75 -101.713 1243.52
v -32.6712 -101.257 1242.68
v -32.4085 -101.48 1243.71
v -32.4851 -101.175 1243.28
v -33.0169 -102.24 1244.32
v -32.638 -102.152 1245.33
v -32.6561 -102.478 1246.72
v -32.4399 -102.038 1246.13
v -33.1027 -100.745 1224.17
v -33.2083 -100.756 1224.94
v -32.782 -100.261 1224.9
v -32.2518 -99.8519 1224.12
v -33.3164 -101.046 1225.71
v -33.0649 -100.491 1226.29
v -32.8352 -100.46 1225.31
v -32.4354 -100.102 1225.56
v -32.4881 -99.9368 1226.17
v -33.7411 -101.026 1227.72
v -33.0333 -100.277 1227.12
v -33.7288 -101.068 1228.5
v -33.2045 -100.527 1229
v -32.6734 -99.8683 1229.32
v -33.7083 -100.87 1230.33
v -33.1641 -100.377 1231.29
v -33.0744 -100.095 1230.15
v -32.838 -99.9073 1229.89
v -32.5978 -99.6998 1230.75
v -33.0538 -100.285 1232.33
v -33.5312 -101.043 1233.37
v -32.6367 -100.064 1235.98
v -32.6318 -99.9221 1235.21
v -32.1979 -99.426 1227.38
v -32.4048 -99.5132 1231.38
v -31.0671 -140.444 1218.42
v -31.42 -139.844 1219.41
v -31.4382 -140.086 1220
v -30.938 -140.936 1219.77
v -31.2584 -140.584 1221.62
v -30.8973 -140.991 1220.24
v -31.0204 -140.94 1222.46
v -31.5243 -140.309 1223.48
v -31.2713 -140.876 1224.21
v -30.943 -141.279 1225.33
v -31.4125 -140.26 1227.28
v -30.9255 -140.869 1229.43
v -30.7653 -140.77 1231.33
v -31.4185 -138.291 1214.92
v -31.898 -138.043 1216.42
v -31.5605 -139.259 1217.46
v -31.8001 -139.232 1219.07
v -31.8786 -139.023 1219.76
v -32.1689 -138.709 1220.86
v -31.8334 -139.549 1222.3
v -32.1002 -138.164 1230.26
v -31.4977 -139.299 1231.59
v -31.382 -138.619 1234.06
v -30.7496 -138.178 1237.9
v -30.7124 -137.141 1210.28
v -30.5529 -136.854 1209.72
v -30.8605 -136.457 1210.31
v -31.1509 -137.205 1211.58
v -31.7932 -136.943 1213.93
v -30.7701 -136.663 1225.14
v -30.6895 -136.632 1228.84
v -32.062 -137.849 1231.96
v -31.094 -135.892 1210.5
v -31.1811 -135.536 1210.33
v -31.2435 -135.661 1210.58
v -30.9212 -136.072 1210.08
v -31.9532 -134.914 1211.84
v -31.2598 -135.938 1210.76
v -32.2528 -135.326 1213.14
v -32.2211 -135.887 1214.19
v -32.1708 -135.716 1213.9
v -30.8632 -135.04 1221.3
v -30.913 -135.862 1223.47
v -30.9006 -136.292 1226.32
v -31.0738 -135.634 1225.52
v -31.1252 -135.473 1227.13
v -30.8747 -136.299 1227.55
v -30.8287 -135.724 1230.71
v -31.6314 -134.841 1239
v -30.6896 -136.341 1241.02
v -30.9883 -133.577 1220.32
v -31.3982 -133.433 1223.24
v -31.2058 -133.917 1221.99
v -31.2339 -134.606 1223.98
v -31.3772 -134.238 1227.06
v -31.4294 -133.62 1229.51
v -31.206 -134.772 1229.41
v -31.0522 -134.289 1231.72
v -31.0617 -134.27 1241.94
v -31.497 -133.109 1209.93
v -31.206 -132.513 1209.28
v -32.1714 -131.65 1210.96
v -32.025 -133.172 1211.13
v -30.8669 -131.936 1218.74
v -31.4443 -131.793 1221.56
v -31.5378 -132.364 1224.11
v -31.6454 -131.699 1227.82
v -31.595 -132.097 1229.74
v -31.3926 -133.015 1230.86
v -30.7856 -132.182 1235
v -32.2008 -131.8 1239.04
v -31.4481 -131.496 1242.77
v -30.8939 -131.908 1244.32
v -31.6864 -131.121 1209.76
v -31.302 -131.083 1220.14
v -31.6504 -130.967 1229.4
v -31.4729 -131.224 1231.58
v -31.3654 -130.218 1243.71
v -31.3394 -130.087 1243.94
v -31.2046 -131.099 1243.66
v -32.0005 -129.857 1210.19
v -31.686 -129.502 1209
v -32.2163 -129.242 1210.94
v -32.1557 -128.854 1210.7
v -31.4692 -128.779 1244.65
v -30.8114 -126.677 1206.11
v -31.3147 -128.147 1207.6
v -32.0821 -127.458 1209.53
v -31.7761 -127.108 1224.48
v -31.8171 -128.215 1243.26
v -31.8005 -127.146 1244.07
v -31.1765 -127.236 1246.28
v -30.9795 -127.68 1246.78
v -31.598 -125.647 1230.84
v -31.293 -126.558 1235.21
v -32.1495 -125.256 1245
v -32.0762 -125.814 1244.32
v -31.8332 -126.684 1244.72
v -31.6486 -126.796 1245.52
v -31.5606 -125.911 1246.57
v -31.2044 -126.683 1246.9
v -31.1402 -126.143 1247.7
v -30.7773 -126.472 1248.42
v -31.3219 -125.161 1217.6
v -31.9671 -123.406 1227.2
v -31.9285 -124.674 1246.66
v -32.0141 -123.999 1247.14
v -31.7257 -124.766 1247.5
v -31.4094 -124.315 1248.62
v -31.5339 -122.504 1216.37
v -31.9227 -124.007 1220.67
v -32.2417 -122.45 1222.79
v -31.9762 -122.16 1231.18
v -31.7362 -123.076 1234.88
v -32.1329 -123.513 1246.91
v -32.3093 -123.192 1246.56
v -30.9385 -122.164 1255.1
v -30.9213 -122.312 1255.56
v -32.0185 -120.677 1205.32
v -32.2464 -120.657 1218.82
v -32.2268 -121.79 1249.01
v -31.9775 -121.224 1251.65
v -31.5566 -121.039 1254.21
v -31.2163 -121.293 1255.14
v -31.1661 -121.451 1255.55
v -31.0565 -120.073 1202.08
v -32.1832 -119.486 1239.53
v -31.6904 -119.12 1245.35
v -31.7126 -119.682 1255.37
v -31.8517 -118.764 1256.2
v -31.5803 -119.669 1256.99
v -31.5817 -118.982 1257.96
v -31.3567 -119.898 1257.9
v -31.3154 -119.774 1258.92
v -30.7369 -117.884 1199.14
v -30.966 -117.839 1199.94
v -30.9467 -117.841 1200.35
v -31.3242 -118.157 1201.55
v -31.9872 -118.626 1212.83
v -32.1462 -117.308 1245.36
v -32.0073 -117.342 1257.49
v -31.7936 -118.681 1257.29
v -31.4274 -118.077 1260.5
v -30.8651 -116.496 1198.67
v -31.504 -115.695 1200.5
v -31.3268 -116.497 1200.31
v -31.1522 -116.352 1199.53
v -31.9728 -116.502 1202.52
v -31.3434 -116.404 1201.06
v -32.0045 -116.499 1210.42
v -32.1937 -115.82 1246.75
v -32.1823 -116.495 1256.7
v -32.1407 -116.106 1257.73
v -31.9118 -116.562 1258.36
v -31.8246 -116.379 1259.01
v -30.754 -115.255 1197.5
v -31.0122 -114.652 1198.51
v -31.5834 -115.112 1200.88
v -31.5951 -114.476 1200.17
v -31.9041 -114.781 1201.91
v -31.7175 -114.515 1201.11
v -31.6798 -114.19 1207.84
v -31.2508 -114.898 1252.06
v -31.9671 -114.441 1258.96
v -31.8395 -114.624 1260.29
v -31.5442 -114.565 1261.93
v -30.7145 -113.524 1197.07
v -30.6846 -112.574 1196.72
v -31.4128 -112.836 1199.37
v -31.0394 -113.855 1198.07
v -31.7764 -113.679 1200.89
v -31.7061 -113.053 1200.3
v -31.7999 -112.61 1200.84
v -32.1442 -113.75 1202.29
v -31.9256 -113.715 1201.33
v -31.7413 -112.704 1260.9
v -31.5708 -113.042 1261.76
v -30.9397 -111.358 1197.67
v -31.1072 -111.6 1198.32
v -31.2199 -111.56 1199.13
v -31.7011 -111.163 1200.72
v -31.4983 -111.116 1199.95
v -31.9204 -111.76 1208.64
v -31.6034 -112.171 1251.44
v -31.4525 -112.044 1252.7
v -31.0073 -111.582 1254.4
v -32.2213 -112.292 1258.31
v -32.1566 -111.471 1258.2
v -32.2409 -111.314 1257.52
v -31.9536 -112.159 1259.08
v -31.7629 -112.181 1259.9
v -31.6044 -111.253 1260.23
v -31.4052 -111.895 1262.09
v -31.2288 -112.309 1263
v -31.0962 -111.217 1262.78
v -30.9614 -110.517 1197.92
v -31.1143 -109.556 1199.62
v -32.117 -110.533 1201.74
v -31.5238 -110.347 1207.36
v -32.1182 -109.579 1250.02
v -31.5524 -110.141 1251.96
v -31.3726 -110.681 1253.18
v -31.301 -109.703 1253.13
v -30.7207 -110.133 1255.13
v -32.1987 -109.273 1256.86
v -31.7659 -109.376 1258.37
v -31.2948 -110.545 1261.53
v -31.1304 -109.644 1260.66
v -30.9905 -109.418 1261.53
v -30.7363 -108.427 1198.44
v -31.17 -108.331 1200.53
v -30.7822 -107.878 1199.87
v -31.9242 -108.824 1202.16
v -31.4878 -108.397 1201.52
v -31.141 -107.792 1207.95
v -32.1447 -108.306 1249.49
v -31.2127 -108.364 1252.49
v -30.7966 -108.039 1259.83
v -30.9039 -107.447 1200.52
v -30.697 -106.345 1201.46
v -31.4753 -106.708 1202.77
v -31.8162 -106.165 1204.45
v -31.9659 -106.045 1247.64
v -32.0247 -107.259 1249.03
v -31.5794 -106.486 1249.72
v -31.1136 -107.149 1258.1
v -32.2295 -105.619 1206.51
v -32.1412 -104.792 1207.72
v -31.6621 -105.686 1214.33
v -32.2288 -105.287 1244.95
v -31.713 -104.494 1245.55
v -31.488 -105.485 1248.56
v -31.1912 -105.029 1248.71
v -31.1513 -105.449 1249.59
v -32.2134 -104.506 1251.77
v -32.2301 -105.84 1253.68
v -32.1703 -104.947 1252.59
v -31.3915 -104.551 1253.9
v -31.1022 -105.319 1255.42
v -31.3796 -104.359 1206.18
v -31.3046 -103.762 1207.23
v -31.4693 -103.573 1208.24
v -31.5972 -103.327 1209.28
v -32.3003 -102.811 1213.49
v -31.6668 -104.344 1217.79
v -32.0007 -103.55 1221.61
v -31.9721 -102.895 1223.71
v -31.7745 -102.835 1238.98
v -32.1039 -103.917 1241.6
v -31.4495 -103.074 1242.16
v -30.9851 -103.488 1245.57
v -31.3349 -104.133 1246.16
v -32.1107 -103.58 1250.89
v -30.8969 -103.148 1252.54
v -31.1015 -102.304 1210.75
v -31.8558 -102.134 1213.7
v -31.681 -102.375 1212.82
v -31.4682 -101.877 1213.3
v -31.4417 -101.657 1213.74
v -31.0291 -101.419 1213.37
v -31.055 -101.687 1212.9
v -31.3296 -101.466 1214.34
v -31.4315 -101.149 1216.03
v -32.0592 -101.368 1217.47
v -31.0834 -102.137 1222.03
v -31.2583 -101.874 1224.16
v -32.1596 -102.489 1227.8
v -31.5508 -101.677 1228.17
v -30.9855 -101.096 1228.3
v -31.7122 -101.799 1230.64
v -31.7385 -102.075 1234.72
v -31.6806 -102.19 1235.95
v -30.9983 -102.031 1239.88
v -32.1994 -101.89 1246.58
v -32.0291 -101.627 1246.32
v -31.6018 -101.317 1246.54
v -30.9994 -101.683 1248.88
v -30.917 -101.246 1247.51
v -31.6348 -102.593 1249.55
v -30.8463 -102.108 1250.73
v -31.6586 -100.567 1218.85
v -31.2117 -99.9257 1219.93
v -32.1856 -100.727 1220.47
v -31.8651 -99.841 1222.3
v -32.0539 -99.5926 1224.91
v -32.0414 -99.7101 1225.31
v -31.8836 -99.5665 1225.59
v -32.2709 -99.4831 1229.7
v -31.0948 -101.103 1231.12
v -32.0674 -100.037 1239.08
v -31.9711 -99.892 1238
v -32.1545 -100.292 1239.95
v -31.7921 -100.178 1241.17
v -31.3164 -100.079 1242.47
v -31.8985 -100.517 1242.72
v -31.8749 -100.613 1243.34
v -31.7083 -100.715 1243.77
v -31.6464 -100.296 1243.12
v -31.4962 -100.467 1243.51
v -31.4534 -100.268 1243.33
v -31.2804 -100.282 1243.54
v -31.1757 -99.8908 1242.9
v -31.0492 -100.123 1243.96
v -30.9825 -99.7702 1243.11
v -30.7482 -99.8644 1243.51
v -31.9027 -101.133 1244.71
v -31.5394 -101.068 1245.13
v -31.4402 -100.669 1244.7
v -31.3321 -101.064 1245.71
v -30.9601 -100.692 1246.13
v -31.036 -99.4561 1221.13
v -31.3891 -99.1008 1224.68
v -30.9195 -98.8976 1223.55
v -31.6499 -99.2466 1225.96
v -31.2754 -99.0838 1225.54
v -31.2661 -99.1021 1225.29
v -30.8204 -98.8113 1225.33
v -32.2789 -99.3918 1228.67
v -31.3221 -98.7175 1229.34
v -32.0679 -99.2464 1230.66
v -31.8658 -99.0505 1231.44
v -30.9244 -98.4096 1231.76
v -32.1073 -99.3815 1233.48
v -31.4761 -98.905 1234.07
v -31.4426 -98.8049 1233.2
v -30.8267 -98.4102 1233.4
v -31.4655 -98.8951 1235.33
v -31.6392 -99.1609 1236.4
v -31.0304 -99.1004 1238.24
v -31.062 -99.1437 1238.98
v -31.2587 -99.438 1239.88
v -31.0357 -99.5053 1240.5
v -29.3738 -143.32 1219.74
v -29.2923 -143.335 1218.79
v -29.5761 -143.431 1221.67
v -29.722 -143.571 1222.6
v -29.7021 -143.523 1222.1
v -29.3531 -143.904 1227.54
v -29.1539 -143.54 1231.43
v -30.0962 -141.386 1216.06
v -30.1425 -141.834 1217.93
v -30.2576 -141.622 1218.37
v -29.8518 -142.158 1218.28
v -29.4669 -142.705 1217.89
v -30.236 -141.71 1218.72
v -30.4203 -142.247 1222.71
v -30.3051 -142.177 1222.25
v -30.4318 -142.271 1223.71
v -30.2837 -142.293 1224.26
v -29.1466 -141.744 1235.99
v -29.2024 -141.461 1236.63
v -29.2198 -140.071 1224.77
v -29.0086 -140.395 1228.74
v -29.0806 -139.908 1230.54
v -30.6 -140.118 1234.37
v -29.2566 -140.379 1239.24
v -29.4741 -139.616 1240.21
v -29.1621 -140.373 1239.53
v -29.0929 -140.111 1241.51
v -29.7114 -138.807 1223.21
v -30.0582 -138.473 1224.95
v -29.8759 -138.869 1226.78
v -29.6359 -139.047 1229.6
v -29.1496 -138.431 1234.51
v -29.9533 -138.485 1240.18
v -29.7663 -138.287 1241.82
v -29.7361 -137.917 1242.38
v -29.3365 -139.493 1241.71
v -29.4775 -138.676 1242.29
v -29.0791 -139.508 1242.56
v -29.5381 -138.323 1242.9
v -29.1341 -137.51 1207.2
v -30.1745 -136.731 1220.8
v -30.3087 -137.115 1222.14
v -30.4529 -137.469 1224.46
v -30.429 -137.623 1226.29
v -30.4054 -137.526 1228
v -30.0221 -137.855 1231.12
v -30.0485 -137.008 1233.09
v -29.9539 -136.978 1243.17
v -29.4741 -137.671 1243.86
v -29.1528 -137.826 1244.33
v -29.1126 -137.387 1245
v -29.2524 -136.296 1206.95
v -30.3524 -135.44 1208.6
v -29.4978 -135.202 1216.83
v -29.8517 -136.251 1218.91
v -30.6592 -135.793 1221.38
v -30.5575 -135.513 1220.5
v -30.5585 -136.057 1232.13
v -30.4482 -134.87 1234.51
v -29.5506 -134.839 1238.91
v -29.2921 -136.234 1238.02
v -30.4844 -135.809 1242.44
v -30.4569 -135.085 1243.07
v -30.1717 -135.885 1243.7
v -29.9603 -136.134 1244.1
v -29.8223 -135.192 1245.28
v -29.5182 -135.589 1245.71
v -30.1517 -134.213 1208.14
v -29.1918 -133.883 1215.52
v -30.225 -133.009 1217.42
v -30.6183 -134.544 1219.67
v -30.6266 -133.351 1218.7
v -30.0166 -132.984 1238.66
v -29.5251 -133.198 1240.65
v -30.5295 -134.511 1243.62
v -30.1571 -133.489 1245.16
v -29.7001 -134.458 1246.14
v -29.3134 -134.675 1246.52
v -29.2908 -131.516 1242.74
v -30.4633 -132.676 1244.82
v -30.307 -132.473 1245.89
v -30.1088 -133.184 1246.09
v -30.1293 -132.389 1246.5
v -29.7388 -132.346 1247.21
v -29.9542 -130.342 1205.59
v -29.3116 -131.191 1204.93
v -30.4262 -130.426 1206.57
v -29.1348 -131.018 1214.74
v -29.8833 -129.023 1205.29
v -29.697 -128.818 1204.95
v -30.5345 -129.611 1217.27
v -30.5724 -129.125 1238.89
v -30.0281 -128.392 1249.55
v -29.3568 -128.608 1204.03
v -30.1588 -127.413 1204.95
v -29.2668 -127.173 1213.32
v -29.5281 -127.393 1251.62
v -29.4781 -126.911 1203.26
v -30.1711 -125.462 1214.42
v -30.4912 -125.772 1242.5
v -30.5815 -125.13 1251.49
v -29.4945 -126.289 1253.54
v -29.3845 -125.964 1257.91
v -29.0003 -126.766 1258.05
v -29.343 -125.598 1259.11
v -29.4199 -125.33 1260.01
v -29.1457 -126.119 1259.34
v -29.1327 -125.789 1261.36
v -29.2209 -123.719 1200.27
v -29.9367 -124.682 1202.71
v -29.1549 -124.573 1201.12
v -30.1638 -124.49 1255.07
v -30.3176 -124.176 1254.07
v -30.2609 -123.544 1256.88
v -29.8779 -124.585 1258.57
v -29.7286 -123.675 1262.07
v -29.2157 -123.828 1264.35
v -30.0139 -122.077 1200.74
v -29.6667 -122.492 1200.31
v -29.2068 -122.805 1199.69
v -29.5111 -123.417 1211.91
v -29.2202 -122.652 1210.74
v -30.2305 -122.484 1212.57
v -30.5221 -123.443 1254.76
v -30.6186 -122.403 1258.37
v -30.3487 -123.054 1259.14
v -30.1401 -123.256 1259.66
v -29.9323 -120.672 1199.24
v -30.5796 -120.29 1200.94
v -30.013 -121.104 1200.31
v -29.5765 -121.332 1209.58
v -30.4917 -120.891 1211.32
v -29.5131 -120.82 1254.21
v -30.5626 -121.585 1260.17
v -30.0984 -120.944 1264.9
v -29.6455 -119.577 1197.12
v -29.5622 -119.535 1196.38
v -30.2831 -119.693 1199.35
v -30.1178 -119.117 1197.94
v -30.249 -119.023 1198.58
v -30.6596 -118.83 1200.46
v -29.401 -119.81 1204.9
v -29.1225 -120.273 1258.64
v -29.4399 -119.821 1270.87
v -29.0995 -118.104 1190.94
v -29.39 -118.488 1193.55
v -29.8186 -117.747 1195.49
v -30.1714 -117.74 1197.29
v -29.9849 -118.445 1196.72
v -30.3607 -118.074 1197.91
v -30.588 -118.148 1206.72
v -30.0016 -118.238 1255.85
v -29.5976 -118.529 1258.26
v -29.8491 -118.362 1271.27
v -29.5034 -117.685 1273.81
v -29.3136 -115.857 1188.87
v -29.864 -116.984 1194.27
v -30.1714 -116.055 1195.79
v -30.4051 -117.072 1197.73
v -30.3973 -116.881 1197.08
v -30.6605 -115.897 1197.88
v -30.2238 -116.111 1256.77
v -29.4994 -116.846 1260.81
v -30.1392 -116.335 1272.03
v -29.5857 -116.179 1274.66
v -29.1175 -116.675 1276.07
v -29.1681 -114.458 1188.13
v -29.4203 -114.407 1189.18
v -30.0497 -114.662 1193.92
v -29.8235 -115.226 1192.83
v -30.3262 -115.233 1195.16
v -29.8282 -114.538 1260.09
v -30.3779 -114.687 1271.24
v -30.1445 -114.507 1272.77
v -29.5893 -114.074 1275.25
v -29.3209 -115.115 1276.14
v -29.2017 -114.227 1276.72
v -29.4458 -112.474 1189.77
v -29.2403 -113.075 1188.7
v -29.616 -113.328 1190.24
v -30.5689 -113.814 1195.73
v -29.7294 -112.732 1200.71
v -29.6471 -113.04 1261.16
v -29.4302 -113.87 1262.33
v -30.3709 -113.525 1270.94
v -29.999 -113.068 1273.13
v -29.2387 -112.91 1276.33
v -29.247 -112.173 1189.31
v -29.1287 -111.506 1189.1
v -29.2322 -111.457 1189.7
v -29.772 -112.018 1191.35
v -29.3907 -111.291 1190.13
v -30.529 -111.604 1195.81
v -29.3968 -110.964 1199.92
v -30.5492 -111.233 1203.55
v -29.8918 -112.01 1259.17
v -30.1216 -112.182 1271.65
v -29.6849 -111.536 1273.33
v -29.3551 -111.06 1274.33
v -29.513 -112.27 1274.78
v -29.4723 -110.584 1190.96
v -29.7575 -110.14 1192.38
v -30.5785 -110.295 1197.03
v -30.0396 -110.584 1202.08
v -30.3821 -109.642 1203.65
v -29.6444 -109.98 1258.81
v -30.6803 -109.638 1262.91
v -30.5253 -109.436 1263.79
v -30.5215 -110.384 1265.88
v -29.4172 -110.319 1272.84
v -29.9938 -108.525 1195.14
v -29.1512 -108.837 1200.73
v -29.9033 -108.031 1203.62
v -30.6544 -108.421 1261.51
v -30.5955 -108.264 1260.76
v -30.5297 -108.338 1261.95
v -30.3318 -108.835 1263.17
v -30.1582 -108.197 1262.7
v -29.7912 -107.743 1263.16
v -29.8601 -108.159 1264.77
v -29.262 -107.32 1194.32
v -29.6656 -107.491 1195.11
v -29.7505 -107.484 1195.52
v -29.8632 -107.708 1196.23
v -29.5932 -107.067 1196.08
v -29.3227 -106.797 1195.12
v -30.1167 -106.5 1198.87
v -30.5058 -107.053 1199.89
v -29.5612 -106.695 1204.44
v -30.3811 -106.89 1206.47
v -30.663 -106.489 1208.12
v -30.3278 -107.172 1254.05
v -29.6337 -106.609 1255.04
v -30.3394 -107.38 1260.29
v -30.0476 -107.231 1261.69
v -29.9849 -107.104 1260.92
v -29.2921 -106.904 1263.14
v -29.1865 -106.143 1262.15
v -29.104 -107.396 1266.12
v -29.8971 -105.883 1199.31
v -29.4881 -105.344 1199.09
v -29.9523 -105.9 1199.79
v -29.1573 -104.687 1199.93
v -29.8393 -104.72 1201.57
v -30.4026 -104.471 1203.62
v -29.9415 -105.723 1207.14
v -29.0519 -104.527 1207.41
v -30.085 -104.898 1209.49
v -30.7099 -104.449 1248.96
v -30.2619 -104.533 1250.37
v -30.0999 -105.881 1252.91
v -29.2926 -105.105 1253.5
v -30.0194 -104.408 1256.67
v -30.2925 -105.052 1257.1
v -29.9776 -105.377 1258.39
v -29.6432 -104.617 1257.53
v -29.2872 -105.946 1260.86
v -29.7915 -103.683 1203.94
v -29.5079 -103.746 1203.26
v -29.4526 -103.429 1203.71
v -29.8849 -103.593 1204.55
v -29.4676 -103.284 1204.32
v -30.6053 -103.491 1206.08
v -30.6229 -102.893 1207.42
v -29.2743 -103.774 1209.97
v -30.5678 -103.713 1214.82
v -30.2066 -102.813 1246.01
v -30.143 -103.831 1249.15
v -29.6799 -103.861 1250.41
v -30.2369 -104.111 1255.35
v -29.5217 -103.284 1255.29
v -29.6191 -103.67 1256.1
v -29.2891 -102.668 1205.46
v -29.9013 -102.572 1206.71
v -29.4343 -102.533 1206.16
v -29.2935 -101.908 1207.13
v -29.7791 -101.373 1209.8
v -30.6799 -101.587 1211.9
v -29.3225 -102.367 1214.74
v -30.5894 -102.528 1218.99
v -30.0623 -102.046 1218.73
v -30.5829 -101.534 1222.3
v -30.5082 -101.137 1224.05
v -30.2834 -101.915 1242.61
v -29.4226 -101.318 1243.14
v -29.3112 -101.85 1245.44
v -29.6595 -101.885 1252.54
v -29.712 -102.742 1254.09
v -29.879 -100.755 1212.69
v -29.1016 -100.262 1212.66
v -30.7192 -100.789 1214.53
v -30.2546 -100.232 1215.33
v -29.9101 -100.132 1214.49
v -30.0665 -100.038 1215.94
v -29.5168 -99.7106 1215.7
v -30.4401 -99.9638 1217.27
v -29.672 -100.595 1223.68
v -29.636 -100.03 1229.08
v -30.2379 -100.374 1231.41
v -30.7623 -101.015 1235.48
v -30.3154 -100.681 1236.17
v -30.281 -100.5 1234.9
v -29.3807 -99.902 1235.59
v -29.71 -100.661 1238.86
v -30.3178 -100.099 1245.48
v -30.2306 -100.311 1246.7
v -29.9312 -100.345 1247.19
v -29.4371 -100.008 1247.12
v -30.2089 -100.955 1248.6
v -29.3785 -100.806 1250.1
v -29.3015 -99.523 1215.46
v -29.1578 -99.4869 1215.72
v -29.2796 -99.4557 1216.14
v -29.5556 -99.2802 1217.83
v -29.6516 -99.0981 1218.97
v -29.4125 -98.8536 1219.95
v -30.4445 -99.3213 1220.29
v -30.0819 -98.9456 1220.78
v -30.5809 -98.8943 1222.45
v -30.4979 -98.5737 1224.71
v -29.9908 -98.3546 1223.67
v -30.6975 -98.6096 1225.95
v -29.7004 -98.0561 1226.13
v -30.6494 -98.4756 1226.89
v -30.1941 -98.0528 1227.56
v -29.8071 -98.0644 1226.74
v -30.4646 -98.2173 1228.89
v -30.515 -98.1256 1229.57
v -30.6859 -98.2518 1230.33
v -30.7103 -98.21 1231.28
v -30.2603 -97.9777 1229.93
v -30.0563 -97.9044 1230.52
v -30.5078 -98.1507 1231.82
v -30.0827 -97.9413 1232.68
v -30.1954 -98.0298 1233.78
v -29.8445 -97.8916 1233.32
v -30.2683 -98.1641 1236.18
v -30.2763 -98.6141 1239.26
v -29.7701 -98.3088 1238.49
v -30.6519 -99.2359 1240.91
v -30.4 -98.9264 1240.12
v -30.3058 -98.6765 1239.69
v -30.2949 -99.1644 1241.81
v -30.0213 -99.3532 1243.77
v -29.8872 -99.0575 1242.61
v -29.4776 -98.9623 1243.12
v -29.4941 -98.84 1242.92
v -29.2623 -98.831 1243.33
v -29.8475 -97.842 1227.96
v -29.6252 -97.7767 1227.5
v -29.2681 -97.6679 1228.68
v -29.4917 -97.6011 1229.53
v -29.8665 -97.7616 1231.37
v -29.4382 -97.6339 1230.75
v -29.245 -97.5726 1230.3
v -29.4266 -97.6404 1232.67
v -29.7323 -97.8085 1235.58
v -29.511 -97.7933 1236.58
v -27.6451 -146.283 1229.75
v -28.2058 -144.546 1216.32
v -27.9194 -144.934 1216.9
v -27.8783 -144.987 1216.53
v -27.4682 -145.611 1216.46
v -28.3752 -144.609 1218.55
v -28.4994 -144.368 1217.78
v -27.5856 -145.93 1218.13
v -28.6851 -144.662 1219.78
v -28.2288 -145.545 1221.04
v -28.5849 -144.953 1222.76
v -29.0481 -144.424 1223.81
v -28.5153 -145.251 1225.64
v -28.0079 -145.319 1231.61
v -27.5519 -144.477 1234.72
v -28.2963 -142.917 1211.86
v -29.1007 -143.314 1217.29
v -28.686 -143.894 1217.27
v -28.6244 -143.965 1217.53
v -29.2075 -143.829 1220.76
v -28.1714 -144.231 1234.05
v -28.9403 -142.923 1234.5
v -28.3722 -143.06 1235.51
v -28.4744 -142.847 1236.11
v -28.0896 -143.865 1234.66
v -27.8358 -143.978 1235.33
v -28.362 -142.706 1237.07
v -27.6499 -144.155 1236.65
v -28.0158 -142.892 1238.67
v -27.6128 -143.417 1239.65
v -27.8441 -141.429 1220.58
v -27.7359 -142.156 1222.04
v -27.9896 -142.058 1229.51
v -27.8745 -141.629 1231.92
v -28.595 -142.607 1235.95
v -28.6818 -141.76 1238.7
v -28.2754 -142.137 1239.37
v -28.0802 -142.652 1239.75
v -28.2124 -142.396 1239.54
v -27.7716 -139.718 1205.47
v -28.3053 -140.048 1207.21
v -28.1724 -139.792 1206.48
v -28.5497 -140.682 1208.22
v -27.9281 -139.731 1218.01
v -28.0197 -140.561 1219.49
v -28.2514 -140.124 1234.38
v -27.5828 -140.421 1236.22
v -29.0247 -140.351 1240.69
v -29.0674 -140.062 1241.72
v -29.0071 -139.857 1241.96
v -28.7861 -140.451 1241.72
v -28.6128 -140.933 1241.48
v -28.5734 -140.652 1241.9
v -28.3913 -140.862 1242.14
v -28.3493 -140.224 1243.28
v -27.6685 -141.221 1243.21
v -27.5782 -140.207 1245.4
v -27.7216 -139.603 1246.08
v -27.8791 -139.105 1217.15
v -28.9769 -139.027 1220.09
v -29.0022 -138.111 1218.67
v -29.0422 -139.33 1232.68
v -29.0534 -138.873 1243.51
v -28.4235 -139.506 1243.96
v -28.7193 -138.315 1244.91
v -28.1981 -139.297 1244.89
v -28.0622 -139.089 1245.34
v -28.2883 -138.148 1245.93
v -28.0144 -138.651 1246.39
v -27.5049 -139.248 1247.21
v -28.2014 -137.113 1205.15
v -28.5873 -137.587 1206.31
v -28.052 -136.532 1215.12
v -28.9577 -136.685 1216.82
v -28.1465 -137.858 1216.34
v -28.9019 -137.147 1238.13
v -28.3048 -137.782 1239.24
v -27.6156 -137.252 1242.98
v -27.5987 -136.51 1243.93
v -28.5724 -137.742 1245.68
v -28.5456 -137.081 1246.32
v -28.1263 -136.646 1248.24
v -28.5538 -135.435 1215.13
v -27.8614 -135.585 1214.45
v -29.0611 -135.007 1215.73
v -28.7054 -136.088 1215.77
v -28.08 -135.865 1243.24
v -27.6565 -135.4 1244.76
v -28.3993 -134.313 1214.55
v -28.3701 -133.243 1214.31
v -27.8968 -134.099 1213.99
v -28.4222 -134.458 1243.44
v -28.9905 -132.777 1204.95
v -28.2718 -131.668 1213.4
v -28.0791 -131.926 1251.78
v -27.6347 -132.172 1252.58
v -28.6114 -131.068 1204.13
v -28.4805 -131.026 1203.87
v -27.5186 -131.003 1211.68
v -27.6851 -130.079 1211.36
v -28.3804 -130.489 1212.78
v -28.0634 -130.671 1212.31
v -28.1236 -129.85 1211.93
v -28.184 -128.627 1211.59
v -27.7231 -128.934 1210.92
v -28.6761 -129.475 1212.88
v -27.8991 -129.917 1248
v -28.9922 -129.728 1250.8
v -28.4562 -128.444 1254.8
v -28.0612 -128.826 1257.63
v -27.8743 -128.798 1258.11
v -28.4281 -126.864 1211.75
v -27.7306 -128.053 1210.75
v -27.5256 -126.89 1251.91
v -28.7893 -128.313 1253.11
v -29.0655 -127.197 1254.41
v -28.762 -126.899 1258.55
v -28.7948 -126.972 1259.34
v -28.5683 -127.316 1258.69
v -28.283 -127.777 1260.89
v -28.0901 -126.967 1263.15
v -27.7912 -127.933 1262.13
v -27.9905 -125.595 1199.36
v -28.4101 -125.451 1200.11
v -28.1334 -126.128 1200.35
v -28.8588 -126.615 1201.84
v -28.8502 -125.391 1211.96
v -28.5085 -126.338 1249.55
v -27.7983 -125.536 1253.3
v -29.0714 -126.269 1258.7
v -28.843 -126.631 1261
v -28.7397 -126.49 1261.74
v -28.5014 -126.303 1262.54
v -28.6343 -125.818 1263.31
v -28.4039 -125.679 1264.13
v -28.1662 -125.43 1264.99
v -27.8122 -126.695 1264.05
v -28.1005 -125.824 1264.54
v -27.6523 -126.454 1264.93
v -27.7738 -125.474 1266.25
v -27.6437 -124.838 1197.36
v -28.3714 -124.281 1199.12
v -27.8064 -124.93 1198.45
v -27.6192 -124.596 1259.58
v -27.5453 -123.96 1261.65
v -29.0885 -124.701 1262.89
v -29.0771 -124.567 1263.76
v -28.7543 -125.091 1264.09
v -28.8594 -123.892 1265.09
v -28.5083 -124.453 1265.64
v -28.2111 -124.063 1267.46
v -28.0251 -122.868 1195.31
v -27.7114 -123.46 1195.94
v -27.7697 -123.267 1195.7
v -28.8615 -122.659 1197.96
v -28.062 -122.915 1260.65
v -28.9009 -122.735 1267.44
v -27.8754 -120.923 1190.01
v -28.2452 -120.477 1191.57
v -28.3675 -121.212 1193.27
v -28.4848 -121.799 1195.14
v -28.8263 -121.835 1196.81
v -28.803 -121.207 1196.27
v -27.9143 -121.147 1202.61
v -28.6572 -121.138 1206.19
v -28.5719 -120.672 1273.01
v -27.7734 -121.007 1275.24
v -27.9552 -118.82 1186.33
v -27.7181 -119.292 1186.12
v -27.8293 -118.857 1185.72
v -28.0525 -119.69 1187.59
v -28.0035 -119.292 1186.87
v -28.522 -119.584 1190
v -28.845 -119.523 1192.58
v -28.974 -119.955 1193.84
v -28.317 -119.85 1264.83
v -27.8874 -120.17 1266.97
v -27.6319 -119.047 1270.56
v -28.9109 -119.598 1273.63
v -28.6796 -118.913 1275.5
v -28.2973 -120.037 1275.21
v -28.0026 -120.045 1276.13
v -27.9227 -119.076 1277.48
v -27.5838 -118.436 1184.94
v -28.2443 -117.736 1185.9
v -28.4331 -117.464 1186.57
v -28.0884 -117.218 1185.36
v -28.7472 -117.337 1187.36
v -28.6491 -118.486 1188.11
v -28.2642 -118.65 1186.96
v -29.0459 -117.273 1188.52
v -29.051 -118.417 1192.21
v -27.9854 -117.591 1271.14
v -28.854 -117.89 1276.01
v -28.4919 -117.322 1277.46
v -28.0203 -117.701 1278.27
v -27.8541 -117.242 1278.71
v -27.7584 -116.038 1184.17
v -27.6596 -116.858 1184.56
v -27.5158 -116.501 1183.94
v -27.5225 -115.705 1183.75
v -28.7443 -115.835 1186.56
v -28.4905 -117.007 1186.15
v -28.5893 -115.675 1186.11
v -28.1985 -115.895 1185.5
v -29.0391 -116.061 1187.75
v -28.7909 -116.114 1187.08
v -28.6479 -116.053 1197.84
v -28.2061 -115.779 1271.77
v -27.7668 -116.687 1273.29
v -28.9322 -115.726 1277.14
v -28.4562 -116.335 1278.05
v -28.2595 -116.057 1278.51
v -27.9552 -116.003 1278.91
v -28.1025 -115.264 1184.74
v -28.1089 -114.428 1184.73
v -27.9098 -115.418 1184.29
v -27.625 -114.449 1183.94
v -28.6554 -114.321 1186.33
v -28.3966 -114.693 1185.69
v -28.1862 -115.366 1185.25
v -28.9489 -114.91 1187.49
v -28.8643 -114.434 1186.93
v -27.7302 -115.498 1274.18
v -28.9246 -114.711 1277.5
v -28.5931 -115.483 1278.09
v -28.4739 -114.715 1278.5
v -28.1836 -114.462 1278.92
v -27.64 -114.537 1279.31
v -27.6913 -113.35 1184.3
v -28.4921 -113.472 1186.06
v -28.2743 -113.542 1185.5
v -27.9585 -112.641 1185.08
v -28.9295 -113.357 1187.74
v -28.9166 -112.876 1187.52
v -28.9255 -112.439 1188.14
v -28.6889 -112.581 1186.96
v -28.5072 -112.491 1186.73
v -27.6468 -113.654 1190.75
v -28.7381 -113.537 1196.91
v -28.4473 -113.68 1270.36
v -28.0311 -113.116 1272.77
v -27.603 -113.952 1275
v -28.872 -113.887 1277.73
v -29.004 -113.287 1277.3
v -28.9105 -112.493 1277.34
v -28.7707 -113.088 1277.91
v -28.5352 -112.468 1278.28
v -28.4058 -113.479 1278.67
v -28.2583 -112.433 1278.72
v -28.0586 -113.289 1279.06
v -28.3671 -111.968 1186.3
v -28.8295 -111.536 1187.89
v -28.6182 -111.309 1187.41
v -28.8094 -111.205 1188.38
v -27.8565 -112.109 1192.25
v -28.4064 -111.12 1195.45
v -28.8918 -110.975 1263.96
v -28.1064 -111.532 1270.48
v -27.5705 -111.89 1273.92
v -28.9578 -111.068 1276.04
v -28.9461 -111.881 1276.85
v -28.628 -111.68 1277.71
v -28.612 -110.897 1277.1
v -28.3382 -111.009 1277.87
v -28.213 -111.334 1278.33
v -27.9241 -111.825 1278.92
v -27.8642 -112.307 1279.12
v -27.7175 -110.879 1278.7
v -28.5752 -110.316 1188.05
v -28.8387 -109.461 1189.89
v -28.6336 -110.056 1188.71
v -27.6158 -110.829 1192.06
v -27.5755 -109.299 1193.48
v -28.4443 -109.494 1263.51
v -28.8446 -109.722 1274.52
v -28.5813 -110.274 1276.46
v -28.3674 -109.639 1276.23
v -28.2629 -109.922 1276.93
v -27.8591 -109.716 1277.53
v -27.9319 -110.651 1278.3
v -27.6516 -108.481 1187.25
v -28.2196 -108.859 1188.5
v -28.8861 -108.678 1259.81
v -28.1562 -108.042 1261.59
v -27.9379 -107.615 1272.91
v -28.435 -108.849 1274.45
v -28.0766 -108.879 1275.87
v -27.9007 -108.247 1275.11
v -27.6769 -108.485 1276.27
v -27.9658 -109.111 1276.55
v -28.8559 -107.323 1192.53
v -28.118 -106.099 1192.56
v -28.6709 -106.328 1194.28
v -28.51 -106.305 1193.51
v -28.5125 -107.176 1200.79
v -28.2574 -106.037 1202.23
v -28.0616 -107.043 1259.62
v -28.8308 -106.471 1264.34
v -28.4076 -105.487 1195.26
v -28.536 -105.21 1196.74
v -27.6979 -104.771 1203.9
v -28.9351 -105.525 1261.51
v -28.436 -104.904 1261.49
v -28.5287 -104.89 1260.63
v -28.658 -105.293 1261.93
v -28.3048 -105.418 1262.75
v -28.2106 -104.788 1261.94
v -27.7827 -105.824 1266.18
v -28.1957 -104.046 1199.15
v -28.6858 -104.246 1199.93
v -28.7966 -104.084 1200.44
v -28.0591 -103.537 1200.43
v -28.8689 -103.345 1202.97
v -28.6351 -102.886 1203.51
v -28.7101 -102.764 1204
v -28.2646 -103.201 1209.16
v -27.8248 -102.949 1252.05
v -29.0664 -103.281 1256.53
v -28.9962 -103.035 1256.11
v -28.792 -103.927 1258.41
v -28.3409 -103.112 1257.33
v -27.5862 -102.833 1258.39
v -27.6788 -104.015 1260.63
v -27.6863 -102.277 1203.62
v -28.4874 -102.144 1205.44
v -28.6455 -102.153 1205.9
v -28.4575 -101.509 1206.87
v -28.4066 -101.951 1206.14
v -28.3563 -101.263 1207.35
v -29.0522 -101.409 1208.49
v -28.2979 -102.562 1211.22
v -27.6661 -102.284 1210.75
v -28.4264 -101.436 1215.84
v -27.6258 -101.639 1248.67
v -28.7501 -102.535 1249.08
v -28.3805 -102.283 1255.41
v -28.077 -102.458 1256.72
v -27.8556 -102.06 1256.12
v -28.471 -100.281 1210.56
v -28.8905 -99.4982 1214.58
v -27.5073 -99.7585 1222.81
v -28.8154 -100.142 1223.49
v -28.9329 -99.5505 1231.98
v -28.688 -100.087 1239.7
v -27.8859 -99.6166 1239.42
v -28.4618 -100.626 1243.07
v -27.683 -100.389 1243.92
v -28.5806 -101.099 1244.61
v -28.7781 -99.7947 1247.81
v -28.0761 -100.565 1252.06
v -28.8578 -99.2794 1215.33
v -28.94 -99.2318 1216.58
v -28.592 -99.0949 1216.12
v -28.4471 -99.1366 1215.73
v -27.8906 -98.81 1216.12
v -27.6846 -98.7773 1216.32
v -29.1423 -99.1618 1217.32
v -28.7558 -98.8999 1217.69
v -28.4245 -98.7206 1218.31
v -27.878 -98.5794 1217.71
v -28.3015 -98.4149 1219.93
v -28.0996 -98.4233 1218.99
v -28.9888 -98.3138 1221.39
v -28.3136 -98.3257 1220.54
v -27.743 -98.1941 1220.47
v -27.868 -97.937 1221.54
v -28.4726 -97.9627 1222.91
v -29.1503 -97.9455 1225.44
v -28.5217 -99.5413 1227.62
v -27.5966 -99.1667 1227.96
v -28.3142 -99.2901 1230.27
v -28.6187 -99.4662 1235.87
v -28.2813 -99.2471 1234.96
v -27.839 -99.1377 1236.26
v -29.15 -98.2449 1240.61
v -29.1538 -98.0131 1239.51
v -28.9071 -98.0438 1239.93
v -28.3149 -98.2225 1242.33
v -29.0776 -98.8007 1243.12
v -29.0638 -98.5988 1242.72
v -28.8772 -98.5801 1242.92
v -28.679 -98.4864 1243.31
v -28.6776 -98.5623 1243.12
v -28.6911 -98.4957 1243.56
v -28.447 -98.2942 1242.71
v -28.4776 -98.4467 1242.92
v -28.3058 -98.3379 1243.13
v -27.8314 -98.0859 1242.71
v -27.906 -98.1078 1243.29
v -27.7377 -98.0839 1243.57
v -28.793 -99.0109 1245.08
v -27.6641 -98.6318 1245.53
v -29.103 -99.5019 1246.3
v -28.1646 -99.3151 1246.93
v -28.1589 -99.0533 1246.25
v -28.2746 -99.2389 1246.53
v -28.6766 -97.8301 1223.8
v -27.8614 -97.6317 1223.75
v -27.8561 -97.5405 1224.89
v -28.7088 -97.6931 1225.96
v -28.2513 -97.6582 1225.52
v -29.0178 -97.5013 1227.9
v -28.2376 -97.2803 1227.94
v -28.1022 -97.4332 1226.93
v -28.8756 -97.3644 1229.75
v -28.5727 -97.4541 1228.94
v -28.6329 -97.2986 1229.53
v -28.4277 -97.4169 1228.51
v -28.6025 -97.3864 1230.74
v -28.054 -97.1448 1230.12
v -28.46 -97.2441 1231.55
v -28.1825 -97.1864 1232.56
v -28.8977 -97.4356 1233.99
v -28.6691 -97.3959 1233.31
v -28.0857 -97.1093 1234.57
v -27.6938 -97.093 1233.31
v -27.6777 -97.0178 1233.92
v -28.6919 -97.3451 1235.69
v -27.8915 -97.0582 1235.7
v -28.477 -97.3941 1236.91
v -28.6873 -97.7757 1239.26
v -28.0743 -97.5275 1239.36
v -27.941 -97.4493 1238.63
v -28.4236 -97.8344 1240.31
v -27.7524 -97.8468 1241.34
v -26.2039 -147.965 1213.67
v -26.0851 -148.453 1214.67
v -26.6009 -147.435 1216.31
v -25.905 -148.744 1216.12
v -26.6009 -147.841 1218.06
v -26.784 -147.789 1220.63
v -26.4244 -148.238 1221.19
v -25.9806 -148.983 1220.44
v -26.0017 -146.678 1206.91
v -26.4868 -146.203 1209.97
v -26.5555 -146.967 1212.47
v -26.3842 -147.328 1213.12
v -26.9268 -146.612 1215.86
v -26.9534 -147.191 1219.75
v -27.2352 -146.988 1220.78
v -26.9772 -147.385 1221.16
v -27.1654 -147.468 1225.85
v -26.2484 -147.119 1232.94
v -26.7496 -146.084 1233.76
v -26.641 -146.148 1234.12
v -26.3143 -146.944 1234.44
v -26.7887 -146.023 1235.32
v -26.1735 -147.1 1234.71
v -26.2017 -146.673 1235.66
v -26.1269 -146.309 1236.53
v -25.9078 -146.716 1236.49
v -26.0509 -146.423 1236.98
v -26.0869 -146.017 1238.14
v -26.0508 -144.327 1204.35
v -26.7138 -144.6 1206.57
v -27.2928 -144.797 1211.6
v -27.5134 -145.335 1214.4
v -26.5538 -144.362 1222.79
v -26.0564 -144.858 1222.11
v -26.0496 -145.637 1226.44
v -27.4468 -145.782 1232.68
v -26.8776 -145.68 1234.19
v -26.8917 -145.518 1236.14
v -27.1601 -144.705 1236.73
v -26.5422 -145.638 1236.78
v -27.1492 -144.613 1238.01
v -26.837 -144.858 1238.67
v -26.514 -144.9 1239.13
v -26.479 -145.256 1238.71
v -26.3141 -144.926 1239.86
v -26.2026 -144.702 1240.72
v -26.3957 -143.312 1220.01
v -26.8754 -143.415 1221.48
v -26.3624 -143.929 1232.06
v -27.4887 -143.963 1237.46
v -27.1058 -143.182 1241.2
v -26.5917 -142.598 1204.26
v -26.4286 -142.301 1203.58
v -26.3619 -141.637 1203.17
v -25.8734 -142.065 1202.71
v -27.0744 -142.175 1205.06
v -26.6447 -142.101 1218.7
v -26.2997 -141.622 1217.68
v -27.265 -141.792 1219.46
v -27.1297 -142.485 1220.33
v -27.3517 -142.842 1230.67
v -27.4131 -141.812 1233.54
v -26.8145 -142.514 1243.79
v -26.5738 -141.365 1246.51
v -26.1894 -140.313 1202.55
v -27.1001 -139.903 1203.87
v -26.1396 -140.999 1202.79
v -27.295 -140.117 1204.3
v -26.4496 -140.155 1216.34
v -27.2334 -140.179 1217.25
v -27.5219 -140.582 1244.93
v -27.2213 -140.254 1246.56
v -26.6099 -140.98 1246.88
v -26.6196 -140.669 1247.38
v -27.3491 -138.721 1204.15
v -27.1551 -138.595 1203.86
v -26.3128 -138.449 1214.97
v -27.0733 -139.359 1216.2
v -27.0973 -138.458 1215.51
v -26.2671 -139.488 1215.65
v -27.0602 -139.13 1241.71
v -26.6102 -137.905 1244.77
v -26.302 -139.262 1249.59
v -26.321 -136.553 1201.78
v -27.0757 -137.531 1203.15
v -27.2348 -137.052 1214.67
v -26.6558 -136.602 1214.12
v -26.2102 -137.588 1214.44
v -25.9122 -137.604 1247.06
v -26.1879 -136.429 1247.54
v -26.8454 -136.525 1250.96
v -26.1271 -137.039 1251.75
v -27.0543 -135.177 1213.73
v -26.9498 -135.533 1246.05
v -26.5818 -134.669 1248
v -27.1614 -133.993 1202.6
v -27.1911 -133.631 1213.21
v -26.7301 -134.57 1252.91
v -26.3835 -132.518 1201.35
v -27.5113 -132.62 1202.81
v -26.432 -133.19 1211.87
v -27.0962 -131.623 1255.35
v -26.9963 -130.347 1210.38
v -26.397 -130.24 1209.73
v -27.06 -131.39 1211.1
v -26.3203 -131.692 1210.53
v -26.8644 -130.829 1257.41
v -26.7436 -130.95 1257.69
v -26.8496 -130.805 1258.21
v -26.2902 -130.313 1262.27
v -26.8769 -128.572 1200.27
v -25.6863 -128.611 1208.54
v -27.35 -128.431 1210.29
v -27.1584 -129.886 1210.56
v -26.9207 -129.861 1210.1
v -26.8856 -129.227 1209.94
v -26.6498 -129.254 1209.52
v -26.2564 -129.194 1209.15
v -26.4872 -128.472 1209.22
v -27.016 -129.847 1250.26
v -26.2617 -128.513 1255.92
v -27.1925 -129.756 1260.33
v -26.6701 -130.023 1261.28
v -27.1224 -128.844 1262.62
v -26.1376 -129.559 1263.75
v -26.0294 -127.249 1197.27
v -26.4969 -126.843 1197.94
v -26.1924 -127.961 1208.76
v -26.1269 -127.624 1208.7
v -26.2513 -127.681 1208.92
v -27.0912 -126.8 1209.75
v -26.6746 -128.034 1209.52
v -27.0933 -128.289 1251.64
v -26.9801 -127.583 1253.13
v -26.2725 -127.101 1260.72
v -26.4861 -126.847 1267.13
v -26.5451 -125.471 1195.54
v -26.4346 -125.892 1195.75
v -26.5097 -125.245 1195.12
v -26.5142 -125.293 1195.35
v -26.236 -125.63 1194.68
v -26.2303 -125.701 1195.33
v -25.8298 -126.323 1195.3
v -25.8796 -125.994 1194.89
v -26.1007 -125.706 1195.11
v -26.8486 -126.248 1197.57
v -27.3789 -126.631 1199.17
v -27.4503 -126.068 1198.9
v -26.8609 -126.338 1259.69
v -27.152 -125.473 1260.57
v -26.9287 -125.208 1262.09
v -26.1867 -126.259 1262.75
v -26.2747 -123.737 1190.73
v -26.1461 -123.728 1189.8
v -26.9814 -123.696 1192.58
v -26.5761 -124.429 1192.92
v -26.4736 -124.258 1192.02
v -27.5063 -123.59 1194.17
v -27.052 -124.342 1194.07
v -27.3381 -124.105 1194.93
v -27.2528 -124.807 1196.18
v -27.0867 -124.613 1195.72
v -27.0793 -124.454 1195.51
v -26.8345 -123.785 1207.78
v -26.8414 -124.695 1208.75
v -26.2157 -124.051 1266.29
v -26.2444 -124.724 1271.78
v -26.1684 -122.429 1186.59
v -27.2587 -122.237 1191.04
v -26.2329 -122.298 1196.95
v -26.7621 -122.018 1199.37
v -26.5561 -122.348 1200.61
v -26.4704 -123.303 1205.83
v -27.2865 -122.356 1265.5
v -26.4935 -122.796 1275.68
v -26.2292 -122.335 1277.26
v -26.0866 -120.922 1184.32
v -26.0726 -120.468 1184.01
v -26.6432 -121.413 1185.94
v -25.9917 -121.876 1185.3
v -27.2369 -120.978 1187.06
v -26.2926 -120.589 1192.94
v -27.6001 -120.344 1198.96
v -27.3811 -120.46 1277.25
v -26.8381 -121.878 1276.51
v -26.7188 -121.454 1277.48
v -26.5259 -120.661 1278.71
v -26.4756 -121.197 1278.3
v -26.097 -121.338 1278.7
v -26.0482 -120.719 1279.16
v -26.9142 -120.175 1184.98
v -26.7356 -119.602 1184.31
v -26.4565 -118.883 1183.73
v -27.3995 -120.235 1186.31
v -27.428 -119.473 1185.33
v -25.8775 -119.538 1187.6
v -26.6605 -118.921 1190.37
v -26.4668 -119.693 1191.83
v -26.7221 -120.37 1271.92
v -26.0975 -120.36 1274.28
v -26.5457 -119.28 1274.69
v -27.4513 -119 1278.51
v -27.0877 -120.312 1278.09
v -27.2928 -118.67 1278.9
v -27.0795 -119.854 1278.53
v -27.0443 -119.271 1278.92
v -26.4968 -120.061 1279.1
v -26.4816 -119.27 1279.37
v -26.4776 -118.85 1279.42
v -26.2776 -119.08 1279.46
v -26.0892 -120.075 1279.38
v -26.0781 -119.687 1279.44
v -26.0776 -119.48 1279.47
v -26.0023 -119.291 1279.25
v -26.6776 -117.48 1183.48
v -27.2369 -117.841 1184.13
v -26.8838 -118.03 1183.75
v -26.8773 -117.264 1183.54
v -26.6776 -118.08 1183.59
v -26.4776 -118.155 1183.52
v -26.4776 -117.998 1183.72
v -26.2291 -118.68 1183.72
v -26.4489 -118.113 1187.17
v -26.606 -118.339 1188.46
v -27.179 -117.503 1190.63
v -27.0506 -118.298 1192.25
v -27.3172 -118.776 1194.55
v -27.3869 -117.83 1273.68
v -27.211 -118.526 1273.4
v -26.9131 -118.381 1274.74
v -26.4965 -118.019 1276.62
v -27.0948 -118.441 1279.16
v -26.8653 -118.037 1279.37
v -26.6776 -117.68 1279.44
v -26.4776 -118.48 1279.45
v -26.3591 -118.357 1279.17
v -26.4776 -118.28 1279.43
v -26.4776 -118.08 1279.34
v -26.2853 -118.703 1279.37
v -27.068 -116.472 1183.49
v -27.0776 -115.88 1183.44
v -26.8776 -116.88 1183.47
v -26.8776 -116.48 1183.41
v -27.2541 -116.516 1183.64
v -26.8003 -116.849 1183.52
v -26.7021 -116.856 1183.81
v -26.8072 -116.28 1183.52
v -26.8597 -115.753 1183.52
v -26.6776 -117.053 1183.52
v -27.0067 -115.673 1187.94
v -26.7873 -116.511 1187.24
v -26.8709 -115.782 1187.23
v -27.3026 -116.321 1189.25
v -27.1273 -116.793 1188.73
v -27.1006 -116.297 1188.31
v -27.4347 -117.06 1192.32
v -27.3736 -116.878 1274.7
v -27.242 -115.686 1275.9
v -26.9676 -117.067 1275.89
v -26.8508 -115.99 1277
v -27.4792 -117.036 1279.14
v -27.0776 -116.08 1279.39
v -26.8382 -115.916 1279.34
v -27.2784 -115.518 1183.52
v -27.0776 -115.48 1183.42
v -26.8776 -114.08 1183.51
v -27.4608 -114.922 1183.7
v -27.0158 -114.649 1187.98
v -26.8563 -114.026 1187.14
v -27.3927 -114.974 1189.36
v -27.3668 -114.511 1275.88
v -27.0008 -114.321 1277.02
v -26.8438 -113.995 1277.42
v -27.0663 -114.019 1279.42
v -26.8289 -114.064 1279.32
v -26.8776 -113.48 1183.44
v -26.8776 -112.88 1183.47
v -27.208 -113.074 1183.77
v -27.1104 -113.681 1183.65
v -26.7598 -113.048 1183.52
v -26.6961 -113.072 1183.96
v -26.9 -112.715 1187.93
v -26.6912 -112.687 1187.53
v -27.4039 -113.411 1189.59
v -26.9735 -113.15 1188.31
v -27.0619 -112.467 1188.81
v -27.2967 -112.861 1275.84
v -27.2588 -113.847 1276.3
v -26.9381 -112.951 1277.08
v -27.4291 -112.877 1279.4
v -26.623 -111.971 1183.39
v -27.2309 -112.232 1183.91
v -26.8747 -112.077 1183.53
v -26.722 -111.103 1183.53
v -26.4438 -111.842 1183.69
v -26.7746 -111.984 1188.01
v -26.5527 -112.12 1187.1
v -26.9018 -111.484 1276.23
v -26.8196 -112.245 1277.07
v -26.573 -112.299 1277.54
v -26.5561 -111.466 1277.09
v -26.4155 -111.524 1277.32
v -26.3384 -111.527 1277.59
v -26.2056 -111.089 1277.4
v -27.2784 -110.867 1279.11
v -27.3081 -111.694 1279.34
v -26.5185 -112.08 1279.32
v -26.6959 -112.002 1279.47
v -26.6823 -110.903 1279.45
v -26.5141 -111.164 1279.49
v -26.3023 -111.132 1279.45
v -26.2848 -110.88 1279.5
v -26.0843 -110.807 1279.22
v -26.4707 -110.251 1183.5
v -26.2768 -110.319 1183.35
v -26.0593 -109.648 1183.37
v -26.8671 -110.334 1183.99
v -26.2762 -109.239 1183.74
v -27.5305 -109.876 1185.69
v -26.5603 -110.033 1188.96
v -27.5519 -110.319 1271.42
v -27.1673 -110.728 1274.2
v -26.8366 -109.777 1273.63
v -26.7621 -110.649 1275.65
v -26.3963 -109.865 1275.51
v -26.3564 -110.667 1276.68
v -27.1613 -109.678 1278.48
v -26.4627 -109.848 1279.27
v -26.2704 -110.665 1279.5
v -26.0788 -110.655 1279.43
v -26.0698 -110.452 1279.5
v -26.0776 -110.08 1279.5
v -26.6671 -108.68 1184.88
v -26.2585 -108.671 1184.15
v -26.2081 -108.049 1184.71
v -26.9011 -107.748 1186.34
v -26.8937 -108.468 1192.25
v -26.2249 -109.052 1274.37
v -26.0175 -108.372 1272.89
v -27.3647 -107.863 1275.9
v -27.4477 -108.881 1277.29
v -27.2398 -108.067 1276.56
v -26.8191 -108.278 1277.56
v -26.3068 -106.931 1186.25
v -27.1884 -107.502 1187.34
v -26.6809 -106.848 1187.09
v -26.4259 -106.138 1187.96
v -26.4103 -107.304 1192.99
v -25.9402 -106.842 1192.7
v -26.8873 -106.212 1197.86
v -26.6095 -107.274 1265.65
v -26.8921 -106.857 1274.65
v -26.6536 -107.223 1276.28
v -26.3866 -107.442 1277.13
v -27.3557 -105.018 1193.41
v -27.0942 -104.429 1194.63
v -27.1355 -104.264 1195.94
v -26.2282 -105.693 1197.68
v -26.9221 -105.689 1259.78
v -27.4635 -104.883 1264.06
v -26.8973 -105.045 1266.28
v -26.8658 -105.894 1270.21
v -26.5723 -103.95 1195.1
v -26.8167 -103.559 1197.86
v -27.0297 -103.029 1199.83
v -27.0223 -104.37 1203.63
v -27.2068 -103.06 1207.69
v -26.826 -102.899 1259.92
v -27.5049 -103.931 1261.5
v -27.0517 -103.544 1260.94
v -27.053 -103.528 1261.51
v -26.7279 -103.175 1260.53
v -26.4612 -103.162 1261.73
v -26.3723 -103.017 1261.29
v -26.2167 -102.866 1260.64
v -27.3122 -104.305 1262.54
v -27.2464 -103.845 1261.93
v -26.0682 -103.341 1262.57
v -26.0526 -103.89 1264.59
v -25.9595 -102.449 1200.15
v -26.6852 -102.564 1201.17
v -27.5365 -102.483 1203.01
v -26.8186 -102.013 1203.25
v -27.1198 -101.226 1206.36
v -26.8311 -101.244 1205.93
v -26.6462 -101.766 1210.8
v -26.5543 -101.97 1251.69
v -27.352 -101.434 1255.16
v -27.0992 -101.804 1256.87
v -26.7297 -101.313 1256.27
v -26.2229 -101.173 1256.65
v -27.0941 -102.195 1257.48
v -26.2933 -100.998 1205.56
v -26.0505 -101.078 1204.93
v -27.3385 -100.938 1206.93
v -27.3002 -100.811 1207.32
v -26.7571 -100.735 1206.93
v -26.0593 -100.881 1206.3
v -26.0118 -100.389 1207.42
v -27.1119 -100.593 1208.06
v -26.0569 -100.667 1214.71
v -27.41 -101.03 1215.23
v -27.5512 -100.08 1242.9
v -26.7082 -99.8426 1243.4
v -27.185 -100.689 1245.68
v -26.6509 -100.964 1247.92
v -26.3995 -99.6287 1251.64
v -26.8426 -100.355 1253.39
v -26.3155 -100.869 1255.3
v -27.3579 -99.5404 1211.89
v -26.7814 -99.3543 1211.56
v -26.9496 -99.3712 1212.21
v -25.8777 -99.075 1212.14
v -27.0679 -99.2543 1212.96
v -26.4444 -99.1906 1212.34
v -26.4863 -99.217 1212.7
v -26.4612 -98.9031 1213.37
v -26.2764 -99.0301 1212.93
v -27.544 -98.7808 1215.31
v -27.1078 -98.7918 1214.91
v -26.6595 -98.5511 1215.32
v -26.2576 -98.762 1214.14
v -27.0848 -98.5454 1216.13
v -26.889 -98.5827 1215.72
v -26.9142 -98.5584 1216.53
v -26.2017 -98.3386 1216.12
v -26.9139 -98.2516 1218.54
v -26.7107 -98.3297 1217.47
v -26.5279 -98.2404 1218.11
v -26.8046 -98.0414 1219.16
v -27.4395 -98.9716 1230.53
v -26.1839 -98.6931 1230.07
v -27.5067 -98.9234 1234.44
v -27.4517 -98.9196 1235.5
v -26.6545 -98.6597 1234.53
v -26.6406 -98.6706 1235.55
v -27.0327 -98.8483 1236.37
v -26.6564 -99.0945 1239.19
v -27.1998 -98.2185 1244.68
v -26.6813 -98.3336 1245.73
v -26.6934 -98.232 1245.11
v -26.4716 -98.7004 1247.45
v -26.4829 -98.63 1246.91
v -26.5142 -98.4936 1246.14
v -26.3855 -98.5463 1246.36
v -26.0919 -97.832 1219.93
v -26.1633 -97.6584 1221.51
v -27.299 -97.6693 1223.08
v -26.5909 -97.3388 1224.72
v -27.4623 -97.3803 1225.93
v -25.8475 -97.2824 1225.32
v -25.7632 -97.0842 1226.2
v -26.8138 -96.9963 1227.84
v -27.0495 -97.0514 1228.94
v -27.144 -96.918 1229.52
v -26.644 -96.9987 1228.35
v -26.1897 -96.7544 1229.5
v -25.9081 -96.8844 1228.94
v -27.0794 -97.0064 1230.88
v -25.9634 -96.7063 1230.13
v -27.2418 -96.9369 1231.48
v -26.5024 -96.8198 1233.28
v -26.4234 -96.725 1234.18
v -27.4688 -96.9346 1234.75
v -27.0273 -96.8693 1236.25
v -25.9829 -96.6379 1235.88
v -27.2218 -97.223 1239.03
v -26.05 -97.0279 1239.31
v -27.0529 -97.2696 1239.56
v -27.1247 -97.317 1240.17
v -26.1717 -97.0607 1239.9
v -27.2842 -97.7766 1242.31
v -26.4992 -97.5196 1241.83
v -26.1223 -97.4454 1242.31
v -26.2776 -97.5842 1242.72
v -26.3532 -97.8429 1244.21
v -24.8069 -150.845 1211.33
v -24.6815 -151.059 1211.65
v -24.9503 -150.566 1213.06
v -24.3696 -151.412 1213.26
v -24.4911 -151.441 1219.35
v -24.4761 -149.308 1207.26
v -24.9546 -149.351 1208.46
v -25.4467 -149.496 1210.25
v -25.2066 -149.692 1209.51
v -24.88 -150.442 1209.96
v -24.6415 -150.43 1209.25
v -25.1097 -150.27 1211.07
v -25.3341 -149.844 1211.79
v -25.0663 -150.48 1211.33
v -25.0029 -150.5 1211.74
v -24.8313 -150.731 1210.93
v -25.2059 -149.738 1216.5
v -25.1375 -150.053 1217.96
v -24.9456 -150.586 1218.33
v -25.8399 -149.212 1219.34
v -25.6057 -149.297 1218.75
v -25.4589 -149.878 1218.91
v -25.2339 -150.326 1219.19
v -25.2756 -150.194 1220.52
v -25.1158 -149.809 1229.45
v -24.5116 -149.601 1231.65
v -24.4219 -149.694 1232.09
v -25.4823 -147.84 1206.95
v -24.9844 -148.115 1206.2
v -25.8755 -147.483 1208.2
v -25.5548 -148.271 1209.03
v -25.5164 -148.79 1209.4
v -25.7484 -148.659 1215.34
v -25.5895 -148.903 1215.01
v -25.5104 -147.88 1232.92
v -25.7385 -147.621 1232.97
v -25.3463 -148.332 1232.87
v -25.4594 -148.12 1232.63
v -24.9025 -148.922 1232.22
v -25.4984 -148.216 1233.15
v -25.1366 -148.712 1233.13
v -25.6322 -147.669 1234.73
v -25.0908 -147.834 1235.98
v -24.5162 -148.606 1235.17
v -24.3858 -148.77 1235.42
v -24.428 -147.509 1239.76
v -25.7278 -146.487 1205.74
v -25.0571 -146.582 1204.81
v -24.8768 -147.32 1205.19
v -24.5269 -145.89 1221.1
v -25.514 -146.026 1223.3
v -25.0681 -146.495 1223.11
v -24.8577 -146.173 1221.95
v -25.9499 -145.732 1224.84
v -25.2096 -146.681 1224.29
v -24.6659 -147.381 1224.54
v -24.4813 -147.33 1223.74
v -25.0885 -147.024 1225.33
v -25.088 -147.066 1227.33
v -24.8004 -147.467 1226.71
v -25.2609 -146.614 1228.45
v -25.7501 -146.935 1236.05
v -25.133 -147.247 1237.48
v -25.759 -146.088 1238.49
v -25.4989 -146.324 1238.68
v -25.5832 -146.144 1239.39
v -25.2036 -146.748 1238.91
v -25.0112 -146.883 1239.07
v -24.8051 -147.085 1239.29
v -24.5576 -147.475 1239.3
v -25.4765 -146.11 1240.1
v -25.2131 -146.472 1239.51
v -25.288 -146.045 1241.01
v -24.9688 -146.863 1239.97
v -24.6825 -146.786 1240.9
v -24.7426 -146.127 1242.19
v -25.2613 -144.666 1203.49
v -24.4556 -145.607 1203.53
v -25.2396 -145.398 1221.28
v -25.271 -145.866 1222.16
v -24.9285 -144.556 1236.51
v -25.7393 -145.625 1239.97
v -25.7032 -145.677 1240.15
v -25.8826 -144.762 1242.01
v -25.5128 -144.335 1243.99
v -24.4518 -145.504 1244.54
v -25.0948 -143.658 1202.67
v -24.8482 -143.105 1202.24
v -24.677 -144.091 1202.62
v -25.7691 -143.239 1203.13
v -24.6032 -142.994 1218.08
v -25.3153 -144.007 1219.47
v -25.004 -143.737 1218.93
v -25.7509 -143.059 1245.88
v -25.6309 -142.785 1246.34
v -25.4689 -142.923 1246.57
v -25.1845 -143.5 1246.25
v -25.0676 -143.483 1246.5
v -24.3392 -143.747 1247.11
v -25.7498 -141.229 1202.28
v -25.4653 -142.072 1202.34
v -25.2861 -142.697 1202.4
v -25.2255 -141.678 1201.88
v -24.8765 -142.474 1202.04
v -25.6395 -141.498 1217.05
v -24.6688 -141.67 1216.96
v -25.6818 -142.672 1238.77
v -24.5281 -142.6 1242.91
v -25.6212 -141.955 1247.59
v -25.0824 -141.049 1249.41
v -24.5042 -140.722 1200.92
v -25.082 -140.267 1201.18
v -25.4471 -139.91 1215.66
v -25.0844 -140.717 1216.21
v -24.6597 -140.462 1216.03
v -24.9593 -140.353 1245.72
v -25.7219 -140.717 1249
v -25.0986 -138.631 1200.7
v -24.4662 -139.492 1200.41
v -25.5865 -139.414 1201.43
v -25.5132 -138.848 1214.96
v -24.6961 -139.217 1215.2
v -25.6419 -139.032 1245.98
v -24.8694 -139.186 1247.46
v -25 -138.059 1248.4
v -25.4197 -139.14 1250.96
v -25.1242 -136.722 1200.45
v -24.6186 -137.824 1200.15
v -24.9023 -136.546 1213.82
v -25.0852 -137.56 1214.25
v -25.4407 -137.076 1252.71
v -24.5734 -137.217 1254.55
v -25.6575 -135.267 1213.17
v -24.5989 -136.295 1213.38
v -25.8333 -135.185 1253.98
v -25.2454 -136.363 1254.09
v -25.0532 -134.489 1256.61
v -24.9006 -134.693 1256.83
v -25.5473 -134.18 1256.15
v -25.0231 -133.503 1258.82
v -24.6605 -133.322 1259.73
v -24.3366 -132.436 1199.33
v -25.1748 -132.905 1200.14
v -25.1754 -131.783 1199.92
v -25.4375 -133.156 1251.82
v -24.5217 -131.538 1256.51
v -25.2376 -131.882 1261.87
v -24.9869 -131.976 1262.11
v -25.3219 -130.239 1199.47
v -25.833 -130.856 1253.13
v -25.6907 -131.476 1261.35
v -25.9061 -130.234 1263.07
v -25.2047 -131.175 1263.22
v -25.1093 -130.725 1264.25
v -24.7712 -131.539 1263.5
v -24.6424 -128.494 1196.67
v -25.7397 -128.647 1198.53
v -25.1025 -126.844 1193.93
v -24.7948 -127.243 1194.31
v -24.8026 -126.886 1193.16
v -24.6714 -127.306 1193.89
v -25.381 -127.067 1195.48
v -25.6655 -127.741 1197.52
v -25.9257 -127.824 1198.17
v -25.5667 -127.621 1208.23
v -24.9539 -128.273 1262.61
v -25.3191 -126.084 1192.9
v -25.2894 -125.922 1192.03
v -25.5797 -126.172 1193.7
v -25.8009 -126.119 1195.11
v -25.1051 -125.218 1207.29
v -25.9455 -126.39 1208.45
v -24.9892 -125.901 1207.62
v -24.6511 -125.934 1266.95
v -24.7834 -125.78 1273.08
v -24.7544 -124.179 1186.5
v -24.8305 -123.849 1185.94
v -24.7586 -123.585 1185.49
v -24.3893 -124.364 1185.99
v -24.4382 -124.101 1185.63
v -25.0795 -124.977 1189.36
v -25.2003 -125.031 1190.22
v -24.6472 -124.506 1195.49
v -25.2673 -123.796 1196.4
v -24.5548 -124.78 1196.78
v -25.1219 -123.549 1201.46
v -24.8274 -123.866 1202.72
v -24.5679 -124.533 1204.96
v -24.9698 -124.867 1275.21
v -25.0933 -123.742 1277.37
v -24.8293 -124.41 1276.69
v -24.2472 -125.133 1276.44
v -24.6776 -122.08 1183.78
v -24.4172 -122.665 1184
v -24.4776 -122.08 1183.68
v -24.2491 -122.205 1187.79
v -24.45 -122.67 1189.88
v -25.2717 -123.358 1195
v -25.5784 -123.421 1198.86
v -25.7084 -123.197 1202.7
v -24.9541 -123.01 1271.93
v -24.7655 -121.97 1275.08
v -25.6742 -123.382 1276.73
v -25.8964 -122.237 1278.08
v -25.2614 -122.841 1278.32
v -24.4776 -122.08 1279.42
v -25.6425 -120.899 1183.86
v -25.2776 -120.88 1183.65
v -25.0776 -121.359 1183.72
v -25.0776 -121.023 1183.72
v -24.656 -121.88 1183.72
v -24.5291 -121.88 1183.92
v -24.7584 -121.538 1187.62
v -25.5398 -121.254 1191.31
v -25.5719 -120.84 1189.84
v -25.0234 -121.942 1190.38
v -25.6561 -121.916 1272.35
v -25.8406 -120.512 1279.38
v -25.3059 -120.68 1279.32
v -25.2338 -121.975 1279.07
v -25.0492 -121.748 1279.31
v -25.2412 -121.098 1279.44
v -25.6914 -120.173 1183.71
v -25.5815 -120.161 1184.12
v -25.6101 -120.136 1186.53
v -25.6856 -120.056 1276.3
v -25.8776 -120.08 1279.45
v -25.8895 -119.687 1279.38
v -25.6776 -120.28 1279.47
v -25.6885 -120.068 1279.25
v -25.8776 -110.08 1183.27
v -25.8247 -109.784 1183.29
v -25.774 -109.827 1183.33
v -25.7001 -109.884 1183.68
v -25.8172 -110.095 1186.53
v -25.8079 -109.794 1276.62
v -25.7124 -109.857 1277.09
v -25.7104 -109.88 1279.32
v -25.6834 -108.703 1183.46
v -25.327 -108.735 1183.28
v -25.2635 -108.435 1183.33
v -24.946 -108.623 1183.41
v -24.8776 -108.28 1183.26
v -24.7821 -108.272 1183.33
v -24.6763 -107.687 1183.4
v -24.4048 -107.809 1183.29
v -25.8814 -108.522 1183.76
v -25.4454 -108.237 1183.54
v -25.4968 -107.704 1184.1
v -24.6883 -108.243 1183.7
v -25.0773 -108.922 1186.1
v -24.4534 -108.007 1186.35
v -25.4996 -108.334 1188.17
v -24.8847 -108.13 1187.07
v -25.7754 -108.458 1274.3
v -25.0738 -107.712 1274.31
v -25.5817 -108.737 1275.53
v -25.3155 -108.239 1275.12
v -24.6058 -107.972 1276.27
v -25.8736 -108.224 1278.73
v -25.3153 -108.521 1279.39
v -24.9686 -108.407 1279.47
v -24.8936 -107.864 1279.31
v -24.6291 -108.08 1279.32
v -24.6776 -107.88 1279.43
v -25.4718 -106.977 1184.94
v -24.8711 -107.224 1183.95
v -24.8135 -106.27 1185.06
v -24.7925 -107.424 1188.17
v -24.6936 -106.479 1190.24
v -25.3584 -106.514 1267.07
v -25.7199 -106.083 1275.87
v -24.3792 -107.287 1275.09
v -25.6107 -106.29 1276.55
v -25.481 -107.33 1278.29
v -24.8435 -107.277 1278.92
v -24.898 -106.422 1277.87
v -24.9616 -105.783 1185.97
v -24.8578 -105.047 1187.18
v -25.4414 -104.633 1189.41
v -25.3088 -105.894 1194.03
v -24.9252 -104.734 1198.17
v -25.9288 -104.678 1259.54
v -25.0936 -105.008 1262.27
v -25.5619 -104.894 1270.37
v -25.8742 -105.527 1273.08
v -24.5028 -104.738 1274.35
v -25.4942 -105.574 1274.9
v -24.8558 -105.345 1275.91
v -24.4627 -105.499 1277
v -25.0168 -103.849 1191.32
v -25.1541 -103.524 1192.73
v -24.9672 -103.112 1194.32
v -24.5441 -103.042 1193.79
v -25.2754 -103.138 1195.28
v -25.0082 -102.648 1197.87
v -25.7288 -104.048 1202.42
v -24.5244 -103.278 1203.52
v -25.0687 -102.708 1205.95
v -25.882 -103.024 1255.54
v -25.1057 -104.08 1259.45
v -24.9116 -103.876 1266.98
v -24.7774 -101.744 1201.78
v -25.8971 -101.363 1250.78
v -24.691 -101.463 1252.6
v -25.6316 -101.373 1257.68
v -25.8486 -101.991 1259.25
v -24.4173 -101.383 1259.5
v -25.1478 -102.368 1261.73
v -25.0473 -102.204 1261.28
v -24.4481 -101.944 1261.49
v -25.1975 -100.674 1205.47
v -25.4769 -100.736 1206.07
v -25.1047 -100.532 1206.53
v -25.1973 -99.5871 1209.64
v -25.1079 -101.099 1211.43
v -25.4334 -100.278 1216.03
v -25.4606 -100.053 1245.49
v -25.4833 -100.51 1247.8
v -25.3179 -100.042 1254.36
v -25.9193 -98.9949 1212.71
v -25.3893 -98.7629 1213.07
v -24.7831 -98.216 1215.34
v -25.7269 -98.2627 1216.75
v -25.5215 -98.0253 1218.52
v -25.1273 -97.9935 1217.72
v -24.4923 -97.937 1218.15
v -25.1089 -98.7836 1227.1
v -24.8797 -98.3271 1234.17
v -25.6775 -98.4428 1235.49
v -24.6688 -98.3003 1235.93
v -25.5433 -98.4858 1236.61
v -24.6937 -98.3937 1237.23
v -25.4388 -98.8171 1239.55
v -24.5335 -98.6733 1239.58
v -24.61 -99.16 1242.44
v -25.4661 -99.4248 1243
v -25.585 -97.9403 1245.17
v -25.5057 -98.2989 1246.27
v -24.9558 -98.2349 1246.7
v -24.7065 -98.134 1246.33
v -24.6652 -98.0348 1246.08
v -24.2932 -97.639 1219.55
v -25.5242 -97.7351 1220.77
v -25.4361 -96.7241 1231
v -25.8508 -96.6761 1232.27
v -24.6374 -96.4773 1234.93
v -25.6394 -96.8238 1238.64
v -24.5469 -96.7691 1238.93
v -24.8196 -96.7787 1239.51
v -24.517 -96.8455 1240.3
v -25.8696 -97.4203 1241.85
v -25.8776 -97.353 1242.12
v -25.7024 -97.3875 1242.34
v -25.4776 -97.2405 1242.12
v -25.2876 -97.3418 1242.33
v -25.13 -97.1992 1241.85
v -25.0004 -97.2097 1242.12
v -25.0437 -97.239 1242.52
v -24.8512 -97.221 1242.33
v -25.8492 -97.4568 1242.92
v -24.397 -97.8208 1245.33
v -24.5999 -97.6269 1244.33
v -22.7446 -154.521 1215.19
v -23.0857 -154.087 1218.88
v -23.0764 -152.787 1212.06
v -23.2619 -152.72 1212.92
v -23.0653 -153.262 1214.49
v -24.0531 -152.464 1221.12
v -23.1589 -153.095 1225.04
v -23.0475 -152.925 1226.1
v -24.0818 -151.263 1209.8
v -23.9045 -151.075 1209.1
v -23.4895 -151.422 1209.24
v -23.2461 -152.189 1210.55
v -22.8813 -151.768 1209.33
v -24.1148 -151.635 1210.91
v -24.2555 -151.632 1211.57
v -23.6773 -152.11 1211.15
v -24.3971 -151.238 1213.63
v -23.9467 -151.811 1213.57
v -24.3156 -151.291 1214.48
v -24.1862 -151.315 1214.02
v -23.8111 -152.086 1213.96
v -23.8419 -152.035 1215.34
v -23.8202 -152.127 1223.88
v -22.8529 -151.084 1232.34
v -24.0632 -149.441 1206.91
v -23.4891 -149.732 1206.91
v -23.2774 -149.284 1206.18
v -22.895 -149.724 1206.73
v -22.842 -149.12 1205.94
v -23.8824 -150.234 1207.78
v -23.2469 -150.455 1207.6
v -23.0751 -149.349 1227.38
v -23.8631 -150.524 1231.09
v -23.6171 -150.725 1231.29
v -24.2091 -149.91 1231.61
v -23.8596 -149.547 1234.15
v -23.8033 -149.314 1235.45
v -23.2817 -149.314 1235.93
v -23.0705 -149.798 1235.3
v -23.2825 -149.22 1236.73
v -22.883 -149.475 1236.91
v -23.8704 -148.627 1205.64
v -23.4731 -147.896 1204.84
v -23.2888 -148.845 1205.68
v -24.2889 -148.945 1206.35
v -24.2931 -148.582 1205.88
v -23.8624 -149.079 1206.17
v -23.5127 -147.705 1222.9
v -23.0254 -148.215 1223.34
v -24.067 -147.943 1224.36
v -23.6526 -147.971 1223.59
v -24.2086 -148.073 1225.56
v -23.4626 -148.927 1226.34
v -23.0838 -149.023 1225.3
v -24.2974 -148.02 1227.92
v -23.941 -148.476 1227.43
v -23.7849 -148.312 1229.47
v -23.5278 -148.861 1228.31
v -23.0557 -148.879 1230.46
v -24.3006 -148.667 1235.97
v -23.8771 -148.944 1235.95
v -24.338 -147.809 1237.85
v -24.0927 -148.283 1236.94
v -23.6314 -148.612 1237.75
v -23.6407 -148.538 1238.5
v -22.696 -149.082 1238.91
v -23.2291 -148.316 1240.09
v -23.2713 -147.903 1241.75
v -22.9216 -148.299 1241.1
v -22.7474 -148.494 1241.49
v -22.4809 -148.268 1242.38
v -24.2769 -147.518 1204.85
v -24.048 -147.035 1204.45
v -24.2376 -146.524 1221.75
v -24.283 -147.234 1223.04
v -23.1196 -147.404 1222.24
v -23.4292 -146.875 1234.81
v -24.0536 -147.298 1240.99
v -23.9004 -146.727 1243.23
v -23.6626 -144.546 1202.5
v -23.6545 -145.765 1203.33
v -22.9652 -145.889 1203.36
v -24.1203 -145.792 1220.71
v -23.6727 -145.649 1220.43
v -23.9865 -145.53 1237.27
v -23.7216 -145.016 1239.83
v -23.0021 -145.24 1241.53
v -23.3792 -145.348 1246.15
v -22.8266 -144.629 1248.4
v -24.2781 -143.503 1202.1
v -24.0917 -144.28 1202.45
v -24.113 -142.892 1201.78
v -23.6891 -143.669 1201.99
v -23.8219 -142.858 1218.05
v -23.8269 -144.06 1241.96
v -23.2855 -144.224 1243.07
v -23.6655 -143.009 1244.4
v -23.4516 -143.305 1249.32
v -22.8749 -141.503 1200.71
v -24.261 -142.198 1201.45
v -23.6481 -142.707 1201.49
v -22.7728 -141.248 1204.97
v -22.6981 -142.297 1206.13
v -22.8604 -141.159 1207.31
v -23.8905 -141.264 1216.83
v -22.8575 -141.408 1217.55
v -23.459 -141.438 1247.08
v -23.292 -142.469 1245.94
v -24.02 -140.84 1200.71
v -23.6327 -139.751 1200.09
v -22.7333 -140.196 1200.04
v -22.9304 -140.275 1207.79
v -22.6786 -141.027 1209.85
v -24.1761 -141.117 1246.28
v -22.7917 -139.916 1250
v -24.1198 -139.907 1252.4
v -23.9021 -138.675 1199.87
v -22.6901 -139.178 1203.67
v -22.9852 -138.584 1207.18
v -22.8795 -138.683 1208.25
v -23.3374 -138.451 1215.25
v -23.1323 -138.427 1215.27
v -23.6993 -139.506 1215.71
v -22.8843 -139.145 1215.99
v -23.1486 -139.159 1254.64
v -23.1785 -138.553 1255.09
v -23.1343 -138.304 1255.32
v -23.2821 -137.454 1199.29
v -22.9708 -138.065 1205.52
v -22.8479 -137.9 1204.69
v -22.8056 -137.493 1204.3
v -22.8272 -137.266 1204.79
v -22.7617 -136.657 1204.5
v -22.9026 -136.946 1205.96
v -22.6948 -137.713 1208.82
v -22.8142 -137.282 1207.71
v -24.2799 -137.424 1214.29
v -24.0776 -137.172 1214.12
v -23.8496 -137.824 1255.03
v -24.1843 -136.423 1255.8
v -22.7519 -136.281 1205.47
v -22.7324 -136.104 1206.36
v -22.8523 -136.183 1253.96
v -23.9503 -134.959 1258.84
v -23.1073 -135.48 1259.43
v -24.2981 -134.446 1199.55
v -23.493 -133.796 1198.94
v -23.2495 -133.764 1256.27
v -24.2074 -133.694 1260.4
v -23.2941 -134.67 1260.68
v -23.2219 -134.152 1261.57
v -23.2506 -133.997 1262.36
v -23.3429 -133.771 1262.56
v -23.0866 -134.057 1262.52
v -23.1398 -133.909 1262.77
v -22.8933 -134.292 1262.52
v -22.7635 -134.243 1263.14
v -23.064 -132.257 1198.45
v -23.5551 -131.967 1258.69
v -23.7084 -133.004 1263.52
v -23.449 -132.878 1264.16
v -23.0955 -130.76 1262.66
v -23.2503 -128.442 1194.2
v -22.9664 -128.509 1193.48
v -23.5033 -128.87 1195.67
v -24.0568 -129.608 1197.56
v -23.4492 -129.361 1196.31
v -23.9853 -130.036 1261.84
v -24.0338 -129.05 1263.54
v -23.9642 -128.894 1268.56
v -24.2418 -127.037 1192.03
v -24.1267 -127.791 1194.62
v -23.8976 -127.909 1193.64
v -23.8637 -128.021 1194.11
v -23.9168 -127.567 1270.8
v -22.7499 -127.824 1272.21
v -23.4261 -125.108 1185.71
v -24.0784 -125.635 1188.16
v -22.9737 -126.484 1187.83
v -24.2331 -126.043 1189.76
v -23.8532 -125.283 1194.66
v -23.3759 -125.254 1193.09
v -23.0006 -126.048 1194.19
v -23.8986 -125.445 1195.47
v -23.077 -126.282 1196.1
v -23.2411 -126.064 1195.15
v -23.8616 -125.397 1197.5
v -23.6661 -125.746 1196.31
v -23.0713 -126.214 1196.75
v -22.8826 -125.941 1197.92
v -22.8363 -125.163 1200.36
v -23.7784 -126.196 1207
v -23.6226 -125.816 1206.64
v -23.8551 -126.197 1274.53
v -23.2528 -126.387 1275.46
v -23.4679 -125.632 1276.95
v -22.8687 -125.762 1277.7
v -23.8709 -124.056 1184.86
v -22.8776 -123.88 1183.82
v -22.8387 -123.68 1183.72
v -23.4147 -124.088 1190.46
v -24.2875 -124.371 1193.79
v -23.9112 -124.386 1201.25
v -23.8186 -124.46 1203.18
v -23.4472 -124.991 1204.77
v -23.2481 -124.88 1271.83
v -24.0997 -124.677 1277.65
v -24.2019 -124.041 1278.32
v -23.3715 -125.086 1278.08
v -23.5345 -123.826 1279.08
v -23.1615 -124.866 1278.54
v -24.281 -122.447 1183.73
v -24.2776 -122.217 1183.72
v -24.0738 -122.698 1183.73
v -23.8776 -122.68 1183.63
v -23.6776 -123.08 1183.7
v -23.2776 -123.28 1183.63
v -23.2776 -123.18 1183.72
v -23.073 -123.327 1187.25
v -23.555 -123.486 1189.02
v -24.1139 -123.256 1190.69
v -24.2284 -123.388 1191.48
v -24.2385 -122.233 1276.17
v -24.0553 -122.909 1274.94
v -23.912 -107.115 1183.33
v -23.873 -106.859 1183.47
v -23.2776 -106.695 1183.32
v -23.2776 -106.48 1183.39
v -23.0776 -106.497 1183.32
v -24.0689 -106.489 1183.98
v -23.0776 -106.647 1183.52
v -23.0816 -106.78 1186.39
v -23.9384 -107.331 1186.8
v -23.8216 -106.656 1187.87
v -23.881 -106.325 1188.79
v -23.0833 -105.932 1188.34
v -24.256 -106.854 1273.68
v -23.9521 -107.219 1276.13
v -23.292 -106.503 1275.49
v -24.1361 -107.109 1279.31
v -24.1252 -106.369 1278.68
v -23.6862 -106.483 1279.14
v -23.3041 -106.68 1279.12
v -23.4776 -106.68 1279.36
v -23.3602 -106.48 1279.32
v -23.2776 -106.543 1279.32
v -22.8776 -106.281 1279.32
v -23.6647 -105.609 1184.73
v -22.8982 -105.664 1183.93
v -24.1309 -105.276 1185.74
v -23.8218 -104.472 1186.91
v -23.0851 -105.518 1189.54
v -23.9186 -105.759 1190.61
v -22.9819 -104.415 1194.65
v -23.4684 -104.288 1262.97
v -23.8602 -105.381 1266.38
v -23.0053 -105.613 1270.67
v -23.6362 -104.422 1275.53
v -23.8755 -104.885 1276.57
v -23.2605 -104.906 1277.51
v -23.0685 -104.381 1276.53
v -23.85 -105.681 1278.1
v -23.272 -105.701 1278.72
v -23.0282 -105.234 1278.33
v -22.8819 -105.868 1279.17
v -22.8303 -103.785 1187.25
v -23.792 -103.7 1188.97
v -24.1453 -103.62 1189.94
v -24.0474 -103.341 1191.14
v -23.4261 -103.2 1190.31
v -24.2299 -103.373 1191.7
v -24.0421 -103.012 1192.48
v -22.9158 -102.857 1191.48
v -24.0729 -102.885 1264.81
v -23.5617 -103.748 1271.11
v -23.2599 -103.964 1274.13
v -23.9476 -102.537 1194.9
v -23.5825 -101.557 1200.76
v -23.7897 -102.537 1205.26
v -24.0302 -102.152 1255.5
v -23.0652 -101.183 1260.08
v -24.285 -101.758 1260.77
v -24.3189 -101.735 1260.38
v -23.655 -101.666 1261.51
v -23.4713 -101.423 1260.74
v -24.3073 -102.212 1262.13
v -23.0942 -101.732 1261.97
v -24.2046 -102.58 1263.81
v -24.3377 -100.461 1206.06
v -23.7615 -99.9896 1206.96
v -24.1939 -100.738 1212.12
v -22.6389 -99.8366 1216.62
v -23.6417 -99.5122 1244.66
v -23.863 -99.9991 1247.28
v -24.3545 -100.628 1249.9
v -23.3707 -100.341 1249.62
v -22.8987 -100.968 1252.68
v -23.8993 -100.467 1256.93
v -23.7407 -100.19 1256.41
v -22.8663 -100.055 1256.52
v -23.5494 -100.444 1257.46
v -22.7415 -100.245 1257.52
v -23.5755 -98.7153 1211.55
v -24.3232 -98.4612 1213.89
v -23.9453 -98.4295 1214.38
v -23.7178 -98.0121 1216.17
v -23.2068 -97.9277 1217.38
v -23.4041 -98.1807 1235.03
v -23.5812 -98.2972 1237.14
v -24.251 -98.0653 1246.32
v -23.8974 -97.9322 1246.1
v -23.2543 -98.4922 1250.45
v -23.4122 -99.2572 1253.67
v -24.1029 -97.2343 1223.4
v -24.1367 -97.1112 1224.87
v -23.7697 -96.6895 1227.9
v -23.1128 -96.6202 1228.86
v -23.5713 -96.4633 1230.13
v -23.2237 -96.5473 1230.88
v -23.8782 -96.4626 1232.4
v -23.5265 -96.4655 1231.5
v -24.0719 -96.5165 1237.52
v -23.8531 -96.759 1238.92
v -23.8391 -96.6097 1238.49
v -23.4214 -96.7179 1238.71
v -23.2381 -96.622 1239.14
v -23.5082 -96.711 1239.94
v -24.1621 -97.1055 1241.61
v -24.0619 -97.1365 1242.11
v -23.6815 -97.1675 1241.92
v -23.4535 -97.1206 1241.73
v -23.4717 -97.0063 1242.11
v -23.6281 -97.048 1242.58
v -23.2689 -97.088 1241.91
v -22.8821 -97.1203 1241.73
v -22.8344 -97.4284 1244.05
v -23.8619 -97.7687 1245.73
v -23.677 -97.5468 1244.73
v -23.5875 -97.7939 1245.89
v -23.48 -97.8712 1246.11
v -23.3625 -97.8198 1246.71
v -22.8651 -97.7906 1246.92
v -22.9432 -97.8855 1247.4
v -21.5059 -157.049 1218.1
v -22.2562 -155.644 1215.35
v -21.9699 -155.8 1214.86
v -21.5679 -156.466 1214.93
v -21.3404 -156.934 1215.47
v -21.0926 -156.881 1214.71
v -21.2296 -156.249 1214.14
v -22.5902 -155.24 1216.32
v -22.0449 -156.121 1215.68
v -21.7098 -156.636 1216.16
v -21.5615 -156.708 1219.65
v -21.4875 -154.063 1212.41
v -21.3294 -154.55 1212.75
v -22.3842 -154.427 1214.27
v -22.5431 -154.375 1222.52
v -22.3917 -154.405 1223.88
v -21.7807 -154.49 1226.16
v -21.056 -155.16 1226.98
v -22.4397 -152.737 1210.91
v -21.6768 -153.682 1212.07
v -21.2809 -153.184 1211.26
v -22.104 -153.601 1212.42
v -22.6185 -153.488 1226.42
v -22.1796 -153.241 1229.01
v -21.9537 -153.131 1229.49
v -21.973 -152.958 1229.78
v -21.3728 -153.608 1229.71
v -21.3174 -152.633 1232.02
v -22.4769 -151.262 1208.5
v -22.4125 -152.028 1209.58
v -21.5349 -151.68 1209.25
v -22.2577 -151.49 1232.67
v -21.7972 -152.298 1231.58
v -22.7584 -150.898 1233.27
v -22.0302 -151.717 1233.08
v -21.5514 -150.849 1236.17
v -21.1879 -151.65 1234.93
v -21.4321 -151.294 1235.31
v -22.6632 -150.332 1207.34
v -22.2943 -149.688 1206.71
v -22.0904 -149.165 1206.12
v -21.5953 -149.241 1206.5
v -22.0844 -150.431 1207.54
v -22.3655 -149.22 1224.69
v -21.8691 -149.173 1224.3
v -22.6698 -149.576 1226.37
v -22.2447 -149.634 1225.56
v -21.7225 -149.674 1225.13
v -21.824 -150.181 1226.77
v -22.6924 -149.594 1229.11
v -22.0883 -150.165 1228.24
v -21.6174 -150.459 1229.55
v -22.1366 -149.875 1230.33
v -21.8518 -149.638 1231.89
v -22.5589 -150.782 1234.24
v -22.6333 -149.972 1236.04
v -22.3596 -150.424 1235.07
v -22.668 -149.883 1236.36
v -22.5326 -149.796 1236.98
v -22.305 -150.043 1236.53
v -21.1051 -150.618 1238.23
v -21.9804 -149.337 1240.88
v -22.6854 -148.132 1205
v -22.5967 -147.572 1204.58
v -22.2709 -148.816 1205.69
v -21.9111 -147.823 1204.9
v -21.693 -148.657 1205.76
v -22.2669 -147.992 1222.79
v -22.3461 -147.452 1222.21
v -21.5323 -147.588 1222.63
v -21.4704 -148.894 1223.88
v -22.2489 -149.063 1240.7
v -21.5034 -147.748 1244.78
v -21.3341 -146.176 1203.78
v -21.1197 -146.08 1203.92
v -21.2083 -146.477 1204.98
v -21.1925 -147.147 1211.73
v -22.0337 -146.554 1240.45
v -21.5103 -146.658 1246.87
v -21.6512 -144.791 1203.95
v -21.5129 -145.704 1203.37
v -21.3444 -144.871 1203.52
v -21.2776 -145.244 1203.12
v -21.2776 -144.927 1202.92
v -21.1479 -145.08 1203.32
v -21.1604 -144.88 1203.12
v -21.8582 -145.068 1205.4
v -22.1293 -145.038 1208.41
v -21.184 -145.668 1213.88
v -22.7555 -145.563 1220.5
v -21.5143 -145.495 1221.37
v -22.4669 -145.442 1242.36
v -22.4692 -144.611 1243.94
v -21.1092 -146.043 1243.42
v -21.3216 -144.742 1245.51
v -20.9772 -145.029 1249.94
v -22.6258 -143.812 1202
v -21.5044 -143.878 1202.16
v -21.4953 -143.49 1201.94
v -21.272 -143.957 1202.3
v -21.2836 -143.879 1202.44
v -21.2166 -143.68 1202.12
v -21.2766 -143.563 1202.26
v -21.2447 -143.48 1202.12
v -21.2708 -142.752 1201.47
v -21.7198 -143.915 1203.67
v -21.6224 -143.242 1202.72
v -22.4403 -143.352 1205.87
v -22.3703 -142.938 1204.54
v -22.4599 -142.867 1205.31
v -22.5825 -143.216 1207.49
v -22.5702 -142.871 1209.24
v -22.0966 -143.72 1211.34
v -21.2492 -143.262 1214.83
v -22.6259 -143.686 1219.28
v -21.8619 -143.08 1219.67
v -22.5753 -143.655 1245.33
v -22.2368 -142.853 1247.07
v -21.8832 -144.321 1249.73
v -22.1774 -142.546 1203.9
v -22.131 -141.749 1203.04
v -22.6102 -142.108 1204.74
v -22.5787 -141.904 1204.51
v -22.559 -141.291 1204.27
v -22.0885 -142.206 1212.16
v -21.539 -139.697 1200.87
v -21.2776 -140.88 1200.32
v -21.1666 -140.88 1200.52
v -21.3693 -140.482 1200.07
v -22.2165 -140.687 1212.02
v -21.7605 -140.627 1213.54
v -21.3891 -139.613 1213.42
v -21.4033 -140.96 1214.45
v -21.1166 -139.68 1213.92
v -22.4778 -139.709 1216.77
v -22.2594 -139.516 1216.74
v -21.9199 -140.169 1217.67
v -21.7041 -140.454 1218.15
v -21.6776 -140.115 1217.72
v -21.6776 -140.151 1217.92
v -21.4779 -140.618 1218.56
v -21.4776 -140.306 1218.12
v -21.4776 -140.341 1218.32
v -21.2776 -140.48 1218.5
v -21.258 -140.818 1219.01
v -21.2776 -140.505 1218.72
v -21.1826 -140.68 1218.92
v -21.9947 -141.031 1253.9
v -21.9236 -140.301 1254.73
v -22.1123 -138.336 1199.1
v -21.2564 -138.055 1198.84
v -22.4834 -138.978 1210.68
v -21.9166 -137.982 1211.96
v -21.679 -138.227 1211.82
v -21.503 -138.68 1212.52
v -21.5733 -139.194 1213.78
v -21.426 -139.08 1212.92
v -21.5857 -138.871 1212.97
v -21.2776 -139.433 1213.52
v -21.2776 -139.28 1213.32
v -22.6795 -139 1215.94
v -22.4792 -138.879 1255.97
v -21.8886 -137.402 1198.77
v -21.5157 -137.085 1200.5
v -22.0356 -137.088 1201.51
v -22.5554 -136.744 1203.38
v -22.6023 -136.415 1207.88
v -22.3034 -137.802 1210.49
v -22.3671 -136.68 1209.25
v -22.2328 -136.919 1209.79
v -21.858 -137.31 1210.73
v -21.8625 -136.609 1210.06
v -22.2342 -136.966 1210.96
v -22.1771 -137.182 1258.73
v -21.6391 -137.856 1258.88
v -22.646 -134.963 1198.63
v -21.4069 -134.844 1198.2
v -21.2151 -136.087 1198.34
v -21.3218 -135.557 1200.31
v -21.2168 -134.837 1200.3
v -22.128 -135.951 1201.99
v -21.6405 -135.01 1201.13
v -22.5086 -135.852 1203.68
v -22.3534 -134.896 1204.08
v -22.6301 -135.694 1204.86
v -22.4817 -135.09 1205.14
v -22.3839 -135.258 1207.03
v -22.153 -135.306 1208.1
v -21.8776 -135.418 1208.72
v -21.8776 -135.28 1208.87
v -22.4487 -135.429 1261.01
v -22.6341 -134.892 1261.79
v -21.6598 -135.41 1262.94
v -21.9301 -133.306 1198.16
v -21.1013 -133.5 1200.69
v -21.9631 -134.476 1202.37
v -21.5579 -133.905 1201.52
v -21.9334 -133.751 1203.58
v -21.6864 -133.274 1202.88
v -22.0394 -133.98 1205.27
v -21.8641 -134.061 1206.91
v -21.6778 -134.671 1208.12
v -21.8938 -134.365 1208.23
v -21.3968 -133.814 1207.45
v -21.8499 -133.59 1259.87
v -21.814 -133.989 1264.89
v -21.3759 -133.05 1201.86
v -21.174 -132.261 1202.49
v -21.4889 -132.726 1203.2
v -21.3672 -132.485 1203.98
v -21.5078 -132.983 1205.46
v -21.3691 -133.029 1206.28
v -21.8519 -132.245 1262.59
v -21.1288 -131.895 1264.29
v -22.4836 -130.74 1197.12
v -22.3753 -130.741 1264.06
v -21.4095 -130.537 1265.59
v -22.455 -131.386 1267.17
v -21.208 -130.321 1269.52
v -22.5557 -128.392 1191.83
v -21.5473 -129.041 1191.95
v -21.7265 -129.264 1193.99
v -21.4278 -129.327 1193.27
v -22.6043 -129.482 1195.54
v -22.6529 -129.118 1269.93
v -22.1989 -127.071 1187.79
v -21.4392 -127.261 1187.3
v -21.2655 -127.666 1187.83
v -21.8264 -128.124 1189.73
v -21.8079 -126.97 1194.35
v -21.7056 -127.115 1195.92
v -21.4392 -127.238 1195.09
v -22.307 -126.773 1196.33
v -21.6726 -126.952 1196.68
v -21.4946 -126.807 1197.14
v -22.3455 -127.41 1268.54
v -21.5907 -128.082 1273.47
v -22.4726 -127.135 1274.89
v -22.0921 -126.824 1276.51
v -21.2571 -126.991 1277.29
v -22.3848 -125.059 1184.52
v -21.6592 -125.291 1184.24
v -22.2981 -126.058 1185.86
v -22.0532 -125.853 1185.24
v -21.2654 -126.627 1185.83
v -21.4815 -126.409 1191.33
v -22.2853 -125.808 1191.56
v -21.878 -126.474 1192.45
v -22.6488 -126.484 1194.65
v -22.6133 -126.615 1195.5
v -22.4416 -126.481 1197.15
v -22.2575 -126.173 1197.97
v -21.8455 -126.026 1198.79
v -21.4466 -126.389 1197.91
v -21.2267 -125.655 1199.74
v -21.5011 -125.107 1201.43
v -21.4537 -125.166 1204.74
v -22.0005 -126.173 1206.1
v -22.2773 -125.795 1205.93
v -22.6935 -126.2 1277.07
v -22.1174 -126.295 1277.7
v -22.4884 -125.652 1278.29
v -22.1896 -125.481 1278.72
v -21.7042 -125.431 1279.07
v -21.4754 -126.315 1278.33
v -21.273 -125.9 1278.92
v -22.6776 -123.697 1183.92
v -22.4301 -124.487 1184.04
v -22.4776 -124.08 1183.77
v -22.4776 -123.865 1183.72
v -22.4776 -123.865 1183.92
v -22.2633 -124.08 1183.72
v -21.6776 -124.68 1183.78
v -21.4776 -124.597 1183.92
v -22.0517 -124.28 1187.09
v -22.435 -124.629 1188.9
v -22.3037 -124.853 1202.66
v -21.4657 -124.943 1203.71
v -22.3123 -125.072 1204.31
v -22.6122 -124.503 1274.61
v -22.1261 -124.207 1276.64
v -22.4876 -124.695 1279.15
v -22.6241 -124.153 1279.38
v -22.0599 -124.706 1279.36
v -22.0704 -124.458 1279.42
v -22.0776 -124.231 1279.32
v -22.2857 -106.234 1186.5
v -22.6884 -106.049 1187.5
v -22.4784 -106.322 1186.73
v -21.8843 -105.952 1186.76
v -22.2776 -105.68 1183.45
v -21.9667 -105.68 1183.52
v -21.6668 -105.044 1183.74
v -22.1025 -104.412 1185.14
v -21.8213 -105.839 1185.76
v -22.0333 -105.361 1188.32
v -22.6806 -105.054 1190.55
v -21.9187 -104.374 1265.81
v -21.8945 -105.102 1272.93
v -22.2776 -105.68 1279.13
v -22.2776 -105.48 1279.19
v -21.7746 -105.255 1278.25
v -21.875 -105.339 1278.92
v -21.8776 -105.225 1279.12
v -21.9462 -104.97 1278.92
v -21.7725 -104.668 1278.64
v -21.4846 -104.904 1279.11
v -21.4776 -105.08 1279.13
v -21.4616 -104.679 1278.92
v -21.2776 -104.904 1279.12
v -21.2325 -104.432 1278.69
v -21.5994 -103.933 1194.37
v -22.7727 -103.866 1197.84
v -22.6183 -103.286 1200.98
v -21.1266 -103.216 1199.15
v -21.9745 -102.729 1203.14
v -22.1783 -103.442 1261.6
v -22.4685 -103.721 1275.15
v -22.1216 -103.787 1276.13
v -21.6579 -103.286 1274.49
v -21.4143 -103.423 1275.89
v -22.198 -104.19 1277.2
v -21.4885 -102.456 1190.17
v -22.6342 -102.603 1191.96
v -21.6297 -102.406 1191.47
v -22.663 -102.343 1193.18
v -22.4416 -102.069 1194.7
v -22.4093 -102.074 1195.33
v -22.3257 -101.912 1196.21
v -22.222 -101.231 1200.93
v -21.8168 -101.407 1199.63
v -21.8955 -101.625 1207.41
v -22.2776 -101.353 1254.58
v -22.3325 -102.368 1257.98
v -21.4518 -102.111 1257.66
v -22.4299 -101.196 1261.15
v -22.6129 -101.736 1262.56
v -22.0437 -101.683 1262.92
v -21.7511 -101.374 1261.91
v -21.5804 -101.413 1262.27
v -21.3832 -101.49 1262.93
v -22.4537 -101.885 1263.65
v -22.3426 -102.098 1264.38
v -21.39 -101.604 1263.56
v -22.7654 -102.689 1266.37
v -21.0642 -100.97 1201.73
v -22.0267 -100.676 1203.67
v -21.6426 -99.684 1207.12
v -21.2211 -100.387 1212.14
v -21.8809 -99.959 1248.52
v -21.5136 -100.558 1251.8
v -22.5265 -100.029 1256.92
v -22.5109 -99.5488 1255.6
v -22.2381 -99.6028 1255.92
v -21.6822 -99.7779 1256.33
v -21.6878 -99.8228 1256.91
v -22.0518 -100.801 1259.71
v -21.9424 -100.403 1258.71
v -21.8966 -100.871 1260.32
v -21.7388 -99.0264 1210.04
v -22.5043 -98.33 1213.5
v -22.5903 -98.2313 1214.72
v -22.5247 -98.3199 1214.16
v -22.1607 -98.0144 1215.32
v -22.6259 -98.2924 1230.07
v -21.6917 -98.2549 1236.51
v -22.527 -98.5052 1239.13
v -21.3935 -98.5392 1239.12
v -21.1662 -99.0155 1242.29
v -22.4145 -99.2011 1243.53
v -21.9698 -98.0364 1248.44
v -22.0147 -98.6399 1252.07
v -21.014 -98.4548 1250.85
v -21.4715 -98.7706 1252.72
v -22.1573 -99.1796 1254.17
v -21.6686 -99.2872 1255.13
v -22.8889 -96.4748 1229.5
v -21.7012 -96.5968 1228.41
v -22.3366 -96.4205 1231.49
v -21.8407 -96.345 1234.9
v -21.6205 -96.4745 1236.36
v -21.6775 -96.4315 1237.34
v -22.3747 -96.6679 1238.43
v -22.5803 -96.6494 1238.74
v -22.1701 -96.6082 1238.88
v -21.3386 -96.6918 1239.53
v -22.6789 -97.0742 1241.53
v -22.6222 -96.9683 1241.92
v -22.419 -97.0441 1241.69
v -21.6612 -96.9041 1241.94
v -22.482 -97.084 1242.87
v -21.9994 -97.385 1244.11
v -21.6417 -97.3399 1243.3
v -22.3247 -97.7333 1245.79
v -22.3829 -97.5381 1245.31
v -22.3653 -97.6706 1245.56
v -22.2321 -97.3721 1244.52
v -21.9828 -97.6671 1245.51
v -22.5681 -97.6866 1246.67
v -22.2808 -97.8007 1246.89
v -22.2015 -97.7931 1247.33
v -21.3656 -97.5921 1246.06
v -19.745 -158.672 1216.62
v -20.2865 -158.666 1219.72
v -19.924 -159.074 1220.14
v -19.8618 -159.124 1219.51
v -19.8099 -159.044 1221.11
v -20.6089 -157.532 1215.17
v -20.4355 -157.339 1214.52
v -19.8985 -157.231 1213.94
v -19.6874 -158.125 1215.12
v -19.6709 -157.649 1214.34
v -20.8465 -157.904 1217.7
v -20.7831 -157.946 1220.17
v -20.8191 -157.878 1219.1
v -20.1761 -158.676 1218.86
v -20.7265 -157.925 1220.97
v -20.3986 -158.483 1220.54
v -20.4864 -158.084 1221.61
v -20.3823 -157.534 1222.99
v -19.9147 -158.668 1221.93
v -20.0223 -157.239 1224.55
v -19.5726 -158.198 1223.78
v -20.1247 -155.807 1212.85
v -19.8668 -156.846 1213.55
v -19.6714 -156.115 1212.92
v -19.6848 -155.657 1212.64
v -20.4935 -156.796 1213.91
v -20.2063 -155.548 1227.77
v -19.8621 -155.856 1227.84
v -21.0669 -154.114 1212.16
v -20.2476 -154.27 1212.05
v -21.0324 -154.174 1228.88
v -20.1389 -153.227 1211.46
v -20.1228 -153.751 1232.2
v -20.0275 -153.368 1232.86
v -20.6784 -152.315 1234.12
v -20.3357 -152.727 1234.07
v -20.2887 -152.631 1234.39
v -19.8921 -153.309 1233.32
v -19.6894 -153.499 1233.52
v -19.5995 -153.219 1234.08
v -20.8009 -152.177 1210.31
v -19.9059 -150.88 1209.92
v -19.5097 -150.894 1215.07
v -19.5159 -150.798 1215.32
v -20.6774 -150.769 1227.13
v -20.2262 -151.156 1227.99
v -19.6761 -151.121 1227.52
v -20.8948 -150.933 1228.33
v -20.0194 -151.438 1229.14
v -20.2944 -151.258 1230.77
v -20.2348 -151.356 1229.94
v -19.6532 -151.295 1232.72
v -20.1462 -152.083 1235.53
v -20.6761 -151.231 1236.7
v -20.5299 -150.923 1239.21
v -20.2555 -151.061 1239.26
v -20.7016 -150.65 1239.74
v -19.9837 -150.353 1210.04
v -20.0522 -149.981 1212.8
v -19.7488 -150.013 1214.71
v -19.8236 -149.703 1215.49
v -19.8441 -149.255 1215.91
v -20.9119 -149.352 1224.53
v -21.0391 -149.807 1225.18
v -20.9618 -150.362 1226.26
v -20.4717 -150.503 1226.35
v -20.2861 -149.844 1225.32
v -19.9017 -150.488 1226.32
v -21.0709 -150.636 1230.99
v -20.5729 -150.486 1232.88
v -21.0474 -150.446 1239.55
v -20.2409 -150.668 1240.18
v -20.1533 -150.449 1240.59
v -20.0164 -150.31 1240.94
v -20.9718 -147.712 1205.28
v -20.7291 -147.88 1205.72
v -20.764 -148.518 1206.55
v -20.7524 -148.156 1206.48
v -20.6837 -149.139 1207.35
v -21.0884 -147.814 1207.9
v -20.5698 -148.989 1207.55
v -21.0346 -148.06 1210.4
v -20.0227 -148.824 1215.08
v -20.1717 -148.13 1215.49
v -20.2262 -148.076 1215.93
v -20.2622 -147.603 1216.34
v -19.9411 -149.069 1215.51
v -20.562 -148.126 1223.65
v -20.6093 -148.953 1224.23
v -21.1067 -146.511 1204.77
v -20.8411 -147.071 1213.8
v -20.7405 -146.474 1214.7
v -20.5922 -147.052 1214.93
v -20.5759 -146.031 1215.81
v -20.508 -146.125 1216.49
v -20.0882 -147.509 1216.72
v -19.9071 -147.14 1217.59
v -20.3737 -147.039 1223.33
v -20.8474 -146.502 1247.82
v -19.8891 -147.298 1247.52
v -19.6423 -147.47 1247.7
v -19.6082 -147.226 1248.37
v -21.1122 -145.451 1203.53
v -21.0776 -145.48 1203.31
v -21.0776 -145.088 1203.12
v -20.553 -145.039 1216.93
v -20.4384 -145.4 1217.08
v -20.2292 -145.285 1217.54
v -20.0082 -144.469 1218.63
v -19.9702 -144.776 1223.43
v -19.7755 -145.751 1245.9
v -19.7526 -145.548 1250.64
v -20.583 -143.936 1216.87
v -20.5169 -144.039 1217.38
v -20.0781 -143.397 1218.47
v -19.9187 -143.129 1219.09
v -20.8656 -143.744 1221.47
v -20.6711 -144.19 1247.3
v -20.6052 -143.795 1251.95
v -20.2817 -142.689 1253.82
v -20.5469 -142.27 1217.12
v -20.3894 -142.753 1217.91
v -20.4406 -142.523 1217.73
v -20.2085 -142.021 1217.68
v -20.0517 -142.702 1218.54
v -19.9979 -141.48 1217.52
v -20.1844 -141.167 1217.49
v -19.6854 -141.68 1218.32
v -19.8394 -141.474 1218.08
v -19.9298 -141.406 1218.39
v -20.7183 -141.423 1220.32
v -19.6413 -141.916 1218.66
v -19.5703 -141.68 1218.72
v -19.918 -141.541 1221.91
v -19.6776 -141.431 1221.92
v -21.0002 -141.9 1250.04
v -19.4321 -142.071 1251.65
v -20.652 -142.699 1253.45
v -20.7794 -141.684 1254.65
v -21.0776 -139.76 1199.72
v -20.8776 -140.08 1199.9
v -20.8776 -139.78 1199.92
v -20.8447 -139.68 1199.72
v -20.6628 -140.752 1215.66
v -20.8563 -140.388 1215.74
v -21.0322 -140.67 1218.76
v -20.4982 -141.08 1220.32
v -21.1057 -140.974 1255.18
v -20.4488 -140.949 1255.92
v -19.6385 -139.817 1258.76
v -20.7813 -138.524 1199.01
v -20.5322 -138.48 1199.12
v -20.6896 -138.257 1198.86
v -20.4776 -138.352 1198.92
v -20.3854 -138.08 1198.92
v -20.8776 -139.331 1199.52
v -20.8229 -139.28 1199.72
v -20.5592 -138.189 1255.29
v -19.7948 -138.772 1259.89
v -21.0768 -137.435 1198.62
v -20.513 -137.701 1198.65
v -20.3363 -137.48 1198.72
v -20.4776 -136.88 1198.48
v -20.4386 -136.686 1198.71
v -20.4776 -136.48 1198.34
v -20.2776 -136.408 1198.52
v -20.9407 -137.143 1199.57
v -20.7341 -136.935 1261.61
v -19.8934 -136.457 1263.6
v -20.5423 -136.09 1198.92
v -20.6841 -135.289 1198.09
v -20.2776 -136.28 1198.25
v -20.3033 -135.908 1198.16
v -20.0776 -136.08 1198.31
v -20.0776 -135.68 1198.07
v -20.0886 -135.671 1198.33
v -21.0741 -136.105 1199.77
v -20.9699 -135.282 1199.72
v -20.1992 -135.46 1259.89
v -20.019 -133.763 1197.69
v -19.6776 -134.08 1197.86
v -20.4577 -133.902 1199.26
v -20.1143 -134.69 1197.95
v -19.8447 -134.68 1198.12
v -19.5791 -133.88 1197.92
v -20.4294 -133.977 1262.22
v -20.5441 -133.303 1263.15
v -20.0705 -133.165 1263.94
v -20.4575 -131.624 1196.69
v -19.6666 -132.485 1198.52
v -19.6448 -131.709 1198.93
v -20.3717 -132.675 1199.68
v -20.2233 -131.717 1200.14
v -21.0078 -131.795 1203.25
v -21.0776 -132.68 1206.7
v -20.8776 -132.361 1206.12
v -20.9275 -131.651 1268.17
v -20.1068 -132.822 1267.57
v -19.8373 -129.931 1193.49
v -21.0312 -130.263 1195.41
v -19.6895 -130.447 1200.33
v -20.4198 -131.351 1201.16
v -20.2713 -130.831 1201.72
v -20.365 -130.866 1204.04
v -20.2325 -131.289 1205.53
v -20.2937 -131.316 1205.76
v -20.163 -130.766 1204.63
v -19.818 -130.58 1205.08
v -19.6602 -130.264 1205.18
v -19.7579 -130.453 1267.05
v -19.5824 -130.213 1270.74
v -20.1734 -128.835 1189.3
v -20.4707 -129.542 1192.02
v -20.2391 -129.81 1193.1
v -20.2537 -129.843 1193.77
v -20.6036 -128.617 1268.66
v -20.9468 -129.137 1271.65
v -19.6354 -129.31 1272.4
v -20.3 -127.938 1187.46
v -20.6566 -126.764 1190.72
v -19.8723 -127.292 1191.14
v -19.7139 -127.098 1190.26
v -21.0693 -126.875 1191.95
v -20.4698 -127.286 1192.35
v -20.3063 -127.468 1193.09
v -20.6047 -127.499 1194.46
v -21.0949 -127.321 1195.92
v -20.6627 -127.464 1195.31
v -20.6423 -127.384 1195.93
v -19.8384 -127.641 1194.65
v -19.8745 -127.527 1195.51
v -20.8845 -127.117 1196.68
v -20.684 -126.898 1197.13
v -19.9313 -127.25 1196.33
v -19.8721 -126.861 1196.98
v -21.0957 -126.761 1271.36
v -19.6211 -127.149 1272.16
v -21.1637 -127.375 1276.38
v -20.3186 -127.699 1276.49
v -21.0862 -126.783 1277.92
v -20.4866 -126.823 1278.32
v -20.2614 -127.162 1277.88
v -19.8425 -127.07 1278.33
v -19.8802 -126.751 1278.73
v -20.617 -126.242 1184.74
v -20.2776 -125.68 1183.91
v -19.779 -126.066 1184.1
v -19.8776 -125.527 1183.92
v -19.5185 -125.68 1183.72
v -20.0167 -125.495 1186.96
v -20.6963 -125.97 1188.81
v -20.8869 -126.22 1198.37
v -20.655 -126.382 1197.87
v -19.861 -126.152 1197.92
v -20.4531 -125.572 1199.5
v -20.5062 -125.545 1205.47
v -20.6768 -125.106 1205.08
v -20.7267 -125.293 1205.41
v -21.0539 -125.344 1275.57
v -20.2169 -125.737 1275.76
v -19.9998 -125.453 1276.93
v -21.1092 -125.291 1279.38
v -20.6053 -126.453 1278.73
v -20.4194 -125.898 1279.27
v -20.073 -126.297 1279.1
v -19.9071 -125.478 1279.17
v -20.0241 -125.606 1279.45
v -19.6808 -125.871 1279.42
v -20.8594 -125.084 1183.79
v -21.108 -124.892 1202.54
v -20.3055 -124.763 1201.84
v -19.7999 -124.56 1201.44
v -19.7631 -124.345 1202.26
v -20.6755 -124.778 1203.46
v -19.7642 -124.267 1203.46
v -20.6246 -124.833 1204.32
v -19.8725 -124.773 1205.09
v -19.6481 -124.963 1205.16
v -21.0776 -105.08 1183.39
v -20.8776 -104.88 1183.44
v -20.6776 -104.88 1183.36
v -20.4776 -104.68 1183.41
v -20.0776 -104.48 1183.4
v -19.8776 -104.478 1183.32
v -19.6776 -104.48 1183.39
v -20.8534 -105.08 1183.52
v -20.5142 -104.421 1183.74
v -20.0776 -104.672 1183.52
v -20.0487 -104.953 1185.6
v -19.6813 -104.967 1186.5
v -20.1954 -105.134 1186.74
v -20.0246 -104.637 1187.91
v -21.0836 -104.592 1189.5
v -20.5582 -104.481 1269.56
v -19.9591 -104.294 1269.6
v -20.9207 -104.498 1271.08
v -20.2776 -104.326 1269.97
v -21.0776 -104.68 1279.09
v -20.8776 -104.726 1278.92
v -20.8776 -104.48 1278.97
v -20.698 -104.625 1278.87
v -20.7064 -104.354 1278.92
v -20.6776 -104.48 1279.06
v -20.4754 -104.48 1278.92
v -19.8776 -104.28 1183.49
v -19.6795 -103.661 1184.38
v -20.6923 -103.054 1186.76
v -20.7677 -104.219 1190.71
v -20.0235 -104.134 1189.82
v -20.0849 -104.045 1270.54
v -19.8385 -104.033 1269.95
v -20.0438 -103.908 1271.82
v -20.9912 -103.586 1276.97
v -20.0037 -103.059 1276.38
v -20.5353 -104.28 1278.92
v -20.4443 -103.896 1278.29
v -20.2313 -104.28 1278.92
v -20.2776 -104.08 1278.77
v -20.1157 -104.236 1277.83
v -20.0776 -104.225 1278.72
v -19.876 -104.164 1278.69
v -19.8776 -104.105 1278.92
v -19.8776 -103.88 1278.74
v -19.5864 -104.049 1278.34
v -19.6776 -104.08 1278.75
v -20.9567 -102.546 1188.79
v -20.2131 -102.021 1190.58
v -20.3048 -102.017 1191.35
v -20.043 -102.043 1189.87
v -20.9479 -102.048 1191.96
v -20.2631 -101.749 1192.85
v -20.0142 -101.795 1191.91
v -20.89 -101.553 1196.09
v -20.6669 -101.628 1195.17
v -20.1272 -102.549 1202.79
v -19.1888 -101.227 1208.01
v -21.0447 -101.424 1262.5
v -19.5503 -101.386 1263.67
v -20.8748 -101.957 1265.7
v -20.809 -102.456 1269.01
v -19.885 -102.595 1273.8
v -20.6451 -99.7093 1247.28
v -20.7352 -100.959 1253.81
v -21.1394 -99.5554 1255.93
v -20.8253 -99.6385 1256.08
v -20.6132 -99.5546 1256.49
v -20.9947 -99.8151 1257.16
v -20.0417 -100.063 1258.5
v -20.8736 -100.549 1259.51
v -20.8347 -100.588 1259.97
v -19.6959 -100.361 1259.31
v -21.0865 -100.828 1260.88
v -20.603 -101.066 1261.48
v -19.8036 -100.561 1260.48
v -19.718 -100.999 1261.74
v -19.5563 -101.085 1262.12
v -20.4065 -98.4821 1211.66
v -20.2294 -98.1127 1215.08
v -20.8794 -98.1677 1233.88
v -19.585 -98.6569 1238.93
v -19.9469 -99.4809 1245.44
v -20.731 -98.0772 1249.49
v -20.375 -98.1602 1249.73
v -20.6475 -98.5229 1251.92
v -20.477 -98.4205 1251.35
v -21.159 -98.7714 1253.33
v -20.9496 -98.685 1252.92
v -20.6659 -98.9118 1253.74
v -20.395 -98.6509 1252.48
v -20.306 -98.6589 1253.08
v -19.9765 -98.8349 1253.5
v -20.3171 -99.0306 1254.72
v -19.6948 -99.1948 1255.31
v -19.5886 -98.9204 1254.24
v -20.8733 -99.2971 1255.52
v -19.7431 -99.3418 1255.54
v -19.8837 -97.8275 1216.27
v -19.5854 -97.2531 1221.9
v -21.0138 -96.9319 1224.91
v -21.2599 -96.9863 1225.31
v -21.1572 -96.9728 1225.53
v -20.7084 -96.8078 1225.95
v -20.4857 -96.9715 1225.3
v -20.2776 -96.9811 1225.52
v -20.943 -96.5956 1227.18
v -19.8716 -96.5234 1229.24
v -20.3735 -96.3947 1230.08
v -20.7987 -96.5636 1237.7
v -20.1042 -96.5457 1236.28
v -19.6488 -96.8332 1239.72
v -21.1311 -96.924 1241.55
v -20.6308 -96.9258 1241.64
v -20.9303 -96.9596 1242.15
v -20.5535 -97.0186 1241.14
v -19.7884 -97.1633 1242.27
v -21.0641 -97.1171 1242.71
v -20.8298 -97.4118 1243.52
v -20.584 -97.3029 1244.09
v -20.3122 -97.3529 1243.67
v -20.1192 -97.3606 1242.76
v -19.9713 -97.4311 1243.09
v -19.8276 -97.3846 1242.91
v -20.6268 -97.4965 1244.9
v -20.3612 -97.6539 1245.17
v -19.9496 -97.5629 1245.51
v -19.7134 -97.6869 1244.96
v -19.6349 -97.4951 1245.66
v -20.3735 -97.6755 1246.55
v -20.2357 -97.5472 1246.15
v -20.1975 -97.6768 1246.77
v -19.934 -97.6454 1246.34
v -19.9318 -97.4728 1245.93
v -19.6156 -97.8311 1247.26
v -18.0771 -160.307 1220.15
v -18.8599 -158.79 1215.79
v -18.2844 -158.906 1215.89
v -18.7333 -159.521 1217.47
v -18.2777 -159.744 1217.69
v -19.4489 -159.505 1219.76
v -19.1177 -159.622 1218.76
v -18.6984 -160.005 1219.86
v -18.4431 -159.98 1218.76
v -19.4748 -159.437 1220.7
v -19.2484 -159.444 1221.57
v -18.842 -159.922 1220.57
v -19.4552 -158.706 1222.82
v -18.8954 -159.187 1223.07
v -18.4859 -159.824 1222.33
v -18.2764 -159.603 1223.09
v -18.1624 -159.641 1223.35
v -18.1499 -160.177 1221.88
v -18.0736 -160.085 1222.32
v -18.851 -158.82 1223.72
v -18.4553 -159.246 1223.76
v -18.0605 -159.591 1223.72
v -19.4716 -157.283 1213.85
v -19.2629 -158.176 1214.92
v -19.0714 -157.791 1214.36
v -18.8714 -157.387 1213.95
v -18.6918 -158.411 1215.14
v -18.2931 -158.342 1215.1
v -18.0724 -157.46 1214.33
v -19.4858 -158.616 1215.94
v -19.102 -158.376 1224.12
v -18.764 -158.352 1224.86
v -18.6957 -157.824 1226.37
v -18.5675 -157.808 1226.57
v -18.4784 -158.342 1225.8
v -18.1713 -158.487 1225.91
v -18.2776 -158.265 1226.12
v -18.2186 -158.299 1226.32
v -18.432 -158.022 1226.75
v -18.386 -157.441 1228.22
v -17.9568 -157.283 1229.42
v -19.2889 -156.86 1213.46
v -19.276 -156.132 1212.93
v -18.8576 -156.858 1213.52
v -18.7979 -155.873 1212.96
v -18.2411 -156.637 1213.66
v -19.2569 -155.347 1212.56
v -18.5974 -154.636 1232.96
v -18.4921 -155.241 1231.98
v -19.1923 -154.117 1233.1
v -19.2914 -153.941 1233.34
v -19.045 -154.05 1233.34
v -18.8688 -154.049 1233.53
v -18.0454 -154.782 1233.85
v -18.2196 -154.064 1235.53
v -18.9166 -152.48 1211.72
v -18.6719 -152.786 1212.23
v -18.408 -153.188 1213.7
v -18.7463 -152.644 1214.94
v -18.679 -152.907 1214.31
v -18.2335 -153.697 1214.33
v -18.2704 -153.353 1215.13
v -18.648 -152.494 1215.97
v -18.0112 -153.736 1215.78
v -19.4659 -153.567 1233.69
v -19.345 -152.953 1235.11
v -19.1416 -152.969 1235.78
v -19.1929 -152.706 1236.94
v -18.2517 -153.29 1237.16
v -19.4776 -151.68 1210.87
v -19.5107 -151.421 1210.95
v -19.2776 -152.08 1211.19
v -19.2776 -151.837 1211.12
v -19.3076 -151.663 1211.55
v -19.279 -151.492 1215.09
v -19.2871 -151.414 1214.16
v -19.0048 -152.251 1214.51
v -18.9917 -152.082 1213.87
v -19.2231 -151.101 1215.78
v -19.0384 -150.94 1217.09
v -18.471 -150.985 1219.15
v -19.3972 -150.923 1227.14
v -18.6971 -151.842 1229.35
v -18.2629 -151.544 1228.6
v -18.7415 -152.025 1230.5
v -18.6972 -152.035 1231.9
v -18.2581 -151.928 1234.08
v -18.3711 -151.326 1235.77
v -18.5401 -152.199 1238.94
v -19.1048 -151.281 1239.92
v -18.6531 -151.541 1240.11
v -18.3832 -151.302 1241.68
v -19.1892 -150.364 1226.44
v -18.1663 -150.698 1227.48
v -19.6787 -149.894 1236.54
v -19.6846 -150.344 1241.69
v -19.1556 -149.534 1244.76
v -18.6068 -149.169 1245.84
v -18.2172 -149.855 1245.24
v -17.8956 -149.777 1245.44
v -19.569 -148.638 1245.92
v -18.6601 -148.816 1246.33
v -18.4612 -149.008 1246.69
v -18.2533 -149.049 1246.96
v -19.2194 -146.691 1220.03
v -18.0691 -146.479 1222.51
v -19.4032 -146.009 1224.55
v -18.6597 -146.982 1225.7
v -19.4194 -145.791 1219.65
v -18.8613 -144.691 1221.53
v -17.9276 -145.383 1223.52
v -17.9809 -145.554 1248.34
v -19.3053 -144.266 1252.85
v -18.156 -144.794 1253.04
v -19.3878 -142.914 1220.24
v -19.1929 -143.483 1221
v -19.0985 -143.084 1221.17
v -18.8744 -142.801 1221.23
v -18.8206 -143.328 1221.89
v -18.4334 -143.066 1222.46
v -18.4499 -143.647 1222.54
v -17.9346 -143.545 1223.86
v -18.3194 -143.997 1226.5
v -18.6058 -143.026 1254.86
v -19.2887 -141.88 1219.32
v -19.0885 -142.08 1219.92
v -19.3067 -141.829 1219.93
v -18.8564 -142.194 1220.59
v -18.8776 -142.08 1220.4
v -18.8776 -142.056 1220.52
v -18.42 -142.259 1221.52
v -19.4847 -141.745 1223.01
v -19.2776 -141.509 1222.92
v -18.2477 -142.499 1222.13
v -18.0776 -142.269 1222.52
v -18.7751 -141.921 1224.72
v -18.6601 -141.492 1224.5
v -18.1553 -142.691 1226.44
v -18.6339 -141.962 1256.63
v -18.803 -141.237 1257.63
v -17.9713 -139.48 1256.82
v -19.0735 -137.959 1257.86
v -18.7942 -138.368 1261.58
v -18.9286 -136.205 1260.61
v -19.1692 -134.787 1262.72
v -18.6215 -135.327 1262.49
v -18.9478 -135.745 1265.62
v -18.6393 -135.071 1266.56
v -18.0956 -136.073 1265.9
v -19.1482 -133.206 1264.8
v -18.874 -134.317 1263.73
v -18.287 -133.79 1264.86
v -19.0391 -131.846 1197.87
v -18.9043 -132.025 1196.45
v -18.5504 -132.611 1196.79
v -18.0776 -132.162 1196.32
v -17.976 -132.08 1196.52
v -18.2784 -132.91 1265.73
v -19.0832 -130.096 1192.34
v -18.0349 -130.251 1192.11
v -19.2604 -130.143 1193.11
v -18.8878 -130.505 1194.13
v -18.7859 -130.248 1193.51
v -18.999 -130.795 1195
v -18.3426 -130.864 1197.5
v -19.025 -130.48 1198.76
v -18.2883 -130.067 1268.26
v -18.899 -131.684 1269.34
v -18.7017 -128.348 1187.2
v -18.1032 -129.172 1188.58
v -18.7284 -129.786 1191.13
v -18.2673 -129.65 1189.94
v -18.173 -129.59 1198.1
v -18.1727 -128.717 1198.93
v -18.6863 -128.933 1199.87
v -18.7043 -128.552 1200.73
v -19.3732 -129.283 1202.3
v -18.7562 -128.7 1203.97
v -18.9322 -129.28 1204.52
v -18.8776 -129.08 1204.65
v -18.6723 -128.805 1269.64
v -18.031 -126.84 1184.35
v -19.5135 -127.408 1185.94
v -19.0459 -127.079 1185.12
v -18.0908 -127.856 1185.97
v -19.1118 -126.826 1189.06
v -18.042 -127.394 1189.65
v -19.0475 -127.374 1190.31
v -18.8697 -127.637 1191.1
v -18.2584 -127.815 1191.31
v -19.1103 -127.698 1191.92
v -19.1382 -127.769 1192.81
v -18.663 -127.823 1193.3
v -18.9453 -127.665 1194.59
v -19.0515 -127.265 1195.91
v -18.2733 -126.915 1195.95
v -17.9117 -127.477 1194.59
v -18.324 -127.791 1201.33
v -18.1291 -128.08 1204.12
v -18.3983 -127.992 1204.41
v -18.8715 -126.924 1273.57
v -19.0652 -127.799 1277.28
v -18.4333 -127.752 1277.73
v -18.0047 -128.18 1276.88
v -19.2624 -127.37 1278.11
v -19.0408 -126.996 1278.71
v -18.4541 -127.414 1278.32
v -19.4776 -125.88 1183.82
v -19.4547 -125.644 1184.13
v -19.2776 -125.707 1183.92
v -19.0948 -126.638 1184.5
v -19.0776 -125.88 1183.74
v -18.8776 -125.831 1183.92
v -18.5126 -126.08 1183.72
v -18.2776 -126.28 1183.83
v -18.2143 -126.08 1183.72
v -18.2838 -126.031 1184.04
v -18.0776 -126.108 1183.92
v -18.0764 -126.118 1186.67
v -18.9137 -126.68 1196.74
v -18.3145 -126.178 1196.93
v -19.3663 -125.101 1199.13
v -19.133 -126.277 1275.43
v -18.1107 -126.12 1276.8
v -19.2785 -125.71 1279.25
v -19.505 -125.686 1279.38
v -19.2814 -126.298 1279.28
v -19.3272 -126.066 1279.4
v -19.2796 -125.88 1279.46
v -19.0601 -126.08 1279.42
v -18.8783 -125.893 1279.38
v -18.6633 -126.28 1279.38
v -18.4776 -126.08 1279.46
v -18.2776 -126.28 1279.4
v -18.2776 -126.031 1279.32
v -18.0238 -126.107 1279.04
v -18.0776 -126.143 1279.32
v -18.6776 -124.08 1204.9
v -18.7713 -123.836 1204.66
v -18.2548 -123.24 1201.02
v -17.971 -122.725 1202.12
v -17.8625 -122.619 1202.91
v -18.2031 -123.4 1204.68
v -19.0776 -104.31 1183.32
v -19.3595 -104.463 1183.59
v -19.1022 -104.791 1186.54
v -18.1075 -104.496 1186.26
v -19.5255 -104.892 1186.76
v -19.4776 -104.28 1183.31
v -19.0809 -104.08 1183.32
v -18.8776 -104.08 1183.25
v -18.4923 -104.072 1183.26
v -18.4926 -103.883 1183.31
v -18.2362 -103.874 1183.26
v -18.1118 -104.037 1183.33
v -19.0785 -103.908 1183.52
v -18.0343 -104.279 1184.93
v -18.0921 -104.096 1183.57
v -18.1234 -103.549 1183.57
v -19.2863 -102.97 1185.58
v -18.4855 -103.989 1188.39
v -18.6494 -103.606 1190.58
v -18.762 -102.84 1199.53
v -19.387 -102.995 1261.71
v -18.5527 -103.489 1264.82
v -19.514 -103.762 1265.84
v -19.2797 -103.888 1269.77
v -18.865 -103.677 1269.66
v -18.6237 -103.475 1269.59
v -18.4776 -103.894 1269.32
v -18.3393 -103.68 1269.32
v -18.4561 -103.238 1269.7
v -18.0776 -103.828 1268.92
v -19.4773 -103.705 1270.52
v -19.2294 -103.688 1269.91
v -19.2925 -103.634 1270.11
v -18.8714 -103.384 1269.94
v -18.7205 -103.33 1270.91
v -18.0659 -103.065 1269.98
v -18.0916 -103.189 1272.4
v -19.4776 -103.88 1278.97
v -19.2776 -103.95 1278.92
v -19.2776 -103.625 1278.72
v -19.0548 -103.88 1278.72
v -19.0776 -103.686 1278.92
v -18.8776 -103.766 1278.92
v -18.8567 -103.47 1278.7
v -18.7281 -103.131 1277.9
v -18.4776 -103.481 1278.9
v -18.2782 -103.221 1278.53
v -19.0214 -102.428 1186.88
v -18.4224 -101.864 1188.5
v -18.4014 -101.581 1190.28
v -18.2351 -101.532 1191.27
v -19.2894 -101.704 1191.49
v -19.471 -101.477 1194.01
v -19.5077 -101.395 1195.32
v -19.1921 -101.367 1195.69
v -18.9642 -101.287 1195.09
v -18.4222 -101.676 1256.91
v -19.2507 -101.925 1267.76
v -19.4472 -102.673 1275.35
v -18.1226 -101.046 1197.35
v -18.3003 -100.96 1199.87
v -18.8343 -99.5368 1207.33
v -18.3956 -99.6498 1206.48
v -18.6778 -99.7105 1246.38
v -19.4892 -100.475 1251.7
v -18.5974 -99.5735 1256.82
v -18.4476 -99.7986 1257.92
v -19.5694 -100.376 1259.72
v -18.6333 -100.267 1259.36
v -18.0869 -100.703 1260.67
v -19.3492 -101.08 1262.42
v -18.4934 -100.962 1261.95
v -18.8039 -99.2187 1208.51
v -18.1403 -98.3315 1212.02
v -18.7322 -98.1218 1213.42
v -18.5941 -98.0083 1214.44
v -18.5266 -98.3016 1234.14
v -19.2232 -99.3619 1243.6
v -19.3336 -98.0762 1249.21
v -18.5288 -98.2825 1249.58
v -18.1805 -98.3889 1250.96
v -18.5764 -98.598 1252.29
v -17.9765 -98.8711 1253.75
v -18.7366 -99.1072 1254.89
v -18.4412 -99.2752 1255.17
v -19.5455 -99.4283 1255.76
v -19.2408 -99.3786 1255.51
v -18.8168 -99.2965 1255.92
v -18.6294 -99.3499 1255.52
v -18.7563 -99.3691 1256.35
v -18.4265 -99.2868 1255.7
v -18.2007 -99.2594 1255.91
v -18.2442 -97.7294 1216.4
v -18.1102 -97.8234 1216.13
v -19.1495 -97.707 1217.71
v -18.3644 -97.3121 1220.16
v -19.2333 -96.8054 1224.8
v -18.8765 -96.8241 1225.3
v -18.6885 -96.381 1229.79
v -18.1166 -96.4607 1228.42
v -19.6187 -96.5008 1230.74
v -18.9394 -96.4017 1230.5
v -18.6929 -96.3509 1230.16
v -18.3136 -96.4016 1230.73
v -18.3887 -96.4612 1231.46
v -18.9364 -96.4479 1234.78
v -18.2222 -96.7048 1235.92
v -18.8497 -96.6562 1237.06
v -18.9492 -96.7579 1237.64
v -18.0137 -96.9731 1239.17
v -19.1503 -97.0907 1240.47
v -19.3888 -97.4301 1242.91
v -18.8427 -97.4326 1242.68
v -19.4068 -97.6466 1244.71
v -19.2671 -97.6826 1244.93
v -18.1026 -97.7606 1244.54
v -19.4533 -97.527 1245.92
v -18.6191 -97.7188 1246.3
v -17.6635 -160.396 1219.74
v -17.7153 -160.419 1221.69
v -17.0695 -160.651 1221.12
v -16.9138 -160.6 1220.23
v -17.4653 -160.282 1222.72
v -17.2928 -160.385 1222.28
v -16.8423 -160.611 1222.4
v -16.7095 -160.332 1223.71
v -17.8417 -159.399 1216.82
v -17.8768 -158.871 1215.92
v -17.2607 -159.083 1216.57
v -17.5129 -160.226 1218.88
v -16.8618 -160.25 1218.97
v -16.5329 -160.013 1218.61
v -17.7099 -160.091 1222.69
v -17.7456 -160.048 1223.12
v -17.4555 -160.212 1223.15
v -17.3405 -159.831 1224.1
v -17.129 -159.885 1224.55
v -16.6647 -160.249 1224.3
v -16.6766 -160.135 1224.51
v -16.6582 -160.04 1224.76
v -16.4539 -160.265 1224.92
v -17.7001 -158.88 1225.72
v -17.7979 -158.795 1226.18
v -17.6313 -159.084 1225.48
v -17.2084 -159.469 1225.75
v -17.6632 -158.302 1215.34
v -16.9192 -158.355 1216.06
v -17.3154 -156.502 1214.26
v -17.0961 -157.109 1214.86
v -16.7073 -156.288 1214.64
v -16.5572 -156.08 1214.72
v -16.6876 -155.883 1214.94
v -16.351 -156.48 1215.12
v -16.4362 -156.28 1214.92
v -16.4456 -156.239 1215.35
v -16.6934 -155.738 1216.13
v -16.3938 -156.159 1216.74
v -16.5982 -155.874 1217.07
v -16.4777 -155.991 1217.73
v -16.5635 -156.194 1234.16
v -17.6541 -154.48 1213.12
v -17.3283 -155.522 1213.74
v -17.4072 -154.88 1213.52
v -17.4974 -154.806 1213.74
v -17.2784 -155.189 1213.72
v -17.4964 -154.638 1214.91
v -17.1572 -155.48 1213.92
v -17.18 -155.144 1215.5
v -17.2049 -154.898 1216.4
v -17.6522 -153.384 1218.48
v -17.0371 -152.444 1231.14
v -17.7831 -152.411 1232.85
v -17.4892 -152.508 1231.75
v -17.0903 -152.526 1234.55
v -16.3257 -152.867 1234.64
v -17.655 -152.728 1238.83
v -17.3771 -151.559 1221.67
v -16.3337 -151.418 1223.82
v -17.4199 -152.007 1235.79
v -17.2581 -151.031 1238.63
v -17.8692 -151.267 1242.89
v -17.6375 -151.136 1243.5
v -16.8294 -151.549 1243.48
v -17.1504 -151.098 1244.11
v -16.5835 -151.059 1244.55
v -16.3855 -151.173 1245.05
v -16.528 -150.824 1245.55
v -17.8468 -150.366 1221.43
v -17.4927 -150.27 1222.2
v -17.1422 -150.01 1223.14
v -16.6594 -149.416 1224.11
v -17.9267 -150.132 1227.21
v -17.4351 -149.434 1227.45
v -17.6824 -149.879 1245.57
v -17.9121 -149.653 1245.96
v -17.6731 -149.655 1246.52
v -17.4238 -150.115 1245.92
v -17.2099 -149.834 1246.64
v -16.8576 -149.509 1247.85
v -17.7913 -147.908 1222.73
v -16.4485 -148.349 1228.64
v -16.718 -148.935 1248.91
v -17.997 -147.851 1249.31
v -17.1899 -147.926 1249.78
v -16.8566 -148.113 1249.9
v -16.3165 -148.628 1249.77
v -17.6159 -147.005 1223.28
v -16.3784 -146.405 1225.85
v -17.1666 -147.355 1250.79
v -16.1473 -144.753 1226.82
v -16.7584 -145.575 1253.4
v -16.6355 -144.444 1255.09
v -16.7437 -143.293 1226.04
v -17.1394 -143.057 1228.4
v -16.9749 -144.385 1228.7
v -17.1263 -144.242 1254.73
v -17.5279 -143.265 1255.73
v -17.6832 -142.734 1256.34
v -16.9828 -142.849 1256.87
v -17.7929 -142.252 1223.42
v -17.6743 -142.479 1223.31
v -17.8917 -141.449 1225.89
v -16.8732 -142.226 1225.17
v -16.5911 -142.516 1225.52
v -17.4671 -141.513 1226.98
v -17.2096 -141.331 1227.02
v -16.8375 -142.185 1228.61
v -16.7178 -142.078 1257.93
v -16.5245 -139.306 1258.1
v -16.616 -139.024 1261.86
v -17.4342 -137.627 1259.82
v -17.9233 -136.899 1264.89
v -16.902 -137.511 1264.56
v -16.8858 -136.768 1265.67
v -17.6644 -135.406 1263.21
v -16.6847 -135.759 1263.29
v -17.9092 -134.803 1263.9
v -17.3411 -135.072 1263.93
v -16.6851 -134.899 1264.46
v -17.3441 -136.242 1266.11
v -16.6005 -136.295 1266.29
v -17.2754 -135.189 1267.09
v -17.4853 -134.342 1264.74
v -17.4511 -133.195 1265.87
v -16.7008 -134.223 1265.18
v -16.4967 -133.68 1268.36
v -17.0776 -131.665 1195.52
v -17.1284 -131.585 1195.76
v -17.7979 -132.08 1196.32
v -16.7503 -131.693 1270.11
v -17.6009 -130.071 1191.28
v -17.4043 -129.928 1190.33
v -17.9027 -130.475 1192.92
v -17.8885 -130.476 1193.24
v -17.1097 -130.644 1193.47
v -17.3192 -131.139 1196.14
v -16.7804 -131.452 1195.17
v -16.5791 -131.48 1195.32
v -16.2573 -131.245 1195.11
v -17.5913 -131.331 1267.39
v -16.6708 -131.29 1267.68
v -17.5351 -130.232 1271.88
v -16.6769 -129.191 1188.17
v -17.1825 -129.766 1189.68
v -17.2795 -129.5 1196.95
v -16.7296 -129.748 1269.3
v -16.5282 -128.44 1271.32
v -17.0722 -129.32 1273.9
v -17.0687 -127.461 1184.92
v -17.7242 -127.467 1185.13
v -17.2485 -127.836 1185.59
v -16.6961 -127.571 1189.51
v -17.8718 -127.7 1190.36
v -17.1384 -127.943 1191.14
v -16.8569 -127.889 1190.66
v -16.4277 -127.952 1191.09
v -17.941 -127.904 1191.79
v -17.1196 -127.941 1192.14
v -17.6544 -127.137 1195.09
v -16.8046 -127.859 1197.57
v -17.2962 -127.689 1198.57
v -17.804 -127.726 1199.55
v -17.6925 -127.094 1200.5
v -17.803 -127.68 1204.12
v -17.9074 -127.49 1203.71
v -17.5916 -127.28 1203.92
v -17.8893 -126.932 1204.24
v -16.4173 -127.537 1273.15
v -17.1007 -128.018 1277.54
v -16.7139 -128.261 1277.01
v -16.2914 -128.08 1277.51
v -17.4593 -127.575 1278.3
v -17.5127 -127.252 1278.73
v -16.4919 -127.36 1278.71
v -17.4482 -126.569 1183.93
v -17.3298 -126.279 1183.7
v -16.8625 -126.488 1183.77
v -16.8257 -126.279 1183.72
v -16.4961 -126.332 1186.6
v -16.5126 -126.476 1187.1
v -17.2205 -126.406 1195.69
v -17.0656 -125.595 1196.43
v -16.9795 -126.705 1199.38
v -16.3482 -125.794 1199.24
v -16.6989 -125.886 1200.32
v -17.251 -126.294 1201.12
v -16.9683 -125.86 1202.19
v -17.0724 -126.47 1203.72
v -17.0578 -126.496 1203.91
v -16.8971 -126.251 1203.72
v -16.6344 -125.826 1203.84
v -16.6877 -125.694 1203.35
v -17.9043 -126.66 1279.23
v -17.6776 -126.28 1279.44
v -17.0776 -126.48 1279.43
v -16.6358 -126.721 1279.29
v -16.6776 -126.318 1279.32
v -16.4846 -126.479 1279.45
v -16.7837 -123.502 1198.26
v -17.0232 -122.1 1201.3
v -17.8857 -122.816 1203.92
v -16.7703 -121.848 1203.31
v -17.5137 -122.989 1204.71
v -17.9093 -104.317 1186.8
v -17.6339 -103.671 1183.27
v -17.4776 -103.88 1183.24
v -17.1031 -103.919 1183.36
v -16.8258 -103.48 1183.25
v -16.6776 -103.68 1183.1
v -17.2468 -103.319 1183.57
v -16.4922 -103.036 1183.85
v -17.4648 -103.848 1187.9
v -17.0617 -104.115 1186.81
v -16.5023 -103.672 1187.93
v -17.1258 -103.474 1189.28
v -16.8396 -103.198 1190.81
v -16.3074 -103.448 1264.89
v -17.8776 -103.68 1268.97
v -17.907 -103.487 1268.97
v -17.813 -103.27 1269.07
v -17.4914 -103.473 1268.94
v -17.07 -103.498 1268.94
v -17.0776 -103.28 1268.93
v -16.6239 -103.669 1268.74
v -16.3383 -103.28 1268.87
v -16.3873 -103.083 1269.12
v -17.8776 -103.28 1278.79
v -17.6776 -103.435 1278.72
v -17.4782 -103.007 1278.44
v -17.0776 -103.375 1278.92
v -17.0776 -103.28 1279.01
v -16.6051 -102.866 1278.45
v -16.6567 -103.013 1278.73
v -16.4776 -103.29 1278.92
v -17.8993 -102.63 1185.43
v -16.4824 -102.396 1185.39
v -17.5965 -101.992 1187.17
v -16.766 -101.383 1189.26
v -16.7873 -101.274 1190.28
v -16.4792 -101.27 1191.32
v -17.8855 -101.375 1191.64
v -17.184 -101.227 1193.13
v -16.9789 -101.662 1256.61
v -17.1206 -101.55 1266.83
v -17.7305 -102.132 1274.11
v -17.763 -102.633 1277.08
v -16.7651 -102.237 1276.24
v -16.4742 -102.365 1277
v -16.3113 -101.091 1192.51
v -16.4611 -101.029 1194.13
v -17.3788 -101.051 1196.13
v -16.568 -99.6288 1206.27
v -17.3864 -100.577 1251.78
v -17.3422 -99.5355 1256.55
v -16.9177 -99.9059 1258.26
v -16.8959 -100.061 1258.57
v -17.5225 -100.47 1260.09
v -17.0258 -100.298 1259.47
v -16.8343 -100.611 1260.19
v -17.3214 -99.4069 1206.94
v -17.0825 -99.4459 1206.71
v -17.0655 -99.3054 1207.74
v -17.2948 -98.8821 1210.01
v -17.5528 -97.9824 1215.3
v -16.3377 -97.9622 1214.69
v -17.1637 -98.9024 1237.86
v -17.1129 -99.4426 1241.9
v -16.8961 -97.8822 1243.93
v -16.7749 -97.9106 1244.16
v -17.4685 -98.0426 1247.02
v -17.2181 -97.9909 1246.29
v -17.0193 -97.911 1245.9
v -16.9368 -98.109 1247.67
v -17.1904 -98.6226 1252.13
v -17.5251 -98.756 1252.65
v -16.5868 -98.8205 1252.71
v -17.6416 -99.1308 1254.71
v -17.1329 -99.298 1255.14
v -16.6303 -99.319 1255.68
v -17.611 -97.8466 1215.73
v -17.0139 -97.6307 1216.32
v -16.9818 -96.7657 1225.7
v -17.0909 -96.6544 1225.3
v -16.5494 -96.5428 1227.14
v -16.7428 -96.5687 1228.76
v -17.8531 -96.4674 1231.1
v -17.5196 -96.3611 1230.7
v -16.7972 -96.5229 1231.11
v -16.8607 -96.3563 1230.66
v -16.592 -96.4207 1230.9
v -16.625 -96.5819 1232.4
v -17.432 -96.8806 1237.12
v -17.9249 -96.9548 1238.32
v -16.6924 -97.2282 1240.15
v -16.6032 -97.281 1240.62
v -17.5094 -97.5154 1241.91
v -16.8599 -97.5577 1242.12
v -17.8181 -97.7218 1244.1
v -17.3778 -97.5627 1242.81
v -17.6839 -97.652 1245.03
v -16.4787 -97.9007 1245.16
v -15.7418 -160.343 1219.88
v -16.2732 -160.675 1220.53
v -15.4508 -160.695 1221.14
v -14.8502 -160.432 1220.93
v -16.2962 -160.563 1223.33
v -15.53 -160.783 1222.1
v -16.2725 -160.514 1223.91
v -16.2827 -160.331 1224.33
v -16.1492 -160.489 1224.5
v -15.8685 -160.691 1224.57
v -15.8716 -160.577 1223.91
v -15.8717 -160.677 1224.35
v -15.7049 -160.72 1223.45
v -15.6407 -160.8 1224.31
v -15.6998 -160.671 1224.04
v -15.4476 -160.816 1223.91
v -15.2967 -160.741 1223.54
v -15.0345 -160.998 1223.99
v -14.9144 -161.103 1224.96
v -14.8711 -160.958 1223.53
v -15.9093 -160.475 1225.66
v -15.086 -160.924 1225.94
v -15.0471 -160.84 1226.74
v -14.7306 -160.687 1228.92
v -14.8318 -160.48 1228.73
v -16.1247 -159.477 1218.13
v -15.9406 -160.211 1226.3
v -15.7799 -160.088 1227.44
v -15.6811 -159.364 1229.39
v -15.0413 -160.225 1229.22
v -15.554 -157.624 1216.94
v -15.5519 -157.42 1217.13
v -15.5564 -157.363 1217.8
v -15.3644 -157.678 1217.31
v -15.3534 -157.677 1217.53
v -15.3018 -157.9 1217.48
v -14.9699 -157.873 1218.19
v -16.1778 -158.571 1230.14
v -15.8994 -158.3 1231.11
v -16.0354 -156.68 1215.72
v -15.7556 -157.015 1216.52
v -16.2471 -156.482 1217.31
v -15.3772 -156.941 1219.57
v -14.8786 -155.814 1222.94
v -14.842 -156.884 1234.84
v -14.5212 -156.681 1235.56
v -16.2441 -155.425 1219.55
v -14.9902 -154.167 1224.5
v -16.083 -154.867 1236.65
v -14.9774 -153.135 1225.11
v -16.1569 -152.283 1231.02
v -15.0519 -152.848 1232.78
v -16.3698 -152.912 1233.47
v -15.5386 -153.09 1233.84
v -15.6779 -153.078 1234.78
v -15.8791 -152.797 1236.1
v -14.7318 -153.258 1235.97
v -15.0011 -153.063 1236.64
v -16.1966 -152.834 1241.58
v -14.9714 -153.766 1241.17
v -15.4014 -152.423 1243.18
v -15.1183 -152.594 1243.25
v -14.9886 -152.323 1225.8
v -16.1971 -152.233 1237.42
v -15.7674 -151.625 1244.86
v -15.8983 -151.276 1245.33
v -15.6934 -151.338 1245.77
v -15.8816 -150.12 1225.28
v -15.7987 -150.782 1225.11
v -15.4831 -150.602 1242.53
v -15.622 -150.527 1247.26
v -16.287 -149.422 1248.51
v -16.3123 -149.06 1248.97
v -15.4298 -150.137 1248.06
v -15.5035 -148.862 1249.99
v -16.0709 -147.74 1251.08
v -15.7651 -147.864 1251.51
v -15.4436 -148.468 1250.69
v -14.9019 -148.949 1250.8
v -14.7062 -148.466 1251.77
v -16.2898 -147.17 1251.63
v -15.8666 -146.735 1253.02
v -15.4568 -146.532 1253.63
v -15.045 -142.895 1228.72
v -14.9911 -144.163 1228.57
v -15.0865 -144.061 1231.42
v -14.9466 -142.875 1231.77
v -15.4675 -143.261 1257.17
v -15.9414 -142.028 1226.81
v -15.8009 -142.309 1226.84
v -15.3887 -142.488 1227.82
v -15.3979 -142.08 1227.32
v -15.0822 -142.08 1227.92
v -15.2811 -141.852 1227.82
v -14.8541 -142.247 1228.55
v -15.4858 -142.748 1231.01
v -15.2024 -141.721 1231.22
v -15.0077 -142.224 1231.66
v -15.809 -141.62 1255.63
v -16.1673 -141.115 1229.08
v -15.9636 -140.932 1229
v -15.7417 -141.084 1229.91
v -15.4456 -140.612 1229.93
v -15.1421 -141.058 1231.01
v -15.1693 -140.521 1230.52
v -15.0464 -140.48 1230.72
v -14.9849 -140.727 1260.29
v -15.2952 -137.917 1260.51
v -15.0462 -139.207 1262.18
v -15.8222 -138.136 1263.88
v -14.8477 -137.87 1264.48
v -15.8694 -137.28 1265.25
v -15.2934 -136.916 1265.77
v -16.2295 -134.779 1264.7
v -15.8454 -135.728 1263.6
v -15.0552 -135.306 1264.12
v -15.0695 -136.11 1266.52
v -15.7063 -135.661 1266.92
v -15.521 -134.33 1265.11
v -16.2779 -134.239 1265.22
v -15.3939 -134.434 1267.76
v -15.4704 -133.347 1268.49
v -15.4002 -132.106 1266.85
v -15.6134 -131.864 1269.94
v -15.2468 -130.249 1190.57
v -15.9281 -130.755 1192.66
v -15.848 -131.035 1193.76
v -15.2776 -131.247 1194.12
v -15.313 -131.061 1194.37
v -15.0495 -131.2 1194.1
v -16.2776 -131.415 1194.92
v -16.0061 -130.124 1195.31
v -15.8776 -131.378 1194.72
v -15.8763 -131.057 1194.88
v -15.8434 -130.655 1268.31
v -15.0182 -130.085 1268.78
v -15.9142 -130.729 1271.53
v -14.9042 -129.868 1189.39
v -15.8563 -129.306 1270.08
v -15.0254 -129.225 1270.07
v -15.2217 -129.717 1273.27
v -15.3973 -128.976 1274.97
v -15.883 -128.363 1276.81
v -14.8395 -128.323 1276.87
v -16.0754 -127.019 1184.15
v -16.0164 -127.923 1185.5
v -15.6999 -127.416 1189.01
v -15.7079 -127.734 1189.93
v -15.5067 -127.868 1191.13
v -15.0661 -127.752 1190.33
v -16.1073 -127.942 1191.53
v -15.9559 -127.827 1192.01
v -15.0187 -127.598 1191.85
v -15.1185 -127.367 1192.4
v -15.7462 -127.994 1196.17
v -15.4387 -128.298 1271.72
v -15.0778 -127.986 1277.71
v -16.2668 -127.77 1278.11
v -14.8972 -127.366 1278.71
v -16.2776 -126.48 1183.68
v -15.7739 -126.671 1183.77
v -15.7319 -126.48 1183.65
v -15.8776 -126.4 1183.72
v -15.8554 -126.399 1186.63
v -15.7703 -126.539 1187.09
v -15.7249 -126.11 1197.65
v -16.0776 -125.103 1203.52
v -15.8838 -126.42 1276.66
v -15.8776 -126.397 1279.32
v -15.3097 -124.944 1198.39
v -16.0387 -124.916 1200.27
v -15.2377 -124.182 1199.62
v -16.0187 -124.776 1201.3
v -15.6592 -124.321 1201.94
v -15.5008 -124.074 1201.32
v -15.8293 -124.68 1203.72
v -14.7281 -122.069 1197.31
v -15.867 -122.446 1198.3
v -15.9184 -121.968 1199.15
v -14.7623 -121.588 1197.96
v -15.8397 -121.47 1204.3
v -14.8776 -121.08 1204.4
v -16.0315 -103.819 1183.53
v -16.0776 -103.68 1183.1
v -15.7223 -103.486 1183.11
v -15.6657 -103.235 1183.36
v -16.1336 -104.163 1186.19
v -16.2749 -103.296 1189.48
v -15.6429 -103.487 1188.38
v -15.3008 -103.095 1190.29
v -15.4365 -102.925 1192.44
v -16.1135 -103.481 1268.89
v -16.1363 -102.746 1269.99
v -15.9994 -102.855 1272.86
v -15.2776 -103.195 1278.92
v -15.295 -103.1 1279.02
v -15.0992 -103.209 1278.36
v -15.1326 -102.836 1278.68
v -15.5002 -102.69 1184.5
v -14.7761 -102.522 1184.92
v -15.4453 -102.196 1185.79
v -16.0459 -101.664 1187.61
v -14.8819 -101.619 1187.62
v -14.9244 -101.557 1188.1
v -16.0524 -101.439 1188.49
v -15.638 -101.252 1189.37
v -16.0096 -101.213 1190.91
v -15.8648 -101.116 1191.52
v -15.5103 -101.128 1193.7
v -14.9556 -101.099 1193.14
v -15.0993 -101.574 1255.25
v -16.3624 -102.581 1259.82
v -16.0705 -101.289 1263.69
v -15.74 -101.953 1275.34
v -14.986 -101.99 1275.92
v -15.865 -102.12 1276.32
v -15.6637 -102.502 1277.74
v -15.1299 -102.28 1277.16
v -15.0879 -101.095 1190.7
v -15.934 -101.084 1191.77
v -14.7921 -101.075 1193.7
v -14.892 -101.002 1193.92
v -15.2377 -100.936 1195.53
v -15.0046 -100.862 1198.5
v -15.7001 -100.8 1200.96
v -15.8403 -99.7921 1205.37
v -15.0552 -99.5586 1206.31
v -16.1136 -100.134 1212.38
v -15.8472 -100.557 1250.57
v -15.5918 -100.799 1251.87
v -14.8201 -99.5433 1255.53
v -16.2598 -100.083 1258.29
v -15.9558 -100.224 1258.52
v -14.9495 -99.9713 1257.38
v -15.8542 -100.563 1259.79
v -15.7893 -100.353 1259.3
v -15.4174 -100.285 1258.9
v -15.8624 -100.878 1260.86
v -15.8762 -100.93 1261.29
v -15.3052 -101.006 1260.93
v -15.0897 -100.924 1260.7
v -14.895 -100.992 1260.92
v -16.2117 -99.3287 1206.93
v -15.4945 -98.1904 1212.11
v -15.6164 -98.2379 1212.7
v -16.069 -98.4874 1232.42
v -15.9515 -98.0048 1243.49
v -16.103 -98.0431 1243.74
v -16.0445 -98.0133 1243.92
v -14.6579 -98.0772 1244.02
v -15.1566 -98.015 1244.55
v -15.9779 -98.3461 1247.9
v -15.9328 -98.4196 1248.6
v -15.4349 -98.4524 1248.06
v -15.1169 -98.7415 1251.25
v -15.8151 -99.3509 1254.91
v -15.0559 -99.4039 1255.11
v -15.1263 -99.2443 1254.22
v -14.7191 -99.4832 1254.69
v -16.1929 -97.4657 1217.28
v -15.6243 -97.0647 1220.1
v -15.585 -97.1035 1219.32
v -14.888 -97.117 1219.54
v -15.7889 -96.8667 1222.17
v -16.1355 -96.5951 1226.18
v -15.4776 -96.6967 1225.92
v -15.814 -96.5691 1226.9
v -15.4451 -96.5682 1227.12
v -15.4097 -96.4619 1228.15
v -15.9537 -96.5401 1229.67
v -15.6135 -96.6637 1231.34
v -15.7345 -96.4562 1229.94
v -15.3422 -96.4672 1230.68
v -15.6762 -96.5799 1232.09
v -15.5331 -96.6819 1232.33
v -15.5941 -96.6648 1233.18
v -15.7777 -97.1551 1237.13
v -14.6256 -97.4612 1237.2
v -15.9397 -97.39 1239.11
v -14.8346 -97.7139 1239.33
v -14.872 -97.4353 1238.08
v -16.2537 -97.3615 1239.85
v -15.2015 -97.4494 1239.89
v -16.139 -97.6635 1241.45
v -16.2007 -97.8351 1243.29
v -16.1993 -97.6544 1242.64
v -14.7285 -160.799 1222.95
v -14.3148 -160.736 1222.64
v -14.0939 -161.066 1223.31
v -13.898 -160.485 1222.27
v -13.6721 -160.877 1222.98
v -13.6664 -160.561 1222.53
v -13.2303 -161.011 1223.38
v -14.4412 -161.159 1223.77
v -13.6771 -161.329 1223.97
v -13.4249 -161.564 1224.79
v -13.4841 -161.16 1223.54
v -14.6776 -161.148 1226.33
v -14.2976 -161.363 1226.08
v -13.7145 -161.571 1225.31
v -13.701 -161.587 1226.33
v -14.4698 -161.012 1227.94
v -14.2825 -161.307 1226.7
v -14.2335 -161.242 1227.16
v -13.8353 -161.451 1226.92
v -13.4919 -161.796 1228.2
v -14.3828 -161.08 1228.55
v -14.4287 -160.695 1229.69
v -14.3053 -161.035 1229.29
v -14.0867 -161.088 1229.52
v -13.8984 -161.405 1229.09
v -13.6946 -161.487 1229.3
v -13.6558 -161.441 1229.77
v -13.2477 -161.806 1229.51
v -14.3462 -160.635 1230.11
v -13.8625 -160.675 1231.05
v -13.2575 -160.377 1232.34
v -14.3707 -159.989 1220.69
v -13.6533 -158.863 1220.52
v -13.5124 -159.235 1220.72
v -13.3447 -159.28 1220.92
v -13.4776 -159.08 1220.5
v -13.4541 -159.08 1220.72
v -13.4692 -159.031 1220.95
v -13.0715 -159.537 1221.68
v -13.1524 -159.103 1221.58
v -14.2776 -158.68 1219.33
v -14.2851 -158.443 1219.53
v -14.1476 -158.211 1220.91
v -13.7142 -158.282 1221.8
v -13.2105 -158.065 1223.66
v -14.2513 -158.671 1233.36
v -14.4169 -155.847 1223.82
v -13.846 -155.955 1225.13
v -13.4066 -155.952 1225.91
v -14.7334 -155.613 1237.7
v -13.1974 -155.672 1240.18
v -13.9112 -154.275 1226.5
v -13.8753 -155.22 1225.7
v -14.6792 -154.94 1239.5
v -13.2281 -154.003 1243.19
v -13.9011 -153.223 1234.56
v -14.0662 -152.55 1232.91
v -14.6321 -153.292 1234.84
v -13.6714 -153.425 1236.75
v -14.5423 -152.863 1238.28
v -13.5055 -153.272 1238.31
v -13.2652 -153.063 1239.61
v -14.4419 -153.124 1243.47
v -14.3342 -152.802 1244.45
v -14.0797 -151.942 1232.23
v -14.1849 -152.251 1240.62
v -14.5588 -151.984 1245.78
v -14.6227 -151.334 1246.6
v -14.2818 -151.231 1247.11
v -13.8283 -151.832 1246.48
v -13.8874 -151.64 1246.91
v -13.6512 -151.859 1246.9
v -14.2663 -151.157 1247.47
v -14.3232 -150.643 1231.3
v -15.0164 -149.855 1244.66
v -14.0158 -150.235 1249.28
v -14.1864 -147.85 1231.56
v -13.9563 -147.529 1253.5
v -13.6879 -147.887 1229.33
v -14.3212 -147.021 1250.06
v -13.2798 -144.923 1230.52
v -13.8138 -144.84 1232.77
v -14.1483 -145.498 1252.23
v -13.9269 -145.233 1255.83
v -14.1462 -143.099 1232.75
v -13.1054 -143.469 1233.83
v -14.1628 -144.006 1256.93
v -13.6974 -143.159 1258.27
v -14.1542 -141.48 1229.32
v -14.1062 -141.716 1229.38
v -13.6776 -141.28 1229.9
v -13.6384 -142.418 1230.58
v -13.4753 -141.905 1230.76
v -13.3604 -141.28 1230.32
v -13.1062 -141.846 1231.34
v -13.8659 -142.182 1233.15
v -14.6759 -140.26 1230.88
v -13.4601 -140.984 1230.43
v -13.8776 -139.728 1231.92
v -13.8776 -139.68 1232.27
v -13.7017 -140.391 1258.19
v -13.4526 -139.284 1232.77
v -13.1865 -139.223 1232.68
v -14.3831 -138.921 1259.54
v -13.685 -138.093 1260.83
v -14.1368 -138.397 1263.65
v -13.3205 -138.39 1263.57
v -14.1956 -136.98 1262.12
v -13.3023 -136.341 1262.8
v -14.4018 -137.495 1265.03
v -14.4974 -136.669 1265.93
v -13.4623 -136.871 1265.49
v -14.6526 -135.688 1266.77
v -14.5033 -134.314 1264.89
v -14.6067 -134.706 1267.4
v -14.0707 -133.615 1267.83
v -13.2814 -132.642 1265.52
v -14.2454 -131.908 1269.44
v -14.0923 -132.934 1268.36
v -14.6776 -131.222 1193.72
v -14.6588 -131.076 1193.86
v -14.7126 -130.839 1194
v -14.4592 -130.295 1193.9
v -13.8495 -130.91 1193.32
v -13.2752 -129.968 1193.14
v -14.3379 -130.825 1267.6
v -14.2739 -131.191 1270.45
v -14.7052 -129.871 1194.23
v -14.2295 -129.729 1193.93
v -13.4163 -128.627 1193.69
v -13.5443 -129.628 1268.59
v -13.7451 -129.029 1269.73
v -13.4445 -129.755 1272.68
v -13.6753 -129.22 1274.02
v -13.489 -128.426 1276.28
v -14.2582 -127.572 1184.98
v -14.2783 -126.99 1184.12
v -13.8569 -126.741 1183.91
v -14.3186 -127.379 1189.06
v -14.6337 -127.664 1191.07
v -13.5146 -127.405 1189.89
v -13.4005 -127.226 1190.81
v -14.7002 -128.175 1195.02
v -14.4312 -126.63 1195.75
v -13.6399 -127.281 1194.66
v -13.8722 -128.193 1271.45
v -13.9372 -127.51 1273
v -13.4583 -127.94 1277.52
v -13.8922 -127.686 1278.13
v -13.4727 -127.275 1278.68
v -13.3553 -126.877 1279.09
v -14.5333 -126.699 1183.8
v -13.8776 -126.48 1183.68
v -13.9163 -126.302 1184
v -13.698 -126.28 1183.72
v -13.46 -126.472 1183.73
v -13.2776 -126.28 1183.63
v -14.105 -126.362 1186.62
v -14.2788 -126.444 1276.18
v -14.7577 -126.698 1279.31
v -14.1172 -126.325 1278.9
v -14.2021 -126.365 1279.31
v -14.2316 -126.462 1279.42
v -13.2776 -126.28 1279.44
v -13.7041 -124.222 1197.04
v -13.4433 -123.076 1198.09
v -14.2479 -122.676 1201.48
v -14.8066 -123.505 1203.18
v -14.4322 -123.301 1203.52
v -13.5334 -122.063 1203.08
v -13.6713 -120.144 1198.79
v -13.3381 -119.469 1203.58
v -13.8313 -120.092 1204.29
v -14.4042 -103.479 1183.12
v -14.093 -103.304 1183.35
v -13.8051 -103.784 1183.12
v -13.3801 -103.668 1183.1
v -13.2489 -103.417 1183.36
v -14.6906 -103.01 1183.78
v -13.6777 -102.964 1184.12
v -13.8742 -104.163 1186.17
v -14.2773 -103.627 1187.93
v -14.4804 -103.283 1189.27
v -13.4225 -103.294 1189.49
v -13.7045 -103.005 1190.99
v -14.6982 -103.636 1268.75
v -14.4129 -103.28 1268.85
v -14.1554 -103.047 1269.15
v -13.6776 -103.48 1268.94
v -13.6116 -103.28 1268.89
v -14.1614 -102.772 1270.18
v -14.4638 -102.944 1278.91
v -14.276 -103.213 1278.47
v -14.2603 -103.103 1279.06
v -14.2188 -102.814 1278.66
v -14.0586 -102.01 1186.49
v -13.9549 -101.621 1187.76
v -14.6283 -101.374 1188.59
v -14.4776 -101.144 1191.32
v -13.6088 -101.091 1191.12
v -13.4096 -101.137 1190.08
v -14.6664 -102.667 1195.63
v -13.2707 -101.553 1253.37
v -13.0671 -101.331 1261.62
v -14.8584 -101.803 1274.31
v -14.4555 -102.243 1277.09
v -13.6713 -102.408 1277.52
v -13.3092 -102.112 1276.33
v -14.6838 -102.507 1277.9
v -14.1952 -101.011 1191.55
v -14.0827 -100.931 1192.69
v -14.17 -100.795 1194.28
v -13.9279 -100.963 1193.69
v -13.0841 -100.836 1193.97
v -14.5022 -100.75 1194.89
v -14.286 -100.961 1251.42
v -13.5303 -99.4962 1253.95
v -13.3731 -100.1 1256.48
v -14.2758 -100.384 1258.53
v -14.1412 -100.38 1257.91
v -13.8998 -100.442 1258.12
v -14.4687 -100.433 1258.94
v -13.5429 -100.847 1259.55
v -14.6546 -101.024 1260.73
v -14.2984 -100.97 1260.5
v -14.0115 -101.023 1260.99
v -13.2745 -101.085 1260.7
v -14.0775 -99.291 1206.88
v -13.3669 -99.3926 1206.56
v -13.5887 -99.1003 1207.41
v -14.6143 -98.1166 1212.33
v -14.7217 -97.8818 1241.16
v -14.1075 -98.0526 1242.07
v -14.4348 -98.0834 1242.72
v -13.9693 -98.3011 1243.03
v -13.3695 -98.3776 1243.07
v -14.3433 -98.3608 1244.74
v -14.7917 -98.3432 1245.49
v -14.0982 -98.2808 1244.28
v -13.7213 -98.6514 1246.88
v -14.3118 -99.1011 1252.17
v -14.4763 -99.4161 1254.33
v -13.6572 -97.6767 1215.26
v -13.5359 -97.2686 1217.01
v -14.6546 -97.1231 1218.84
v -13.2337 -96.8665 1219.95
v -14.056 -96.9072 1220.24
v -14.3696 -96.956 1220.76
v -14.0374 -96.8236 1221.31
v -13.1293 -96.6833 1221.57
v -13.2905 -96.6887 1222.22
v -14.1362 -96.5372 1224.26
v -14.577 -96.6496 1225.94
v -14.377 -96.5625 1226.32
v -13.1845 -96.7124 1226.12
v -13.4519 -96.5869 1225.7
v -14.7735 -96.4683 1227.55
v -14.1479 -96.5308 1226.92
v -14.5671 -96.7286 1228.96
v -14.7737 -96.6899 1229.52
v -14.3132 -96.5866 1228.47
v -13.807 -96.7763 1229.71
v -14.6063 -96.7326 1231.12
v -14.3864 -96.5765 1230
v -14.5714 -96.5981 1230.9
v -13.7971 -96.8328 1231.12
v -13.4964 -96.9343 1231.37
v -13.4484 -96.7862 1230.93
v -14.6421 -96.7257 1231.89
v -14.0931 -96.9156 1232.78
v -14.6262 -96.9373 1233.8
v -14.2224 -97.4358 1236.19
v -14.0177 -97.3255 1235.54
v -14.1572 -97.729 1240
v -13.1079 -161.955 1227.53
v -12.9398 -161.869 1226.88
v -12.474 -162.169 1227.51
v -12.5254 -161.941 1226.59
v -11.883 -162.298 1227.97
v -11.8674 -162.093 1226.96
v -12.4968 -162.232 1228.63
v -12.5019 -162.211 1229.28
v -12.0667 -162.34 1228.91
v -11.8957 -162.319 1229.5
v -11.687 -162.368 1228.71
v -11.6778 -162.371 1229.11
v -12.4661 -162.116 1229.91
v -12.271 -161.997 1230.31
v -12.2776 -161.927 1230.55
v -12.0908 -161.9 1231.13
v -11.8959 -162.126 1230.32
v -11.6987 -162.206 1229.93
v -11.6669 -162.204 1230.54
v -11.629 -161.885 1231.57
v -13.1077 -160.637 1222.92
v -12.8776 -161.471 1224.54
v -12.4977 -161.154 1224.13
v -12.5056 -160.791 1223.63
v -12.2622 -161.361 1224.76
v -12.0232 -161.127 1224.59
v -11.6212 -160.516 1224.37
v -11.9194 -161.747 1226.06
v -11.6251 -161.357 1225.46
v -12.8891 -161.728 1230.49
v -12.8553 -161.298 1231.44
v -12.2868 -161.444 1231.9
v -11.9043 -160.98 1232.72
v -13.1739 -160.007 1222.09
v -12.2892 -159.921 1223.06
v -12.5061 -159.384 1222.9
v -12.2801 -159.661 1223.06
v -11.8488 -159.871 1223.74
v -11.9272 -159.615 1223.91
v -11.8694 -158.948 1225.08
v -11.8547 -159.839 1234.44
v -11.6946 -159.469 1235.07
v -12.2381 -157.653 1226.11
v -12.8641 -158.592 1235.05
v -12.4655 -158.464 1235.96
v -13.0376 -157.409 1237.31
v -11.6533 -158.314 1237.86
v -12.9424 -156.249 1226.59
v -11.5377 -157.196 1228.19
v -11.6609 -157.127 1239.41
v -12.6788 -155.7 1240.38
v -12.1999 -156.903 1239.44
v -12.2975 -156.45 1239.83
v -12.1204 -156.301 1240.13
v -12.2943 -155.696 1241.35
v -12.4788 -154.237 1228.71
v -12.8477 -155.29 1240.91
v -13.1423 -155.079 1240.88
v -13.042 -152 1228.92
v -13.0655 -153 1234.54
v -13.0374 -152.475 1233.75
v -12.6922 -153.351 1235.9
v -11.7902 -152.866 1235.59
v -11.7365 -152.574 1235.24
v -13.0323 -153.485 1236.57
v -11.872 -153.446 1237.1
v -11.9193 -153.242 1236.26
v -12.2967 -153.522 1238.66
v -12.1127 -153.56 1238.08
v -11.8664 -153.418 1240.15
v -12.4345 -152.835 1241.63
v -11.794 -153.221 1241.23
v -12.5664 -153.74 1244.47
v -12.6487 -153.038 1245.93
v -12.3462 -152.711 1246.85
v -12.1478 -152.558 1247.21
v -12.7105 -151.783 1229.4
v -12.841 -151.482 1233.16
v -12.1605 -152.069 1234.27
v -11.8792 -151.667 1234.31
v -12.6381 -152.048 1243.38
v -12.9847 -151.287 1244.56
v -12.236 -151.927 1248.66
v -11.8276 -152.059 1248.89
v -11.7215 -150.793 1250.66
v -11.8002 -148.968 1253.09
v -11.7081 -146.061 1231.94
v -12.1278 -145.975 1256.28
v -12.8871 -144.658 1257.15
v -12.461 -145.058 1257.11
v -12.087 -144.891 1257.72
v -12.3343 -143.602 1231.97
v -13.0774 -142.995 1258.98
v -12.2818 -143.18 1259.23
v -12.8804 -141.745 1234.33
v -11.9449 -141.452 1258.07
v -12.4688 -140.247 1231.73
v -12.3097 -140.514 1231.63
v -11.8265 -140.025 1232.17
v -12.8827 -140.219 1234.25
v -11.4918 -140.509 1233.23
v -12.189 -140.249 1235.15
v -13.0826 -141.099 1260.67
v -11.6238 -140.501 1261.76
v -12.2375 -139.883 1262.11
v -11.5018 -139.734 1262.51
v -12.305 -138.105 1234.12
v -12.2776 -138.08 1233.87
v -12.0994 -138.577 1234.88
v -12.4532 -138.917 1260.27
v -12.326 -137.945 1261.29
v -13.0157 -139.207 1262.63
v -12.6593 -138.782 1263.1
v -11.8895 -138.956 1263.11
v -13.0797 -138.214 1263.93
v -12.5021 -138.526 1263.52
v -12.1803 -138.234 1263.85
v -12.0282 -137.701 1234.31
v -11.8412 -137.494 1234.34
v -11.8131 -137.502 1234.73
v -11.6389 -137.628 1264.24
v -11.868 -135.874 1262.83
v -12.891 -135.549 1266.17
v -11.5067 -134.541 1263.41
v -13.0424 -133.472 1267.4
v -12.6229 -132.26 1268.11
v -13.0244 -130.537 1191.33
v -12.4776 -130.781 1192.32
v -12.5231 -130.688 1192.5
v -12.5079 -130.45 1192.58
v -12.0776 -130.707 1192.32
v -11.8776 -130.68 1192.1
v -11.8803 -130.426 1192.28
v -12.2411 -130.218 1266.91
v -12.4753 -131.152 1269.32
v -12.7542 -130.31 1271.08
v -13.1099 -129.531 1188.77
v -12.2557 -129.121 1192.71
v -11.5884 -129.211 1267.67
v -12.6587 -128.438 1270.01
v -12.4359 -129.187 1273.47
v -12.8134 -127.419 1185.11
v -13.0789 -127.203 1189.09
v -13.0922 -126.934 1188.26
v -12.3084 -126.987 1189.13
v -12.2185 -126.754 1188.29
v -11.6689 -126.718 1188.72
v -12.7005 -127.126 1189.95
v -12.0006 -126.807 1189.88
v -12.2268 -127.622 1193.24
v -12.3048 -127.362 1272.39
v -11.9446 -128.281 1275.98
v -11.916 -127.849 1277.1
v -12.8864 -127.443 1278.31
v -12.2882 -126.88 1278.91
v -12.8776 -126.28 1183.68
v -12.9361 -126.117 1184.04
v -12.6995 -126.548 1183.96
v -12.6776 -126.293 1183.72
v -12.4776 -126.031 1183.72
v -12.2776 -126.08 1183.66
v -12.2594 -126.016 1183.73
v -12.0776 -125.931 1183.92
v -11.8776 -126.08 1183.75
v -11.6776 -125.88 1183.67
v -11.6776 -125.824 1183.72
v -12.0646 -125.945 1186.68
v -12.8579 -126.383 1191.52
v -12.2759 -126.635 1190.69
v -11.6242 -126.145 1190.71
v -12.8943 -126.6 1275.18
v -11.881 -126.551 1274.72
v -12.4977 -126.063 1276.61
v -13.1325 -126.151 1279.23
v -12.7289 -126.491 1279.33
v -12.4776 -126.28 1279.43
v -12.1911 -126.439 1279.28
v -12.1143 -125.961 1279.19
v -11.6079 -125.777 1279.25
v -11.7223 -125.897 1279.4
v -11.7858 -124.688 1194.6
v -13.2779 -123.234 1194.46
v -12.9565 -122.087 1198.96
v -12.5325 -121.266 1200.22
v -13.0952 -121.796 1203.31
v -13.0506 -121.541 1202.77
v -13.0688 -121.595 1203.11
v -12.7813 -121.299 1203.76
v -12.4409 -121.096 1203.08
v -12.3792 -121.28 1203.52
v -11.9335 -120.795 1203.75
v -12.7554 -120.328 1197.14
v -12.4846 -119.574 1197.91
v -12.2788 -118.901 1199.14
v -11.725 -120.329 1201.57
v -12.5929 -119.48 1204.52
v -12.6105 -119.143 1204.35
v -11.9945 -118.286 1201.59
v -11.8539 -104.508 1186.14
v -12.8793 -104.045 1183.52
v -12.6776 -103.956 1183.12
v -12.6912 -103.686 1183.18
v -12.2583 -104.092 1183.34
v -12.2276 -103.88 1183.12
v -12.2463 -103.618 1183.38
v -11.8776 -104.08 1183.08
v -11.8673 -103.89 1183.19
v -11.6309 -104.08 1183.12
v -12.6743 -103.051 1184.28
v -12.6007 -102.762 1184.99
v -11.551 -103.039 1184.86
v -12.0851 -103.744 1188.38
v -12.5746 -103.355 1260.9
v -13.035 -103.739 1264.73
v -13.0576 -103.809 1268.43
v -12.9879 -103.676 1269
v -12.5332 -103.48 1268.96
v -12.2776 -103.88 1268.99
v -12.2776 -103.68 1269.08
v -12.276 -103.28 1268.92
v -12.0129 -103.985 1268.76
v -12.0776 -103.914 1269.12
v -12.085 -103.66 1269.13
v -12.0776 -103.297 1269.12
v -12.1306 -103.201 1269.36
v -11.7237 -104.022 1269.07
v -11.8698 -103.878 1269.25
v -11.887 -103.681 1269.29
v -11.8754 -103.481 1269.39
v -11.598 -103.856 1269.51
v -12.1195 -103.143 1270.01
v -11.6663 -103.399 1269.9
v -12.107 -103.27 1272.29
v -11.6673 -102.796 1277.74
v -13.0783 -103.428 1278.61
v -13.0776 -103.32 1279.12
v -13.1134 -103.049 1278.91
v -12.8776 -103.522 1279.12
v -12.8776 -103.269 1279.12
v -12.7193 -102.785 1278.28
v -12.465 -103.582 1279.11
v -12.4776 -103.48 1279.23
v -12.2776 -103.48 1279.19
v -12.2779 -103.21 1278.93
v -12.2782 -103.047 1278.68
v -11.9777 -103.691 1278.73
v -11.7104 -103.756 1279.12
v -11.6776 -103.68 1279.2
v -11.636 -103.224 1278.7
v -12.1696 -102.073 1186.99
v -12.4487 -101.262 1189.67
v -12.1428 -102.512 1196.28
v -12.4532 -101.076 1259.32
v -12.1674 -101.896 1273.21
v -12.9326 -101.909 1274.51
v -12.2465 -102.191 1276.08
v -11.8762 -102.063 1274.91
v -12.4726 -102.377 1276.96
v -12.1345 -101.077 1191.04
v -12.674 -100.96 1191.79
v -12.1902 -101.049 1191.52
v -11.7661 -100.894 1192.93
v -13.1036 -100.937 1193.32
v -12.2577 -100.721 1195.3
v -12.0409 -100.772 1195.52
v -12.0868 -100.654 1194.91
v -12.533 -100.688 1196.99
v -11.7136 -100.601 1197.26
v -12.9928 -100.455 1201.69
v -13.0202 -99.8183 1237.05
v -12.7681 -100.188 1240.66
v -12.5982 -100.883 1248.09
v -13.1042 -99.5119 1253.71
v -13.1348 -99.7311 1254.13
v -13.0333 -99.6393 1253.92
v -12.9081 -99.7641 1254.31
v -12.6292 -99.8179 1254.51
v -12.2633 -100.131 1255.15
v -11.5785 -100.011 1253.73
v -12.9062 -100.528 1257.48
v -12.7345 -100.634 1258.13
v -11.7227 -100.787 1257.42
v -13.0867 -100.716 1258.91
v -12.4273 -100.984 1259.08
v -11.9406 -100.901 1258.57
v -12.4127 -99.3986 1205.9
v -12.1477 -99.3629 1206.32
v -12.8455 -98.5872 1209.97
v -13.1106 -98.2721 1210.98
v -11.8618 -97.9295 1212.34
v -12.6567 -99.0568 1217.82
v -13.1379 -98.6953 1221.05
v -11.6458 -98.7159 1221.14
v -14.0461 -98.4898 1223.99
v -12.1397 -98.5788 1224.35
v -12.5604 -99.1653 1231.73
v -13.2066 -97.9648 1239.16
v -12.641 -98.1521 1238.72
v -12.5139 -98.1232 1239.32
v -12.0216 -98.3429 1239.84
v -12.7765 -98.4557 1242.5
v -12.2751 -99.0907 1249.11
v -12.6673 -99.2937 1251.09
v -12.7758 -99.3885 1252.49
v -13.2346 -97.7892 1213.52
v -11.5669 -97.6264 1214.79
v -12.3069 -97.4594 1215.72
v -12.634 -97.4815 1216.1
v -12.3131 -97.3362 1216.39
v -11.7788 -97.4184 1216
v -12.1188 -97.1628 1217.22
v -12.749 -97.039 1218.85
v -12.8952 -96.9221 1219.39
v -12.233 -96.8407 1220.67
v -12.4317 -96.6412 1222.78
v -11.6589 -96.6344 1223.43
v -12.178 -96.7984 1225.92
v -12.235 -96.5881 1225.42
v -12.0987 -96.6618 1225.72
v -11.8057 -96.7366 1226.51
v -12.5278 -96.7302 1227.4
v -12.2639 -96.6436 1226.9
v -12.796 -96.8288 1228.73
v -11.9682 -97.1128 1229.67
v -12.4926 -96.9445 1230.87
v -12.2594 -97.1553 1231.33
v -12.2772 -97.0282 1231.11
v -11.8167 -97.0833 1230.14
v -13.1696 -97.037 1232.34
v -12.0578 -97.307 1232.15
v -12.3572 -97.8295 1235.59
v -11.4685 -162.242 1227.74
v -11.0229 -162.207 1228.17
v -11.0546 -162.061 1227.5
v -11.4488 -162.321 1229.34
v -11.2972 -162.332 1228.71
v -10.4693 -162.092 1229.54
v -10.9193 -162.224 1229.96
v -10.8031 -162.028 1231.06
v -10.4736 -162.039 1230.56
v -11.4622 -161.834 1226.54
v -10.8417 -160.487 1225.48
v -10.5232 -161.67 1227.27
v -10.2997 -161.787 1227.94
v -10.2128 -161.214 1227.11
v -10.0688 -161.475 1227.68
v -10.039 -160.508 1226.73
v -10.1022 -161.872 1228.91
v -11.0396 -161.814 1231.78
v -11.2402 -160.935 1233.42
v -11.0925 -160.334 1234.38
v -10.4505 -160.792 1234.19
v -10.1638 -161.148 1233.57
v -9.97445 -160.42 1236.37
v -11.3118 -160.304 1224.62
v -11.4214 -159.853 1224.53
v -11.2548 -160.073 1224.68
v -10.9079 -160.031 1225.49
v -10.6927 -160.26 1225.7
v -10.6131 -159.309 1227.12
v -10.3707 -159.789 1226.65
v -10.066 -160.283 1226.69
v -10.5733 -159.905 1236.02
v -10.6635 -158.892 1238.32
v -10.1192 -159.647 1237.95
v -9.88614 -159.914 1237.94
v -11.3799 -158.293 1227.15
v -11.2723 -157.862 1238.93
v -10.9878 -158.668 1238.33
v -10.7042 -158.499 1238.71
v -10.9422 -157.998 1239.22
v -10.8365 -157.836 1239.93
v -10.9372 -155.942 1230.11
v -10.9987 -156.691 1241.32
v -11.0383 -154.031 1230.93
v -10.5019 -153.932 1231.61
v -11.4097 -154.954 1243.76
v -10.4367 -154.926 1245.2
v -10.9233 -153.934 1246.34
v -10.6491 -154.009 1246.83
v -10.5064 -154.007 1246.97
v -10.11 -154.364 1246.79
v -10.2087 -153.957 1247.58
v -10.0796 -152.468 1232.6
v -11.0942 -153.075 1236.77
v -10.4462 -152.615 1236.8
v -11.4609 -153.582 1238.52
v -10.8964 -153.411 1237.92
v -10.3745 -153.471 1238.82
v -10.0654 -153.2 1238.32
v -10.9654 -153.584 1240.26
v -10.4993 -153.071 1243.53
v -11.1121 -152.498 1244.31
v -11.464 -153.441 1246.49
v -11.2078 -152.897 1248.02
v -11.5936 -150.958 1234.42
v -11.1072 -151.855 1235.31
v -10.8361 -152.274 1235.96
v -10.4705 -151.062 1235.72
v -11.5624 -150.945 1246.89
v -10.0154 -152.059 1246.6
v -10.8566 -151.275 1250.85
v -10.8865 -150.208 1235.12
v -11.1971 -149.785 1249.08
v -10.3157 -149.041 1232.85
v -10.2329 -148.191 1252.02
v -10.883 -146.116 1232.9
v -10.8912 -146.202 1235.61
v -10.1193 -145.565 1255.16
v -10.9653 -144.401 1258.99
v -10.3809 -144.191 1259.52
v -10.0961 -143.313 1260.52
v -10.7514 -142.544 1257.81
v -11.3946 -141.444 1261.12
v -10.8292 -142.75 1260.38
v -10.2909 -141.231 1261.88
v -10.0652 -142.137 1261.41
v -10.6931 -139.506 1234.05
v -9.94315 -140.885 1234.81
v -11.0263 -141.155 1236.31
v -10.9258 -140.503 1259.5
v -10.2781 -139.797 1260.32
v -11.0911 -139.393 1233.13
v -11.0569 -139.05 1233.12
v -10.8807 -139.323 1233.52
v -10.4989 -138.621 1233.72
v -11.0571 -138.717 1260.85
v -11.0008 -139.265 1262.96
v -10.4147 -138.475 1263.44
v -11.4691 -138.488 1263.54
v -10.0948 -137.86 1234.04
v -11.0817 -137.048 1235.91
v -11.2776 -136.614 1235.12
v -11.0776 -136.48 1235.01
v -10.7457 -137.324 1236.54
v -10.4148 -137.993 1237.08
v -11.3316 -137.434 1261.74
v -10.3064 -136.664 1261.99
v -10.6662 -136.48 1264.52
v -10.5956 -132.792 1266.38
v -10.0475 -129.956 1191.14
v -11.4093 -130.415 1191.55
v -11.3553 -130.48 1191.92
v -10.6291 -129.979 1191.6
v -10.4812 -131.377 1264.64
v -11.0189 -130.369 1269.34
v -11.4848 -128.277 1187.02
v -10.9573 -129.506 1189.41
v -11.0585 -128.925 1188.28
v -11.2862 -129.678 1192.07
v -10.2629 -129.769 1265.86
v -10.5931 -129.449 1270.81
v -11.3302 -129.044 1272.94
v -10.9054 -128.35 1274.94
v -11.1077 -126.861 1184.96
v -10.4706 -128.278 1191.89
v -10.9002 -127.916 1269.05
v -11.0379 -127.337 1270.83
v -10.2802 -127.821 1275.93
v -11.0667 -127.873 1276.51
v -11.0709 -127.46 1277.49
v -10.0575 -127.291 1277.07
v -11.5605 -127.273 1278.1
v -11.2356 -126.761 1278.69
v -10.6589 -127.099 1277.92
v -11.4338 -125.88 1183.72
v -11.2378 -126.089 1183.96
v -10.8352 -125.66 1183.74
v -11.1019 -126.236 1187.92
v -11.1048 -125.763 1187.19
v -10.4451 -125.314 1186.7
v -10.2593 -125.877 1187.89
v -11.5093 -126.677 1189.14
v -11.2239 -126.455 1188.32
v -10.872 -126.374 1188.72
v -10.2926 -126.042 1188.33
v -10.3643 -126.059 1189.13
v -10.3892 -125.933 1189.56
v -10.0579 -125.925 1188.72
v -10.1205 -125.498 1189.93
v -10.3616 -126.29 1192.53
v -10.7511 -126.395 1273.9
v -11.1224 -126.048 1275.52
v -10.2671 -125.635 1275.66
v -11.2423 -125.637 1276.86
v -9.95262 -125.062 1276.79
v -11.4776 -125.88 1279.45
v -11.3183 -126.468 1279.03
v -11.2776 -125.88 1279.43
v -11.2433 -125.677 1279.38
v -11.119 -125.922 1279.37
v -11.0776 -125.68 1279.46
v -10.6262 -126.057 1279.11
v -9.93601 -125.024 1183.72
v -10.3257 -125.042 1190.57
v -10.0704 -124.111 1193.52
v -9.97392 -125.08 1279.32
v -11.2777 -123.175 1195.31
v -11.174 -122.192 1196.24
v -10.9175 -121.08 1194.13
v -10.8015 -120.972 1197.46
v -11.5315 -120.794 1198.96
v -10.6771 -118.882 1196.68
v -10.881 -119.912 1200.1
v -11.0423 -119.753 1201.6
v -10.4628 -119.236 1202.5
v -10.2329 -119.168 1201.52
v -11.5052 -120.175 1203.14
v -11.1595 -119.755 1202.86
v -11.1241 -120.081 1203.49
v -11.0383 -119.943 1203.96
v -11.0796 -119.707 1203.17
v -10.8357 -119.952 1203.72
v -10.8395 -119.516 1203.07
v -10.8382 -119.658 1203.36
v -10.9569 -118.523 1197.59
v -10.89 -117.487 1203.3
v -11.3063 -118.335 1204.92
v -10.4528 -117.551 1205.07
v -10.2776 -117.68 1205.23
v -11.526 -104.365 1183.4
v -11.0776 -104.48 1183.1
v -10.5021 -104.461 1183.19
v -10.055 -104.34 1183.56
v -9.97552 -105.186 1186.16
v -10.3898 -104.275 1269.96
v -10.0547 -104.395 1276.15
v -10.2776 -104.449 1279.12
v -11.141 -104.011 1183.33
v -11.4359 -103.605 1183.78
v -10.8118 -103.943 1183.6
v -10.4585 -103.236 1185.1
v -10.2618 -104.037 1188.69
v -11.2157 -103.144 1191.23
v -11.1172 -104.045 1269.72
v -11.4323 -103.516 1270.65
v -11.0891 -103.848 1270.11
v -10.0888 -104.17 1271.56
v -10.2722 -103.112 1277.33
v -10.087 -102.878 1276.31
v -11.4776 -103.88 1279.19
v -11.1351 -104.08 1279.12
v -11.2776 -103.88 1279.25
v -11.2981 -103.677 1279.11
v -11.072 -104.08 1279.32
v -11.0776 -103.88 1279.22
v -10.8776 -104.181 1279.12
v -10.8589 -104.08 1279.25
v -10.8556 -103.26 1278.29
v -10.4776 -104.28 1279.29
v -10.4776 -104.08 1279.2
v -10.3201 -103.704 1278.73
v -10.2776 -104.28 1279.27
v -10.7894 -101.993 1187.94
v -11.4776 -101.144 1191.32
v -11.0841 -101.218 1190.52
v -10.3283 -101.426 1190.07
v -10.572 -101.453 1248.83
v -11.2403 -101.196 1258.67
v -11.3442 -101.394 1260.12
v -10.2233 -102.349 1265.73
v -10.9998 -102.104 1271.5
v -11.0634 -102.188 1274.29
v -10.0781 -102.487 1273.98
v -11.072 -102.424 1275.85
v -11.1192 -102.627 1276.72
v -10.9681 -101.037 1191.85
v -11.4217 -100.708 1195.14
v -11.4154 -100.768 1195.33
v -11.1636 -100.613 1196.32
v -10.8558 -100.636 1196.93
v -11.6998 -100.599 1199.38
v -11.1122 -100.395 1200.19
v -10.8962 -100.246 1201.53
v -10.4668 -99.9585 1202.51
v -11.3867 -99.643 1204.63
v -10.2954 -100.645 1208.11
v -11.2152 -100.189 1235.5
v -11.1175 -99.5376 1250.5
v -10.2138 -99.7595 1250.28
v -11.2279 -99.5977 1251.24
v -10.4928 -100.697 1255.71
v -11.5064 -99.0181 1206.93
v -10.9914 -99.1587 1206.53
v -10.433 -99.1693 1206.29
v -10.2346 -98.788 1207.47
v -9.99367 -98.9036 1206.91
v -10.1267 -98.9069 1222.06
v -10.2835 -99.0058 1224.89
v -10.8921 -99.4462 1230.3
v -10.7549 -98.4315 1237.72
v -10.32 -98.6199 1236.42
v -11.3988 -98.358 1238.56
v -10.275 -98.8011 1239.33
v -10.1913 -98.8045 1240.54
v -10.34 -98.9104 1241.97
v -11.1777 -98.7507 1243.16
v -10.8666 -99.0393 1244.53
v -10.479 -99.2892 1247.75
v -11.521 -99.2439 1249.79
v -10.7528 -99.4074 1249.64
v -11.4916 -97.7712 1213.29
v -11.1908 -97.6407 1213.79
v -10.1791 -97.8058 1212.92
v -10.5157 -97.4002 1215.69
v -10.3781 -97.1971 1217.06
v -10.3272 -97.2133 1217.84
v -10.9301 -96.9639 1219.54
v -10.822 -96.8854 1220.77
v -11.2363 -96.7657 1222.51
v -10.9304 -96.6897 1222.93
v -10.6044 -96.7529 1223.3
v -10.5042 -96.9049 1223.76
v -10.1147 -96.9895 1224.95
v -11.5191 -96.9229 1226.13
v -11.4953 -96.8477 1226.32
v -10.9087 -96.9586 1226.31
v -10.9713 -96.851 1225.7
v -10.725 -97.0441 1226.13
v -10.5297 -97.0006 1226.53
v -10.1399 -97.147 1226.32
v -10.3211 -97.0546 1225.91
v -11.1267 -97.1144 1228.62
v -10.1873 -97.4705 1229.35
v -11.0957 -97.3004 1229.95
v -10.8955 -97.3639 1231.04
v -10.7052 -97.6683 1231.7
v -9.74238 -160.694 1227.38
v -9.70845 -160.465 1227.38
v -9.5684 -161.085 1228.12
v -9.55466 -161.531 1229.32
v -9.65717 -161.485 1228.67
v -9.34046 -161.234 1228.95
v -8.93172 -160.508 1228.89
v -8.38022 -160.533 1230.37
v -8.62268 -161.061 1232.33
v -9.29837 -161.236 1233.11
v -9.30799 -161.22 1233.89
v -9.31028 -161.161 1234.37
v -9.06387 -161.214 1233.93
v -8.45903 -161.148 1233.56
v -9.70489 -160.85 1235.34
v -8.65437 -161.429 1234.94
v -8.46327 -161.732 1236.14
v -9.52448 -160.466 1237.53
v -8.92531 -161.392 1236.32
v -8.49134 -161.704 1236.91
v -9.04152 -160.918 1237.88
v -8.52321 -160.949 1238.56
v -9.80343 -160.179 1227.48
v -9.12387 -160.132 1228.79
v -8.45185 -160.168 1230.19
v -9.93448 -160.189 1237.33
v -9.75047 -159.814 1238.54
v -9.57198 -160.28 1238.09
v -9.2381 -159.559 1239.48
v -8.36241 -159.456 1241.14
v -9.36979 -157.693 1242.1
v -8.9518 -157.142 1243.79
v -8.79341 -156.616 1232.85
v -8.90526 -156.567 1244.92
v -8.56856 -157.101 1244.49
v -8.45724 -156.873 1244.94
v -8.78666 -155.938 1246.01
v -9.67311 -155.513 1245.52
v -9.50836 -155.463 1245.78
v -9.6283 -154.268 1247.65
v -8.62194 -154.101 1248.71
v -9.51189 -152.799 1238.28
v -9.01864 -152.948 1239.19
v -9.44975 -153.58 1240.98
v -8.71452 -153.343 1240.65
v -9.06808 -153.449 1243.71
v -8.72515 -153.559 1243.23
v -9.10236 -153.233 1244.68
v -9.08614 -152.91 1245.7
v -8.73004 -152.386 1247.29
v -9.56699 -153.531 1248.69
v -8.94053 -153.416 1249.51
v -9.73021 -152.069 1237.14
v -9.65941 -151.485 1236.86
v -9.0711 -152.282 1238.19
v -8.51031 -151.424 1238.35
v -9.84558 -151.625 1247.6
v -8.19792 -152.007 1248.51
v -8.74399 -151.221 1249.31
v -8.8366 -151.912 1251.62
v -9.59502 -149.087 1236.64
v -9.15201 -150.32 1237.17
v -9.50613 -148.312 1255.63
v -8.85006 -147.428 1254.09
v -9.60698 -146.134 1258.12
v -9.08493 -145.999 1258.89
v -8.90839 -144.835 1260.14
v -9.24401 -143.457 1260.98
v -9.45546 -141.536 1259.51
v -9.49245 -140.645 1260.11
v -8.82222 -140.318 1260.54
v -9.31619 -140.132 1262.76
v -9.86042 -138.291 1261.24
v -9.64999 -139.311 1260.77
v -8.69925 -138.879 1261.11
v -8.4209 -139.495 1260.97
v -9.29713 -139.422 1263.02
v -9.69278 -137.459 1234.52
v -9.50463 -137.419 1234.95
v -9.14771 -137.568 1235.65
v -9.27756 -136.48 1234.83
v -9.19621 -136.506 1234.91
v -8.95046 -137.539 1238.5
v -9.65516 -137.461 1261.56
v -9.41234 -136.48 1261.81
v -9.086 -137.483 1263.52
v -9.07756 -136.28 1234.92
v -8.98799 -136.263 1235.13
v -8.92245 -135.993 1235.15
v -9.06261 -135.711 1235.2
v -8.45277 -134.707 1235.57
v -9.35127 -136.127 1237.99
v -8.85963 -135.723 1261.81
v -9.89828 -135.694 1262.21
v -8.9542 -135.065 1264.12
v -9.91398 -134.172 1236.27
v -8.80546 -133.329 1264.83
v -8.87756 -132.025 1236.92
v -8.63599 -132.111 1236.62
v -8.44336 -133.087 1238.29
v -8.47756 -131.08 1236.92
v -8.29117 -130.793 1237.16
v -9.80989 -130.814 1267.61
v -9.82667 -129.117 1189.26
v -8.65057 -128.841 1189.51
v -8.8911 -129.153 1190.89
v -8.46287 -129.192 1190.52
v -8.83452 -128.659 1270.3
v -9.5001 -126.91 1185.98
v -8.48365 -128.078 1188.36
v -8.93264 -127.847 1266.84
v -8.79929 -127.023 1268
v -9.66172 -126.973 1269.5
v -9.88473 -126.786 1270.61
v -9.23053 -127.535 1275.3
v -9.68312 -126.812 1277.7
v -9.07867 -126.826 1277.06
v -9.89986 -125.489 1183.95
v -9.23472 -125.362 1184.19
v -9.71824 -126.363 1185.05
v -8.37284 -126.024 1185.55
v -9.71191 -125.609 1189.13
v -9.37294 -125.495 1188.32
v -9.29523 -125.41 1188.72
v -9.07806 -125.099 1189.11
v -9.03266 -126.337 1270.21
v -9.90177 -126.036 1273.69
v -9.08955 -125.235 1274.8
v -8.8781 -126.367 1277.71
v -8.46236 -126.455 1277.1
v -9.86042 -126.457 1278.33
v -9.88733 -125.28 1279.33
v -9.68374 -125.099 1183.73
v -9.25562 -125.069 1183.89
v -8.99608 -124.644 1183.71
v -9.33528 -124.669 1186.48
v -9.02933 -125.011 1187.49
v -8.86103 -125.092 1187.93
v -8.83858 -124.471 1189.62
v -8.68231 -124.989 1188.34
v -9.46607 -125.076 1275.96
v -8.29953 -124.277 1275.89
v -8.48289 -124.076 1276.8
v -9.06392 -125.089 1279.12
v -8.91415 -124.516 1279.37
v -8.47756 -124.28 1279.36
v -9.48217 -122.876 1193.94
v -9.62619 -121.752 1192.34
v -9.26215 -121.613 1194.9
v -9.58572 -120.09 1193.92
v -8.33181 -118.697 1194.54
v -9.54154 -120.388 1196.68
v -9.11007 -119.547 1197.53
v -8.5761 -120.039 1196.21
v -9.82025 -119.488 1198.94
v -8.66343 -118.716 1198.75
v -9.51223 -118.907 1200.17
v -9.52438 -118.751 1203.74
v -9.55938 -118.88 1204.32
v -9.73687 -117.558 1197.86
v -8.4973 -118.307 1200.14
v -8.86211 -118.268 1201.45
v -9.45288 -118.563 1203.44
v -9.87756 -117.28 1205.5
v -8.93629 -118.48 1204.32
v -8.47756 -118.08 1204.77
v -9.60599 -116.94 1199.58
v -8.77982 -116.219 1200.7
v -8.17916 -116.026 1200.03
v -9.1897 -116.276 1203.07
v -9.22066 -116.68 1205.72
v -9.31571 -116.506 1204.8
v -9.07756 -116.88 1205.83
v -9.07756 -116.673 1205.92
v -8.935 -116.488 1205.9
v -8.81543 -116.671 1206.03
v -8.36186 -116.11 1206.46
v -9.80163 -105.084 1183.45
v -9.87756 -104.88 1183.17
v -9.67756 -105.08 1183.22
v -9.67756 -104.88 1183.23
v -8.87927 -105.479 1183.26
v -9.21988 -104.671 1183.79
v -9.02341 -105.805 1186.12
v -9.0076 -105.631 1186.6
v -8.6263 -104.579 1188.89
v -9.50259 -104.563 1264.59
v -9.83362 -104.562 1269.53
v -9.04109 -104.899 1270.91
v -9.87756 -104.48 1279.26
v -9.07756 -105.2 1279.12
v -8.89872 -105.28 1279.32
v -9.07756 -105.113 1279.32
v -8.71762 -105.446 1279.04
v -8.87756 -105.08 1279.29
v -8.67756 -105.314 1279.32
v -8.70014 -104.498 1278.65
v -8.31903 -105.68 1279.32
v -8.45286 -105.078 1279.1
v -9.53306 -103.748 1184.84
v -9.20376 -103.292 1185.94
v -8.85413 -103.928 1185.13
v -9.82252 -103.432 1190.95
v -8.66756 -103.818 1190.73
v -8.52377 -103.255 1254.55
v -8.53259 -103.028 1271.79
v -8.88677 -102.978 1273.73
v -9.16027 -103.098 1275.51
v -9.27638 -103.286 1276.54
v -8.89867 -103.855 1277.66
v -8.4745 -103.631 1276.33
v -9.82125 -104.301 1279.11
v -9.86434 -103.652 1278.29
v -9.65821 -102.519 1187.29
v -8.95488 -101.83 1189.73
v -9.68275 -101.295 1191.28
v -8.63715 -102.512 1196.62
v -9.59493 -101.951 1250.21
v -8.56267 -101.95 1258.05
v -9.19372 -102.236 1261.24
v -9.54428 -102.592 1271.92
v -9.91062 -102.678 1274.99
v -9.00708 -100.875 1194.36
v -9.93605 -100.733 1195.54
v -9.42822 -100.732 1194.92
v -9.8894 -100.611 1196.73
v -9.29695 -100.538 1197.2
v -9.0315 -100.621 1196.92
v -9.81489 -100.485 1198.14
v -9.77654 -100.514 1199.35
v -8.92606 -100.463 1197.96
v -8.46628 -100.257 1200.38
v -9.22681 -99.6217 1204.09
v -10.0451 -99.5782 1213.9
v -9.50322 -99.586 1227.76
v -8.94838 -100.098 1229.84
v -8.91083 -100.572 1232.57
v -9.76048 -100.727 1237.79
v -8.79035 -99.6309 1246.26
v -9.68779 -100.679 1254.14
v -9.20741 -98.252 1210.55
v -8.63523 -99.4364 1223.16
v -9.53928 -98.4463 1234.38
v -8.56717 -99.0593 1235.68
v -9.53213 -98.776 1236.93
v -9.08467 -98.8973 1237.13
v -8.9374 -98.9102 1236.69
v -9.06998 -98.9517 1238.68
v -9.21623 -99.0304 1241.12
v -8.43878 -97.7999 1212.76
v -9.41362 -97.6592 1214.68
v -9.46658 -97.5055 1215.33
v -9.45237 -97.365 1216.44
v -9.18247 -97.2935 1217.14
v -9.47245 -97.1841 1219.49
v -9.02755 -97.3294 1219.17
v -8.48452 -97.3512 1219.79
v -9.77132 -97.0493 1220.72
v -9.67109 -97.0333 1220.29
v -9.94627 -96.8794 1222.79
v -8.58755 -97.225 1222.48
v -9.81106 -97.2289 1226.12
v -9.56011 -97.2372 1225.9
v -8.96548 -97.3712 1224.97
v -8.49628 -97.7471 1226.53
v -9.96251 -97.2592 1227.29
v -8.88277 -97.5698 1226.85
v -7.30063 -162.082 1235.88
v -6.87854 -162.023 1235.68
v -8.07131 -161.988 1236.73
v -7.88162 -162.023 1236.27
v -7.69137 -162.107 1237.14
v -7.67734 -161.96 1237.71
v -7.46731 -162.216 1236.92
v -7.2732 -162.183 1237.52
v -7.0899 -162.275 1236.51
v -7.08587 -162.257 1237.31
v -6.87776 -162.324 1237.53
v -6.85947 -162.279 1237.11
v -7.11363 -162.256 1238.06
v -6.89267 -162.385 1237.9
v -6.86607 -162.452 1238.15
v -6.89702 -162.389 1238.93
v -6.88178 -162.113 1239.91
v -8.08826 -161.426 1234.5
v -7.62883 -161.517 1234.62
v -7.63022 -161.182 1233.98
v -7.34279 -160.786 1233.27
v -7.02583 -160.601 1233.19
v -8.21136 -161.643 1235.14
v -8.25848 -161.768 1237.34
v -8.03804 -161.502 1238.31
v -7.55756 -161.616 1239.48
v -7.16099 -161.329 1240.72
v -6.96478 -160.685 1241.9
v -7.91654 -160.327 1231.19
v -7.74676 -160.352 1231.69
v -7.65431 -160.069 1231.67
v -7.32053 -160.293 1232.37
v -7.15039 -160.045 1232.58
v -6.85697 -158.959 1234.2
v -8.12419 -158.796 1242.65
v -7.79165 -158.229 1243.89
v -8.138 -155.106 1234.45
v -7.03635 -154.66 1236.29
v -7.7352 -155.643 1247.59
v -7.82968 -154.059 1249.6
v -7.13398 -154.219 1250.19
v -6.54777 -152.809 1237.34
v -7.85479 -152.884 1240.77
v -7.8315 -153.445 1242.59
v -7.47799 -153.14 1241.96
v -8.28981 -153.392 1244.91
v -8.11398 -153.516 1244.3
v -7.19949 -153.487 1244.8
v -7.67951 -153.276 1245.92
v -7.2115 -153.144 1246.74
v -7.6717 -152.74 1247.5
v -7.57541 -152.49 1252.45
v -7.98445 -151.877 1239.35
v -7.35579 -152.262 1240.65
v -6.90213 -151.454 1240.68
v -7.06781 -151.077 1254.57
v -7.73501 -149.19 1235.97
v -7.08486 -150.447 1236.74
v -7.03778 -149.37 1236.76
v -7.87473 -149.505 1238.74
v -7.19341 -150.285 1239.78
v -6.80284 -149.141 1240.23
v -6.96831 -150.448 1252.07
v -8.02053 -149.992 1255.04
v -8.2166 -148.663 1256.31
v -7.71903 -148.779 1256.87
v -6.80507 -148.511 1258.21
v -7.34591 -145.976 1257.17
v -7.09159 -146.624 1259.92
v -7.41194 -145.13 1239.49
v -7.81504 -144.528 1260.98
v -7.33622 -142.949 1239.63
v -7.30703 -143.219 1259.65
v -8.26953 -144.291 1260.87
v -7.55286 -143.009 1262.47
v -6.87145 -143.988 1262.56
v -7.33359 -143.022 1236.98
v -8.11142 -141.505 1260.28
v -8.14297 -142.269 1262.25
v -7.55031 -142.33 1262.89
v -7.67449 -141.293 1263.14
v -7.23266 -142.303 1263.19
v -7.06994 -141.463 1263.57
v -7.07249 -140.356 1261.13
v -8.27159 -140.946 1262.74
v -7.90159 -139.699 1263.15
v -7.44801 -140.517 1263.41
v -7.07733 -140.082 1263.57
v -6.8445 -140.873 1263.72
v -8.33887 -138.244 1261.28
v -7.71232 -139.026 1261.2
v -6.97879 -139.531 1261.28
v -7.06794 -138.816 1261.28
v -8.23863 -138.257 1263.25
v -7.50211 -138.531 1263.21
v -7.24211 -138.971 1263.31
v -7.0084 -138.225 1263.23
v -8.12664 -138.106 1236.7
v -8.13153 -137.098 1261.4
v -7.64883 -137.727 1261.29
v -7.25893 -136.878 1261.24
v -8.29299 -134.897 1235.68
v -7.91261 -136.269 1261.42
v -7.90419 -135.16 1261.54
v -6.81485 -135.925 1261.1
v -7.05351 -136.121 1263.08
v -8.01671 -134.733 1236.26
v -7.64338 -133.242 1239.31
v -6.91047 -133.622 1240.11
v -6.84292 -134.157 1263.35
v -7.70029 -133.026 1236.06
v -7.41662 -133.08 1236.12
v -6.77045 -133.169 1237.49
v -6.79171 -132.302 1237.08
v -7.40994 -131.633 1239.13
v -7.27342 -132.238 1261.96
v -7.45232 -132.941 1264.23
v -8.07756 -130.68 1236.92
v -8.29625 -131.694 1237.87
v -7.07587 -130.069 1238.91
v -6.94192 -131.35 1264.86
v -7.54967 -130.04 1266.51
v -7.53029 -129.28 1237.12
v -7.41198 -128.986 1237.36
v -7.11656 -129.172 1238.25
v -7.321 -129.349 1263.67
v -8.14579 -129.062 1268.37
v -7.33499 -128.231 1189.5
v -6.75403 -127.68 1237.12
v -6.74439 -127.593 1237.36
v -7.74752 -127.666 1265.68
v -7.03357 -127.499 1269.91
v -8.22885 -126.839 1275.69
v -7.36946 -125.98 1190.91
v -7.93543 -126.267 1268.06
v -7.13095 -125.777 1267.45
v -7.53734 -125.189 1269.98
v -7.08485 -126.345 1274.63
v -6.91414 -125.772 1276.08
v -7.88428 -125.806 1277.54
v -7.47849 -125.871 1276.9
v -7.07872 -125.193 1277.51
v -8.31358 -125.641 1278.16
v -7.95038 -124.533 1184.17
v -7.88235 -123.864 1183.72
v -8.09352 -123.763 1183.71
v -7.691 -124.057 1183.92
v -8.13046 -123.825 1186.36
v -7.83701 -124.313 1187.93
v -7.68579 -123.905 1187.09
v -7.33499 -123.833 1187.52
v -7.10581 -123.683 1187.92
v -7.83361 -124.132 1188.69
v -7.28107 -124.343 1191.5
v -7.8816 -124.574 1273.82
v -8.09751 -124.29 1279.21
v -8.01171 -123.666 1279.32
v -7.8728 -124.486 1278.95
v -7.28221 -124.7 1278.33
v -7.03106 -123.857 1278.9
v -7.38275 -123.175 1183.63
v -7.23197 -123.264 1183.67
v -7.7439 -123.467 1186.21
v -7.46159 -123.325 1186.54
v -7.05868 -122.777 1186.2
v -7.07239 -123.44 1187.11
v -6.86425 -123.424 1187.52
v -6.95609 -122.798 1189.21
v -7.0718 -123.503 1274.92
v -7.10455 -123.15 1275.94
v -7.72442 -123.464 1276.67
v -7.29324 -123.012 1276.78
v -7.33557 -123.524 1279.29
v -7.98705 -118.918 1197.6
v -7.57578 -118.036 1199.28
v -8.26758 -118.203 1199.56
v -7.85324 -117.937 1199.71
v -7.85536 -117.758 1200.38
v -7.07748 -117.187 1201.37
v -8.13754 -117.899 1204.88
v -7.8572 -117.658 1204.92
v -7.87756 -117.629 1205.12
v -7.73779 -117.4 1204.29
v -7.53609 -117.304 1205.41
v -7.0734 -117.01 1202.67
v -8.27756 -116.28 1206.5
v -7.86061 -115.878 1207.01
v -7.84651 -115.69 1206.85
v -7.35222 -115.08 1203.34
v -7.17605 -114.98 1206.59
v -7.30393 -115.472 1207.69
v -7.16748 -115.242 1207.73
v -6.8443 -115.543 1207.83
v -6.96 -115.26 1208.19
v -8.11494 -106.061 1183.42
v -7.69765 -106.463 1183.47
v -7.67223 -106.256 1183.56
v -8.05969 -106.209 1183.54
v -7.47756 -106.7 1183.52
v -7.47756 -106.77 1183.72
v -7.27756 -106.891 1183.52
v -7.27756 -106.68 1183.57
v -7.07756 -107.181 1183.72
v -7.07756 -106.88 1183.6
v -6.84955 -107.41 1183.73
v -6.729 -106.316 1184.48
v -8.12277 -106.296 1185.14
v -7.8319 -106.416 1186.86
v -7.30945 -106.327 1273.82
v -8.01903 -105.958 1278.76
v -6.95203 -106.018 1278.92
v -8.0941 -105.87 1183.5
v -8.01399 -105.483 1183.96
v -7.19029 -105.314 1185
v -7.74039 -104.598 1185.27
v -6.71076 -104.648 1186.37
v -7.60936 -105.149 1189.04
v -7.11197 -104.781 1259.04
v -7.16147 -105.643 1265.93
v -8.1174 -105.55 1272.78
v -6.8712 -104.395 1275.08
v -7.32274 -104.88 1277.68
v -7.27136 -104.584 1276.92
v -7.87756 -105.88 1279.37
v -7.82124 -105.108 1278.69
v -6.7864 -105.675 1278.28
v -8.06403 -103.772 1186.15
v -8.30002 -102.94 1187.47
v -7.1997 -103.435 1187.69
v -7.07014 -104.024 1191.99
v -7.94437 -103.072 1194.18
v -7.26901 -103.43 1193.52
v -8.04011 -104.094 1257.42
v -7.17454 -103.156 1263.08
v -8.10191 -103.145 1267.7
v -7.23567 -103.821 1272.88
v -7.90951 -103.636 1274.78
v -7.90853 -104.278 1277.27
v -7.6484 -104.166 1276.44
v -7.76538 -102.4 1189.29
v -7.72275 -101.352 1192.65
v -7.07519 -101.242 1194.16
v -9.00736 -102.012 1201.58
v -8.43564 -101.018 1235.05
v -8.04117 -101.264 1236.68
v -7.09654 -101.473 1238.09
v -7.14173 -101.525 1240.49
v -8.31732 -101.463 1243.35
v -6.9886 -102.261 1247.24
v -6.95003 -101.512 1253.6
v -7.20785 -101.676 1255.1
v -8.23343 -102.066 1258.76
v -8.11975 -100.806 1195.54
v -7.19908 -100.742 1196.22
v -7.08618 -100.944 1195.13
v -8.03869 -100.611 1196.49
v -7.38972 -100.553 1197.49
v -6.91624 -100.495 1198.54
v -7.86939 -100.474 1199.47
v -7.60553 -100.196 1200.97
v -8.30173 -100.167 1201.7
v -7.12075 -100.54 1208.23
v -7.44601 -99.8908 1212.3
v -7.49041 -99.7812 1219.1
v -8.13429 -100.068 1226.67
v -7.20928 -99.5507 1237.3
v -6.73853 -99.5499 1236.48
v -7.79932 -99.5723 1242.53
v -7.61796 -99.6823 1243.81
v -7.82195 -99.9835 1247.27
v -8.28629 -100.038 1248.93
v -8.29407 -100.164 1250.04
v -7.15487 -100.421 1249.05
v -8.15587 -100.876 1253.07
v -7.86216 -101.073 1253.43
v -7.5036 -98.9979 1205.99
v -7.44567 -98.8714 1206.75
v -7.31714 -98.7009 1207.28
v -7.89177 -97.9873 1211.6
v -6.99314 -98.2748 1210.76
v -6.949 -97.9195 1219.55
v -6.86936 -97.9777 1223.14
v -7.97903 -97.9639 1226.29
v -7.34758 -98.2671 1226.95
v -7.13239 -98.8354 1230.78
v -7.40018 -99.0441 1232.64
v -6.86945 -99.4728 1236.03
v -8.00916 -99.2224 1237.94
v -7.2667 -99.3952 1238.29
v -7.86411 -97.6467 1213.72
v -7.28093 -97.7767 1213.43
v -7.54836 -97.7919 1214.98
v -7.21384 -97.7711 1214.55
v -7.10158 -97.705 1213.94
v -8.06146 -97.5954 1215.67
v -6.87781 -97.8322 1216.31
v -8.10802 -97.4562 1217.38
v -8.18707 -97.4649 1218.86
v -8.27707 -97.4806 1219.52
v -8.04087 -97.5793 1219.3
v -7.85154 -97.5736 1219.12
v -7.65691 -97.6031 1219.94
v -6.9602 -97.8346 1219.09
v -8.37193 -97.3562 1220.69
v -8.38128 -97.4162 1221.17
v -7.67555 -97.5965 1220.7
v -8.37354 -97.3863 1223.17
v -7.57443 -97.7071 1222.7
v -7.1675 -97.9194 1223.76
v -8.15174 -97.7526 1225.92
v -7.93815 -97.7606 1225.52
v -6.69637 -162.17 1236.11
v -6.47221 -161.991 1235.73
v -6.28939 -162.077 1236.12
v -5.8784 -161.927 1236.12
v -6.67065 -162.236 1236.53
v -6.63162 -162.253 1236.91
v -6.48389 -162.39 1237.53
v -6.2637 -162.514 1237.72
v -6.24214 -162.136 1236.54
v -5.87097 -162.498 1237.74
v -5.92221 -162.309 1237.31
v -5.4644 -162.309 1237.51
v -6.68341 -162.495 1237.91
v -6.65284 -162.564 1238.14
v -6.66282 -162.556 1238.71
v -6.4769 -162.562 1237.91
v -6.27061 -162.612 1238.11
v -6.27683 -162.645 1238.71
v -5.87069 -162.587 1238.34
v -5.87711 -162.616 1239.27
v -5.47696 -162.53 1238.9
v -5.47084 -162.492 1239.33
v -5.24127 -162.326 1238.01
v -6.49201 -162.416 1239.73
v -6.47855 -162.139 1240.36
v -6.28736 -162.551 1239.48
v -6.23613 -162.369 1240.1
v -5.85363 -162.548 1239.57
v -5.7135 -162.207 1240.71
v -5.50668 -162.399 1240.31
v -5.27345 -162.31 1240.74
v -5.68549 -161.868 1242.13
v -5.49605 -162.153 1241.31
v -5.28826 -162.174 1241.79
v -6.69046 -161.189 1234.29
v -6.45304 -160.494 1233.58
v -6.27735 -161.027 1234.29
v -5.8885 -160.744 1234.32
v -5.81998 -160.44 1234.3
v -5.46031 -160.699 1234.71
v -6.3405 -161.72 1235.27
v -6.08619 -161.874 1235.72
v -5.90268 -161.365 1234.91
v -5.67439 -161.562 1235.4
v -5.69891 -161.069 1234.73
v -5.56471 -160.425 1234.72
v -5.43201 -161.254 1235.18
v -6.67574 -161.471 1241.13
v -6.50284 -161.283 1241.75
v -6.24917 -161.664 1241.3
v -6.08497 -161.483 1242.31
v -5.87886 -161.816 1241.89
v -5.87412 -161.486 1242.52
v -5.49683 -161.755 1242.54
v -6.62393 -160.611 1242.7
v -6.16116 -161.084 1242.72
v -6.29505 -160.641 1243.12
v -5.8823 -161.237 1242.91
v -5.72358 -161.14 1243.42
v -6.71065 -160.248 1233.18
v -6.37203 -160.235 1233.74
v -6.62032 -158.72 1245.14
v -5.42427 -158.113 1237.36
v -6.29043 -156.13 1237.01
v -5.95404 -155.527 1250.19
v -6.67795 -155.466 1248.95
v -6.71316 -152.795 1242.46
v -5.90613 -152.665 1243.65
v -6.66607 -153.408 1244.7
v -6.28024 -153.347 1245.73
v -6.31955 -153.19 1244.2
v -5.51788 -153.031 1245.53
v -5.46151 -152.773 1244.73
v -6.72211 -153.366 1245.93
v -6.25795 -153.202 1246.78
v -5.46496 -153.04 1246.96
v -6.22765 -152.845 1248.1
v -6.36276 -151.913 1241.9
v -5.33288 -152.277 1244.08
v -5.36086 -151.105 1243.08
v -6.34679 -152.097 1249.84
v -5.93722 -151.105 1251.98
v -5.15195 -151.654 1251.44
v -6.27574 -151.517 1254.82
v -5.94088 -151.303 1255.63
v -6.08083 -149.777 1238.04
v -6.30739 -150.493 1241.2
v -6.11858 -149.623 1241.35
v -5.16957 -150.249 1243.11
v -5.91515 -149.345 1258.18
v -5.40785 -149.816 1258.47
v -5.17519 -149.748 1258.92
v -6.47193 -148.054 1259.08
v -6.05849 -148.446 1259.35
v -5.31095 -148.614 1260.08
v -6.45854 -146.276 1237.57
v -5.37818 -146.706 1238.91
v -5.10894 -146.684 1239.33
v -6.55391 -146.92 1260.49
v -5.83159 -147.471 1260.71
v -5.66364 -146.161 1262.05
v -5.34713 -146.024 1262.74
v -6.35711 -145.092 1237.74
v -5.97022 -145.884 1238.14
v -5.59651 -145.589 1238.69
v -6.45653 -145.696 1240.71
v -5.23621 -145.109 1242.35
v -6.70721 -145.731 1261.38
v -6.03598 -144.754 1262.85
v -5.7913 -144.654 1263.34
v -5.68712 -143.48 1238.51
v -5.85342 -143.574 1241.28
v -6.53368 -143.392 1263.15
v -6.27186 -143.884 1263.15
v -6.18069 -142.906 1263.71
v -6.0682 -143.682 1263.55
v -6.00953 -143.282 1263.91
v -5.96625 -142.869 1264.13
v -5.8603 -143.73 1263.92
v -5.84836 -143.29 1264.15
v -5.46133 -144.197 1264.09
v -5.48842 -143.76 1264.3
v -5.47747 -143.462 1264.43
v -5.49793 -142.904 1264.57
v -5.26158 -144.073 1264.31
v -5.27761 -143.682 1264.48
v -5.27158 -143.28 1264.61
v -6.52532 -141.819 1237.79
v -5.75313 -141.765 1238.62
v -6.48446 -141.926 1263.76
v -6.48953 -141.452 1263.85
v -6.06351 -142.106 1264.09
v -6.02637 -141.316 1264.12
v -5.66645 -142.474 1264.51
v -5.66918 -141.881 1264.51
v -5.48248 -141.433 1264.54
v -5.27729 -142.686 1264.74
v -5.27731 -142.263 1264.77
v -5.25884 -141.713 1264.72
v -6.28512 -141.07 1263.95
v -5.94367 -140.441 1263.99
v -5.18627 -138.191 1239.18
v -6.08099 -138.872 1261.35
v -6.6446 -137.546 1261.19
v -5.88061 -136.707 1260.93
v -6.13568 -137.259 1263
v -5.76651 -135.312 1238.75
v -5.66708 -135.131 1260.64
v -6.4862 -134.203 1238.01
v -5.99089 -134.29 1260.75
v -6.66241 -131.543 1236.54
v -5.91935 -132.245 1260.94
v -5.23774 -132.259 1263.01
v -6.67201 -131.301 1236.34
v -6.18373 -130.789 1237.12
v -5.75759 -131.091 1237.92
v -5.82987 -131.054 1240.72
v -5.28255 -130.607 1263.91
v -6.11738 -129.59 1236.53
v -5.87756 -129.714 1236.52
v -5.82346 -129.48 1236.52
v -5.70135 -129.468 1236.74
v -5.33344 -129.697 1237.75
v -5.30883 -128.887 1237.14
v -6.42328 -128.702 1239.11
v -6.0634 -129.66 1240.03
v -5.8096 -129.557 1261.78
v -5.76886 -129.712 1265.02
v -6.14145 -128.601 1266.53
v -6.73078 -127.237 1188.46
v -6.51927 -127.787 1189.49
v -6.07756 -127.54 1189.52
v -6.07385 -127.229 1189.75
v -5.753 -127.28 1189.52
v -5.52496 -127.028 1189.3
v -5.50809 -126.863 1189.49
v -6.78601 -128.145 1189.94
v -6.21468 -127.303 1238.33
v -5.53949 -127.819 1239.79
v -5.21129 -127.833 1261.35
v -6.41156 -127.474 1264.04
v -5.48086 -127.688 1266.63
v -6.63558 -127.967 1268.08
v -5.76978 -125.255 1186.76
v -5.2398 -126.591 1188.98
v -5.17672 -126.637 1189.3
v -5.31733 -126.194 1189.53
v -6.08588 -126.277 1189.97
v -5.94454 -126.472 1236.86
v -6.07669 -126.186 1237.13
v -5.76889 -125.894 1237.67
v -5.87756 -125.65 1236.92
v -5.62017 -125.481 1236.76
v -5.67756 -125.283 1236.92
v -5.00218 -125.955 1239.22
v -5.30169 -125.47 1263.33
v -5.47174 -126.651 1268.24
v -5.46926 -125.881 1270.39
v -6.26465 -125.475 1275.23
v -6.54356 -124.719 1185.46
v -5.45259 -123.873 1185.57
v -6.40122 -125.075 1190.55
v -5.20926 -124.685 1237.33
v -5.94675 -124.904 1266.15
v -5.1939 -124.063 1265.1
v -6.42974 -124.317 1269.17
v -5.34849 -124.954 1273.74
v -6.46148 -124.512 1277.68
v -6.34392 -124.991 1276.71
v -5.64244 -124.35 1276.53
v -6.47141 -123.991 1278.31
v -6.63079 -123.455 1184.14
v -6.60442 -122.821 1183.73
v -6.40412 -122.08 1183.72
v -6.28071 -121.908 1185.96
v -6.19067 -122.093 1186.53
v -6.70315 -122.829 1186.72
v -6.3075 -122.733 1187.11
v -6.3341 -122.888 1187.94
v -5.95528 -122.48 1187.52
v -5.85888 -122.215 1187.11
v -6.22455 -122.467 1188.55
v -5.42376 -123.436 1190.63
v -5.24836 -122.545 1191.09
v -5.32916 -123.056 1268.29
v -6.10555 -122.708 1273.7
v -6.51605 -122.669 1275.47
v -6.38923 -122.069 1276.41
v -5.55598 -123.497 1277.74
v -6.49509 -122.907 1279.21
v -6.61935 -122.583 1279.41
v -6.51599 -122.176 1279.32
v -6.04411 -122.283 1279.29
v -5.90866 -122.969 1278.71
v -5.45517 -122.243 1278.87
v -5.28186 -122.668 1278.3
v -6.07756 -121.6 1183.72
v -5.87756 -121.68 1183.58
v -5.78755 -121.366 1183.58
v -5.63251 -121.433 1183.58
v -5.34009 -121.532 1183.75
v -5.73475 -121.116 1186.1
v -5.52077 -121.909 1187.93
v -5.57434 -121.487 1186.72
v -5.3356 -121.678 1187.52
v -5.3267 -121.458 1187.12
v -5.14991 -120.725 1186.72
v -5.2577 -121.361 1188.36
v -5.83344 -121.229 1192.42
v -5.44342 -121.796 1273.25
v -5.75815 -121.673 1275.09
v -5.11064 -120.654 1274.56
v -5.99702 -121.742 1279.45
v -6.01843 -121.491 1279.32
v -5.2991 -121.328 1279.3
v -5.126 -120.08 1183.72
v -6.52252 -120.473 1190.85
v -5.61721 -118.924 1191.65
v -6.44116 -117.344 1194.92
v -5.93584 -117.617 1198.23
v -6.66942 -117.186 1200.86
v -6.31447 -115.808 1198.38
v -5.35734 -116.538 1200.73
v -5.99549 -116.133 1204.64
v -5.93369 -116.174 1204.13
v -6.44109 -116.482 1206.5
v -6.31986 -116.518 1206.17
v -5.95792 -116.221 1206.94
v -5.8973 -116.116 1207.16
v -5.66972 -116.067 1207.09
v -5.26036 -115.694 1207.25
v -5.47756 -115.981 1207.52
v -5.38847 -114.6 1200.59
v -5.89844 -114.318 1203.25
v -6.42279 -114.342 1205.87
v -6.31407 -114.88 1209.32
v -6.33702 -114.648 1209.05
v -6.2635 -114.68 1209.52
v -5.98181 -114.906 1209.51
v -5.67756 -114.48 1210.79
v -5.1117 -114.281 1212.24
v -5.22912 -114.08 1211.92
v -5.74118 -113.777 1207.51
v -5.6383 -113.887 1209.61
v -6.43602 -107.835 1183.97
v -6.25891 -107.88 1183.72
v -6.06602 -108.28 1183.92
v -5.8635 -108.48 1183.72
v -5.87756 -108.28 1183.84
v -5.67756 -108.9 1183.92
v -5.47756 -108.88 1183.92
v -5.8765 -108.43 1187.07
v -5.10246 -108.899 1273.16
v -5.88704 -108.202 1275.16
v -6.06279 -108.152 1278.97
v -6.25365 -107.88 1279.32
v -6.07756 -108.08 1279.36
v -6.07756 -107.88 1279.45
v -6.06821 -107.681 1279.4
v -5.87756 -108.28 1279.45
v -5.87756 -107.88 1279.38
v -5.4784 -108.487 1279.38
v -6.67756 -107.48 1183.58
v -6.29 -107.463 1183.96
v -5.48006 -107.495 1184.9
v -5.69399 -106.275 1185.73
v -6.29924 -106.29 1267.51
v -6.3375 -107.448 1274.39
v -5.912 -106.088 1277.49
v -5.12345 -106.525 1276.52
v -6.74822 -107.207 1279.42
v -6.64444 -106.697 1279.24
v -6.51454 -107.222 1279.41
v -6.27756 -107.48 1279.43
v -6.10194 -106.643 1278.67
v -5.86711 -107.54 1279.22
v -5.70865 -107.301 1278.88
v -5.27171 -107.087 1277.89
v -5.90383 -105.472 1186.34
v -5.29088 -104.894 1187.88
v -6.50131 -104.429 1191.79
v -5.36037 -104.611 1267.95
v -5.90265 -104.865 1273.21
v -6.70146 -104.783 1276.14
v -5.54925 -105.69 1275.42
v -6.66128 -105.158 1277.1
v -5.93007 -104.067 1188.18
v -5.87485 -103.021 1196.7
v -6.1833 -104.17 1254.53
v -5.48933 -102.985 1257.04
v -5.60006 -103.125 1258.33
v -5.8724 -104.147 1266.13
v -5.97331 -102.706 1190.6
v -5.39118 -102.533 1191.73
v -6.46795 -101.182 1194.71
v -6.65388 -102.634 1197.55
v -5.33067 -102.159 1201.9
v -5.54365 -101.586 1227.19
v -5.97288 -101.453 1228.78
v -6.73055 -101.238 1230.81
v -6.7343 -101.524 1233.44
v -6.68396 -101.544 1235.34
v -6.02191 -101.866 1235.76
v -6.73147 -102.634 1248.94
v -5.563 -102.076 1254.02
v -5.9544 -100.608 1198.38
v -6.07827 -100.279 1200.89
v -5.39477 -100.641 1199.61
v -6.30026 -100.205 1201.72
v -6.73138 -99.8252 1202.93
v -6.52336 -99.941 1213.35
v -5.29322 -100.568 1217.46
v -5.84984 -101.054 1223.89
v -5.91305 -99.805 1234.04
v -6.48928 -99.7457 1239.36
v -6.45979 -99.7311 1240.96
v -5.48844 -100.44 1245.41
v -6.20016 -100.424 1246.92
v -5.80766 -100.613 1247.75
v -6.3986 -100.642 1249.25
v -6.25789 -100.798 1249.7
v -5.96506 -98.6581 1207.78
v -5.36161 -98.484 1209.92
v -6.09508 -98.1083 1211.59
v -6.53912 -97.9529 1212.54
v -6.26079 -98.0355 1215.36
v -5.57098 -98.0633 1214.53
v -6.02206 -98.0081 1216.19
v -6.18071 -98.2345 1219.47
v -6.75598 -98.0106 1221.56
v -6.46038 -98.1678 1220.69
v -6.19372 -98.507 1222.5
v -5.91077 -98.4767 1223.31
v -5.89061 -98.6271 1222.94
v -6.70528 -98.2969 1224.59
v -5.91241 -98.7001 1224.76
v -6.06992 -98.3804 1223.54
v -5.27119 -98.8995 1223.52
v -5.93171 -98.9238 1226.08
v -6.08494 -97.9075 1213.76
v -6.72816 -97.8296 1215.88
v -6.71249 -97.7785 1217.37
v -5.14139 -161.963 1236.88
v -4.88399 -162.007 1237.35
v -4.8965 -162.316 1239.21
v -5.11419 -162.389 1240.1
v -3.93562 -162.07 1240.23
v -5.07786 -162.298 1241.35
v -4.67798 -162.322 1241.09
v -4.66694 -162.113 1242.5
v -4.24177 -162.23 1241.31
v -4.24042 -162.16 1242.12
v -5.06097 -161.868 1242.97
v -4.88461 -160.594 1235.5
v -4.47756 -160.88 1235.93
v -4.45758 -160.644 1236.21
v -4.90737 -161.596 1236.29
v -4.45917 -161.615 1236.97
v -4.5173 -161.28 1236.29
v -4.1885 -161.08 1236.52
v -3.52989 -161.091 1237.7
v -3.62287 -160.88 1237.32
v -4.25833 -161.876 1238.16
v -3.66618 -161.465 1238.15
v -3.88239 -161.855 1243.33
v -4.96964 -160.294 1245.59
v -4.67435 -161.169 1244.69
v -4.27304 -160.655 1245.74
v -4.09711 -161.545 1244.28
v -3.85855 -160.891 1245.57
v -3.65441 -161.532 1244.34
v -5.19488 -159.587 1236.4
v -3.94161 -160.06 1237.9
v -3.93616 -158.802 1239.07
v -4.544 -158.995 1247.29
v -3.66694 -158.727 1248.58
v -4.54128 -157.417 1239.09
v -3.82629 -157.757 1239.76
v -3.7034 -157.304 1240.52
v -3.70384 -157.909 1250.43
v -3.44616 -157.668 1251.59
v -3.44807 -157.273 1252.16
v -4.45919 -155.854 1240.05
v -3.58442 -156.459 1240.98
v -5.02615 -156.553 1250.04
v -5.13931 -155.768 1251.05
v -4.10481 -156.497 1252.05
v -3.99649 -156.956 1251.42
v -3.84277 -157.073 1251.74
v -3.82226 -156.35 1252.74
v -3.63345 -154.721 1241.75
v -3.85547 -153.321 1241.59
v -5.02653 -152.883 1246.79
v -4.64503 -152.463 1245.99
v -5.06864 -152.619 1248.89
v -4.09196 -152.365 1247.88
v -4.2808 -152.417 1249.02
v -4.99405 -153.317 1254.48
v -4.25603 -152.385 1256.16
v -4.03904 -153.423 1255.36
v -3.96301 -153.092 1255.72
v -3.72973 -153.577 1255.47
v -3.79998 -153.297 1255.89
v -4.57493 -151.006 1240.47
v -3.89055 -151.205 1241.83
v -5.10726 -151.859 1244.04
v -4.69267 -152.088 1245.1
v -4.47789 -151.479 1244.92
v -4.40644 -151.015 1244.77
v -4.01572 -151.837 1246.32
v -3.64627 -151.964 1250.47
v -4.2076 -151.806 1251.33
v -4.09133 -152.214 1256.93
v -3.49139 -151.336 1259.26
v -3.7254 -149.67 1241.92
v -3.60234 -149.288 1242.19
v -4.37179 -150.04 1254.99
v -4.28915 -150.374 1259.08
v -5.07635 -148.39 1239.46
v -4.71205 -148.167 1240.07
v -4.39868 -149.092 1240.74
v -4.15035 -148.214 1240.87
v -4.33604 -148.888 1256.75
v -4.64646 -147.882 1257.7
v -3.68229 -148.461 1257.9
v -4.77527 -148.658 1260.52
v -4.99798 -146.033 1239.36
v -4.64333 -146.913 1239.93
v -4.43631 -146.165 1240.15
v -3.95678 -147.549 1241.21
v -4.96831 -147.473 1243.18
v -4.38459 -146.589 1244
v -4.89652 -147.299 1262.01
v -4.80414 -146.604 1262.86
v -4.18434 -146.221 1263.62
v -4.97199 -144.705 1239.29
v -4.67673 -144.939 1239.73
v -4.54213 -144.642 1239.95
v -4.19369 -145.639 1240.53
v -4.29048 -145.062 1260.61
v -3.6878 -144.649 1261.22
v -5.07778 -145.504 1263.51
v -4.79206 -144.751 1264.21
v -4.885 -144.002 1239.5
v -3.83171 -143.282 1240.56
v -4.50089 -143.73 1243.02
v -3.98341 -144.336 1243.97
v -4.5509 -144.081 1261.02
v -4.26335 -143.429 1261.46
v -3.89855 -143.028 1261.75
v -5.0469 -143.067 1264.72
v -4.8903 -143.86 1264.55
v -4.66126 -143.308 1264.79
v -4.22679 -144.255 1264.93
v -4.27483 -143.458 1265.03
v -4.02622 -143.682 1265.16
v -3.87637 -143.077 1265.21
v -5.17256 -141.895 1261.55
v -4.65647 -141.489 1261.76
v -5.05532 -141.273 1264.68
v -4.88871 -142.31 1264.86
v -4.89119 -142.06 1264.87
v -4.65618 -142.067 1264.87
v -4.65651 -141.495 1264.84
v -4.45482 -142.512 1264.88
v -3.91813 -141.704 1264.85
v -3.87125 -141.245 1264.74
v -4.73458 -140.218 1261.7
v -3.88643 -140.229 1261.74
v -5.09263 -140.697 1264.44
v -5.05011 -139.783 1264
v -4.27802 -140.838 1264.69
v -4.96215 -138.112 1261.14
v -4.49767 -136.552 1260.53
v -4.54947 -135.154 1260.15
v -3.85334 -135.873 1260.07
v -5.10183 -136.044 1260.58
v -4.01931 -135.387 1262.2
v -5.17224 -134.879 1241.75
v -3.73496 -134.054 1259.37
v -4.7281 -133.302 1262.35
v -4.36722 -134.333 1262.1
v -4.40939 -133.146 1239.69
v -4.7568 -132.782 1242
v -4.69196 -132.63 1259.87
v -4.62944 -131.475 1239.2
v -4.30996 -130.757 1259.29
v -5.08598 -130.275 1260.51
v -4.49077 -130.386 1263.1
v -3.93532 -131.414 1262.06
v -4.46259 -128.649 1238.26
v -4.19561 -129.372 1238.94
v -3.79125 -129.878 1257.45
v -4.82844 -128.562 1260.18
v -3.98377 -128.465 1263.29
v -3.8666 -129.669 1262.52
v -5.0742 -128.738 1264.93
v -4.39012 -129.289 1263.54
v -5.15611 -127.685 1236.44
v -4.60213 -127.156 1236.54
v -4.59072 -126.88 1236.32
v -4.13705 -127.094 1237.55
v -3.71665 -128.024 1255.47
v -4.441 -127.806 1258.79
v -4.75114 -127.024 1260.16
v -4.27475 -128.074 1264.12
v -3.71589 -127.021 1263.63
v -4.70412 -126.08 1188.92
v -4.69717 -125.765 1189.15
v -4.27756 -125.609 1188.92
v -4.73597 -126.707 1236.3
v -4.27756 -126.28 1236.1
v -4.21006 -126.08 1236.12
v -4.27756 -125.88 1236.07
v -4.08265 -126.106 1236.31
v -3.826 -125.48 1235.92
v -3.90712 -125.179 1235.85
v -3.45989 -125.134 1236.41
v -3.6286 -125.977 1254.7
v -4.21649 -126.639 1257.46
v -4.18161 -126.684 1265.2
v -4.5398 -123.826 1186.52
v -4.77907 -124.916 1187.41
v -3.89952 -124.278 1187.88
v -4.29505 -124.556 1189.34
v -3.95412 -125.08 1188.72
v -3.87276 -124.611 1188.97
v -5.11566 -124.214 1190.04
v -4.79603 -123.897 1236.18
v -4.87756 -123.68 1236.29
v -3.58537 -125.08 1235.92
v -4.96909 -124.214 1236.33
v -5.06522 -124.078 1236.56
v -4.9951 -123.88 1236.32
v -4.82344 -123.594 1236.4
v -4.98001 -124.962 1238.3
v -3.73164 -124.996 1255.48
v -4.14402 -124.72 1258.14
v -4.4845 -124.946 1260.42
v -3.9185 -124.875 1267.53
v -4.45814 -123.732 1274.18
v -5.11458 -124.245 1275.29
v -4.59889 -122.898 1185.54
v -4.01392 -122.299 1185.76
v -3.68724 -123.254 1187.15
v -3.7135 -122.944 1189.56
v -4.63127 -123.517 1189.94
v -4.68674 -122.239 1190.72
v -4.28167 -122.699 1235.65
v -4.35145 -123.283 1237.27
v -3.90292 -121.868 1261.89
v -4.47455 -123.175 1263.41
v -4.78051 -122.388 1267.2
v -4.68975 -123.491 1275.8
v -3.86702 -122.334 1275.25
v -4.87527 -122.879 1277.35
v -4.63261 -123.05 1276.51
v -4.58395 -121.939 1184.74
v -4.47066 -120.715 1183.96
v -3.59041 -120.692 1185.15
v -5.03475 -121.224 1187.92
v -4.77135 -120.695 1187.48
v -3.71933 -121.753 1190.3
v -4.66702 -120.962 1191.81
v -3.60252 -121.435 1234.8
v -3.59092 -121.155 1235.15
v -4.72414 -121.686 1269.21
v -4.73597 -121.034 1271.37
v -3.94259 -121.526 1277.08
v -3.74944 -120.683 1277.7
v -5.07674 -120.686 1279.4
v -4.74711 -121.901 1278.31
v -4.87498 -121.369 1278.9
v -4.86927 -120.862 1279.2
v -4.35364 -121.242 1278.32
v -4.44843 -120.652 1278.9
v -4.28701 -121.539 1277.89
v -4.86288 -119.983 1183.58
v -4.70827 -120.279 1183.61
v -4.4483 -120.055 1183.67
v -4.01255 -119.863 1183.95
v -4.0879 -118.951 1183.62
v -3.58403 -119.473 1184.37
v -3.68879 -118.855 1183.92
v -4.96639 -119.885 1186.24
v -4.46974 -120.292 1187.91
v -4.46081 -120.064 1187.5
v -4.23732 -119.833 1187.92
v -4.17107 -119.231 1187.49
v -3.92049 -118.98 1187.98
v -4.277 -119.849 1188.38
v -3.90644 -119.142 1188.41
v -5.19718 -119.974 1190.01
v -5.08817 -119.919 1193.18
v -4.28383 -118.718 1194.16
v -4.04709 -120.339 1268.14
v -3.54785 -119.128 1267.02
v -4.38511 -119.674 1272.65
v -4.44942 -119.076 1274.51
v -5.07511 -119.974 1276.02
v -5.05049 -119.854 1279.32
v -4.74614 -119.727 1279.48
v -4.45209 -119.881 1279.29
v -3.8466 -120.294 1278.31
v -3.71814 -119.488 1278.7
v -3.88713 -119.105 1279.11
v -4.26037 -117.88 1183.72
v -4.07756 -118.08 1183.54
v -4.05932 -117.625 1183.54
v -3.86944 -118.438 1183.67
v -3.86998 -117.673 1183.59
v -3.66992 -117.27 1183.68
v -4.17898 -117.71 1186.51
v -3.54155 -117.374 1188.09
v -4.04242 -118.692 1189.96
v -5.29195 -118.137 1196.24
v -4.2737 -117.905 1276.07
v -4.27756 -117.939 1279.32
v -4.05762 -118.668 1279.39
v -4.07756 -118.08 1279.47
v -4.07109 -117.274 1279.46
v -3.66853 -117.24 1279.41
v -3.94518 -116.213 1183.82
v -3.9302 -115.644 1183.98
v -3.87663 -116.677 1183.55
v -3.87377 -116.009 1183.68
v -3.67756 -115.68 1183.67
v -3.8541 -115.885 1187.16
v -3.98956 -116.94 1192.83
v -4.23969 -116.892 1197.79
v -4.8157 -115.448 1205.4
v -4.91235 -115.543 1208.67
v -3.68548 -117.194 1272.96
v -3.9134 -116.071 1275.87
v -3.66852 -115.875 1274.63
v -3.943 -116.112 1279.09
v -3.87901 -116.867 1279.49
v -3.86787 -116 1279.39
v -3.68452 -116.106 1279.47
v -3.926 -114.08 1183.92
v -3.8635 -114.28 1183.72
v -3.67756 -114.08 1183.98
v -3.94349 -114.05 1186.98
v -3.74316 -114.103 1187.75
v -3.58974 -114.904 1203.3
v -3.59588 -114.609 1205.22
v -5.03326 -115.418 1206.39
v -4.22977 -114.856 1207.12
v -4.64285 -115.316 1209.38
v -4.35792 -115.135 1209.27
v -4.07493 -115.066 1210.6
v -3.95515 -114.701 1209.73
v -3.71013 -114.345 1209.09
v -4.36884 -114.098 1214.76
v -3.37405 -114.341 1218.14
v -3.59787 -114.08 1217.72
v -3.9139 -114.055 1275.78
v -3.76228 -115.116 1275.22
v -3.67974 -115.248 1279.47
v -3.67756 -114.08 1279.44
v -4.01824 -113.28 1184.12
v -4.07756 -112.48 1183.98
v -3.87756 -113.68 1183.84
v -3.87756 -113.08 1184.03
v -3.54952 -112.949 1184.56
v -3.90596 -112.527 1187.93
v -4.55702 -112.998 1210.51
v -4.60405 -113.273 1211.75
v -4.03213 -113.841 1215.63
v -3.56829 -113.3 1273.33
v -3.94787 -113.88 1279.32
v -4.03153 -113.28 1279.32
v -4.07756 -112.68 1279.41
v -3.87756 -113.28 1279.47
v -3.88475 -112.483 1279.39
v -3.66023 -112.983 1279.34
v -4.50137 -111.28 1183.92
v -4.58563 -111.08 1184.12
v -4.29185 -111.88 1183.92
v -4.47756 -111.35 1184.12
v -4.36756 -111.28 1184.12
v -4.47756 -110.824 1184.12
v -4.10375 -112.08 1184.12
v -4.27756 -112.015 1184.32
v -4.20459 -111.88 1184.12
v -4.11992 -111.651 1184.23
v -4.28022 -111.474 1184.09
v -4.13165 -111.042 1184.49
v -3.93683 -111.93 1184.37
v -4.21041 -112.149 1187.26
v -3.67166 -111.635 1271.54
v -3.97046 -112.314 1274.21
v -4.34195 -111.076 1274.18
v -4.29139 -111.875 1275.33
v -4.63246 -110.88 1279.32
v -4.25265 -112.146 1278.88
v -4.22017 -112.11 1279.32
v -4.27756 -111.08 1279.4
v -4.07756 -112.28 1279.45
v -3.89011 -111.333 1279.17
v -3.70944 -111.134 1278.89
v -4.88537 -110.28 1183.92
v -4.96037 -110.08 1184.12
v -4.87756 -110.308 1184.12
v -4.78471 -110.28 1184.12
v -4.87827 -110.08 1184.03
v -4.87756 -109.88 1184.11
v -4.67756 -110.48 1184.05
v -4.93221 -110.27 1187
v -4.9169 -109.91 1274.95
v -5.06086 -109.844 1278.77
v -5.10922 -109.726 1279.2
v -4.91398 -109.844 1279.44
v -4.47132 -109.94 1279.23
v -4.26103 -109.752 1278.91
v -3.96879 -109.44 1278.11
v -4.4377 -107.954 1185.91
v -4.72478 -109.259 1188.34
v -3.57922 -108.681 1276.06
v -4.62856 -107.869 1277.69
v -4.11651 -108.34 1277.14
v -4.90981 -108.478 1278.88
v -4.8969 -109.065 1279.22
v -4.90333 -107.919 1278.32
v -4.5574 -108.304 1278.1
v -4.71439 -106.02 1187.3
v -4.3633 -106.906 1186.88
v -4.71668 -106.49 1260.74
v -4.05678 -107.408 1262.34
v -4.99496 -106.683 1262.8
v -4.15769 -107.275 1274.98
v -4.36257 -107.506 1276.4
v -4.13929 -104.992 1193.9
v -3.66055 -105.508 1193.76
v -3.99146 -104.692 1261.39
v -3.94486 -105.62 1266.82
v -5.18318 -102.972 1191.08
v -3.71418 -103.607 1191.9
v -4.1178 -103.721 1196.68
v -5.08573 -102.741 1198.97
v -4.21053 -103.101 1198.61
v -3.70295 -102.808 1224.35
v -5.12017 -102.82 1246.71
v -4.71601 -103.883 1251
v -4.96338 -102.096 1193.24
v -5.15603 -101.58 1194.73
v -4.10121 -101.467 1205.51
v -5.10578 -101.206 1220.27
v -3.76775 -102.308 1221.41
v -5.0799 -101.936 1226.38
v -4.14305 -102.51 1228.35
v -4.31391 -102.548 1231.57
v -4.05297 -102.585 1236.68
v -4.15628 -102.427 1238.7
v -4.33338 -102.46 1240.68
v -4.8226 -102.521 1243.61
v -4.43556 -101.149 1247.78
v -4.15457 -101.313 1248.26
v -4.70328 -101.078 1196.89
v -4.07512 -100.631 1200.6
v -4.92026 -100.129 1202.42
v -4.73241 -100.345 1201.71
v -4.26234 -100.422 1201.33
v -4.98979 -100.816 1207.84
v -4.03867 -100.966 1207.9
v -4.00841 -100.84 1208.98
v -4.83272 -100.401 1213.16
v -4.15182 -99.7573 1223.9
v -3.99607 -99.9317 1224.57
v -5.12736 -100.003 1232.95
v -3.6513 -100.688 1232.53
v -4.01601 -100.496 1235.31
v -3.83227 -100.507 1239.21
v -4.97324 -100.182 1239.78
v -3.62632 -100.664 1241.01
v -4.55515 -100.99 1247.24
v -3.69344 -98.8442 1208.39
v -5.10876 -98.4548 1210.97
v -4.56779 -98.3041 1211.98
v -4.28614 -98.5824 1211.17
v -4.26293 -98.4534 1211.7
v -3.80083 -98.5167 1212.19
v -4.45986 -98.374 1213.21
v -4.10065 -98.5314 1214.66
v -4.87297 -98.3832 1216.11
v -4.77286 -98.4862 1215.49
v -4.51227 -98.6176 1216.89
v -3.87741 -98.8452 1216.54
v -3.72416 -98.9396 1216.11
v -4.51107 -98.6568 1217.75
v -4.01996 -98.8802 1217.13
v -4.07227 -99.2508 1219.33
v -4.68438 -99.2123 1220.84
v -5.04378 -99.1947 1222.74
v -4.69918 -99.4566 1223.16
v -4.91075 -99.187 1222.49
v -4.84099 -99.0566 1221.88
v -4.08987 -99.607 1222.39
v -5.01968 -99.175 1224.32
v -3.47701 -161.927 1241.55
v -3.49286 -161.632 1239.3
v -3.19069 -161.285 1238.95
v -3.27756 -160.88 1237.98
v -3.08273 -160.68 1238.32
v -2.92422 -160.906 1238.79
v -2.47756 -160.68 1239.45
v -3.26379 -161.704 1240.18
v -3.06854 -161.463 1239.71
v -2.72008 -161.067 1239.54
v -2.54796 -161.208 1240.46
v -1.94399 -160.502 1240.5
v -2.67539 -161.45 1241.39
v -3.47628 -161.829 1242.93
v -3.25252 -161.533 1244.1
v -2.46872 -161.275 1243.62
v -3.45275 -161.044 1245.35
v -3.02895 -161.079 1245.15
v -2.30525 -160.959 1244.72
v -2.76837 -160.071 1239.62
v -2.63246 -159.608 1240.07
v -2.52904 -159.47 1240.32
v -2.0373 -160.248 1240.29
v -2.88829 -160.058 1247.05
v -2.50543 -160.185 1246.79
v -2.05919 -160.005 1247.18
v -3.29125 -159.715 1247.42
v -3.04842 -159.396 1248.18
v -2.48903 -159.749 1247.94
v -2.90957 -159.044 1249.52
v -2.89667 -159.197 1249.08
v -2.90293 -158.821 1249.95
v -2.72489 -158.854 1250.16
v -2.48067 -159.172 1249.75
v -2.28165 -159.249 1250.37
v -2.31479 -159.432 1249.27
v -2.84145 -158.691 1250.74
v -3.43354 -158.072 1240.32
v -2.80865 -158.692 1240.83
v -2.87594 -157.649 1241.37
v -3.28143 -158.182 1250.52
v -3.28437 -158.055 1251.19
v -3.18087 -158.256 1250.73
v -2.95285 -156.93 1253.18
v -2.54196 -158.024 1252.47
v -2.4918 -157.267 1253.18
v -2.27215 -158.173 1252.52
v -2.07756 -158.272 1252.52
v -2.73828 -156.313 1242.51
v -2.9843 -155.543 1254.48
v -2.6685 -154.507 1243.33
v -3.41707 -154.802 1254.65
v -3.30083 -152.923 1242.69
v -2.51466 -153.127 1243.75
v -2.79999 -153.062 1258.06
v -3.05772 -151.641 1243.05
v -3.34879 -151.26 1247.19
v -3.3439 -150.896 1246.85
v -3.46738 -151.978 1248.81
v -3.32548 -151.648 1247.97
v -3.23063 -151.805 1250.36
v -2.19683 -150.734 1249.79
v -2.06262 -150.89 1250.99
v -2.63581 -150.993 1253.34
v -3.26713 -152.281 1257.94
v -2.98376 -150.376 1243.33
v -2.77112 -149.664 1243.68
v -2.99821 -149.915 1247.01
v -2.06674 -149.289 1248.79
v -2.24142 -150.265 1248.95
v -2.25144 -150.435 1254.95
v -2.97215 -149.53 1256.78
v -2.20752 -149.688 1256.8
v -2.77082 -150.663 1260.8
v -3.00792 -148.468 1246.7
v -3.51121 -149.037 1257.25
v -3.05136 -148.669 1258.11
v -2.1594 -148.912 1258.24
v -3.0833 -147.872 1259.08
v -2.26927 -148.432 1258.89
v -1.95572 -148.053 1259.51
v -3.14205 -146.202 1242.13
v -3.65149 -146.602 1259.87
v -2.66876 -147.291 1259.95
v -3.46116 -146.048 1260.49
v -2.67941 -146.657 1260.46
v -2.98526 -146.966 1264.5
v -2.21989 -146.78 1265.27
v -2.62213 -145.383 1246.71
v -3.47821 -145.293 1260.97
v -2.93137 -145.865 1260.91
v -3.02096 -145.09 1261.31
v -2.40658 -145.898 1261.1
v -2.25657 -144.684 1261.7
v -3.12603 -145.645 1265.23
v -3.07093 -144.879 1265.48
v -2.64709 -145.514 1265.51
v -2.67541 -144.495 1265.63
v -2.42756 -145.134 1265.63
v -1.97511 -144.707 1265.73
v -2.93158 -144.062 1261.74
v -3.09404 -143.071 1261.94
v -2.06404 -143.87 1261.95
v -3.47097 -143.391 1265.33
v -3.46318 -143.047 1265.29
v -3.12258 -144.231 1265.52
v -3.07046 -143.498 1265.5
v -3.07647 -143.083 1265.39
v -2.84656 -143.285 1265.52
v -2.67459 -143.893 1265.62
v -2.19003 -143.53 1265.64
v -2.19948 -141.541 1242.13
v -2.39988 -141.874 1245.34
v -3.27427 -141.425 1261.96
v -2.33922 -142.657 1262.06
v -2.25694 -142.055 1262.05
v -2.28521 -141.27 1261.95
v -3.4074 -141.257 1264.76
v -3.5022 -142.29 1265.14
v -3.07079 -142.661 1265.27
v -3.05454 -142.037 1265.13
v -2.64729 -142.244 1265.21
v -2.4724 -142.712 1265.43
v -2.88881 -140.029 1241.25
v -2.6205 -140.454 1244.59
v -2.72358 -140.244 1261.71
v -3.27964 -139.84 1264.31
v -2.97866 -140.18 1264.41
v -2.31372 -139.924 1264.29
v -2.10094 -140.798 1264.73
v -2.6741 -138.725 1244.28
v -2.52228 -139.418 1261.37
v -2.7081 -138.126 1263.29
v -2.48068 -139.12 1263.93
v -3.03023 -137.382 1243.8
v -2.41099 -136.601 1259.76
v -3.10694 -137.674 1260.64
v -2.86729 -134.962 1259.11
v -2.64101 -135.518 1261.83
v -2.49719 -134.249 1258.36
v -2.25691 -133.259 1257.04
v -2.93365 -134.17 1261.37
v -2.84842 -133.431 1261.11
v -2.88352 -131.65 1256.46
v -3.10144 -132.397 1257.92
v -3.51072 -132.869 1258.77
v -3.55418 -132.93 1261.53
v -2.61366 -131.626 1260.51
v -2.4131 -132.477 1260.5
v -2.63131 -130.456 1253.4
v -2.31185 -131.431 1253.84
v -3.04036 -130.333 1254.78
v -2.16864 -130.631 1259.53
v -3.10271 -130.235 1261.11
v -2.70577 -130.198 1243.53
v -2.51284 -128.533 1251.36
v -2.2916 -129.715 1251.68
v -2.75037 -129.438 1252.7
v -3.14499 -129.461 1254.17
v -2.61389 -128.873 1259.93
v -2.19111 -128.926 1258.53
v -3.43236 -127.364 1238.74
v -3.34148 -127.786 1242.21
v -2.45473 -127.858 1243.34
v -2.64097 -127.52 1251.15
v -2.97317 -128.11 1252.56
v -2.16504 -126.85 1257.31
v -2.60131 -127.413 1259.68
v -2.40312 -127.893 1258.81
v -3.26604 -127.936 1261.83
v -2.99953 -125.945 1241.83
v -2.0049 -125.805 1243.42
v -2.22493 -125.757 1249.34
v -2.87322 -126.511 1251.51
v -2.26266 -125.474 1258.41
v -2.56293 -125.437 1260.59
v -3.37938 -124.225 1188.72
v -3.27923 -123.686 1189.02
v -3.5228 -124.175 1235.49
v -3.27756 -124.362 1235.52
v -2.88188 -123.783 1240.63
v -2.45707 -124.483 1249.83
v -2.73731 -124.53 1250.8
v -2.76778 -123.828 1264.54
v -2.72429 -122.452 1188.09
v -3.26831 -123.03 1189.29
v -2.61037 -122.88 1188.72
v -2.29778 -122.213 1188.73
v -2.38795 -122.23 1188.99
v -2.31398 -122.361 1234.3
v -3.12748 -122.675 1239.17
v -2.44906 -123.428 1249.98
v -2.35755 -122.171 1250.18
v -2.70945 -122.391 1251.62
v -3.33927 -123.28 1254.46
v -1.99524 -122.203 1262.79
v -3.17774 -122.054 1272.51
v -3.1322 -121.717 1186.71
v -2.50368 -120.709 1187.08
v -2.44709 -121.625 1189.51
v -2.00864 -121.255 1188.49
v -3.36892 -120.412 1191.23
v -3.02386 -121.513 1190.1
v -2.42522 -121.037 1189.93
v -2.58341 -121.338 1238.63
v -2.06852 -121.76 1240.35
v -2.25092 -120.721 1251.06
v -3.05724 -121.011 1255.2
v -2.60712 -120.871 1272.08
v -2.89965 -120.725 1274.33
v -2.77224 -119.32 1185.72
v -2.5178 -119.164 1232.63
v -2.79162 -119.08 1232.92
v -2.98236 -120.189 1233.73
v -3.07756 -119.88 1233.86
v -2.70607 -119.789 1254.73
v -2.86041 -119.335 1256.43
v -3.2036 -120.013 1258.15
v -2.38119 -118.974 1275.19
v -3.28526 -119.681 1277.73
v -2.95332 -119.92 1276.33
v -3.40548 -118.515 1184.22
v -3.45238 -117.728 1183.94
v -2.64661 -117.973 1185.49
v -2.33702 -117.562 1194.37
v -2.37287 -117.88 1231.32
v -2.3841 -117.898 1231.52
v -2.27287 -117.88 1231.92
v -2.23933 -117.939 1255.09
v -2.02805 -118.771 1273.08
v -2.02508 -117.872 1275.01
v -2.72129 -118.675 1277.3
v -2.5648 -117.722 1277.71
v -2.35189 -118.3 1276.28
v -2.36481 -117.821 1276.92
v -3.48769 -118.542 1278.92
v -3.4955 -117.728 1279.22
v -2.97807 -118.467 1278.13
v -3.0873 -117.29 1278.9
v -2.66951 -117.473 1278.13
v -3.30225 -116.785 1184.13
v -3.02252 -116.925 1189.5
v -3.03404 -117.01 1190.26
v -2.59326 -115.856 1192.33
v -3.04548 -116.725 1196.75
v -2.04281 -115.581 1225.53
v -2.04668 -115.691 1226.05
v -2.14351 -115.885 1227.15
v -1.99172 -115.648 1227.35
v -2.16095 -116.389 1228.54
v -2.1885 -117.08 1229.92
v -2.88774 -117.284 1264.42
v -3.09935 -116.22 1268.62
v -1.97796 -117.11 1275.74
v -2.42025 -117.074 1277.7
v -2.31148 -116.08 1277.69
v -2.12951 -116.504 1276.88
v -3.47733 -115.697 1279.41
v -3.27099 -116.122 1279.27
v -2.90285 -116.238 1278.89
v -2.60008 -116.679 1278.31
v -2.53714 -115.849 1278.31
v -3.27854 -115.292 1184.32
v -2.37357 -115.089 1190.37
v -2.16443 -115.112 1191.35
v -2.11362 -114.789 1194.45
v -2.45359 -114.652 1195.63
v -2.01178 -115.389 1198.99
v -2.50557 -114.701 1201.77
v -3.45926 -114.801 1212.61
v -3.23007 -114.664 1212.59
v -2.39289 -114.581 1215.35
v -2.67756 -114.74 1215.52
v -2.47582 -114.779 1215.74
v -2.49439 -114.777 1216.33
v -2.27756 -114.707 1216.12
v -2.27756 -114.855 1216.52
v -2.27756 -114.862 1216.92
v -2.07456 -114.678 1216.7
v -3.3887 -114.368 1217.37
v -2.07756 -114.947 1217.52
v -2.71644 -114.686 1221
v -2.74481 -114.483 1221.52
v -2.46194 -114.916 1222.73
v -2.38835 -114.691 1223.37
v -2.06496 -115.492 1225.21
v -2.16269 -115.475 1225.52
v -2.2247 -115.483 1225.73
v -2.23225 -115.48 1226.12
v -2.18481 -115.251 1225.57
v -3.37362 -115.097 1272.8
v -3.42469 -114.228 1273.17
v -2.32064 -115.077 1277.69
v -2.15398 -114.448 1276.88
v -1.99273 -115.305 1276.49
v -3.48424 -114.83 1279.4
v -3.08204 -115.039 1279.11
v -2.74747 -115.291 1278.71
v -2.80012 -114.627 1278.71
v -2.57056 -114.851 1278.31
v -2.66752 -112.401 1202.77
v -2.06776 -113.215 1206.28
v -2.46059 -113.378 1207.58
v -2.46989 -113.763 1212.55
v -3.11324 -112.82 1215.44
v -3.26103 -113.564 1271.45
v -3.41308 -112.737 1271.7
v -2.01193 -112.454 1274.94
v -2.48107 -113.812 1277.71
v -2.35145 -113.089 1276.84
v -3.21519 -113.056 1278.91
v -2.75544 -113.629 1278.32
v -2.27317 -110.928 1187.33
v -2.83128 -111.88 1205.39
v -3.10304 -111.831 1207.17
v -2.03118 -111.133 1207.42
v -2.28687 -111.236 1209.17
v -2.67711 -111.634 1211.49
v -2.99682 -112.166 1213.34
v -2.65705 -112.232 1265.48
v -2.21589 -110.915 1273.83
v -2.93187 -111.066 1277.14
v -2.84101 -112.119 1277.71
v -2.61663 -111.675 1276.66
v -3.47543 -110.856 1278.3
v -3.26296 -111.931 1278.55
v -2.13775 -109.36 1192.19
v -2.84048 -109.606 1262.94
v -2.40988 -110.402 1262.03
v -3.10345 -109.723 1276.08
v -2.7176 -109.817 1274.45
v -2.57581 -110.71 1275.35
v -3.30093 -109.865 1276.95
v -2.91917 -110.503 1276.51
v -2.7635 -109.08 1187.52
v -2.79021 -108.187 1259.85
v -3.6643 -108.118 1263.26
v -3.31417 -108.288 1273.9
v -3.26217 -107.545 1187.88
v -2.87548 -106.407 1255.65
v -2.67046 -106.025 1262.38
v -3.38335 -104.555 1191.04
v -3.3855 -105.042 1252.95
v -2.85604 -104.263 1256.76
v -2.48029 -104.845 1257.62
v -2.62398 -105.128 1259.12
v -2.23996 -105.911 1260.47
v -2.56988 -102.937 1194.32
v -2.69648 -104.254 1197.42
v -2.62301 -103.646 1199.2
v -2.34537 -103.258 1201.17
v -3.57417 -102.74 1201.29
v -2.48166 -102.725 1219.18
v -3.3079 -102.812 1222.85
v -2.32069 -103.663 1222.34
v -2.66474 -103.181 1239.14
v -3.077 -103.02 1240.93
v -2.02357 -103.617 1241.37
v -3.26443 -103.079 1242.81
v -3.45719 -103.558 1247
v -3.43685 -103.077 1254.33
v -3.14133 -103.819 1255.8
v -3.53582 -102.332 1194.57
v -2.55697 -101.872 1196.8
v -3.12247 -101.795 1205.28
v -3.51026 -101.361 1206.6
v -2.67753 -101.58 1206.91
v -3.08533 -101.247 1207.92
v -2.70899 -101.277 1208.76
v -2.10847 -101.527 1209.57
v -2.74429 -101.212 1211.19
v -3.1551 -101.121 1213.53
v -2.70985 -101.524 1214.64
v -3.43588 -101.817 1218.14
v -2.60005 -101.253 1233.1
v -2.11797 -101.35 1235.7
v -2.38992 -101.159 1239.91
v -2.88808 -101.59 1246.68
v -3.03084 -102.539 1251.46
v -3.25596 -100.529 1202.16
v -2.80668 -100.715 1201.36
v -2.9762 -100.132 1203.58
v -2.39708 -100.287 1203.25
v -3.24181 -99.6847 1204.77
v -2.44642 -99.5936 1205.91
v -3.27458 -100.991 1209.99
v -1.98981 -99.5906 1214.77
v -2.68646 -99.5176 1216.53
v -2.15706 -99.4971 1215.48
v -2.5213 -99.8344 1217.72
v -3.24526 -99.9483 1220.01
v -3.25591 -99.6007 1218.9
v -3.51766 -100.024 1221.52
v -3.51634 -100.271 1223.53
v -2.44301 -101.24 1224.61
v -3.37476 -100.827 1231.6
v -3.71776 -100.67 1236.34
v -2.43124 -101.074 1238.7
v -3.49542 -100.937 1243.76
v -2.01198 -99.4729 1207.34
v -3.21811 -99.1 1207.41
v -2.06942 -99.3555 1207.89
v -3.24633 -98.8608 1211.67
v -2.23021 -99.1924 1211.15
v -3.23489 -98.8646 1213.66
v -2.00494 -99.2737 1212.93
v -3.47767 -98.8309 1215.28
v -3.231 -98.9644 1214.51
v -3.44004 -99.1333 1216.93
v -3.52695 -98.8869 1215.54
v -2.29988 -99.4755 1215.91
v -1.56277 -160.679 1242.65
v -1.02587 -160.213 1243.8
v -1.67062 -160.639 1244.39
v -1.79756 -160.19 1240.79
v -1.12197 -160.128 1241.98
v -0.965892 -160.108 1242.53
v -1.01465 -158.722 1243.23
v -0.706628 -159.651 1242.66
v -0.71342 -159.766 1245.18
v -1.69667 -160.157 1246.25
v -1.32963 -159.869 1247.16
v -0.611674 -159.529 1246.87
v -1.69305 -159.722 1248.91
v -1.24758 -159.795 1248.17
v -0.463894 -159.591 1248.09
v -1.8737 -159.564 1249.93
v -1.46929 -159.736 1249.73
v -1.2883 -159.674 1250.49
v -0.877429 -159.821 1249.76
v -1.95151 -158.89 1251.87
v -1.48457 -159.413 1251.27
v -1.47756 -159.018 1251.92
v -1.08338 -159.381 1251.73
v -0.688661 -159.675 1251.16
v -0.646597 -159.545 1252.14
v -1.21095 -159.158 1252.4
v -0.317054 -157.89 1244.7
v -1.69143 -158.544 1252.83
v -1.38847 -157.479 1254.83
v -1.17328 -157.68 1255.12
v -0.676716 -158.598 1254.32
v -0.781844 -157.749 1255.63
v -1.46702 -156.615 1244.13
v -0.500474 -156.479 1245.37
v -1.55008 -156.643 1255.87
v -1.24309 -154.002 1245.37
v -1.59536 -155.103 1257.68
v -1.22488 -153.332 1260.14
v -1.66639 -151.222 1245.52
v -0.841775 -152.111 1246.68
v -0.619938 -151.092 1247.17
v -1.48444 -152.114 1261.34
v -1.31483 -150.752 1263.2
v -0.914741 -149.717 1246.86
v -1.57885 -150.511 1253.76
v -0.620234 -149.587 1256.53
v -1.66846 -149.221 1257.9
v -1.09266 -149.531 1257.14
v -1.09256 -149.126 1258.12
v -1.68349 -149.03 1264.33
v -0.832247 -150.35 1264.14
v -0.435479 -149.858 1264.88
v -1.66751 -148.87 1258.49
v -1.50828 -148.489 1259.11
v -1.28597 -148.057 1259.7
v -1.05302 -148.758 1258.77
v -1.08586 -147.67 1260.14
v -0.497959 -147.873 1259.93
v -1.13705 -149.023 1264.75
v -1.2923 -147.993 1265.16
v -0.858339 -148.3 1265.23
v -0.839447 -147.593 1246.92
v -1.86934 -147.458 1260.15
v -1.88956 -146.673 1260.77
v -1.44074 -146.131 1261.2
v -1.29913 -147.066 1260.61
v -0.690308 -147.075 1260.64
v -1.69347 -146.485 1265.55
v -1.11255 -146.21 1265.7
v -0.850759 -147.421 1265.46
v -0.489105 -146.142 1265.75
v -0.797428 -144.995 1245.81
v -1.70453 -145.473 1261.49
v -1.11981 -144.989 1261.71
v -0.658427 -145.842 1261.36
v -0.525995 -143.083 1261.91
v -1.47227 -143.275 1262.04
v -0.884758 -143.992 1261.91
v -1.30833 -142.963 1265.53
v -1.25686 -142.258 1243.55
v -0.692979 -142.109 1261.84
v -1.47316 -142.643 1262.04
v -1.4776 -141.649 1261.91
v -0.837644 -141.116 1264.89
v -1.82656 -142.224 1265.32
v -1.8788 -140.707 1261.76
v -1.68646 -140.253 1261.56
v -1.27764 -140.702 1261.63
v -0.86725 -140.291 1261.35
v -0.483602 -141.127 1261.53
v -0.452456 -139.884 1260.99
v -1.2666 -140.422 1264.55
v -2.12942 -138.286 1241.79
v -0.933481 -138.281 1246.39
v -1.1718 -139.396 1261
v -1.81742 -139.314 1263.89
v -1.01588 -136.565 1261.9
v -0.783813 -135.295 1242.67
v -1.644 -136.02 1245.12
v -0.954401 -135.214 1245.94
v -1.05019 -135.371 1257.58
v -1.59255 -135.973 1258.79
v -1.52959 -133.683 1245.07
v -0.775684 -133.978 1246.23
v -0.746104 -133.36 1252.75
v -1.27443 -133.986 1255.86
v -1.53347 -133.45 1260.13
v -0.841389 -133.392 1259.4
v -1.69152 -134.345 1260.79
v -1.07575 -134.242 1260.29
v -1.54468 -132.494 1241.84
v -0.851092 -131.74 1246.37
v -0.994786 -131.748 1250.51
v -0.595372 -132.141 1257.5
v -1.42671 -132.108 1259.14
v -1.41106 -130.311 1241.58
v -0.707607 -131.389 1247.25
v -0.867728 -130.779 1248.38
v -0.712083 -130.42 1254.29
v -1.48358 -130.682 1257.88
v -0.452424 -129.931 1242.46
v -1.61522 -129.673 1244.94
v -1.25625 -129.088 1245.93
v -1.69819 -129.144 1249.7
v -0.615546 -129.343 1252.79
v -1.47975 -128.632 1255.09
v -1.35013 -129.474 1255.42
v -1.76918 -128.679 1256.31
v -1.399 -128.164 1241.12
v -1.68397 -127.432 1244.72
v -1.41195 -127.091 1247.15
v -1.24504 -128.223 1246.79
v -1.47524 -128.244 1248.23
v -0.805531 -127.065 1251.98
v -0.660929 -128.287 1252.15
v -1.81377 -127.644 1255.88
v -1.78802 -126.417 1240.01
v -0.874657 -125.582 1240.75
v -1.37651 -126.538 1245.91
v -0.977023 -125.43 1252.14
v -0.576204 -125.26 1250.72
v -1.67608 -125.288 1255.15
v -1.74755 -126.366 1255.32
v -1.55379 -124.77 1239.33
v -0.622563 -124.393 1240.46
v -1.36125 -124.377 1244.7
v -1.319 -124.528 1245.99
v -1.6612 -124.31 1247.62
v -0.344817 -123.889 1249.97
v -0.845375 -124.131 1251.67
v -1.26137 -123.66 1253.81
v -1.71439 -123.405 1242.68
v -0.424337 -122.719 1250.5
v -0.564369 -122.335 1251.28
v -0.95099 -122.036 1253.5
v -1.2705 -122.14 1255.38
v -1.3635 -120.68 1189.52
v -1.67756 -120.637 1232.92
v -1.35157 -120.531 1233.15
v -1.47756 -120.48 1232.68
v -0.495181 -121.178 1237.43
v -0.546277 -122.177 1238.79
v -1.24925 -121.483 1242.23
v -0.836907 -121.125 1243.54
v -0.75046 -121.161 1244.58
v -0.973215 -121.361 1246.35
v -1.68031 -120.541 1249.16
v -0.490915 -121.246 1251.93
v -1.30357 -120.966 1257.44
v -1.85995 -120.742 1266.38
v -1.50838 -119.581 1188.48
v -1.89967 -119.707 1190.81
v -1.1785 -120.024 1189.97
v -0.877561 -119.623 1189.92
v -0.617284 -119.095 1190.26
v -0.619789 -119.098 1190.53
v -1.05935 -119.044 1231.06
v -0.868337 -119.009 1231.2
v -1.27756 -119.68 1231.88
v -1.08797 -119.628 1231.96
v -1.07756 -119.48 1231.57
v -1.7064 -119.543 1237.8
v -1.55263 -120.115 1239.61
v -0.60659 -119.048 1241.14
v -1.3525 -118.944 1249.79
v -0.66172 -119.796 1254.94
v -1.21223 -119.862 1259.31
v -1.37494 -119.331 1265.34
v -1.55712 -118.579 1191.98
v -1.2456 -117.914 1192.78
v -0.677561 -117.162 1227.65
v -0.989401 -117.784 1229.35
v -0.677561 -118.1 1229.72
v -0.877561 -118.28 1229.95
v -0.460579 -118.568 1231.53
v -1.44837 -117.974 1234.62
v -0.633244 -118.348 1239.65
v -1.56882 -118.373 1251.31
v -1.56487 -117.262 1272.29
v -0.990846 -115.89 1196.7
v -0.950398 -115.788 1223.35
v -0.677561 -116.08 1224.9
v -0.877561 -116.28 1225.41
v -0.46831 -116.867 1235.61
v -0.408916 -115.853 1250.82
v -1.31901 -116.092 1253.87
v -0.723695 -116.577 1264.74
v -1.66339 -116.685 1274.16
v -1.56759 -115.865 1274.16
v -1.43725 -115.862 1273.14
v -1.81885 -116.251 1275.5
v -1.31633 -113.955 1194.37
v -0.567509 -115.1 1198.51
v -0.947293 -114.699 1199.65
v -0.974745 -114.029 1218.19
v -1.67756 -115.165 1219.72
v -1.34971 -115.05 1219.94
v -1.60435 -114.855 1256.96
v -0.774506 -115.094 1266.94
v -0.676785 -113.961 1266.5
v -1.29332 -114.89 1272.34
v -1.48916 -114.904 1273.86
v -1.66945 -115.287 1274.93
v -1.70385 -114.244 1274.81
v -1.83235 -113.416 1191.32
v -1.13984 -112.885 1192.82
v -1.26482 -113.802 1193.58
v -1.15021 -113.612 1195.87
v -0.755874 -112.563 1205.4
v -1.13566 -112.452 1211.22
v -1.40871 -113.076 1213.87
v -0.437721 -112.815 1216.03
v -0.452759 -113.838 1253.71
v -1.91887 -113.79 1260.23
v -0.854746 -112.55 1267.26
v -1.28753 -113.897 1272.07
v -1.40607 -112.83 1272.07
v -1.71441 -112.447 1273.49
v -1.62531 -113.263 1273.85
v -1.75605 -111.649 1191.79
v -1.74729 -111.307 1205.07
v -0.680082 -112.253 1206.62
v -1.15048 -112.345 1208.48
v -1.12136 -112.335 1210.08
v -0.432102 -111.857 1209.91
v -1.80537 -111.004 1210.99
v -0.470998 -111.927 1210.93
v -1.56125 -111.044 1212.78
v -0.495057 -112.183 1212.9
v -0.783901 -110.893 1215.19
v -1.08237 -111.499 1216.97
v -0.587801 -110.979 1255.79
v -1.41223 -112.222 1258.44
v -0.973793 -111.463 1266.99
v -1.51701 -111.943 1271.58
v -0.923308 -109.302 1190.22
v -0.573707 -110.802 1193.8
v -0.452309 -109.914 1194.27
v -0.766436 -109.862 1255.94
v -1.56644 -109.797 1258.24
v -0.470021 -109.933 1262.14
v -1.61442 -108.887 1257.45
v -1.16487 -109.011 1264.02
v -2.02463 -106.394 1190.74
v -1.44569 -107.439 1190.62
v -1.61607 -107.502 1255.25
v -0.89051 -106.055 1257.03
v -0.521623 -107.56 1259.12
v -1.92252 -106.845 1262.35
v -1.3897 -105.259 1197.38
v -0.670576 -105.906 1197.38
v -0.495432 -104.508 1200.37
v -1.30323 -104.754 1224.94
v -1.19804 -104.858 1226.29
v -1.79647 -104.224 1227.25
v -1.10574 -104.458 1232.12
v -0.71897 -104.458 1238.81
v -0.66716 -104.726 1244.82
v -0.901594 -105.31 1248.77
v -0.71409 -104.303 1252.81
v -1.24151 -104.695 1254.59
v -1.63365 -104.894 1256.11
v -0.863055 -104.068 1194.59
v -0.582696 -103.673 1202.95
v -1.48593 -103.398 1218.3
v -1.26172 -103.986 1220.02
v -2.04515 -103.927 1230.06
v -1.56859 -103.934 1235.6
v -1.13225 -104.16 1241.01
v -1.5892 -104.282 1245.79
v -0.879658 -103.269 1250.03
v -1.24397 -101.579 1200.41
v -0.719993 -101.296 1201.89
v -1.83985 -102.185 1206.02
v -1.82541 -101.782 1208.33
v -1.06618 -102.231 1209.17
v -1.8951 -101.692 1211.44
v -1.00609 -102.346 1211.45
v -1.4264 -102.335 1214.17
v -1.81208 -102.465 1216.16
v -1.52375 -101.617 1222.55
v -1.21727 -101.967 1223.92
v -1.76898 -101.706 1226.35
v -1.30163 -102.058 1229.21
v -0.950651 -102.048 1234.57
v -1.1737 -101.755 1239.32
v -1.26458 -101.774 1241.28
v -1.9045 -101.574 1243.06
v -1.42932 -102.239 1246.6
v -0.360624 -102.686 1245.71
v -1.85291 -102.293 1247.93
v -1.89432 -100.335 1203.55
v -1.89402 -100.341 1203.91
v -1.43679 -100.914 1202.7
v -1.53971 -100.466 1203.46
v -1.09789 -100.558 1204.12
v -0.87005 -100.781 1203.52
v -1.87726 -100.24 1204.28
v -1.53791 -100.135 1204.92
v -1.32558 -99.925 1206.35
v -0.717539 -99.9245 1209.67
v -0.903043 -99.9461 1212.14
v -1.5041 -99.6399 1212.64
v -0.768926 -100.039 1213.49
v -1.74502 -99.5441 1214.09
v -1.0377 -99.9974 1214.34
v -1.51934 -99.917 1215.91
v -1.50694 -100.103 1216.52
v -0.684382 -100.694 1216.69
v -1.02807 -100.86 1217.53
v -0.457013 -101.019 1217.15
v -1.54936 -100.805 1219.32
v -0.229123 -159.48 1243.72
v -0.210072 -159.198 1243.79
v 0.334922 -159.035 1247.5
v 0.736894 -159.274 1248.79
v -0.194705 -159.766 1249.44
v -0.260335 -159.73 1251.92
v 0.459054 -159.833 1251.85
v 1.09305 -159.797 1251.71
v 0.121302 -159.713 1252.53
v 0.0974157 -159.369 1253.67
v 0.901352 -159.715 1253.17
v 0.114127 -157.615 1245.33
v 0.508377 -158.68 1245.12
v 0.473716 -158.486 1245.08
v 0.699002 -158.48 1245.32
v 0.711843 -158.475 1245.52
v 0.722439 -158.28 1245.47
v 0.886502 -158.28 1245.72
v 0.456532 -157.498 1245.92
v 0.623171 -158.582 1245.84
v 0.949789 -158.324 1246.35
v 1.03338 -158.08 1246.12
v 1.18338 -158.08 1246.32
v 1.38563 -158.119 1247.01
v 1.23717 -157.837 1246.52
v -0.160516 -157.07 1257.31
v 1.08919 -158.349 1257.02
v 0.946412 -156.496 1246.91
v 0.246797 -155.198 1246.87
v 0.355893 -154.144 1261.77
v 0.858794 -152.636 1249.3
v 0.0681753 -152.469 1263.46
v 0.717795 -152.721 1264.21
v 1.12498 -151.657 1265.04
v 1.01019 -150.273 1250.53
v 1.15196 -149.252 1250.87
v -0.00104844 -149.234 1256.69
v -0.290419 -149.134 1265.3
v 0.330432 -150.493 1265.16
v 0.34068 -149.403 1265.53
v 0.806852 -150.443 1265.35
v 1.11292 -147.847 1250.87
v 1.31821 -147.898 1251.53
v -0.332415 -148.908 1258.3
v -0.107016 -149.027 1257.85
v 0.127141 -148.726 1258.35
v 0.345432 -148.782 1257.89
v 0.601136 -148.731 1256.92
v 0.947929 -148.339 1256.9
v 1.03071 -148.273 1257.72
v 1.31326 -147.839 1258.33
v -0.265908 -148.443 1259.11
v 0.140348 -147.775 1259.86
v 0.322478 -148.25 1259.1
v 0.720351 -148.019 1259.15
v 0.887943 -148.129 1258.68
v 1.26807 -147.667 1258.95
v -0.290078 -148.288 1265.53
v 1.07473 -146.131 1250.52
v 0.719903 -147.03 1254.34
v 0.910018 -147.445 1259.76
v -0.306735 -146.48 1261.01
v 0.126006 -147.081 1260.51
v 0.467681 -146.274 1260.94
v 0.915086 -146.657 1260.48
v 0.926825 -145.901 1260.91
v -0.0228993 -147.381 1265.78
v -0.0994625 -146.49 1265.85
v 0.222932 -146.739 1265.9
v 0.169783 -146.074 1265.91
v 0.894787 -145.751 1249.73
v 1.00324 -145.426 1250.07
v 0.931269 -144.362 1248.91
v 1.15431 -145.664 1250.53
v -0.284159 -144.874 1261.66
v 0.321625 -145.485 1261.32
v 0.510013 -144.843 1261.46
v 0.922038 -145.273 1261.17
v 0.936699 -144.671 1261.29
v -0.151415 -145.534 1265.83
v 0.566817 -145.044 1265.86
v 1.08805 -143.94 1249.21
v -0.067112 -143.882 1261.79
v 0.886231 -143.864 1261.41
v 0.914103 -143.051 1261.36
v 1.30896 -143.304 1261.1
v 1.12156 -144.283 1265.72
v 1.02931 -143.402 1265.53
v 0.701002 -141.692 1246.13
v 0.130047 -142.662 1261.68
v 0.492152 -141.317 1261.15
v 0.736367 -142.266 1261.31
v 1.12283 -141.501 1260.8
v 0.436885 -141.86 1265.05
v -0.159215 -142.123 1265.25
v 0.896562 -140.415 1245.71
v 1.14585 -141.3 1246.85
v 0.243483 -140.417 1249.39
v 1.1099 -139.889 1259.91
v 0.0859414 -140.658 1261.11
v 0.292343 -140.078 1260.69
v 0.545171 -140.687 1260.85
v 0.727407 -140.069 1260.38
v 1.12225 -140.709 1260.41
v 0.887475 -139.751 1263.55
v -0.139973 -138.914 1247.85
v 0.579888 -139.024 1249.29
v 0.992781 -139.409 1250.57
v 1.26759 -138.769 1251.21
v -0.14712 -139.007 1260.27
v 0.0837312 -138.161 1259.4
v 0.827493 -139.288 1259.7
v 1.00455 -138.673 1258.88
v -0.150263 -137.179 1247.4
v 0.305684 -137.424 1248.31
v 0.90982 -137.907 1249.9
v 1.11193 -137.457 1250.69
v 1.1418 -136.806 1251.86
v 0.813842 -136.414 1255.09
v 0.408049 -137.485 1258.29
v 0.636684 -136.98 1257.11
v 0.692961 -135.964 1244.2
v 0.445748 -136.001 1248.83
v 0.770878 -136.246 1249.95
v 0.602891 -135.478 1252.4
v 0.212002 -134.892 1259.77
v 1.08686 -135.125 1259.09
v -0.147772 -135.261 1260.45
v 0.0642724 -134.041 1249.03
v -0.192242 -133.296 1249.82
v -0.0237547 -133.5 1258.39
v 1.04836 -134.1 1257.25
v 1.18097 -132.525 1244.61
v 0.69897 -132.462 1253.49
v 0.382809 -130.489 1251.08
v 0.0516677 -131.168 1252.94
v 0.242013 -129.589 1243.48
v 1.18253 -129.522 1245.22
v 0.670798 -128.503 1248.79
v 0.0341684 -128.924 1250.63
v -0.238983 -126.825 1242.29
v 0.21565 -127.557 1243.36
v 0.882731 -127.131 1247.69
v 0.00368245 -127.64 1249.93
v 1.10276 -126.457 1245.28
v 0.948011 -125.512 1247.12
v 0.280757 -126.26 1248.72
v -0.236041 -126.093 1249.94
v 0.249953 -123.748 1241.81
v 0.528959 -124.603 1243.32
v 0.814409 -124.761 1244.49
v 1.11337 -124.444 1245.12
v 0.8857 -124.117 1247.11
v 0.0637772 -124.517 1248.91
v 0.622661 -123.057 1242.39
v 1.10461 -122.141 1244.23
v 1.32613 -122.846 1245.12
v 1.13257 -122.637 1244.68
v 0.985151 -122.467 1247.1
v 0.220602 -122.244 1248.84
v 0.524361 -123.281 1247.91
v -0.174845 -122.266 1249.88
v -0.0679117 -123.093 1249.32
v 0.698521 -121.691 1241.19
v 0.737585 -120.691 1248.44
v 0.937356 -121.486 1247.54
v -0.260735 -121.698 1250.52
v 0.0557371 -120.813 1250.19
v 0.208439 -121.279 1249.36
v 0.198735 -119.216 1235.1
v 0.734584 -119.083 1237.25
v 0.515289 -120.033 1238.65
v -0.191604 -119.234 1244.9
v 0.647268 -119.885 1249.3
v 0.637854 -119.046 1250.3
v -0.00306228 -119.74 1251.72
v -0.110269 -118.348 1191.03
v -0.196807 -118.324 1191.41
v 0.110429 -118.095 1191.51
v 0.0970203 -117.943 1191.78
v 0.314428 -117.726 1191.67
v 0.0171243 -118.257 1242.76
v -0.193279 -118.468 1246.84
v 1.33278 -118.327 1249.09
v 0.800233 -116.941 1192.99
v 0.989432 -116.7 1192.62
v -0.236524 -116.585 1194.69
v -0.104566 -115.7 1225.83
v 0.870109 -116.983 1231.88
v -0.163338 -116.875 1237.73
v 0.755942 -116.294 1241.85
v 0.649043 -116.977 1243.9
v 1.10824 -115.868 1245.77
v 0.565079 -115.215 1197.06
v 0.0926128 -114.796 1198.51
v 0.818019 -114.624 1225.7
v 0.192723 -114.359 1231.4
v 0.693452 -115.303 1237.73
v 0.852615 -114.666 1255.79
v -0.0802701 -115.481 1259.35
v 0.361038 -113.873 1191.05
v -0.0804241 -112.207 1198.37
v 0.443619 -113.662 1200.84
v 0.211909 -112.516 1204.01
v 0.512688 -113.654 1258.25
v 0.144558 -113.591 1260.35
v -0.21102 -112.004 1190.31
v 0.154872 -111.57 1195.43
v 0.300437 -110.984 1195.43
v 0.162687 -112.114 1197.08
v 0.580106 -111.393 1196.95
v 0.614757 -110.885 1196.29
v 0.631791 -111.455 1197.98
v -0.600903 -111.877 1200.95
v 0.834897 -111.034 1199.66
v 0.526968 -111.998 1205.2
v 0.333501 -111.72 1206.71
v 0.121917 -111.599 1208.31
v 1.08734 -111.057 1209.9
v 0.522808 -111.36 1211.29
v -0.0548135 -111.793 1212.29
v 0.319035 -111.763 1213.84
v 1.01426 -111.931 1216.94
v -0.0816433 -112.012 1254.07
v 1.27171 -110.765 1256.49
v 0.49879 -111.809 1259.04
v -0.0182725 -112.105 1261.59
v 0.215304 -109.485 1195.51
v 0.287602 -110.545 1195.38
v 0.886514 -110.676 1197.11
v 0.737481 -110.399 1196.43
v 1.12496 -109.952 1197.58
v 1.14042 -109.252 1197.58
v 1.03821 -110.681 1197.94
v 1.14431 -110.601 1199.65
v 0.891682 -110.054 1203.88
v 0.120254 -110.513 1204.4
v 0.687113 -109.579 1208.03
v 0.560931 -109.675 1211.79
v 0.607805 -110.011 1215.35
v 0.51948 -109.462 1252.45
v 0.835718 -110.276 1257.61
v -0.168251 -107.912 1195.87
v -0.0459928 -108.726 1195.48
v 0.664016 -108.065 1197.1
v 0.711555 -108.942 1196.69
v 0.521232 -109.203 1257.88
v -0.747172 -106.893 1196.04
v 0.294087 -107.288 1197.11
v 0.249754 -106.66 1197.73
v 0.873683 -107.105 1198.32
v 0.710183 -106.461 1198.75
v 0.481806 -106.268 1226.08
v 1.05053 -106.387 1230.52
v 0.813928 -105.896 1237.37
v 1.22835 -106.277 1242.72
v 0.79013 -106.012 1245.86
v 0.721819 -106.291 1247.53
v 1.06946 -107.074 1248.37
v 0.338845 -106.51 1249.14
v -0.435199 -106.661 1251.2
v 0.267797 -107.26 1250.71
v 0.188497 -106.013 1254.7
v 0.66971 -107.27 1255.43
v 1.33317 -107.253 1253.96
v -0.351674 -105.163 1193.93
v 0.589616 -104.658 1195.7
v -0.314096 -105.127 1199.27
v 0.0809249 -105.815 1198.65
v 0.647467 -105.878 1199.52
v 0.856168 -105.474 1200.68
v 0.729779 -104.836 1201.87
v 0.511937 -104.399 1202.75
v 1.32267 -105.117 1202.76
v 1.11481 -104.663 1213.14
v 0.950016 -105.176 1216.78
v 1.09888 -105.039 1215.47
v -0.113078 -104.992 1242.85
v 0.515182 -105.662 1245.16
v 0.074789 -105.496 1246.54
v 0.0604732 -105.914 1248.37
v 0.91684 -105.523 1252.21
v 0.0161508 -103.221 1197.16
v 0.54966 -102.831 1198.75
v 0.396004 -103.839 1204.83
v 0.917606 -104.115 1205.59
v 0.254097 -103.414 1206.83
v 0.776361 -103.821 1207.31
v 0.436063 -103.501 1208.84
v 1.17787 -104.289 1209.39
v 0.154511 -103.486 1212.11
v 0.097322 -103.951 1215.27
v -0.175891 -104.303 1217.6
v 0.278646 -103.404 1223.74
v 0.694402 -103.823 1226.19
v -0.202325 -102.74 1231.24
v 1.09955 -103.331 1238.77
v 0.500024 -102.886 1241.3
v 0.495086 -103.008 1243.65
v 1.25448 -103.669 1245.09
v -0.305028 -102.969 1247.22
v 1.12452 -103.79 1246.61
v 0.630035 -103.935 1248.95
v 0.246793 -102.181 1200.21
v 0.308553 -101.61 1202.54
v 0.656306 -102.023 1201.67
v 0.0733625 -101.391 1203.31
v 0.0737012 -101.161 1215.76
v 0.120721 -101.514 1217.29
v 0.119011 -101.702 1217.74
v 0.380281 -102.493 1219.24
v -0.342595 -102.35 1235.7
v -0.172873 -100.955 1204.08
v 0.188668 -100.845 1205.33
v -0.218139 -100.236 1207.91
v 0.108845 -100.747 1213.91
v 1.50649 -159.658 1251.46
v 2.07964 -159.277 1251.13
v 2.14158 -159.459 1251.92
v 2.71553 -158.956 1251.76
v 1.3038 -159.776 1252.72
v 1.38711 -159.66 1253.53
v 1.71024 -159.707 1252.68
v 1.76526 -159.638 1253.4
v 2.11678 -159.566 1252.67
v 2.14132 -159.551 1253.16
v 2.51976 -159.313 1252.5
v 2.52631 -159.352 1252.93
v 2.55254 -159.327 1253.41
v 2.91224 -159.068 1253.49
v 2.70557 -159.098 1254.9
v 1.38714 -158.927 1255.94
v 2.13876 -159.018 1256.04
v 2.5051 -159.059 1255.56
v 1.65435 -157.621 1246.99
v 2.50376 -157.309 1248.23
v 2.82949 -158.477 1250.84
v 2.11834 -158.309 1258.16
v 2.04708 -156.989 1260.62
v 2.07598 -156.252 1248.55
v 2.32736 -157.055 1248.08
v 1.4964 -154.289 1263.8
v 2.04323 -155.143 1263.62
v 2.23858 -154.873 1264.29
v 2.07998 -154.23 1264.65
v 2.51565 -155.514 1263.83
v 2.41556 -154.255 1264.93
v 2.72631 -155.061 1264.59
v 1.73667 -152.787 1265.08
v 2.49701 -153.789 1265.19
v 1.27362 -150.908 1250.83
v 2.28625 -150.911 1252.58
v 2.67045 -151.093 1253.29
v 1.35221 -151.075 1265.34
v 1.96295 -151.819 1265.5
v 1.66788 -150.244 1251.68
v 1.94189 -150.043 1252.31
v 1.95867 -149.85 1252.69
v 2.11994 -150.28 1252.71
v 2.18383 -150.303 1252.91
v 2.16714 -149.909 1252.96
v 2.26388 -149.216 1253.1
v 2.65862 -150.023 1253.5
v 2.09882 -150.401 1265.78
v 2.5702 -150.215 1265.88
v 1.50423 -149.113 1251.7
v 1.47234 -148.079 1251.91
v 1.53985 -148.869 1252.08
v 1.70151 -147.602 1252.08
v 1.67765 -148.89 1252.35
v 2.28992 -147.951 1253.31
v 2.65007 -149.091 1253.83
v 1.48389 -147.683 1257.52
v 2.01199 -148.62 1265.91
v 1.31905 -147.103 1251.36
v 1.7824 -146.058 1251.91
v 2.22409 -146.005 1252.73
v 2.73935 -146.24 1253.92
v 1.28554 -147.494 1256.18
v 1.81762 -146.247 1256.47
v 1.71374 -147.241 1257.35
v 1.83624 -147.103 1258.29
v 2.03632 -146.655 1257.94
v 1.9591 -146.481 1257.14
v 1.47886 -147.074 1259.52
v 1.31772 -146.709 1260.1
v 1.69058 -147.091 1259.08
v 1.6505 -146.477 1259.9
v 1.72665 -146.875 1259.34
v 1.9187 -146.701 1259.13
v 2.00388 -146.669 1258.72
v 2.10433 -146.266 1259.11
v 1.9749 -146.281 1259.51
v 1.91899 -145.903 1259.92
v 1.26916 -146.468 1265.93
v 1.46874 -145.008 1250.61
v 1.66285 -144.614 1250.9
v 2.12022 -144.501 1251.71
v 2.36271 -144.494 1252.49
v 2.59148 -144.719 1253.11
v 2.29732 -145.855 1257.93
v 2.21892 -145.425 1257.14
v 2.51873 -144.713 1258.1
v 2.28572 -145.908 1258.7
v 2.29445 -145.448 1259.32
v 2.12561 -145.279 1259.93
v 2.25862 -144.655 1259.91
v 2.43382 -145.265 1258.69
v 1.3165 -145.029 1260.98
v 1.50764 -145.918 1260.45
v 1.4962 -145.456 1260.7
v 1.84025 -145.451 1260.32
v 1.73975 -144.52 1260.7
v 1.98935 -144.865 1260.31
v 2.12678 -145.654 1265.76
v 2.32291 -144.903 1265.61
v 1.45372 -143.916 1249.75
v 1.67449 -143.599 1250.06
v 2.3635 -143.498 1251.72
v 2.28193 -142.873 1250.66
v 2.59918 -142.921 1251.75
v 2.49067 -144.045 1252.5
v 2.85159 -143.819 1252.88
v 1.87864 -144.205 1255.88
v 2.53416 -143.635 1257.48
v 2.62658 -142.882 1257.92
v 2.16661 -143.074 1260.11
v 2.46473 -144.115 1259.5
v 2.39795 -143.491 1259.72
v 2.60427 -144.047 1258.71
v 2.53455 -143.672 1259.31
v 2.55588 -142.898 1259.11
v 1.34121 -144.104 1261.11
v 1.77723 -143.867 1260.73
v 2.09285 -144.054 1260.31
v 1.89344 -143.098 1260.52
v 2.86148 -143.133 1264.75
v 1.74539 -143.182 1265.3
v 1.93837 -143.89 1265.49
v 1.71732 -141.608 1247.96
v 2.305 -141.789 1249.32
v 2.57227 -141.866 1250.32
v 2.4601 -142.673 1251.12
v 2.7336 -142.077 1251.11
v 1.41389 -142.422 1254.01
v 2.31866 -141.458 1256.06
v 2.6236 -142.475 1258.31
v 2.56949 -141.631 1257.91
v 2.53564 -141.435 1257.18
v 1.74657 -141.445 1260.12
v 2.12157 -141.718 1259.7
v 2.35018 -142.33 1259.54
v 2.46644 -141.871 1258.9
v 1.32075 -142.498 1260.97
v 1.89025 -142.272 1260.31
v 2.08072 -141.87 1264.49
v 2.72448 -142.262 1264.39
v 1.35497 -141.05 1247.03
v 2.60343 -140.538 1248.53
v 2.62597 -139.753 1247.88
v 2.26498 -140.418 1255.74
v 2.43562 -140.646 1256.9
v 2.20832 -139.715 1257.14
v 2.36759 -140.673 1258.1
v 1.46158 -140.48 1259.91
v 1.49528 -139.881 1259.42
v 1.8918 -140.303 1259.15
v 1.99956 -141.067 1259.53
v 2.20165 -141.068 1259.1
v 2.12743 -140.385 1258.67
v 2.27531 -139.873 1263.09
v 1.72365 -140.875 1264.04
v 2.56142 -138.322 1246.91
v 1.42411 -138.29 1251.86
v 1.5738 -138.138 1252.83
v 2.01444 -139.019 1256.41
v 2.15097 -139.492 1255.72
v 1.29553 -138.263 1257.81
v 1.69821 -139.127 1258.16
v 1.9134 -139.117 1257.42
v 1.56339 -139.504 1258.93
v 1.73334 -138.726 1262.45
v 1.27011 -137.634 1245.1
v 2.48374 -137.427 1246.48
v 2.79188 -136.468 1246.7
v 1.64327 -138.007 1253.7
v 1.47222 -137.442 1254.3
v 1.33519 -137.75 1256.7
v 1.56446 -137.842 1255.71
v 1.73045 -135.868 1245.31
v 2.65289 -135.313 1246.36
v 2.71764 -134.88 1253.43
v 2.47248 -134.131 1246.08
v 2.44817 -133.254 1246.14
v 2.73953 -134.245 1250.06
v 2.24332 -132.074 1246.23
v 2.674 -132.08 1246.72
v 2.73116 -132.782 1247.25
v 1.70828 -130.231 1245.91
v 2.23631 -130.481 1246.5
v 1.94113 -128.912 1246.16
v 1.72244 -127.08 1245.92
v 1.66714 -128.074 1245.91
v 1.72244 -127.634 1246.12
v 1.52244 -126.313 1245.72
v 1.57713 -125.68 1245.92
v 1.49744 -124.28 1245.52
v 1.62015 -124.865 1245.72
v 1.62713 -123.28 1245.72
v 1.79283 -122.483 1245.52
v 1.50978 -120.427 1244
v 1.4123 -121.27 1244.72
v 1.68188 -121.138 1245.13
v 2.16145 -120.735 1245.52
v 1.40632 -121.652 1246.53
v 1.41078 -120.492 1247.09
v 1.47454 -119.768 1241.52
v 1.83068 -119.765 1244.72
v 2.07452 -119.641 1245.13
v 2.32955 -119.637 1245.84
v 2.47713 -119.48 1245.52
v 1.49094 -119.043 1248
v 1.85995 -118.019 1240
v 2.36943 -117.67 1241.92
v 2.67178 -118.119 1245.31
v 2.59907 -117.616 1244.61
v 2.85074 -117.323 1245.13
v 1.33498 -116.236 1194.42
v 1.4897 -116.406 1193.8
v 2.17803 -115.819 1194.89
v 1.72705 -116.892 1235.15
v 2.85985 -115.431 1237.38
v 1.96642 -117.14 1238.22
v 1.26596 -114.64 1198.11
v 1.53489 -115.266 1229.64
v 2.38114 -114.655 1250.57
v 1.55511 -113.372 1200.94
v 1.48914 -113.188 1222.85
v 2.2243 -113.476 1241.55
v 2.46126 -113.079 1243.66
v 2.36261 -113.158 1244.81
v 2.47746 -112.499 1245.53
v 1.69821 -113.995 1246.58
v 2.73945 -112.63 1251.49
v 1.58979 -112.515 1255.17
v 1.69643 -112.215 1203.7
v 1.39072 -111.736 1205.15
v 1.50061 -111.343 1206.35
v 1.55571 -110.992 1208.16
v 1.53698 -110.855 1210.99
v 1.50431 -110.975 1212.94
v 2.06179 -110.987 1215.53
v 1.97505 -112.304 1220.95
v 2.21627 -111.174 1228.25
v 2.56059 -111.027 1230.28
v 2.44353 -112.389 1236.89
v 2.83898 -111.708 1237.41
v 2.89409 -112.077 1241.5
v 2.70348 -112.243 1244.67
v 2.70249 -111.669 1245.5
v 2.35387 -111.961 1246.56
v 2.65648 -110.895 1246.18
v 1.95066 -111.144 1248.43
v 1.87262 -109.265 1194.05
v 1.36797 -110.008 1198.87
v 1.76882 -109.288 1201.72
v 1.26319 -109.251 1206.76
v 2.32288 -110.566 1210.3
v 2.57956 -110.47 1211.98
v 1.674 -109.475 1217.65
v 2.29772 -109.623 1222.09
v 2.7857 -109.923 1228.25
v 2.89052 -109.484 1229.21
v 2.86371 -110.476 1231.01
v 2.81017 -110.085 1245.63
v 2.74053 -109.426 1245.56
v 2.18918 -110.101 1247.94
v 2.10031 -109.261 1247.92
v 1.37986 -110.308 1250.36
v 1.46053 -109.546 1250.03
v 1.60629 -109.181 1255.01
v 1.47737 -107.656 1194.27
v 1.47844 -108.487 1198.73
v 1.30509 -108.095 1198.45
v 1.64098 -108.88 1199.3
v 1.70246 -107.866 1199.68
v 1.96755 -108.691 1201.11
v 2.03236 -107.909 1201.04
v 2.13479 -108.056 1201.81
v 2.14248 -108.293 1203.72
v 2.24848 -107.851 1203.23
v 1.63792 -109.038 1205.1
v 2.10841 -108.135 1206.75
v 1.48363 -108.892 1208.61
v 1.97019 -108.252 1210.68
v 1.60001 -108.922 1213.44
v 1.98478 -108.514 1214.46
v 2.28727 -107.915 1215.62
v 2.14549 -108.876 1217.99
v 1.89096 -107.434 1221.3
v 1.81302 -107.591 1224.93
v 2.29739 -108.244 1224.45
v 2.5079 -108.94 1223.82
v 2.68939 -108.491 1229.9
v 2.78649 -108.884 1228.76
v 2.19994 -107.675 1230.05
v 2.62102 -108.079 1237.2
v 2.69074 -108.259 1242.32
v 2.63747 -108.309 1243.69
v 2.44263 -108.281 1245.15
v 1.91205 -108.145 1247.42
v 1.49283 -108.918 1249.59
v 1.24975 -108.097 1249.41
v 2.21694 -108.826 1253.32
v 1.68343 -106.075 1195.69
v 1.35236 -107.458 1199.01
v 1.36235 -106.489 1200.1
v 1.8231 -107.285 1200.51
v 1.87847 -106.092 1202.34
v 2.09601 -107.462 1201.54
v 1.90442 -106.68 1201.47
v 2.23257 -107.466 1202.57
v 2.15947 -106.873 1202.5
v 2.2793 -106.867 1203.55
v 2.14637 -106.464 1203.12
v 2.20713 -106.273 1204.15
v 2.26394 -106.058 1205.79
v 2.35072 -107.262 1204.36
v 2.35842 -106.505 1205.48
v 2.34116 -107.517 1206.14
v 2.41056 -106.891 1206.34
v 2.3769 -107.134 1208.66
v 2.35793 -106.36 1207.86
v 1.86004 -106.302 1216.68
v 2.19605 -106.863 1215.68
v 1.46788 -107.211 1223.01
v 1.90118 -107.051 1236.95
v 1.76927 -106.844 1240.67
v 2.23749 -107.469 1241.1
v 1.54981 -106.66 1243.56
v 2.14125 -107.472 1243.79
v 1.48916 -107.125 1247.06
v 2.79783 -106.088 1248.75
v 1.80621 -106.09 1251.24
v 2.54104 -106.971 1250.78
v 1.56124 -105.861 1201.69
v 1.91769 -105.857 1203.2
v 1.28988 -104.666 1204.49
v 1.75485 -105.272 1204.31
v 2.0425 -105.667 1204.78
v 1.65858 -104.863 1206.05
v 1.55361 -104.677 1207.03
v 1.97629 -105.292 1206.7
v 1.84164 -105.082 1208.24
v 2.16652 -105.712 1207.97
v 1.9638 -105.54 1210.63
v 1.64079 -105.11 1211.49
v 1.52098 -105.602 1215.7
v 2.48111 -104.725 1220.22
v 2.25255 -104.951 1222.3
v 1.44596 -104.376 1225.7
v 2.43395 -104.971 1228.57
v 2.51305 -104.76 1232.62
v 2.48942 -104.526 1240.09
v 2.71048 -104.778 1243.42
v 2.46709 -104.75 1245.52
v 1.75359 -104.896 1248.91
v 2.34203 -105.079 1247.66
v 2.02424 -103.966 1198.63
v 2.14231 -103.589 1199.56
v 2.05145 -103.052 1200.92
v 2.35747 -102.882 1202.3
v 2.52447 -102.796 1203.3
v 2.42653 -103.31 1215.81
v 1.47051 -103.093 1218.37
v 1.21643 -103.748 1230.91
v 1.71962 -103.805 1240.85
v 1.7023 -103.869 1243.32
v 1.36848 -102.134 1202.66
v 1.48053 -102.113 1203.53
v 1.86872 -102.019 1204.78
v 1.48399 -101.423 1209.14
v 2.19316 -102.615 1213.29
v 3.02629 -158.891 1252.71
v 3.18935 -158.764 1254.76
v 3.14435 -157.676 1250.24
v 3.57724 -157.615 1251.44
v 3.81731 -157.402 1252.05
v 3.31614 -158.641 1253.2
v 3.43649 -158.262 1252.25
v 3.79273 -158.029 1253.98
v 3.9487 -157.575 1253.47
v 3.55152 -158.388 1254.66
v 2.92096 -158.446 1257.58
v 2.89856 -157.959 1259.38
v 3.32763 -157.874 1259.5
v 3.66112 -157.883 1258.7
v 4.15508 -157.272 1260.17
v 2.92096 -157.336 1260.92
v 3.32856 -157.544 1260.51
v 3.89132 -157.42 1260.36
v 2.94189 -157 1248.97
v 3.04662 -157.098 1249.17
v 3.33325 -155.925 1250.31
v 3.56529 -156.752 1250.12
v 3.61165 -156.307 1250.26
v 3.69124 -156.496 1250.25
v 3.79464 -156.526 1250.59
v 3.80343 -156.276 1250.52
v 3.91778 -156.282 1250.74
v 4.00453 -156.298 1251.13
v 3.95917 -156.087 1250.9
v 4.08025 -156.08 1251.12
v 3.94466 -155.862 1251.13
v 4.25525 -155.88 1251.72
v 4.16763 -155.651 1251.68
v 4.38063 -157.132 1259.04
v 2.92625 -156.211 1263.21
v 3.32257 -156.812 1262.35
v 3.3372 -156.361 1263.3
v 3.71117 -156.941 1262.05
v 3.72208 -156.593 1262.92
v 4.107 -156.532 1262.88
v 4.10985 -156.345 1263.32
v 4.3 -156.72 1262.07
v 4.32219 -156.345 1263.09
v 3.09333 -155.677 1264.23
v 3.32833 -156.015 1263.91
v 3.32237 -155.543 1264.5
v 3.72238 -156.21 1263.69
v 3.72235 -155.921 1264.12
v 4.10999 -156.11 1263.74
v 4.11601 -155.66 1264.32
v 4.32259 -156.132 1263.53
v 4.32181 -155.734 1264.1
v 3.30429 -155.034 1251.14
v 4.30123 -155.275 1252.13
v 2.92551 -154.677 1264.99
v 3.33259 -155.025 1264.91
v 3.3077 -154.656 1265.12
v 3.72868 -155.462 1264.61
v 3.92211 -154.883 1265.02
v 4.1289 -155.242 1264.71
v 2.918 -154.271 1265.19
v 3.32045 -154.099 1265.34
v 3.70391 -154.648 1265.16
v 3.71342 -154.069 1265.37
v 4.11631 -154.274 1265.26
v 2.94585 -152.873 1252.45
v 2.89969 -153.812 1265.34
v 3.26353 -153.473 1265.48
v 3.51557 -152.468 1265.64
v 3.91441 -153.483 1265.49
v 4.3141 -153.834 1265.32
v 4.29058 -152.624 1265.5
v 3.15448 -150.795 1253.92
v 3.62067 -152.138 1253.91
v 4.38516 -150.235 1255.88
v 3.89197 -150.28 1265.72
v 4.31083 -150.34 1265.59
v 4.33754 -149.262 1265.5
v 3.36365 -148.343 1255.02
v 4.39562 -147.893 1256.69
v 2.95065 -149.029 1265.93
v 2.8985 -148.034 1265.92
v 3.51577 -148.5 1265.82
v 3.94595 -148.759 1265.68
v 3.90958 -148.027 1265.6
v 4.32205 -148.309 1265.38
v 3.46749 -146.241 1255.12
v 3.58957 -147.269 1255.37
v 3.68067 -146.298 1255.61
v 3.29959 -147.458 1265.79
v 3.50834 -146.577 1265.52
v 3.03358 -144.679 1253.71
v 3.15456 -145.66 1254.35
v 3.6075 -144.992 1255.2
v 4.45312 -145.314 1256.67
v 3.92528 -145.206 1264.87
v 2.93955 -144.655 1265.29
v 3.19389 -143.658 1253.51
v 3.36228 -143.021 1253.72
v 3.36879 -143.931 1254.31
v 4.11868 -142.858 1255.08
v 3.53128 -143.527 1264.53
v 4.09058 -142.834 1263.76
v 4.31033 -143.872 1264.06
v 2.93305 -141.256 1250.49
v 2.97798 -142.45 1251.9
v 3.18386 -141.252 1250.9
v 3.35893 -141.46 1251.68
v 3.25403 -142.358 1252.56
v 3.47931 -141.645 1252.6
v 3.91512 -142.01 1254.08
v 4.27273 -141.677 1254.52
v 4.48619 -141.855 1255.38
v 3.52535 -141.313 1263.33
v 4.15626 -141.532 1262.95
v 3.27665 -142.667 1264.29
v 3.09346 -140.139 1249.32
v 3.31408 -140.451 1250.11
v 4.23268 -140.936 1253.55
v 4.45934 -139.832 1252.57
v 2.87115 -140.905 1263.5
v 3.48177 -139.906 1262.33
v 4.14385 -140.17 1261.96
v 3.41851 -138.654 1248.47
v 3.933 -138.038 1248.72
v 3.85642 -139.111 1249.62
v 4.13293 -138.539 1249.84
v 2.99062 -138.795 1261.7
v 3.90686 -139.108 1261.19
v 4.40443 -139.006 1260.47
v 3.14036 -137.256 1247.34
v 3.85082 -137.297 1248.12
v 3.71292 -136.707 1247.73
v 4.02109 -136.675 1248.1
v 4.22533 -136.926 1248.54
v 4.30827 -137.325 1248.94
v 4.34826 -137.116 1248.97
v 4.15179 -137.923 1249.16
v 4.40171 -137.14 1249.55
v 3.85284 -136.297 1255.23
v 4.43247 -137.404 1257.47
v 2.85453 -136.612 1259.1
v 3.66901 -137.71 1259.7
v 3.95162 -137.414 1258.69
v 3.03141 -137.567 1260.3
v 3.62599 -136.101 1247.49
v 4.0069 -136.286 1248.13
v 3.53754 -135.626 1251.53
v 2.95712 -133.268 1246.73
v 3.41119 -134.69 1247.19
v 2.88568 -117.975 1245.49
v 3.13163 -117.474 1245.77
v 3.34678 -115.914 1244.55
v 3.70666 -115.789 1245.51
v 2.86068 -115.041 1195.38
v 3.51044 -114.244 1196.25
v 3.36314 -114.641 1196.47
v 3.49338 -114.481 1196.31
v 3.53393 -114.36 1196.7
v 3.6535 -114.004 1196.57
v 2.89239 -114.193 1198.44
v 3.3158 -113.863 1198.87
v 3.70903 -114.698 1240.62
v 3.66295 -115.484 1245.15
v 4.01607 -114.874 1245.9
v 3.36799 -115.603 1246.88
v 3.86147 -112.862 1196.81
v 3.69584 -112.834 1196.35
v 3.79509 -113.149 1198.52
v 3.59996 -113.283 1199.63
v 2.87434 -113.049 1227.2
v 3.20939 -113.857 1231.85
v 4.27104 -112.621 1247.16
v 4.17043 -111.159 1197.26
v 3.92735 -111.661 1202
v 3.53045 -111.905 1202.83
v 2.92022 -111.568 1204.67
v 3.37767 -111.237 1204.89
v 3.13949 -111.005 1218.76
v 3.7798 -111.447 1223.15
v 4.31727 -112.122 1230.05
v 3.06991 -110.871 1236.02
v 3.13498 -111.255 1240.49
v 3.13147 -111.265 1242.1
v 3.0034 -111.689 1242.97
v 3.02754 -111.287 1243.93
v 2.92444 -111.3 1244.71
v 3.04044 -110.845 1244.28
v 2.93447 -110.868 1244.95
v 3.74224 -111.866 1249.17
v 4.02853 -110.661 1196.86
v 4.25937 -110.488 1204.31
v 3.19442 -110.635 1207.28
v 3.76036 -110.337 1207.08
v 3.96398 -110.009 1208.65
v 3.26344 -110.347 1209.28
v 3.93833 -110.03 1211.04
v 3.09317 -110.52 1215.51
v 2.9818 -110.099 1231.52
v 3.02314 -109.258 1232.96
v 3.2198 -109.859 1237.29
v 3.21784 -110.486 1237.84
v 3.18757 -109.486 1238.35
v 3.2284 -110.439 1241.64
v 3.15028 -109.698 1242.39
v 3.14859 -109.473 1241.11
v 2.94078 -109.275 1244.08
v 3.17454 -110.531 1243.1
v 3.13012 -110.081 1243.54
v 3.03213 -110.084 1244.38
v 4.44621 -110.065 1247.59
v 3.80519 -109.873 1249.51
v 3.78895 -110.79 1249.47
v 3.31562 -107.917 1196.61
v 3.97868 -109.145 1197.09
v 3.05168 -109.061 1236.11
v 2.91789 -108.679 1240.39
v 2.94121 -108.892 1242.49
v 4.4959 -108.287 1246.46
v 4.02607 -108.276 1248.17
v 4.1873 -108.916 1248.15
v 4.28839 -108.482 1247.51
v 4.10182 -107.889 1247.51
v 3.39931 -108.686 1250.24
v 3.08783 -106.887 1196.93
v 4.03895 -106.653 1198.55
v 4.13342 -107.53 1198.07
v 4.24194 -106.825 1220.8
v 3.16079 -106.06 1223.6
v 3.18144 -106.083 1225.05
v 3.30371 -106 1226.31
v 4.2393 -107.071 1226.06
v 3.97884 -106.65 1226.93
v 3.94004 -106.234 1236.32
v 3.84261 -106.488 1245.77
v 3.93039 -106.346 1244.47
v 4.46323 -107.464 1245.15
v 4.17482 -107.296 1246.36
v 3.50231 -107.335 1248.74
v 3.54248 -106.707 1247.66
v 2.92915 -104.914 1198.58
v 3.5106 -105.739 1198.56
v 3.80939 -105.494 1199.31
v 3.22081 -104.49 1199.71
v 3.66543 -104.484 1200.74
v 4.05957 -105.274 1200.16
v 4.3044 -105.056 1201.34
v 4.2926 -104.579 1203.05
v 4.32827 -104.503 1206.52
v 2.99776 -104.517 1218.03
v 3.93124 -105.44 1217.33
v 3.07395 -105.735 1227.47
v 3.41959 -105.868 1229.22
v 3.42414 -105.519 1242.1
v 3.53385 -105.703 1243.51
v 3.23502 -105.511 1245.1
v 3.10847 -105.859 1247.27
v 3.1994 -104.046 1200.68
v 3.27698 -103.837 1201.51
v 3.32033 -103.618 1202.54
v 3.79059 -104.287 1201.74
v 3.59024 -103.681 1203.85
v 2.8534 -102.765 1205.81
v 3.051 -103.191 1204.25
v 4.0971 -104.227 1204.38
v 3.61219 -103.886 1210.18
v 4.83705 -156.461 1259.21
v 5.17375 -155.877 1260.15
v 5.20528 -155.72 1259.29
v 4.66854 -156.462 1261.69
v 4.82054 -156.478 1260.33
v 5.19789 -155.684 1261.68
v 4.53135 -156.383 1262.53
v 4.54407 -156.058 1263.3
v 5.00205 -155.719 1262.7
v 4.53063 -155.696 1263.91
v 5.02831 -154.196 1254.03
v 5.12924 -154.44 1254.39
v 5.57199 -154.457 1257.89
v 5.49274 -155.053 1260.48
v 5.65216 -154.441 1261.45
v 4.91476 -155.475 1263.47
v 5.2242 -155.267 1262.9
v 5.44571 -155.023 1262.1
v 5.49448 -154.467 1263.12
v 4.50007 -155.241 1264.49
v 4.50057 -154.693 1264.91
v 4.79096 -155.068 1264.3
v 4.83063 -154.438 1264.7
v 5.01023 -154.67 1264.3
v 5.17606 -154.873 1263.72
v 5.32541 -154.09 1264.09
v 4.51894 -154.083 1265.14
v 5.65903 -152.415 1256.01
v 5.83321 -152.917 1256.07
v 5.96046 -153.272 1259.57
v 5.76316 -153.647 1262.32
v 4.73087 -153.654 1265.06
v 4.98345 -153.054 1264.9
v 5.22294 -153.507 1264.52
v 5.4062 -153.008 1264.33
v 5.6873 -153.302 1263.24
v 5.52153 -153.446 1263.94
v 5.65158 -152.279 1263.86
v 4.51491 -153.618 1265.26
v 4.54723 -152.436 1265.36
v 5.20937 -151.981 1264.73
v 5.51895 -151.653 1264.29
v 5.43132 -149.849 1257.34
v 6.00738 -149.24 1263.13
v 5.10106 -149.943 1264.9
v 5.37786 -149.437 1264.5
v 5.50939 -150.337 1264.35
v 5.70781 -149.946 1263.94
v 4.56132 -150.32 1265.42
v 4.82349 -148.606 1257.11
v 5.52898 -147.792 1258.15
v 5.84015 -148.679 1258.24
v 4.90172 -149.004 1264.99
v 5.30247 -147.898 1264.31
v 5.65296 -148.334 1263.83
v 4.80719 -146.386 1257.32
v 4.49307 -147.156 1265
v 4.97588 -147.097 1264.52
v 5.89684 -145.541 1262.73
v 4.52455 -145.922 1264.63
v 4.81221 -144.675 1263.9
v 5.44366 -145.943 1263.57
v 4.89489 -142.907 1262.99
v 5.58664 -144.113 1262.7
v 5.70904 -141.865 1258.24
v 5.69221 -141.503 1260.99
v 4.87294 -141.654 1262.27
v 5.56598 -142.523 1261.91
v 4.71346 -140.635 1254.68
v 5.40914 -139.698 1259.71
v 4.93207 -140.689 1261.48
v 4.79861 -139.861 1260.89
v 5.47616 -140.509 1260.49
v 4.81743 -138.219 1250.95
v 4.91122 -139.261 1253.16
v 5.12721 -138.551 1252.55
v 5.3713 -138.308 1252.73
v 5.22995 -138.054 1252.22
v 5.32159 -137.981 1252.67
v 5.62088 -138.28 1253.32
v 5.23306 -139.429 1254.32
v 5.78952 -138.716 1254.55
v 5.96463 -138.68 1255.12
v 5.82172 -138.843 1256.94
v 5.98677 -139.131 1255.86
v 5.9872 -138.859 1255.98
v 5.07661 -138.447 1258.38
v 5.30315 -138.442 1257.73
v 5.60722 -138.909 1257.94
v 5.9933 -139.48 1257.95
v 4.57413 -138.484 1259.5
v 4.9934 -139.271 1259.92
v 5.27237 -139.075 1259.1
v 5.73723 -139.504 1258.71
v 4.54486 -137.683 1249.69
v 4.45577 -136.801 1254.44
v 5.30884 -137.792 1254.28
v 5.07766 -137.722 1256.08
v 4.69236 -112.799 1237.8
v 5.22596 -112.408 1244.1
v 4.49629 -113.736 1245.35
v 4.96539 -112.966 1244.12
v 4.97767 -112.834 1244.74
v 4.49536 -111.246 1225.4
v 5.91536 -111.198 1236.83
v 5.99181 -110.77 1239.34
v 5.42367 -112.264 1242.19
v 5.79983 -111.589 1241.06
v 5.30344 -111.644 1244.13
v 5.53254 -111.851 1242.95
v 4.50204 -111.268 1247.21
v 4.83521 -111.838 1245.85
v 4.64994 -109.98 1197.97
v 4.49752 -110.603 1200.8
v 4.68386 -110.06 1202.51
v 4.77692 -109.722 1201.01
v 4.59884 -109.707 1206.14
v 4.91178 -109.268 1208.07
v 4.7002 -109.808 1212.84
v 4.69081 -110.195 1218.2
v 5.92244 -110 1222.12
v 6.07413 -109.853 1222.58
v 5.97586 -109.521 1222.85
v 6.06061 -109.6 1224.7
v 5.97718 -110.293 1229.54
v 5.37327 -110.705 1243.88
v 5.34192 -109.746 1243.56
v 5.00608 -109.495 1245.32
v 5.11075 -110.572 1245.12
v 4.75987 -110.136 1246.49
v 4.73377 -108.651 1198.49
v 5.23433 -108.983 1199.73
v 5.22448 -108.637 1199.49
v 5.56209 -108.235 1200.67
v 5.17591 -108.893 1202.33
v 5.72824 -107.606 1201.91
v 5.79924 -107.932 1203.61
v 5.86281 -107.671 1202.73
v 5.3317 -108.841 1206.7
v 6.02076 -107.866 1206.82
v 5.72437 -108.528 1208.33
v 5.98935 -108.123 1207.77
v 5.98425 -107.844 1208.28
v 5.27915 -109.041 1209.4
v 6.01729 -108.496 1209.88
v 5.88547 -109.11 1212.34
v 6.04936 -108.778 1212.31
v 5.89302 -108.625 1216.87
v 5.44687 -108.543 1220.99
v 5.42377 -108.613 1224.88
v 5.597 -108.841 1233.49
v 5.11561 -108.223 1241.39
v 5.31866 -109.168 1242.78
v 4.91907 -108.503 1244.62
v 4.56962 -109.106 1246.92
v 4.66194 -107.328 1199.12
v 4.60287 -106.299 1199.95
v 5.1773 -107.487 1200.1
v 5.30683 -107.073 1200.94
v 4.97424 -106.109 1201.3
v 5.3646 -106.485 1202.27
v 5.61298 -106.883 1202.83
v 5.5523 -106.47 1204.4
v 5.94262 -107.437 1204.86
v 5.52186 -106.595 1207.22
v 4.65016 -106.253 1215.32
v 5.16624 -107.512 1218.23
v 4.53588 -107.469 1223.75
v 4.48061 -107.209 1228.1
v 4.55129 -107.094 1234.28
v 4.61014 -107.214 1241.74
v 4.61362 -107.491 1244.02
v 4.66315 -105.68 1201.08
v 4.83351 -105.664 1201.8
v 5.09616 -105.667 1203.66
v 5.01366 -105.484 1205.14
v 6.31017 -151.572 1257.62
v 6.21132 -151.202 1257.41
v 6.5102 -149.863 1258.47
v 6.53777 -150.392 1258.98
v 6.16164 -148.053 1258.94
v 6.70068 -149.03 1259.41
v 6.70272 -148.173 1259.58
v 6.73277 -148.469 1259.94
v 6.29134 -148.744 1262.18
v 6.77791 -147.157 1260.19
v 6.72906 -146.221 1260.57
v 6.32919 -145.073 1259.92
v 6.28624 -145.919 1261.98
v 6.59337 -146.047 1260.15
v 6.65126 -145.141 1260.81
v 6.63899 -144.894 1260.5
v 6.71534 -145.575 1260.55
v 6.22185 -144.839 1261.88
v 6.22395 -143.494 1261.34
v 6.58167 -144.149 1260.51
v 6.56314 -143.934 1260.77
v 6.45263 -143.342 1260.34
v 6.30157 -141.756 1259.66
v 6.28043 -141.609 1259.94
v 6.1944 -142.644 1260.92
v 6.20011 -140.044 1258.29
v 6.11677 -139.738 1257.26
v 6.22141 -140.713 1258.78
v 6.16161 -140.455 1259
v 6.13254 -139.444 1257.29
v 6.07368 -109.277 1213.75
v 6.24275 -109.28 1215.32
v 5.99194 -109.566 1215.46
v 6.24494 -109.48 1215.72
v 6.12244 -109.7 1217.92
v 6.13865 -109.425 1218.57
v 5.96839 -110.094 1224.59
v 6.16224 -109.861 1224.5
v 6.10478 -109.917 1229.91
v 6.09896 -110.758 1235.34
v 6.13871 -110.166 1235.03
v 6.11149 -110.577 1237.34
v 6.07213 -108.954 1213.98
v -34.6776 -105.697 1243.72
v -33.8656 -103.793 1243.72
v -33.4188 -102.922 1243.72
v -33.149 -102.48 1243.72
v -29.0776 -98.8007 1243.12
v -26.4565 -118.883 1183.73
v -26.4776 -118.85 1279.42
v -26.2776 -119.08 1279.46
v -26.2776 -119.08 1279.46
v -26.0781 -119.687 1279.44
v -26.0776 -119.48 1279.47
v -26.0776 -119.48 1279.47
v -26.6776 -117.48 1183.48
v -26.6776 -118.08 1183.59
v -26.6776 -118.08 1183.59
v -26.4776 -118.155 1183.52
v -26.4776 -118.155 1183.52
v -26.4776 -118.155 1183.52
v -26.4776 -117.998 1183.72
v -26.4776 -117.998 1183.72
v -26.2291 -118.68 1183.72
v -26.6776 -117.68 1279.44
v -26.4776 -118.48 1279.45
v -26.4776 -118.48 1279.45
v -26.4776 -118.28 1279.43
v -26.4776 -118.08 1279.34
v -26.4776 -118.08 1279.34
v -26.4776 -118.08 1279.34
v -26.4776 -118.08 1279.34
v -26.2853 -118.703 1279.37
v -27.0776 -115.88 1183.44
v -26.8776 -116.88 1183.47
v -26.8776 -116.88 1183.47
v -26.8776 -116.48 1183.41
v -26.8597 -115.753 1183.52
v -26.6776 -117.053 1183.52
v -26.6776 -117.053 1183.52
v -26.6776 -117.053 1183.52
v -27.0776 -116.08 1279.39
v -26.8382 -115.916 1279.34
v -27.0776 -115.48 1183.42
v -26.8776 -114.08 1183.51
v -26.8776 -114.08 1183.51
v -26.8776 -114.08 1183.51
v -26.8289 -114.064 1279.32
v -26.8776 -113.48 1183.44
v -26.8776 -112.88 1183.47
v -26.7598 -113.048 1183.52
v -26.623 -111.971 1183.39
v -26.623 -111.971 1183.39
v -26.2848 -110.88 1279.5
v -24.6776 -122.08 1183.78
v -24.6776 -122.08 1183.78
v -24.4776 -122.08 1183.68
v -24.4776 -122.08 1183.68
v -24.4776 -122.08 1183.68
v -24.4776 -122.08 1279.42
v -24.4776 -122.08 1279.42
v -24.4776 -122.08 1279.42
v -25.2776 -120.88 1183.65
v -25.0776 -121.023 1183.72
v -24.656 -121.88 1183.72
v -24.656 -121.88 1183.72
v -24.5291 -121.88 1183.92
v -24.5291 -121.88 1183.92
v -25.2412 -121.098 1279.44
v -25.6914 -120.173 1183.71
v -25.6914 -120.173 1183.71
v -25.6914 -120.173 1183.71
v -25.8776 -120.08 1279.45
v -25.6776 -120.28 1279.47
v -25.8776 -110.08 1183.27
v -25.8776 -110.08 1183.27
v -25.8247 -109.784 1183.29
v -25.774 -109.827 1183.33
v -24.946 -108.623 1183.41
v -24.8776 -108.28 1183.26
v -24.7821 -108.272 1183.33
v -24.4048 -107.809 1183.29
v -24.4048 -107.809 1183.29
v -24.9686 -108.407 1279.47
v -24.6291 -108.08 1279.32
v -24.6776 -107.88 1279.43
v -23.1323 -138.427 1215.27
v -22.8776 -123.88 1183.82
v -22.8776 -123.88 1183.82
v -22.8387 -123.68 1183.72
v -22.8387 -123.68 1183.72
v -24.2776 -122.217 1183.72
v -23.8776 -122.68 1183.63
v -23.6776 -123.08 1183.7
v -23.2776 -123.28 1183.63
v -23.2776 -123.18 1183.72
v -23.2776 -106.695 1183.32
v -23.2776 -106.695 1183.32
v -23.2776 -106.48 1183.39
v -23.2776 -106.48 1183.39
v -23.0776 -106.497 1183.32
v -23.0776 -106.497 1183.32
v -23.0776 -106.497 1183.32
v -23.0776 -106.647 1183.52
v -23.0776 -106.647 1183.52
v -23.3041 -106.68 1279.12
v -23.3041 -106.68 1279.12
v -23.4776 -106.68 1279.36
v -23.3602 -106.48 1279.32
v -23.3602 -106.48 1279.32
v -23.2776 -106.543 1279.32
v -23.2776 -106.543 1279.32
v -22.8776 -106.281 1279.32
v -22.8776 -106.281 1279.32
v -24.0619 -97.1365 1242.11
v -23.6815 -97.1675 1241.92
v -23.4717 -97.0063 1242.11
v -21.1197 -146.08 1203.92
v -21.2776 -145.244 1203.12
v -21.2776 -145.244 1203.12
v -21.2776 -144.927 1202.92
v -21.2776 -144.927 1202.92
v -21.1479 -145.08 1203.32
v -21.1479 -145.08 1203.32
v -21.1604 -144.88 1203.12
v -21.1604 -144.88 1203.12
v -21.4953 -143.49 1201.94
v -21.272 -143.957 1202.3
v -21.272 -143.957 1202.3
v -21.2166 -143.68 1202.12
v -21.2166 -143.68 1202.12
v -21.2447 -143.48 1202.12
v -21.2447 -143.48 1202.12
v -21.2447 -143.48 1202.12
v -21.2708 -142.752 1201.47
v -21.2776 -140.88 1200.32
v -21.1666 -140.88 1200.52
v -21.1166 -139.68 1213.92
v -22.2594 -139.516 1216.74
v -21.7041 -140.454 1218.15
v -21.6776 -140.115 1217.72
v -21.6776 -140.151 1217.92
v -21.6776 -140.151 1217.92
v -21.4779 -140.618 1218.56
v -21.4776 -140.306 1218.12
v -21.4776 -140.306 1218.12
v -21.4776 -140.341 1218.32
v -21.4776 -140.341 1218.32
v -21.2776 -140.48 1218.5
v -21.2776 -140.48 1218.5
v -21.2776 -140.505 1218.72
v -21.2776 -140.505 1218.72
v -21.1826 -140.68 1218.92
v -21.679 -138.227 1211.82
v -21.503 -138.68 1212.52
v -21.426 -139.08 1212.92
v -21.2776 -139.433 1213.52
v -21.2776 -139.28 1213.32
v -22.6795 -139 1215.94
v -21.858 -137.31 1210.73
v -21.8625 -136.609 1210.06
v -21.8625 -136.609 1210.06
v -21.8776 -135.418 1208.72
v -21.8776 -135.28 1208.87
v -21.6778 -134.671 1208.12
v -21.6778 -134.671 1208.12
v -21.3968 -133.814 1207.45
v -21.3968 -133.814 1207.45
v -22.6776 -123.697 1183.92
v -22.6776 -123.697 1183.92
v -22.4776 -124.08 1183.77
v -22.4776 -124.08 1183.77
v -22.4776 -123.865 1183.72
v -22.4776 -123.865 1183.72
v -22.4776 -123.865 1183.72
v -22.4776 -123.865 1183.92
v -22.4776 -123.865 1183.92
v -22.2633 -124.08 1183.72
v -22.2633 -124.08 1183.72
v -22.2633 -124.08 1183.72
v -21.6776 -124.68 1183.78
v -21.4776 -124.597 1183.92
v -22.0704 -124.458 1279.42
v -22.0776 -124.231 1279.32
v -22.0776 -124.231 1279.32
v -22.2776 -105.68 1183.45
v -21.9667 -105.68 1183.52
v -22.2776 -105.68 1279.13
v -22.2776 -105.48 1279.19
v -21.8776 -105.225 1279.12
v -21.8776 -105.225 1279.12
v -21.8776 -105.225 1279.12
v -21.4846 -104.904 1279.11
v -21.4776 -105.08 1279.13
v -21.4776 -105.08 1279.13
v -21.4776 -105.08 1279.13
v -21.2776 -104.904 1279.12
v -19.9059 -150.88 1209.92
v -20.7291 -147.88 1205.72
v -20.764 -148.518 1206.55
v -20.6837 -149.139 1207.35
v -21.0776 -145.48 1203.31
v -21.0776 -145.48 1203.31
v -21.0776 -145.088 1203.12
v -21.0776 -145.088 1203.12
v -21.0776 -145.088 1203.12
v -19.9979 -141.48 1217.52
v -19.6854 -141.68 1218.32
v -19.5703 -141.68 1218.72
v -19.6776 -141.431 1221.92
v -21.0776 -139.76 1199.72
v -21.0776 -139.76 1199.72
v -20.8776 -140.08 1199.9
v -20.8776 -140.08 1199.9
v -20.8776 -140.08 1199.9
v -20.8776 -139.78 1199.92
v -20.8776 -139.78 1199.92
v -20.8447 -139.68 1199.72
v -20.8447 -139.68 1199.72
v -20.6628 -140.752 1215.66
v -20.4982 -141.08 1220.32
v -20.5322 -138.48 1199.12
v -20.5322 -138.48 1199.12
v -20.4776 -138.352 1198.92
v -20.4776 -138.352 1198.92
v -20.4776 -138.352 1198.92
v -20.3854 -138.08 1198.92
v -20.8776 -139.331 1199.52
v -20.513 -137.701 1198.65
v -20.3363 -137.48 1198.72
v -20.4776 -136.88 1198.48
v -20.4776 -136.88 1198.48
v -20.4776 -136.88 1198.48
v -20.4776 -136.88 1198.48
v -20.4386 -136.686 1198.71
v -20.4386 -136.686 1198.71
v -20.4776 -136.48 1198.34
v -20.4776 -136.48 1198.34
v -20.2776 -136.408 1198.52
v -20.2776 -136.408 1198.52
v -20.2776 -136.408 1198.52
v -20.2776 -136.28 1198.25
v -20.2776 -136.28 1198.25
v -20.0776 -136.08 1198.31
v -20.0776 -136.08 1198.31
v -20.0776 -136.08 1198.31
v -20.0776 -135.68 1198.07
v -20.0776 -135.68 1198.07
v -20.0886 -135.671 1198.33
v -19.6776 -134.08 1197.86
v -19.8447 -134.68 1198.12
v -19.8447 -134.68 1198.12
v -19.8447 -134.68 1198.12
v -21.0776 -132.68 1206.7
v -20.2937 -131.316 1205.76
v -19.6602 -130.264 1205.18
v -20.2776 -125.68 1183.91
v -19.8776 -125.527 1183.92
v -19.8776 -125.527 1183.92
v -19.8776 -125.527 1183.92
v -19.5185 -125.68 1183.72
v -19.5185 -125.68 1183.72
v -19.5185 -125.68 1183.72
v -20.7267 -125.293 1205.41
v -20.0241 -125.606 1279.45
v -20.0241 -125.606 1279.45
v -20.0241 -125.606 1279.45
v -19.6808 -125.871 1279.42
v -20.8594 -125.084 1183.79
v -21.0776 -105.08 1183.39
v -20.8776 -104.88 1183.44
v -20.8776 -104.88 1183.44
v -20.6776 -104.88 1183.36
v -20.6776 -104.88 1183.36
v -20.6776 -104.88 1183.36
v -20.4776 -104.68 1183.41
v -20.0776 -104.48 1183.4
v -20.0776 -104.48 1183.4
v -19.8776 -104.478 1183.32
v -19.8776 -104.478 1183.32
v -19.8776 -104.478 1183.32
v -19.6776 -104.48 1183.39
v -19.6776 -104.48 1183.39
v -20.8534 -105.08 1183.52
v -20.8534 -105.08 1183.52
v -20.0776 -104.672 1183.52
v -20.0776 -104.672 1183.52
v -21.0776 -104.68 1279.09
v -21.0776 -104.68 1279.09
v -20.8776 -104.726 1278.92
v -20.8776 -104.726 1278.92
v -20.8776 -104.48 1278.97
v -20.8776 -104.48 1278.97
v -20.6776 -104.48 1279.06
v -20.6776 -104.48 1279.06
v -20.6776 -104.48 1279.06
v -20.4754 -104.48 1278.92
v -20.4754 -104.48 1278.92
v -20.4754 -104.48 1278.92
v -19.8776 -104.28 1183.49
v -19.8776 -104.28 1183.49
v -20.5353 -104.28 1278.92
v -20.5353 -104.28 1278.92
v -20.2313 -104.28 1278.92
v -20.2313 -104.28 1278.92
v -20.2313 -104.28 1278.92
v -20.2776 -104.08 1278.77
v -20.2776 -104.08 1278.77
v -20.0776 -104.225 1278.72
v -20.0776 -104.225 1278.72
v -19.8776 -104.105 1278.92
v -19.8776 -104.105 1278.92
v -19.8776 -104.105 1278.92
v -19.8776 -103.88 1278.74
v -19.8776 -103.88 1278.74
v -19.6776 -104.08 1278.75
v -19.6776 -104.08 1278.75
v -20.8253 -99.6385 1256.08
v -20.3612 -97.6539 1245.17
v -18.5675 -157.808 1226.57
v -18.2776 -158.265 1226.12
v -18.9166 -152.48 1211.72
v -18.9166 -152.48 1211.72
v -18.6719 -152.786 1212.23
v -19.2776 -152.08 1211.19
v -19.2776 -152.08 1211.19
v -19.2887 -141.88 1219.32
v -19.0885 -142.08 1219.92
v -18.8776 -142.08 1220.4
v -18.8776 -142.08 1220.4
v -18.8776 -142.056 1220.52
v -18.42 -142.259 1221.52
v -19.2776 -141.509 1222.92
v -18.6601 -141.492 1224.5
v -18.5504 -132.611 1196.79
v -18.5504 -132.611 1196.79
v -18.0776 -132.162 1196.32
v -18.0776 -132.162 1196.32
v -17.976 -132.08 1196.52
v -17.976 -132.08 1196.52
v -18.9322 -129.28 1204.52
v -18.1291 -128.08 1204.12
v -19.4776 -125.88 1183.82
v -19.4776 -125.88 1183.82
v -19.2776 -125.707 1183.92
v -19.2776 -125.707 1183.92
v -19.2776 -125.707 1183.92
v -19.0776 -125.88 1183.74
v -19.0776 -125.88 1183.74
v -18.8776 -125.831 1183.92
v -18.5126 -126.08 1183.72
v -18.2776 -126.28 1183.83
v -18.2776 -126.28 1183.83
v -18.2143 -126.08 1183.72
v -18.2143 -126.08 1183.72
v -18.2143 -126.08 1183.72
v -18.0776 -126.108 1183.92
v -18.0776 -126.108 1183.92
v -19.505 -125.686 1279.38
v -19.2796 -125.88 1279.46
v -19.2796 -125.88 1279.46
v -18.8783 -125.893 1279.38
v -18.4776 -126.08 1279.46
v -18.4776 -126.08 1279.46
v -18.4776 -126.08 1279.46
v -18.2776 -126.28 1279.4
v -18.2776 -126.031 1279.32
v -18.6776 -124.08 1204.9
v -19.0776 -104.31 1183.32
v -19.4776 -104.28 1183.31
v -19.4776 -104.28 1183.31
v -19.4776 -104.28 1183.31
v -19.0809 -104.08 1183.32
v -18.8776 -104.08 1183.25
v -18.8776 -104.08 1183.25
v -18.4923 -104.072 1183.26
v -18.4926 -103.883 1183.31
v -18.2362 -103.874 1183.26
v -18.2362 -103.874 1183.26
v -18.1118 -104.037 1183.33
v -18.4561 -103.238 1269.7
v -18.0776 -103.828 1268.92
v -19.4776 -103.88 1278.97
v -19.4776 -103.88 1278.97
v -19.2776 -103.95 1278.92
v -19.2776 -103.95 1278.92
v -19.2776 -103.95 1278.92
v -19.2776 -103.95 1278.92
v -19.2776 -103.625 1278.72
v -19.0548 -103.88 1278.72
v -19.0548 -103.88 1278.72
v -19.0776 -103.686 1278.92
v -19.0776 -103.686 1278.92
v -19.0776 -103.686 1278.92
v -18.8776 -103.766 1278.92
v -18.8776 -103.766 1278.92
v -18.4776 -103.481 1278.9
v -16.5572 -156.08 1214.72
v -16.351 -156.48 1215.12
v -16.4362 -156.28 1214.92
v -17.6541 -154.48 1213.12
v -17.4072 -154.88 1213.52
v -17.2784 -155.189 1213.72
v -17.1572 -155.48 1213.92
v -17.6743 -142.479 1223.31
v -17.8917 -141.449 1225.89
v -16.5911 -142.516 1225.52
v -17.2096 -141.331 1227.02
v -17.0776 -131.665 1195.52
v -17.0776 -131.665 1195.52
v -17.7979 -132.08 1196.32
v -16.5791 -131.48 1195.32
v -16.5791 -131.48 1195.32
v -17.803 -127.68 1204.12
v -17.5916 -127.28 1203.92
v -17.3298 -126.279 1183.7
v -16.8257 -126.279 1183.72
v -16.8257 -126.279 1183.72
v -16.8257 -126.279 1183.72
v -17.0578 -126.496 1203.91
v -16.6344 -125.826 1203.84
v -17.6776 -126.28 1279.44
v -17.6776 -126.28 1279.44
v -17.0776 -126.48 1279.43
v -16.6776 -126.318 1279.32
v -16.4846 -126.479 1279.45
v -17.5137 -122.989 1204.71
v -17.4776 -103.88 1183.24
v -16.6776 -103.68 1183.1
v -17.8776 -103.68 1268.97
v -17.8776 -103.68 1268.97
v -17.907 -103.487 1268.97
v -17.813 -103.27 1269.07
v -17.813 -103.27 1269.07
v -17.07 -103.498 1268.94
v -17.0776 -103.28 1268.93
v -16.6239 -103.669 1268.74
v -16.3383 -103.28 1268.87
v -17.8776 -103.28 1278.79
v -17.8776 -103.28 1278.79
v -17.6776 -103.435 1278.72
v -17.6776 -103.435 1278.72
v -17.0776 -103.375 1278.92
v -17.0776 -103.28 1279.01
v -16.4776 -103.29 1278.92
v -16.4776 -103.29 1278.92
v -16.4776 -103.29 1278.92
v -15.3018 -157.9 1217.48
v -16.0354 -156.68 1215.72
v -15.7556 -157.015 1216.52
v -15.9414 -142.028 1226.81
v -15.8009 -142.309 1226.84
v -15.3979 -142.08 1227.32
v -15.3979 -142.08 1227.32
v -15.0822 -142.08 1227.92
v -15.9636 -140.932 1229
v -15.4456 -140.612 1229.93
v -15.0464 -140.48 1230.72
v -15.2776 -131.247 1194.12
v -15.0495 -131.2 1194.1
v -16.2776 -131.415 1194.92
v -15.8776 -131.378 1194.72
v -16.2776 -126.48 1183.68
v -15.7319 -126.48 1183.65
v -15.8776 -126.4 1183.72
v -15.8293 -124.68 1203.72
v -14.8776 -121.08 1204.4
v -16.0776 -103.68 1183.1
v -16.1135 -103.481 1268.89
v -15.2776 -103.195 1278.92
v -15.295 -103.1 1279.02
v -15.295 -103.1 1279.02
v -13.5124 -159.235 1220.72
v -13.3447 -159.28 1220.92
v -13.4776 -159.08 1220.5
v -13.4776 -159.08 1220.5
v -13.4541 -159.08 1220.72
v -13.4541 -159.08 1220.72
v -13.0715 -159.537 1221.68
v -14.2776 -158.68 1219.33
v -14.1542 -141.48 1229.32
v -13.6776 -141.28 1229.9
v -14.6759 -140.26 1230.88
v -13.8776 -139.728 1231.92
v -13.8776 -139.68 1232.27
v -13.4526 -139.284 1232.77
v -13.4526 -139.284 1232.77
v -13.1865 -139.223 1232.68
v -14.6776 -131.222 1193.72
v -14.6776 -131.222 1193.72
v -13.8776 -126.48 1183.68
v -13.8776 -126.48 1183.68
v -13.8776 -126.48 1183.68
v -13.9163 -126.302 1184
v -13.9163 -126.302 1184
v -13.698 -126.28 1183.72
v -13.698 -126.28 1183.72
v -13.698 -126.28 1183.72
v -13.46 -126.472 1183.73
v -13.2776 -126.28 1183.63
v -14.2316 -126.462 1279.42
v -13.2776 -126.28 1279.44
v -14.4322 -123.301 1203.52
v -14.4322 -123.301 1203.52
v -14.4042 -103.479 1183.12
v -13.8051 -103.784 1183.12
v -13.3801 -103.668 1183.1
v -14.6982 -103.636 1268.75
v -14.6982 -103.636 1268.75
v -14.4129 -103.28 1268.85
v -13.6776 -103.48 1268.94
v -13.6116 -103.28 1268.89
v -14.276 -103.213 1278.47
v -14.2603 -103.103 1279.06
v -14.4776 -101.144 1191.32
v -13.1845 -96.7124 1226.12
v -12.3097 -140.514 1231.63
v -11.8265 -140.025 1232.17
v -12.2776 -138.08 1233.87
v -12.2776 -138.08 1233.87
v -11.8412 -137.494 1234.34
v -12.5231 -130.688 1192.5
v -12.0776 -130.707 1192.32
v -11.8776 -130.68 1192.1
v -12.8776 -126.28 1183.68
v -12.8776 -126.28 1183.68
v -12.6776 -126.293 1183.72
v -12.6776 -126.293 1183.72
v -12.4776 -126.031 1183.72
v -12.4776 -126.031 1183.72
v -12.4776 -126.031 1183.72
v -12.2776 -126.08 1183.66
v -12.2776 -126.08 1183.66
v -12.0776 -125.931 1183.92
v -11.8776 -126.08 1183.75
v -11.8776 -126.08 1183.75
v -11.6776 -125.88 1183.67
v -11.6776 -125.88 1183.67
v -11.6776 -125.824 1183.72
v -11.6776 -125.824 1183.72
v -11.6776 -125.824 1183.72
v -12.4776 -126.28 1279.43
v -12.4776 -126.28 1279.43
v -12.4776 -126.28 1279.43
v -12.3792 -121.28 1203.52
v -12.5929 -119.48 1204.52
v -12.5929 -119.48 1204.52
v -12.6776 -103.956 1183.12
v -12.6776 -103.956 1183.12
v -12.6912 -103.686 1183.18
v -12.2583 -104.092 1183.34
v -12.2276 -103.88 1183.12
v -12.2276 -103.88 1183.12
v -12.2276 -103.88 1183.12
v -11.8776 -104.08 1183.08
v -11.6309 -104.08 1183.12
v -11.6309 -104.08 1183.12
v -12.9879 -103.676 1269
v -12.9879 -103.676 1269
v -12.2776 -103.88 1268.99
v -12.276 -103.28 1268.92
v -12.276 -103.28 1268.92
v -12.0776 -103.914 1269.12
v -12.0776 -103.297 1269.12
v -11.8698 -103.878 1269.25
v -13.0783 -103.428 1278.61
v -13.0776 -103.32 1279.12
v -13.0776 -103.32 1279.12
v -13.0776 -103.32 1279.12
v -12.8776 -103.522 1279.12
v -12.8776 -103.522 1279.12
v -12.8776 -103.522 1279.12
v -12.8776 -103.269 1279.12
v -12.465 -103.582 1279.11
v -12.4776 -103.48 1279.23
v -12.4776 -103.48 1279.23
v -12.2776 -103.48 1279.19
v -12.2776 -103.48 1279.19
v -12.2776 -103.48 1279.19
v -11.9777 -103.691 1278.73
v -11.7104 -103.756 1279.12
v -11.6776 -103.68 1279.2
v -11.0569 -139.05 1233.12
v -10.0948 -137.86 1234.04
v -11.0776 -136.48 1235.01
v -10.0475 -129.956 1191.14
v -11.3553 -130.48 1191.92
v -11.4338 -125.88 1183.72
v -11.4338 -125.88 1183.72
v -10.8352 -125.66 1183.74
v -11.4776 -125.88 1279.45
v -11.4776 -125.88 1279.45
v -11.2776 -125.88 1279.43
v -11.0776 -125.68 1279.46
v -11.0776 -125.68 1279.46
v -9.93601 -125.024 1183.72
v -9.97392 -125.08 1279.32
v -11.0383 -119.943 1203.96
v -10.8357 -119.952 1203.72
v -11.3063 -118.335 1204.92
v -10.2776 -117.68 1205.23
v -11.526 -104.365 1183.4
v -11.0776 -104.48 1183.1
v -11.0776 -104.48 1183.1
v -10.0547 -104.395 1276.15
v -10.2776 -104.449 1279.12
v -11.4776 -103.88 1279.19
v -11.4776 -103.88 1279.19
v -11.4776 -103.88 1279.19
v -11.4776 -103.88 1279.19
v -11.1351 -104.08 1279.12
v -11.1351 -104.08 1279.12
v -11.2776 -103.88 1279.25
v -11.072 -104.08 1279.32
v -11.072 -104.08 1279.32
v -11.072 -104.08 1279.32
v -11.0776 -103.88 1279.22
v -11.0776 -103.88 1279.22
v -10.8776 -104.181 1279.12
v -10.8776 -104.181 1279.12
v -10.8589 -104.08 1279.25
v -10.4776 -104.28 1279.29
v -10.4776 -104.28 1279.29
v -10.4776 -104.08 1279.2
v -10.2776 -104.28 1279.27
v -9.27756 -136.48 1234.83
v -9.07756 -136.28 1234.92
v -9.07756 -136.28 1234.92
v -9.91398 -134.172 1236.27
v -9.91398 -134.172 1236.27
v -8.87756 -132.025 1236.92
v -8.47756 -131.08 1236.92
v -8.47756 -131.08 1236.92
v -8.46287 -129.192 1190.52
v -9.88733 -125.28 1279.33
v -9.68374 -125.099 1183.73
v -8.99608 -124.644 1183.71
v -8.91415 -124.516 1279.37
v -8.47756 -124.28 1279.36
v -9.55938 -118.88 1204.32
v -9.87756 -117.28 1205.5
v -9.87756 -117.28 1205.5
v -8.93629 -118.48 1204.32
v -9.22066 -116.68 1205.72
v -9.22066 -116.68 1205.72
v -9.07756 -116.88 1205.83
v -9.07756 -116.88 1205.83
v -9.07756 -116.673 1205.92
v -9.07756 -116.673 1205.92
v -9.07756 -116.673 1205.92
v -8.935 -116.488 1205.9
v -8.935 -116.488 1205.9
v -8.81543 -116.671 1206.03
v -8.81543 -116.671 1206.03
v -8.36186 -116.11 1206.46
v -9.87756 -104.88 1183.17
v -9.67756 -105.08 1183.22
v -9.67756 -105.08 1183.22
v -8.87927 -105.479 1183.26
v -8.87927 -105.479 1183.26
v -9.87756 -104.48 1279.26
v -9.07756 -105.2 1279.12
v -9.07756 -105.2 1279.12
v -9.07756 -105.2 1279.12
v -8.89872 -105.28 1279.32
v -8.89872 -105.28 1279.32
v -9.07756 -105.113 1279.32
v -9.07756 -105.113 1279.32
v -9.07756 -105.113 1279.32
v -9.07756 -105.113 1279.32
v -8.87756 -105.08 1279.29
v -8.87756 -105.08 1279.29
v -8.67756 -105.314 1279.32
v -8.67756 -105.314 1279.32
v -8.31903 -105.68 1279.32
v -7.41662 -133.08 1236.12
v -8.07756 -130.68 1236.92
v -7.53029 -129.28 1237.12
v -6.75403 -127.68 1237.12
v -8.09352 -123.763 1183.71
v -8.09352 -123.763 1183.71
v -8.01171 -123.666 1279.32
v -7.38275 -123.175 1183.63
v -8.13754 -117.899 1204.88
v -7.87756 -117.629 1205.12
v -7.53609 -117.304 1205.41
v -8.27756 -116.28 1206.5
v -7.86061 -115.878 1207.01
v -7.86061 -115.878 1207.01
v -7.30393 -115.472 1207.69
v -6.96 -115.26 1208.19
v -8.11494 -106.061 1183.42
v -7.69765 -106.463 1183.47
v -7.47756 -106.7 1183.52
v -7.47756 -106.7 1183.52
v -7.47756 -106.77 1183.72
v -7.47756 -106.77 1183.72
v -7.27756 -106.891 1183.52
v -7.27756 -106.891 1183.52
v -7.27756 -106.891 1183.52
v -7.27756 -106.68 1183.57
v -7.27756 -106.68 1183.57
v -7.27756 -106.68 1183.57
v -7.07756 -107.181 1183.72
v -7.07756 -106.88 1183.6
v -7.07756 -106.88 1183.6
v -7.07756 -106.88 1183.6
v -7.87756 -105.88 1279.37
v -5.46031 -160.699 1234.71
v -6.71065 -160.248 1233.18
v -6.67201 -131.301 1236.34
v -6.67201 -131.301 1236.34
v -5.87756 -129.714 1236.52
v -5.82346 -129.48 1236.52
v -6.07756 -127.54 1189.52
v -5.753 -127.28 1189.52
v -5.753 -127.28 1189.52
v -5.52496 -127.028 1189.3
v -6.78601 -128.145 1189.94
v -5.17672 -126.637 1189.3
v -6.07669 -126.186 1237.13
v -5.87756 -125.65 1236.92
v -5.67756 -125.283 1236.92
v -6.40412 -122.08 1183.72
v -6.61935 -122.583 1279.41
v -6.51599 -122.176 1279.32
v -6.07756 -121.6 1183.72
v -5.87756 -121.68 1183.58
v -5.87756 -121.68 1183.58
v -5.78755 -121.366 1183.58
v -5.63251 -121.433 1183.58
v -5.99702 -121.742 1279.45
v -6.01843 -121.491 1279.32
v -5.126 -120.08 1183.72
v -6.44109 -116.482 1206.5
v -5.95792 -116.221 1206.94
v -5.95792 -116.221 1206.94
v -5.95792 -116.221 1206.94
v -5.8973 -116.116 1207.16
v -5.66972 -116.067 1207.09
v -5.66972 -116.067 1207.09
v -5.26036 -115.694 1207.25
v -5.47756 -115.981 1207.52
v -5.47756 -115.981 1207.52
v -6.31407 -114.88 1209.32
v -6.2635 -114.68 1209.52
v -6.2635 -114.68 1209.52
v -6.2635 -114.68 1209.52
v -5.67756 -114.48 1210.79
v -5.1117 -114.281 1212.24
v -6.25891 -107.88 1183.72
v -6.25891 -107.88 1183.72
v -6.06602 -108.28 1183.92
v -6.06602 -108.28 1183.92
v -5.8635 -108.48 1183.72
v -5.8635 -108.48 1183.72
v -5.8635 -108.48 1183.72
v -5.87756 -108.28 1183.84
v -5.87756 -108.28 1183.84
v -5.67756 -108.9 1183.92
v -5.47756 -108.88 1183.92
v -6.25365 -107.88 1279.32
v -6.07756 -108.08 1279.36
v -6.07756 -108.08 1279.36
v -6.07756 -108.08 1279.36
v -6.07756 -107.88 1279.45
v -6.07756 -107.88 1279.45
v -5.87756 -108.28 1279.45
v -5.87756 -107.88 1279.38
v -6.67756 -107.48 1183.58
v -6.74822 -107.207 1279.42
v -6.27756 -107.48 1279.43
v -4.47756 -160.88 1235.93
v -4.1885 -161.08 1236.52
v -3.62287 -160.88 1237.32
v -3.62287 -160.88 1237.32
v -3.96301 -153.092 1255.72
v -5.15611 -127.685 1236.44
v -4.60213 -127.156 1236.54
v -4.59072 -126.88 1236.32
v -4.70412 -126.08 1188.92
v -4.27756 -125.609 1188.92
v -4.27756 -126.28 1236.1
v -4.21006 -126.08 1236.12
v -4.27756 -125.88 1236.07
v -3.826 -125.48 1235.92
v -3.95412 -125.08 1188.72
v -4.87756 -123.68 1236.29
v -3.58537 -125.08 1235.92
v -4.96909 -124.214 1236.33
v -5.06522 -124.078 1236.56
v -4.9951 -123.88 1236.32
v -4.9951 -123.88 1236.32
v -3.59092 -121.155 1235.15
v -4.86288 -119.983 1183.58
v -5.05049 -119.854 1279.32
v -4.74614 -119.727 1279.48
v -4.26037 -117.88 1183.72
v -4.07756 -118.08 1183.54
v -4.05932 -117.625 1183.54
v -4.27756 -117.939 1279.32
v -4.07109 -117.274 1279.46
v -3.87663 -116.677 1183.55
v -3.87663 -116.677 1183.55
v -3.87377 -116.009 1183.68
v -3.67756 -115.68 1183.67
v -4.91235 -115.543 1208.67
v -3.87901 -116.867 1279.49
v -3.87901 -116.867 1279.49
v -3.87901 -116.867 1279.49
v -3.86787 -116 1279.39
v -3.68452 -116.106 1279.47
v -3.926 -114.08 1183.92
v -3.926 -114.08 1183.92
v -3.8635 -114.28 1183.72
v -3.8635 -114.28 1183.72
v -3.8635 -114.28 1183.72
v -3.67756 -114.08 1183.98
v -3.67756 -114.08 1183.98
v -4.64285 -115.316 1209.38
v -4.07493 -115.066 1210.6
v -4.36884 -114.098 1214.76
v -3.59787 -114.08 1217.72
v -3.67974 -115.248 1279.47
v -3.67756 -114.08 1279.44
v -4.01824 -113.28 1184.12
v -4.07756 -112.48 1183.98
v -4.07756 -112.48 1183.98
v -3.87756 -113.68 1183.84
v -3.87756 -113.68 1183.84
v -3.87756 -113.08 1184.03
v -3.87756 -113.08 1184.03
v -3.94787 -113.88 1279.32
v -4.07756 -112.68 1279.41
v -3.87756 -113.28 1279.47
v -4.50137 -111.28 1183.92
v -4.50137 -111.28 1183.92
v -4.50137 -111.28 1183.92
v -4.58563 -111.08 1184.12
v -4.58563 -111.08 1184.12
v -4.58563 -111.08 1184.12
v -4.29185 -111.88 1183.92
v -4.29185 -111.88 1183.92
v -4.29185 -111.88 1183.92
v -4.47756 -111.35 1184.12
v -4.47756 -111.35 1184.12
v -4.36756 -111.28 1184.12
v -4.36756 -111.28 1184.12
v -4.47756 -110.824 1184.12
v -4.47756 -110.824 1184.12
v -4.10375 -112.08 1184.12
v -4.10375 -112.08 1184.12
v -4.27756 -112.015 1184.32
v -4.27756 -112.015 1184.32
v -4.20459 -111.88 1184.12
v -4.20459 -111.88 1184.12
v -4.28022 -111.474 1184.09
v -4.63246 -110.88 1279.32
v -4.63246 -110.88 1279.32
v -4.27756 -111.08 1279.4
v -4.07756 -112.28 1279.45
v -4.07756 -112.28 1279.45
v -4.88537 -110.28 1183.92
v -4.88537 -110.28 1183.92
v -4.88537 -110.28 1183.92
v -4.96037 -110.08 1184.12
v -4.96037 -110.08 1184.12
v -4.87756 -110.308 1184.12
v -4.87756 -110.308 1184.12
v -4.87756 -110.308 1184.12
v -4.78471 -110.28 1184.12
v -4.78471 -110.28 1184.12
v -4.78471 -110.28 1184.12
v -4.87827 -110.08 1184.03
v -4.87756 -109.88 1184.11
v -4.87756 -109.88 1184.11
v -4.67756 -110.48 1184.05
v -4.67756 -110.48 1184.05
v -4.67756 -110.48 1184.05
v -4.91398 -109.844 1279.44
v -4.91398 -109.844 1279.44
v -3.27756 -160.88 1237.98
v -3.08273 -160.68 1238.32
v -2.47756 -160.68 1239.45
v -2.47756 -160.68 1239.45
v -1.94399 -160.502 1240.5
v -2.0373 -160.248 1240.29
v -2.07756 -158.272 1252.52
v -3.37938 -124.225 1188.72
v -3.27756 -124.362 1235.52
v -3.27756 -124.362 1235.52
v -2.61037 -122.88 1188.72
v -2.29778 -122.213 1188.73
v -2.31398 -122.361 1234.3
v -2.79162 -119.08 1232.92
v -2.79162 -119.08 1232.92
v -3.07756 -119.88 1233.86
v -2.37287 -117.88 1231.32
v -2.27287 -117.88 1231.92
v -2.14351 -115.885 1227.15
v -2.16095 -116.389 1228.54
v -2.16095 -116.389 1228.54
v -2.1885 -117.08 1229.92
v -2.1885 -117.08 1229.92
v -3.45926 -114.801 1212.61
v -2.67756 -114.74 1215.52
v -2.27756 -114.855 1216.52
v -2.27756 -114.862 1216.92
v -2.07756 -114.947 1217.52
v -2.71644 -114.686 1221
v -2.74481 -114.483 1221.52
v -2.46194 -114.916 1222.73
v -2.46194 -114.916 1222.73
v -2.38835 -114.691 1223.37
v -2.06496 -115.492 1225.21
v -2.06496 -115.492 1225.21
v -2.16269 -115.475 1225.52
v -2.2247 -115.483 1225.73
v -2.23225 -115.48 1226.12
v -2.23225 -115.48 1226.12
v -2.18481 -115.251 1225.57
v -2.18481 -115.251 1225.57
v -2.18481 -115.251 1225.57
v -1.79756 -160.19 1240.79
v -0.706628 -159.651 1242.66
v -1.3635 -120.68 1189.52
v -1.3635 -120.68 1189.52
v -1.67756 -120.637 1232.92
v -1.47756 -120.48 1232.68
v -1.05935 -119.044 1231.06
v -1.27756 -119.68 1231.88
v -1.07756 -119.48 1231.57
v -1.07756 -119.48 1231.57
v -0.677561 -117.162 1227.65
v -0.677561 -117.162 1227.65
v -0.677561 -118.1 1229.72
v -0.877561 -118.28 1229.95
v -0.950398 -115.788 1223.35
v -0.950398 -115.788 1223.35
v -0.677561 -116.08 1224.9
v -0.877561 -116.28 1225.41
v -1.67756 -115.165 1219.72
v 0.508377 -158.68 1245.12
v 0.699002 -158.48 1245.32
v 0.699002 -158.48 1245.32
v 0.711843 -158.475 1245.52
v 0.711843 -158.475 1245.52
v 0.722439 -158.28 1245.47
v 0.722439 -158.28 1245.47
v 0.886502 -158.28 1245.72
v 0.886502 -158.28 1245.72
v 1.03338 -158.08 1246.12
v 1.18338 -158.08 1246.32
v 1.38563 -158.119 1247.01
v 1.23717 -157.837 1246.52
v -0.110269 -118.348 1191.03
v 0.110429 -118.095 1191.51
v 0.314428 -117.726 1191.67
v 0.800233 -116.941 1192.99
v 0.989432 -116.7 1192.62
v 1.65435 -157.621 1246.99
v 2.674 -132.08 1246.72
v 2.23631 -130.481 1246.5
v 1.94113 -128.912 1246.16
v 1.72244 -127.08 1245.92
v 1.72244 -127.08 1245.92
v 1.72244 -127.634 1246.12
v 1.57713 -125.68 1245.92
v 1.49744 -124.28 1245.52
v 1.62015 -124.865 1245.72
v 1.62015 -124.865 1245.72
v 1.62713 -123.28 1245.72
v 1.79283 -122.483 1245.52
v 2.16145 -120.735 1245.52
v 2.47713 -119.48 1245.52
v 1.4897 -116.406 1193.8
v 2.17803 -115.819 1194.89
v 3.69124 -156.496 1250.25
v 4.08025 -156.08 1251.12
v 2.95712 -133.268 1246.73
v 3.41119 -134.69 1247.19
v 2.86068 -115.041 1195.38
v 5.3713 -138.308 1252.73
v 5.22995 -138.054 1252.22
v 5.62088 -138.28 1253.32
v 5.62088 -138.28 1253.32
v 5.96463 -138.68 1255.12
v 5.9872 -138.859 1255.98
v 5.92244 -110 1222.12
v 6.07413 -109.853 1222.58
v 5.98935 -108.123 1207.77
v 6.63899 -144.894 1260.5
v 6.71534 -145.575 1260.55
v 6.13254 -139.444 1257.29
v 6.07368 -109.277 1213.75
v 6.24275 -109.28 1215.32
v 6.24494 -109.48 1215.72
v 6.12244 -109.7 1217.92
v 6.13865 -109.425 1218.57
v 6.16224 -109.861 1224.5
f 118 12 3
f 12 133 4
f 9 115 11
f 115 10 11
f 10 115 2
f 2 3 25
f 117 2 115
f 4 13 12
f 4 14 13
f 133 134 4
f 4 134 14
f 134 15 14
f 1 5 16
f 6 17 5
f 104 135 5
f 104 5 1
f 135 6 5
f 135 7 6
f 134 1 15
f 121 151 19
f 151 20 19
f 151 152 20
f 152 21 20
f 152 8 21
f 123 160 8
f 23 150 9
f 2 25 10
f 13 38 12
f 15 38 14
f 38 13 14
f 17 29 16
f 15 1 16
f 5 17 16
f 6 18 17
f 29 17 18
f 6 7 18
f 7 19 18
f 20 32 19
f 20 21 32
f 21 33 32
f 21 8 22
f 21 22 33
f 160 22 8
f 22 160 43
f 170 23 182
f 26 11 10
f 11 26 47
f 9 11 24
f 24 11 47
f 10 25 26
f 26 25 35
f 25 3 34
f 12 28 3
f 12 27 28
f 3 28 34
f 27 36 28
f 12 38 27
f 38 15 30
f 29 15 16
f 15 29 30
f 18 19 31
f 29 18 31
f 19 32 31
f 32 41 31
f 33 41 32
f 42 41 33
f 22 43 33
f 182 23 44
f 9 44 23
f 44 24 45
f 24 44 9
f 26 35 47
f 25 34 35
f 34 46 35
f 28 37 34
f 28 36 37
f 36 48 37
f 34 37 46
f 36 49 48
f 27 38 36
f 36 38 49
f 38 39 49
f 38 30 39
f 30 40 39
f 39 40 51
f 31 53 29
f 30 29 40
f 29 52 40
f 29 54 52
f 40 52 51
f 53 54 29
f 53 31 55
f 41 42 31
f 43 42 33
f 43 57 42
f 160 58 43
f 187 58 160
f 44 45 229
f 24 47 45
f 46 61 35
f 35 61 47
f 46 37 61
f 37 48 61
f 49 63 48
f 48 62 61
f 48 63 62
f 39 50 49
f 39 51 50
f 49 50 63
f 51 52 50
f 53 65 54
f 53 55 65
f 55 31 42
f 42 57 56
f 42 56 55
f 56 57 69
f 43 58 57
f 214 58 215
f 58 214 70
f 58 70 57
f 58 187 215
f 45 59 229
f 229 59 230
f 45 47 59
f 47 60 59
f 60 47 61
f 63 74 62
f 61 73 60
f 61 62 73
f 63 75 74
f 63 64 75
f 50 64 63
f 52 64 50
f 52 78 64
f 65 52 54
f 55 66 65
f 55 56 67
f 55 67 66
f 67 82 66
f 56 69 67
f 69 213 83
f 83 67 69
f 67 83 82
f 57 68 69
f 70 68 57
f 68 213 69
f 68 70 235
f 235 213 68
f 71 59 60
f 60 72 71
f 60 73 72
f 73 74 72
f 74 73 62
f 75 64 76
f 75 77 74
f 75 76 77
f 257 74 77
f 77 76 84
f 64 78 76
f 78 231 76
f 76 231 84
f 78 262 231
f 78 79 262
f 52 65 79
f 65 66 79
f 66 81 79
f 79 78 52
f 80 79 81
f 262 79 263
f 79 80 263
f 66 82 81
f 82 83 233
f 83 213 233
f 231 260 84
f 366 386 86
f 386 90 86
f 386 91 90
f 85 87 384
f 102 384 115
f 94 85 88
f 94 87 85
f 88 86 94
f 385 406 89
f 385 116 91
f 406 95 89
f 392 105 104
f 392 104 92
f 93 121 393
f 93 96 121
f 417 99 98
f 99 101 100
f 101 99 417
f 405 101 418
f 405 102 101
f 384 87 115
f 94 115 87
f 86 90 94
f 385 89 116
f 94 90 103
f 90 91 103
f 91 116 103
f 394 106 97
f 106 123 97
f 416 112 415
f 401 415 110
f 98 112 416
f 417 98 416
f 99 100 114
f 94 117 115
f 119 116 118
f 119 117 103
f 103 117 94
f 119 103 116
f 89 95 120
f 89 120 116
f 92 104 95
f 393 121 105
f 96 122 121
f 96 97 122
f 97 123 122
f 106 124 123
f 395 107 124
f 124 106 395
f 395 109 108
f 108 109 139
f 408 140 109
f 125 140 408
f 421 130 442
f 422 129 428
f 112 111 110
f 422 110 129
f 112 110 415
f 111 113 131
f 112 113 111
f 98 113 112
f 114 100 132
f 99 114 113
f 98 99 113
f 9 102 115
f 101 102 132
f 101 132 100
f 118 117 119
f 116 120 133
f 95 104 120
f 105 121 19
f 122 151 121
f 151 122 123
f 107 138 124
f 108 139 138
f 138 107 108
f 125 126 142
f 409 126 125
f 143 409 127
f 425 128 127
f 127 128 153
f 130 129 145
f 145 129 110
f 428 129 130
f 145 110 144
f 110 148 144
f 110 146 148
f 111 131 146
f 111 146 110
f 114 149 131
f 114 150 149
f 113 114 131
f 114 132 150
f 9 132 102
f 116 12 118
f 3 117 118
f 3 2 117
f 120 104 133
f 116 133 12
f 133 104 134
f 104 1 134
f 105 135 104
f 136 7 135
f 136 19 7
f 135 105 136
f 105 19 136
f 151 123 137
f 152 151 137
f 139 161 138
f 139 109 140
f 140 161 139
f 140 125 141
f 142 141 125
f 143 163 126
f 143 126 409
f 177 142 126
f 127 153 143
f 153 128 154
f 128 432 154
f 442 130 145
f 155 156 145
f 145 144 155
f 157 144 148
f 157 146 147
f 157 147 180
f 146 157 148
f 146 131 147
f 131 149 147
f 173 147 149
f 150 132 9
f 137 8 152
f 137 123 8
f 124 160 123
f 124 138 160
f 140 141 161
f 162 141 164
f 126 163 177
f 164 141 142
f 142 177 164
f 163 143 153
f 154 432 165
f 443 442 168
f 145 168 442
f 144 157 155
f 155 157 156
f 147 173 180
f 157 180 156
f 23 170 149
f 173 149 171
f 149 170 171
f 149 150 23
f 438 158 174
f 174 175 159
f 175 174 185
f 446 159 176
f 160 161 187
f 138 161 160
f 141 162 161
f 177 163 189
f 163 153 189
f 154 189 153
f 154 165 189
f 168 166 463
f 168 167 166
f 168 178 167
f 156 169 145
f 178 145 169
f 145 178 168
f 192 178 169
f 156 181 179
f 169 156 179
f 171 172 173
f 170 182 171
f 171 182 172
f 180 173 172
f 158 183 184
f 183 197 184
f 174 158 184
f 159 175 176
f 175 185 176
f 161 188 187
f 161 162 188
f 164 177 188
f 162 164 188
f 177 189 188
f 190 204 189
f 190 189 165
f 190 165 456
f 190 456 482
f 178 497 167
f 192 191 178
f 169 179 192
f 179 193 192
f 156 180 181
f 179 181 193
f 180 196 181
f 182 208 195
f 182 44 208
f 172 196 180
f 172 182 196
f 182 195 196
f 184 197 198
f 174 184 185
f 184 199 185
f 185 200 186
f 176 185 186
f 466 176 186
f 188 189 203
f 189 204 203
f 190 205 204
f 190 482 205
f 191 192 499
f 499 192 193
f 193 194 500
f 194 193 181
f 196 194 181
f 194 196 206
f 208 207 195
f 195 207 196
f 207 206 196
f 44 229 208
f 502 210 492
f 492 210 209
f 198 197 209
f 198 209 199
f 209 197 492
f 184 198 199
f 199 200 185
f 199 212 200
f 200 493 186
f 493 200 212
f 466 186 477
f 186 493 477
f 187 219 215
f 201 219 187
f 188 202 201
f 203 202 188
f 201 187 188
f 203 223 202
f 204 224 203
f 204 205 224
f 205 508 224
f 500 194 225
f 193 500 499
f 206 226 194
f 225 194 226
f 206 207 226
f 227 226 207
f 208 228 227
f 229 250 208
f 209 211 199
f 209 210 211
f 210 519 211
f 199 211 212
f 212 211 519
f 214 218 70
f 215 219 216
f 214 215 218
f 217 218 215
f 215 216 217
f 216 238 217
f 219 238 216
f 219 201 221
f 219 221 220
f 201 222 243
f 219 220 238
f 242 201 243
f 221 244 220
f 242 221 201
f 242 8891 221
f 202 222 201
f 202 223 222
f 223 248 222
f 248 243 222
f 246 243 248
f 248 223 249
f 203 224 223
f 249 223 224
f 208 227 207
f 227 228 528
f 250 228 208
f 228 250 528
f 229 230 250
f 82 232 81
f 232 265 81
f 233 232 82
f 232 233 266
f 266 233 267
f 233 234 267
f 234 213 235
f 213 234 233
f 234 235 267
f 267 235 270
f 70 239 235
f 239 268 235
f 235 268 269
f 239 271 268
f 236 217 237
f 237 217 238
f 70 218 239
f 236 218 217
f 236 239 218
f 236 237 239
f 241 239 237
f 237 238 240
f 241 237 240
f 241 271 239
f 277 240 238
f 241 276 271
f 245 242 246
f 246 242 243
f 245 8891 242
f 238 220 277
f 220 244 277
f 245 246 247
f 278 245 247
f 277 244 535
f 278 8891 245
f 278 8892 8891
f 246 248 538
f 538 247 246
f 249 538 248
f 539 538 249
f 250 230 251
f 251 548 546
f 549 548 251
f 250 251 546
f 251 230 252
f 252 230 59
f 279 251 252
f 253 71 72
f 59 71 252
f 253 252 71
f 72 254 253
f 72 257 255
f 256 252 253
f 253 254 256
f 72 255 254
f 256 254 255
f 252 256 279
f 74 257 72
f 280 255 257
f 84 258 77
f 260 258 84
f 259 77 258
f 77 259 257
f 231 261 260
f 262 261 231
f 260 283 258
f 285 261 262
f 261 285 260
f 263 264 262
f 264 285 262
f 263 288 264
f 265 80 81
f 80 265 263
f 265 232 266
f 265 295 292
f 265 266 295
f 270 293 267
f 235 269 270
f 268 275 269
f 270 269 296
f 275 296 269
f 275 561 296
f 271 275 268
f 272 276 241
f 241 240 272
f 240 273 272
f 273 240 277
f 276 275 271
f 277 274 273
f 273 274 272
f 274 276 272
f 275 276 561
f 561 276 560
f 276 274 560
f 8892 278 247
f 247 536 8892
f 277 564 274
f 277 535 564
f 538 536 247
f 574 251 279
f 256 255 551
f 256 550 279
f 553 550 256
f 256 551 553
f 550 552 279
f 551 255 280
f 281 280 257
f 583 280 585
f 281 257 259
f 258 282 259
f 281 259 282
f 258 284 282
f 282 586 281
f 280 281 585
f 586 585 281
f 282 284 297
f 258 283 284
f 285 283 260
f 285 289 589
f 589 283 285
f 283 588 284
f 297 284 588
f 286 288 263
f 286 263 287
f 287 263 291
f 264 289 285
f 264 288 289
f 286 554 288
f 287 290 286
f 291 290 287
f 288 554 289
f 290 554 286
f 292 291 263
f 555 291 292
f 594 291 555
f 292 263 265
f 292 295 555
f 266 267 295
f 294 267 293
f 267 294 295
f 294 557 295
f 293 270 556
f 616 302 615
f 615 302 299
f 618 298 617
f 606 607 298
f 606 298 618
f 299 308 309
f 299 301 308
f 301 311 308
f 309 613 299
f 301 302 300
f 300 311 301
f 302 301 299
f 300 303 312
f 300 302 303
f 303 617 298
f 616 303 302
f 303 616 617
f 298 304 318
f 313 319 304
f 304 319 327
f 609 619 304
f 304 619 313
f 630 305 619
f 630 306 305
f 638 627 310
f 307 639 638
f 638 310 307
f 310 627 612
f 637 639 307
f 310 314 307
f 314 637 307
f 310 308 315
f 310 309 308
f 309 310 612
f 315 308 311
f 311 316 315
f 312 317 311
f 312 318 317
f 300 312 311
f 303 318 312
f 298 318 303
f 327 318 304
f 319 313 320
f 313 619 320
f 305 320 619
f 320 305 306
f 320 306 321
f 637 314 322
f 635 322 661
f 635 637 322
f 310 315 314
f 315 323 314
f 315 316 324
f 311 317 316
f 325 316 317
f 318 327 326
f 328 334 319
f 327 319 334
f 320 328 319
f 306 329 321
f 321 329 395
f 669 329 306
f 332 660 322
f 661 322 660
f 322 314 323
f 324 323 315
f 325 324 316
f 318 326 317
f 317 326 325
f 328 320 337
f 321 337 320
f 660 332 330
f 332 339 330
f 333 331 322
f 322 331 332
f 332 331 342
f 322 323 333
f 324 325 323
f 323 325 333
f 327 345 326
f 334 335 327
f 334 354 353
f 335 334 353
f 334 328 354
f 337 336 328
f 321 338 337
f 336 337 338
f 321 395 338
f 329 669 395
f 330 339 341
f 330 341 340
f 340 349 681
f 681 330 340
f 341 342 351
f 339 342 341
f 339 332 342
f 333 350 331
f 350 342 331
f 333 325 350
f 343 325 326
f 326 345 352
f 345 368 352
f 344 367 345
f 344 389 367
f 345 327 344
f 389 344 327
f 327 335 346
f 335 353 346
f 327 346 389
f 354 355 353
f 354 328 376
f 328 336 376
f 354 376 375
f 336 338 376
f 338 395 376
f 669 377 395
f 349 357 347
f 341 358 348
f 348 359 357
f 358 359 348
f 340 348 349
f 341 348 340
f 349 348 357
f 358 351 361
f 351 358 341
f 350 363 362
f 342 350 351
f 350 362 351
f 351 362 361
f 343 365 325
f 343 326 352
f 343 352 366
f 345 367 368
f 368 369 352
f 353 355 372
f 355 354 374
f 354 375 374
f 377 669 356
f 686 347 357
f 686 357 380
f 357 379 380
f 357 359 381
f 381 379 357
f 358 383 360
f 358 360 359
f 362 364 361
f 362 363 364
f 363 350 405
f 325 365 350
f 365 384 350
f 384 365 85
f 343 366 365
f 366 85 365
f 352 369 366
f 389 387 367
f 367 387 368
f 368 386 369
f 368 387 386
f 369 386 366
f 346 370 389
f 370 406 389
f 370 388 406
f 353 371 346
f 346 371 370
f 388 370 371
f 353 372 371
f 355 374 373
f 407 373 374
f 372 355 373
f 377 408 395
f 356 378 377
f 380 379 382
f 397 380 382
f 382 399 397
f 359 383 381
f 381 382 379
f 383 359 360
f 364 403 361
f 364 363 403
f 404 363 405
f 350 384 405
f 366 86 85
f 86 88 85
f 387 389 385
f 389 406 385
f 387 91 386
f 387 385 91
f 371 390 388
f 388 95 406
f 391 371 392
f 390 371 391
f 390 92 388
f 390 391 92
f 388 92 95
f 391 392 92
f 371 372 392
f 372 393 392
f 393 373 407
f 105 392 393
f 393 372 373
f 375 96 374
f 374 96 407
f 376 395 394
f 375 376 394
f 378 409 377
f 378 411 409
f 695 694 411
f 694 396 411
f 383 401 381
f 401 398 381
f 381 398 382
f 400 382 398
f 399 382 400
f 402 416 383
f 383 358 402
f 402 358 361
f 403 417 416
f 361 403 402
f 416 402 403
f 363 404 403
f 404 417 403
f 405 418 404
f 405 384 102
f 407 96 93
f 407 93 393
f 375 97 96
f 375 394 97
f 395 106 394
f 408 377 125
f 377 409 125
f 409 411 410
f 425 411 419
f 396 419 411
f 396 714 419
f 714 420 419
f 714 412 420
f 420 412 413
f 413 414 426
f 684 421 717
f 421 684 397
f 399 421 397
f 400 398 422
f 398 401 422
f 383 416 415
f 401 383 415
f 404 418 101
f 404 101 417
f 718 430 710
f 710 430 438
f 108 107 395
f 395 408 109
f 409 410 425
f 410 411 425
f 419 128 425
f 419 420 128
f 420 413 426
f 426 719 427
f 414 719 426
f 720 427 719
f 399 400 421
f 422 428 400
f 110 422 401
f 423 430 718
f 703 438 424
f 711 703 424
f 424 431 711
f 725 431 447
f 425 127 409
f 420 426 128
f 427 720 439
f 439 720 721
f 717 421 435
f 421 428 130
f 428 421 400
f 737 429 423
f 423 429 445
f 423 445 430
f 431 424 446
f 426 432 128
f 426 427 432
f 427 448 432
f 427 449 448
f 449 427 439
f 721 433 439
f 434 435 451
f 435 421 442
f 435 442 443
f 748 444 437
f 748 437 429
f 429 436 445
f 429 437 436
f 445 436 453
f 445 158 430
f 438 430 158
f 424 438 446
f 431 446 447
f 749 447 455
f 447 749 738
f 165 432 448
f 433 440 439
f 433 750 440
f 434 450 746
f 434 451 441
f 434 441 450
f 451 435 443
f 437 453 436
f 444 453 437
f 453 464 465
f 445 453 465
f 159 438 174
f 446 438 159
f 447 446 455
f 448 456 165
f 449 456 448
f 439 456 449
f 469 456 439
f 440 457 439
f 750 459 440
f 750 751 459
f 751 460 459
f 441 461 450
f 461 441 462
f 441 451 462
f 443 463 451
f 451 463 462
f 443 168 463
f 453 444 452
f 158 445 454
f 158 454 183
f 446 176 466
f 446 466 455
f 455 467 749
f 749 467 468
f 439 457 469
f 458 470 457
f 440 458 457
f 458 440 459
f 788 785 460
f 460 471 459
f 460 785 471
f 459 471 787
f 772 450 461
f 461 462 486
f 462 463 472
f 453 452 464
f 452 781 464
f 781 475 464
f 476 183 465
f 465 464 476
f 445 465 454
f 465 183 454
f 466 477 455
f 455 477 467
f 478 468 467
f 469 482 456
f 469 481 482
f 469 480 481
f 480 469 457
f 480 484 803
f 484 480 457
f 484 457 470
f 787 485 470
f 470 485 484
f 459 470 458
f 787 470 459
f 471 786 787
f 471 785 786
f 485 787 804
f 462 472 487
f 462 487 486
f 463 474 472
f 166 474 463
f 473 166 167
f 473 474 166
f 497 473 167
f 473 497 474
f 178 191 497
f 475 781 489
f 464 475 490
f 464 490 476
f 476 490 197
f 183 476 197
f 477 493 494
f 467 477 478
f 477 494 478
f 478 494 479
f 478 479 468
f 468 479 798
f 479 506 814
f 798 479 814
f 205 482 510
f 480 483 481
f 483 480 803
f 481 483 482
f 482 483 510
f 803 511 483
f 484 485 803
f 804 803 485
f 487 472 495
f 486 487 495
f 497 488 474
f 474 488 472
f 497 496 488
f 472 488 495
f 499 497 191
f 827 489 1161
f 491 475 489
f 489 501 491
f 489 827 501
f 492 197 490
f 491 490 475
f 492 490 491
f 491 501 492
f 494 493 506
f 506 493 505
f 479 494 506
f 483 511 510
f 825 820 495
f 512 825 495
f 488 496 495
f 512 496 498
f 512 495 496
f 497 498 496
f 498 497 499
f 499 500 513
f 501 827 516
f 492 501 502
f 517 502 501
f 212 520 503
f 503 493 212
f 503 504 493
f 504 503 522
f 493 504 505
f 505 507 506
f 505 504 507
f 506 507 822
f 506 822 814
f 224 508 249
f 205 510 508
f 509 524 510
f 511 509 510
f 509 511 834
f 498 514 512
f 514 826 512
f 515 513 500
f 499 513 514
f 513 515 526
f 514 498 499
f 526 514 513
f 500 225 515
f 226 515 225
f 527 226 227
f 528 527 227
f 516 827 843
f 517 501 516
f 516 844 517
f 210 502 518
f 502 517 518
f 529 518 517
f 529 530 518
f 210 518 519
f 212 519 520
f 520 519 532
f 520 521 503
f 521 520 532
f 503 521 522
f 522 521 534
f 522 828 504
f 522 847 828
f 504 828 507
f 249 523 539
f 508 523 249
f 524 523 508
f 508 510 524
f 523 524 833
f 833 851 523
f 833 524 509
f 514 526 525
f 525 526 855
f 542 515 226
f 515 542 842
f 842 526 515
f 543 226 527
f 543 527 545
f 545 527 544
f 226 543 542
f 861 542 543
f 527 528 544
f 528 250 546
f 544 528 547
f 547 528 546
f 529 517 844
f 530 529 845
f 519 518 530
f 530 531 519
f 865 530 845
f 531 530 865
f 868 531 865
f 519 531 532
f 532 531 533
f 521 532 533
f 534 521 846
f 522 534 847
f 534 846 847
f 564 535 537
f 8892 536 8893
f 540 538 539
f 523 541 539
f 541 540 539
f 541 572 540
f 541 523 851
f 851 877 541
f 862 543 545
f 862 861 543
f 862 545 544
f 881 547 546
f 544 547 879
f 549 546 548
f 881 546 549
f 574 882 549
f 882 881 549
f 549 251 574
f 575 279 552
f 279 575 574
f 578 553 551
f 575 552 550
f 578 550 553
f 283 589 588
f 554 589 289
f 290 594 554
f 290 291 594
f 557 555 295
f 293 557 294
f 556 557 293
f 561 562 296
f 296 559 270
f 559 296 562
f 559 556 270
f 559 558 556
f 559 890 558
f 561 560 563
f 561 563 562
f 562 563 559
f 567 563 560
f 891 559 563
f 274 564 560
f 564 537 565
f 8894 8893 536
f 564 565 566
f 8894 536 570
f 564 569 560
f 564 566 569
f 567 560 569
f 568 8894 570
f 565 568 566
f 566 568 569
f 536 538 570
f 570 538 571
f 904 570 571
f 571 538 540
f 571 540 573
f 573 540 572
f 872 572 541
f 573 572 872
f 908 573 873
f 573 872 873
f 574 575 576
f 577 574 576
f 576 575 580
f 577 576 883
f 576 580 884
f 883 576 884
f 551 579 578
f 578 575 550
f 581 578 579
f 578 580 575
f 581 580 578
f 581 579 582
f 582 579 584
f 581 884 580
f 551 280 583
f 551 583 584
f 583 585 916
f 579 551 584
f 916 584 583
f 597 584 916
f 586 916 585
f 586 282 297
f 591 587 586
f 591 886 587
f 587 886 916
f 587 916 586
f 586 297 590
f 297 588 590
f 588 589 590
f 590 591 586
f 592 589 598
f 591 590 918
f 918 886 591
f 592 918 590
f 589 592 590
f 918 592 598
f 593 589 554
f 554 594 593
f 593 598 589
f 921 598 593
f 921 593 594
f 596 594 555
f 555 595 596
f 594 596 921
f 925 921 596
f 925 596 595
f 556 889 557
f 557 595 555
f 889 595 557
f 559 891 890
f 891 563 892
f 563 567 893
f 893 892 563
f 601 943 602
f 943 601 600
f 1308 605 603
f 605 945 944
f 607 947 608
f 947 607 946
f 609 936 610
f 614 612 938
f 614 938 599
f 599 600 615
f 938 939 599
f 939 600 599
f 604 601 602
f 601 604 603
f 618 601 603
f 604 1308 603
f 605 606 618
f 603 605 618
f 944 606 605
f 944 607 606
f 607 609 304
f 609 607 608
f 611 620 610
f 953 620 611
f 953 621 620
f 1331 1304 626
f 613 612 614
f 614 615 299
f 299 613 614
f 615 614 599
f 600 616 615
f 601 616 600
f 616 601 617
f 617 601 618
f 607 304 298
f 610 619 609
f 610 620 619
f 620 630 619
f 630 621 306
f 620 621 630
f 625 623 636
f 625 636 631
f 1331 626 623
f 623 626 636
f 624 623 625
f 626 612 627
f 613 309 612
f 973 972 641
f 628 642 974
f 974 642 645
f 628 643 642
f 975 645 629
f 963 648 622
f 633 636 635
f 632 633 635
f 632 631 633
f 633 631 636
f 658 983 632
f 624 625 634
f 625 631 634
f 624 634 983
f 632 983 634
f 632 634 631
f 635 636 626
f 637 635 626
f 626 627 637
f 639 637 627
f 639 627 638
f 986 987 640
f 1001 640 987
f 641 986 640
f 651 641 640
f 641 652 643
f 651 652 641
f 652 653 643
f 643 653 644
f 644 642 643
f 644 655 645
f 645 642 644
f 629 645 655
f 646 629 655
f 655 656 646
f 306 622 647
f 622 648 647
f 648 657 647
f 648 992 657
f 992 993 657
f 983 659 998
f 661 658 632
f 659 983 658
f 632 635 661
f 649 1001 1002
f 640 649 651
f 640 1001 649
f 651 650 652
f 653 652 664
f 650 664 652
f 644 653 655
f 653 665 654
f 653 654 655
f 653 664 665
f 665 666 654
f 654 666 667
f 656 655 654
f 654 667 656
f 667 668 656
f 668 989 656
f 306 647 669
f 647 657 670
f 998 659 680
f 672 658 660
f 658 661 660
f 659 658 672
f 1021 662 1000
f 649 662 673
f 673 663 649
f 649 1002 662
f 649 663 651
f 663 709 664
f 664 650 663
f 663 650 651
f 665 674 666
f 667 675 668
f 647 670 669
f 657 678 670
f 1005 683 678
f 1005 671 683
f 660 679 672
f 659 672 680
f 672 679 680
f 660 330 679
f 1021 673 662
f 663 673 709
f 666 675 667
f 666 674 675
f 670 356 669
f 678 676 670
f 678 683 677
f 678 677 676
f 689 670 676
f 1010 683 671
f 685 680 686
f 681 682 679
f 679 682 347
f 680 679 347
f 680 347 686
f 679 330 681
f 681 349 682
f 1021 702 673
f 664 687 665
f 665 687 674
f 674 687 692
f 674 692 675
f 668 675 693
f 693 1022 668
f 670 688 356
f 670 689 688
f 677 689 676
f 677 683 689
f 683 1010 697
f 697 1010 690
f 691 690 1010
f 682 349 347
f 675 692 693
f 1022 693 1030
f 356 688 378
f 689 378 688
f 683 696 689
f 683 697 696
f 690 691 699
f 699 691 700
f 691 701 700
f 717 1040 684
f 397 684 685
f 686 380 685
f 397 685 380
f 709 673 702
f 687 664 709
f 712 693 692
f 378 695 411
f 378 689 695
f 695 696 694
f 695 689 696
f 694 696 697
f 694 704 396
f 704 694 697
f 697 690 698
f 698 704 697
f 699 698 690
f 699 700 698
f 700 706 698
f 707 700 701
f 707 701 720
f 701 1023 720
f 708 718 702
f 709 710 687
f 687 703 692
f 687 710 703
f 692 703 711
f 692 711 712
f 693 712 1030
f 1030 712 726
f 704 714 396
f 704 713 714
f 704 706 705
f 713 704 705
f 698 706 704
f 413 705 706
f 706 414 413
f 706 700 414
f 700 707 414
f 720 719 707
f 1023 1031 720
f 1040 717 724
f 1062 708 1053
f 708 1029 1053
f 737 423 708
f 708 702 1029
f 702 718 709
f 718 710 709
f 710 438 703
f 712 725 726
f 713 412 714
f 713 705 412
f 412 705 413
f 707 719 414
f 716 715 1054
f 1054 715 1043
f 729 1044 731
f 1062 737 708
f 423 718 708
f 431 725 711
f 712 711 725
f 1416 1030 726
f 433 721 727
f 1031 1043 721
f 721 722 727
f 1043 715 722
f 716 723 715
f 1043 722 721
f 715 723 722
f 723 729 722
f 722 729 727
f 716 729 723
f 1055 1064 732
f 732 731 1055
f 1071 1059 747
f 724 736 1059
f 747 1059 736
f 1062 1081 737
f 720 1031 721
f 729 728 727
f 727 728 433
f 740 728 729
f 729 730 740
f 731 730 729
f 731 732 730
f 732 741 730
f 1064 741 732
f 1064 1065 741
f 744 734 747
f 734 1071 735
f 735 747 734
f 735 1071 747
f 1068 1071 734
f 746 724 434
f 724 717 435
f 434 724 435
f 1081 748 737
f 429 737 748
f 447 738 726
f 726 725 447
f 738 749 726
f 761 726 749
f 728 739 750
f 740 739 728
f 740 730 739
f 739 730 752
f 730 741 752
f 752 741 753
f 733 745 742
f 742 745 755
f 757 745 743
f 744 743 745
f 744 747 743
f 747 756 743
f 734 744 745
f 734 745 733
f 758 736 746
f 736 724 746
f 747 736 758
f 748 1081 760
f 748 760 444
f 726 761 1092
f 1092 761 784
f 433 728 750
f 739 751 750
f 739 752 751
f 752 762 751
f 752 753 762
f 751 762 460
f 753 741 763
f 753 763 762
f 755 768 754
f 765 754 768
f 755 745 767
f 759 769 757
f 743 756 757
f 747 759 756
f 757 756 759
f 767 745 757
f 746 450 758
f 758 759 747
f 773 759 758
f 773 758 772
f 758 450 772
f 759 773 769
f 781 760 1112
f 749 468 761
f 761 468 782
f 761 783 784
f 788 460 762
f 774 762 763
f 763 764 774
f 741 764 763
f 741 1115 764
f 765 777 776
f 765 776 766
f 770 780 767
f 768 755 777
f 755 778 777
f 767 778 755
f 768 777 765
f 757 769 770
f 769 771 770
f 770 771 780
f 767 757 770
f 769 773 771
f 781 1112 1125
f 781 452 760
f 760 452 444
f 761 782 783
f 788 762 789
f 762 774 789
f 774 764 775
f 774 775 791
f 764 792 775
f 775 792 791
f 792 764 1115
f 1115 1139 792
f 1139 1115 1127
f 776 794 1133
f 766 776 1133
f 767 780 778
f 794 776 777
f 777 778 795
f 794 777 795
f 794 795 808
f 778 780 795
f 779 780 771
f 773 772 771
f 772 461 771
f 461 796 771
f 779 771 796
f 1125 797 781
f 468 798 782
f 782 798 799
f 782 799 783
f 799 800 783
f 799 801 800
f 783 800 784
f 784 800 802
f 787 786 804
f 785 788 786
f 788 789 790
f 790 786 788
f 789 774 790
f 774 791 805
f 774 805 790
f 1139 793 792
f 791 793 805
f 791 792 793
f 805 793 1137
f 1133 794 1154
f 808 1154 794
f 811 812 796
f 780 779 809
f 796 809 779
f 780 809 795
f 461 486 796
f 486 811 796
f 1125 1135 797
f 1135 813 797
f 781 797 489
f 801 802 800
f 786 790 804
f 804 806 816
f 790 806 804
f 805 806 790
f 805 1137 807
f 805 807 806
f 793 1139 1137
f 810 808 795
f 810 1157 808
f 1158 1157 810
f 796 812 809
f 810 795 809
f 810 809 817
f 812 817 809
f 817 1158 810
f 811 486 819
f 819 812 811
f 813 489 797
f 814 822 815
f 799 798 815
f 798 814 815
f 799 815 801
f 801 815 802
f 804 824 803
f 804 816 824
f 1145 806 807
f 806 1145 816
f 1145 807 1144
f 486 495 819
f 819 818 812
f 495 820 819
f 813 1161 489
f 1161 1178 827
f 1196 827 1178
f 822 821 823
f 822 823 815
f 821 830 823
f 830 832 823
f 803 824 511
f 511 824 837
f 824 1185 837
f 816 1185 824
f 820 1175 819
f 1175 838 1193
f 1191 1175 1193
f 825 512 826
f 825 838 820
f 839 825 826
f 838 1175 820
f 825 839 838
f 1196 843 827
f 821 507 828
f 821 828 829
f 822 507 821
f 830 821 829
f 830 829 831
f 832 830 831
f 831 829 850
f 1179 831 850
f 1179 850 849
f 832 831 1179
f 1180 832 1179
f 836 833 835
f 833 509 835
f 834 835 509
f 834 836 835
f 837 836 834
f 511 837 834
f 1193 838 839
f 1194 1193 839
f 840 826 841
f 840 839 826
f 840 1194 839
f 1194 840 841
f 525 826 514
f 826 525 841
f 525 853 841
f 855 526 842
f 853 525 855
f 844 516 843
f 843 1196 844
f 1210 844 1196
f 844 1210 863
f 844 845 529
f 521 533 870
f 848 847 846
f 848 846 871
f 829 828 847
f 829 847 848
f 849 829 848
f 850 829 849
f 1214 849 848
f 1214 1197 849
f 851 833 852
f 852 833 836
f 852 1217 851
f 852 836 1218
f 841 853 1207
f 853 855 1208
f 855 842 854
f 542 854 842
f 854 542 860
f 855 854 856
f 859 855 856
f 856 854 857
f 857 854 860
f 859 1208 855
f 858 856 857
f 857 860 1221
f 859 856 858
f 858 857 1221
f 1219 1208 859
f 861 860 542
f 861 1221 860
f 544 879 862
f 1226 861 862
f 879 1226 862
f 1211 863 1210
f 844 863 845
f 864 845 863
f 864 863 1212
f 1212 1213 864
f 1212 863 1211
f 865 845 864
f 864 866 865
f 866 887 868
f 865 866 868
f 864 867 866
f 887 866 867
f 1229 887 867
f 869 868 887
f 1230 869 887
f 868 869 531
f 533 531 869
f 870 533 869
f 870 869 1230
f 521 870 846
f 846 870 1230
f 1231 846 1230
f 1231 871 846
f 871 1214 848
f 907 571 573
f 571 907 905
f 908 907 573
f 873 872 874
f 908 873 874
f 874 872 876
f 872 541 876
f 875 541 877
f 541 875 876
f 875 877 1240
f 1240 1239 875
f 877 851 878
f 1217 878 851
f 861 1222 1221
f 1226 1224 861
f 879 547 881
f 880 879 881
f 1245 880 1247
f 1245 1244 880
f 880 881 882
f 880 882 909
f 882 574 577
f 911 882 577
f 910 911 577
f 885 884 581
f 885 581 582
f 597 885 582
f 584 597 582
f 912 885 597
f 1252 912 597
f 914 883 884
f 885 914 884
f 913 914 885
f 867 864 1213
f 1232 1230 887
f 926 595 889
f 558 888 556
f 888 889 556
f 890 888 558
f 929 888 890
f 891 930 890
f 890 930 929
f 1270 930 891
f 900 892 893
f 569 893 567
f 893 569 896
f 568 570 895
f 895 570 904
f 569 568 894
f 568 895 894
f 896 569 894
f 900 893 896
f 906 895 904
f 895 897 894
f 894 897 898
f 900 896 902
f 896 894 898
f 902 896 898
f 897 899 898
f 897 895 899
f 899 895 901
f 895 906 901
f 899 901 903
f 898 903 902
f 899 903 898
f 1275 892 900
f 1275 900 902
f 904 571 905
f 905 907 1235
f 905 906 904
f 906 905 1235
f 906 1235 901
f 1235 907 908
f 1236 874 876
f 908 874 1236
f 909 1247 880
f 882 911 1249
f 909 882 1249
f 910 577 883
f 910 1250 911
f 1251 911 1250
f 1250 910 914
f 1250 914 915
f 910 883 914
f 913 885 912
f 913 912 1252
f 915 914 913
f 915 913 1252
f 1254 1252 597
f 597 1255 1254
f 1255 597 916
f 917 916 886
f 886 918 917
f 916 917 1257
f 918 1258 917
f 1255 916 1257
f 1257 917 1258
f 918 598 919
f 598 921 919
f 1260 1259 918
f 919 1260 918
f 1258 918 1259
f 923 919 921
f 919 923 920
f 920 1260 919
f 920 923 1263
f 1263 923 924
f 921 922 923
f 924 922 925
f 924 923 922
f 1287 924 925
f 925 595 926
f 925 922 921
f 925 926 1267
f 1267 926 927
f 926 889 927
f 888 927 889
f 927 888 928
f 928 888 929
f 928 1268 927
f 928 929 1272
f 1268 928 1272
f 930 1270 1271
f 1305 939 938
f 1295 1294 932
f 942 1305 1307
f 602 932 604
f 932 602 1295
f 1308 931 1297
f 1294 604 932
f 944 934 607
f 607 934 946
f 944 935 934
f 934 947 946
f 935 944 933
f 1299 1300 947
f 947 934 1299
f 1300 1301 947
f 1301 608 947
f 936 609 1301
f 1310 611 937
f 600 939 940
f 943 600 940
f 943 940 941
f 939 942 941
f 941 940 939
f 943 1307 1295
f 941 1307 943
f 942 939 1305
f 941 942 1307
f 943 1295 602
f 1308 604 931
f 1308 945 605
f 944 945 933
f 933 945 1308
f 1301 609 608
f 937 611 610
f 1304 612 626
f 950 951 1749
f 951 950 960
f 961 951 960
f 951 961 952
f 611 1310 953
f 953 949 622
f 622 949 1315
f 953 948 949
f 1315 954 963
f 954 956 963
f 957 966 1336
f 957 1337 966
f 1348 1349 971
f 972 1348 971
f 959 973 974
f 958 972 973
f 959 950 958
f 973 959 958
f 959 960 950
f 961 960 975
f 975 976 961
f 952 961 976
f 952 976 1350
f 976 962 1350
f 1350 962 1334
f 622 621 953
f 621 622 306
f 1315 963 622
f 963 964 648
f 963 955 964
f 955 963 956
f 955 1336 964
f 1336 966 964
f 967 969 965
f 967 965 964
f 966 967 964
f 966 1338 967
f 1338 968 969
f 968 1351 969
f 967 1338 969
f 965 969 978
f 978 969 979
f 983 970 624
f 970 983 982
f 624 1331 623
f 971 1349 985
f 641 628 973
f 643 628 641
f 974 973 628
f 959 974 960
f 974 645 975
f 960 974 975
f 975 629 976
f 976 629 646
f 976 988 977
f 976 977 962
f 977 989 991
f 977 991 962
f 1365 962 1364
f 962 991 1364
f 648 964 992
f 965 993 992
f 964 965 992
f 978 993 965
f 979 995 978
f 979 980 995
f 980 981 996
f 996 995 980
f 997 996 981
f 998 1381 1359
f 998 982 983
f 1373 1374 1371
f 984 1374 1373
f 1373 999 984
f 1374 984 1362
f 1362 984 985
f 985 984 1001
f 987 971 985
f 972 986 641
f 1001 987 985
f 987 986 971
f 972 971 986
f 976 646 988
f 988 646 656
f 989 988 656
f 977 988 989
f 989 990 991
f 978 1005 993
f 978 994 1005
f 994 995 1005
f 978 995 994
f 997 1007 996
f 1381 998 680
f 1000 984 999
f 1000 662 1002
f 984 1000 1002
f 984 1002 1001
f 989 668 1003
f 1003 990 989
f 1003 1030 1004
f 990 1003 1004
f 1005 678 993
f 678 657 993
f 1005 995 996
f 996 1010 1005
f 996 1006 1010
f 996 1011 1006
f 996 1007 1012
f 996 1012 1011
f 1014 1007 1008
f 1385 1381 1016
f 1381 1015 1016
f 1018 1000 999
f 1009 1380 1004
f 1004 1030 1009
f 1005 1010 671
f 1006 1011 1010
f 1011 1012 1013
f 1012 1007 1013
f 1007 1014 1013
f 1013 1014 691
f 1370 1396 1014
f 1019 1016 1015
f 1016 1019 1385
f 1015 1017 685
f 1017 680 685
f 1381 680 1017
f 1381 1017 1015
f 1018 1021 1000
f 1003 668 1022
f 1003 1022 1030
f 1009 1030 1395
f 1011 691 1010
f 1011 1013 691
f 691 1023 701
f 1014 1023 691
f 1014 1396 1023
f 1020 1019 684
f 1019 1015 684
f 684 1015 685
f 1021 1018 1394
f 1416 1395 1030
f 1028 1024 1025
f 1028 1025 1040
f 1813 1024 1028
f 1025 1020 684
f 1040 1025 684
f 1020 1025 1024
f 1026 1021 1394
f 1031 1023 1027
f 1023 1396 1027
f 1027 1396 1403
f 1403 1404 1032
f 1816 1034 1033
f 1040 1414 1028
f 1414 1813 1028
f 1026 1415 1029
f 1026 1029 1021
f 1021 1029 702
f 1032 1043 1027
f 1403 1032 1027
f 1032 1042 1043
f 1032 1404 1042
f 1404 1033 1045
f 1034 1418 1033
f 1033 1035 1045
f 1037 1036 1035
f 1036 1057 1035
f 1405 1406 1037
f 1418 1405 1037
f 1406 1419 1037
f 1419 1036 1037
f 1035 1033 1418
f 1037 1035 1418
f 1419 1420 1038
f 1036 1419 1038
f 1420 1434 1038
f 1434 1046 1038
f 1046 1036 1038
f 1412 1041 1039
f 1411 1412 1039
f 1415 1053 1029
f 1027 1043 1031
f 1043 1042 1054
f 1404 1044 1042
f 1044 1404 1045
f 1045 1057 1056
f 1045 1035 1057
f 1064 1036 1046
f 724 1048 1041
f 1039 1041 1048
f 1049 1039 1048
f 1050 1430 1039
f 1050 1039 1049
f 724 1041 1040
f 1052 1061 1062
f 1053 1051 1052
f 1062 1053 1052
f 1051 1053 1415
f 1416 726 1063
f 1054 1042 716
f 1042 1044 716
f 1044 729 716
f 1045 1056 1055
f 1045 1055 1044
f 1055 731 1044
f 1056 1064 1055
f 1064 1056 1057
f 1057 1036 1064
f 1046 1065 1064
f 1435 1047 1065
f 1437 1065 1047
f 1451 1450 1066
f 1450 1443 1058
f 1059 1060 1048
f 1048 724 1059
f 1068 1058 1071
f 1058 1060 1071
f 1048 1060 1049
f 1050 1060 1058
f 1049 1060 1050
f 1443 1050 1058
f 1453 1072 1061
f 1081 1062 1061
f 726 1082 1063
f 1434 1065 1046
f 1434 1435 1065
f 1065 1437 1445
f 1445 1074 1065
f 1076 1462 1463
f 1449 1451 1067
f 1449 1067 1463
f 1077 1463 1067
f 1069 1080 1066
f 1066 1450 1069
f 1067 1079 1077
f 1067 1066 1079
f 1066 1067 1451
f 1070 1068 733
f 742 1069 1070
f 1070 1058 1068
f 1069 1058 1070
f 1058 1069 1450
f 1059 1071 1060
f 1897 1081 1072
f 1061 1072 1081
f 726 1092 1082
f 1063 1082 1073
f 1073 1082 1083
f 1073 1083 1093
f 1073 1093 1464
f 1065 1084 741
f 1074 1084 1065
f 1084 1074 1467
f 1479 1461 1075
f 1075 1100 1479
f 1075 1480 1100
f 1076 1077 1087
f 1480 1087 1100
f 1087 1099 1100
f 1076 1087 1480
f 1463 1077 1076
f 1077 1090 1088
f 1077 1088 1087
f 1089 1066 1080
f 1079 1066 1078
f 1066 1089 1078
f 1090 1079 1078
f 1089 1090 1078
f 1090 1077 1079
f 734 733 1068
f 1070 733 742
f 1080 1069 742
f 1080 742 1089
f 1897 1496 1081
f 1082 1092 1083
f 1084 1094 741
f 1084 1085 1094
f 1084 1467 1085
f 1468 1085 1467
f 1479 1100 1086
f 1099 1087 1101
f 1087 1088 1101
f 755 1089 742
f 1091 1089 755
f 1091 754 1090
f 755 754 1091
f 1090 1089 1091
f 1081 1496 760
f 1083 1092 1093
f 1093 1092 1102
f 1095 1094 1085
f 1482 1096 1085
f 1095 1085 1096
f 1086 1098 1494
f 1086 1100 1098
f 1097 1494 1098
f 1100 1121 1110
f 1100 1110 1098
f 1099 1123 1100
f 1088 765 1101
f 1101 765 1111
f 1101 1111 1099
f 1090 754 1088
f 754 765 1088
f 1496 1112 760
f 1092 784 1102
f 1102 784 1126
f 1102 1114 1093
f 741 1103 1115
f 1094 1103 741
f 1103 1104 1115
f 1094 1095 1104
f 1094 1104 1103
f 1104 1105 1116
f 1105 1104 1095
f 1095 1106 1105
f 1106 1107 1105
f 1513 1107 1106
f 1098 1110 1108
f 1098 1108 1118
f 1098 1109 1097
f 1109 1119 1524
f 1098 1118 1109
f 1109 1118 1119
f 1110 1121 1108
f 765 766 1111
f 1111 766 1123
f 1111 1123 1099
f 1102 1126 1113
f 1114 1102 1113
f 1104 1116 1115
f 1115 1116 1127
f 1128 1116 1130
f 1105 1117 1130
f 1105 1130 1116
f 1105 1107 1117
f 1107 1532 1533
f 1533 1117 1107
f 1120 1122 1559
f 1118 1120 1119
f 1118 1108 1120
f 1120 1559 1119
f 1108 1121 1122
f 1108 1122 1120
f 1100 1123 1121
f 1121 1132 1131
f 1121 1123 1132
f 766 1133 1123
f 1124 1125 1112
f 1125 1124 1134
f 1126 784 802
f 1126 802 1136
f 1113 1126 1546
f 1126 1136 1546
f 1114 1113 1546
f 1127 1140 1139
f 1128 1127 1116
f 1127 1128 1140
f 1128 1130 1129
f 1128 1129 1140
f 1117 1550 1130
f 1549 1129 1130
f 1129 1549 1564
f 1559 1121 1131
f 1132 1559 1131
f 1122 1121 1559
f 1141 1132 1123
f 1132 1141 1559
f 1133 1141 1123
f 1133 1154 1141
f 1124 1142 1134
f 1134 1135 1125
f 1138 1147 1137
f 1137 1139 1138
f 1138 1150 1147
f 1138 1139 1150
f 1140 1150 1139
f 1129 1564 1140
f 1559 1141 1580
f 1154 1153 1141
f 1141 1152 1151
f 1141 1153 1152
f 1155 1154 808
f 1157 1155 808
f 1135 1134 1142
f 1135 1143 813
f 1584 1159 1143
f 1136 802 815
f 1136 815 1162
f 1136 1162 1572
f 807 1146 1144
f 816 1145 1164
f 1145 1144 1165
f 1144 1146 1165
f 1146 1148 1165
f 1145 1166 1164
f 1145 1165 1166
f 1137 1146 807
f 1137 1148 1146
f 1137 1147 1148
f 1147 1149 1148
f 1149 1147 1150
f 1150 1167 1149
f 1152 1156 1151
f 1582 1151 1156
f 1155 1153 1154
f 1152 1153 1156
f 1155 1156 1153
f 1156 1155 1589
f 1589 1155 1157
f 1172 1157 1158
f 1171 1589 1157
f 1157 1172 1170
f 1170 1171 1157
f 818 817 812
f 817 818 1172
f 817 1172 1158
f 1160 1143 1159
f 813 1160 1161
f 1160 1176 1161
f 1160 813 1143
f 1160 1159 1176
f 815 823 1162
f 1162 823 1181
f 1163 1162 1181
f 1586 1163 1182
f 1162 1163 1586
f 816 1164 1185
f 1187 1593 1185
f 1185 1164 1187
f 1164 1166 1187
f 1168 1165 1148
f 1165 1187 1166
f 1187 1165 1591
f 1168 1591 1165
f 1148 1149 1167
f 1148 1167 1168
f 1150 1587 1167
f 1150 1169 1587
f 1171 1170 1172
f 1589 1171 1173
f 1171 1172 1173
f 1173 1172 1174
f 1173 1174 1600
f 1599 1173 1600
f 818 1174 1172
f 818 819 1174
f 1602 1600 1174
f 1174 819 1175
f 1159 1585 1176
f 1585 1177 1176
f 1176 1178 1161
f 1177 1178 1176
f 1177 1195 1178
f 1590 1605 1177
f 1195 1196 1178
f 1209 1196 1195
f 1180 1179 1198
f 1180 1198 1199
f 823 832 1181
f 832 1180 1181
f 1181 1180 1182
f 1182 1180 1199
f 1200 836 837
f 1163 1181 1182
f 837 1185 1184
f 1184 1183 837
f 1183 1184 1186
f 1183 1200 837
f 1202 1200 1183
f 1184 1185 1186
f 1183 1186 1610
f 1609 1186 1185
f 1593 1609 1185
f 1175 1191 1188
f 1189 1174 1175
f 1188 1190 1175
f 1189 1602 1174
f 1190 1189 1175
f 1190 1188 1192
f 1192 1604 1190
f 1602 1189 1190
f 1193 1203 1191
f 1192 1188 1191
f 1192 1191 1203
f 1192 1203 1604
f 1614 1604 1203
f 1204 1193 1194
f 1193 1204 1205
f 1196 1209 1210
f 1198 1179 849
f 1198 849 1197
f 1624 1198 1197
f 1197 1216 1624
f 1199 1198 1624
f 1218 1217 852
f 1200 1201 836
f 1201 1218 836
f 1202 1183 1607
f 1607 1183 1610
f 1200 1202 1201
f 1203 1193 1205
f 1206 1194 1619
f 1206 1205 1204
f 1206 1204 1194
f 1616 1205 1206
f 1619 1618 1206
f 1207 1194 841
f 1619 1194 1207
f 1207 853 1208
f 1219 1207 1208
f 1219 859 858
f 1620 1622 1209
f 1211 1209 1622
f 1210 1209 1211
f 1212 1211 1622
f 1231 1234 871
f 1215 1214 1234
f 1234 1214 871
f 1214 1215 1216
f 1216 1215 1637
f 1216 1197 1214
f 1240 877 878
f 878 1217 1240
f 1240 1217 1639
f 1219 1628 1207
f 1219 858 1223
f 1219 1220 1628
f 858 1221 1223
f 1222 1223 1221
f 1223 1222 1241
f 1629 1223 1241
f 1629 1219 1223
f 1222 861 1224
f 1243 1224 1226
f 1225 1222 1224
f 1242 1225 1224
f 1241 1222 1225
f 1242 1224 1243
f 1641 1243 1226
f 1242 1241 1225
f 1242 1243 1643
f 879 880 1244
f 1226 879 1244
f 1227 1212 1622
f 1213 1212 1227
f 1227 1622 1631
f 1213 1227 867
f 1658 1228 1227
f 1228 1229 867
f 1227 1228 867
f 887 1229 1232
f 1228 1632 1229
f 1632 1233 1229
f 1232 1229 1233
f 1230 1232 1231
f 1234 1231 1233
f 1233 1231 1232
f 1634 1233 1661
f 1234 1633 1215
f 903 901 1274
f 903 1276 902
f 1276 903 1274
f 901 1235 1274
f 1274 1235 1680
f 1235 908 1236
f 1236 876 1237
f 1237 1239 1238
f 1235 1682 1680
f 1682 1235 1236
f 1236 1237 1238
f 1236 1238 1682
f 876 875 1239
f 1239 1237 876
f 1239 1638 1238
f 1240 1638 1239
f 1646 1641 1226
f 1226 1244 1646
f 1246 1245 1247
f 1247 909 1248
f 1247 1248 1246
f 1248 909 1249
f 1652 1246 1248
f 1249 1652 1248
f 1251 1652 1249
f 1249 911 1251
f 1686 1656 1251
f 1251 1656 1652
f 1250 915 1657
f 1250 1657 1251
f 1251 1657 1686
f 1686 1657 1688
f 1252 1254 1253
f 1657 1252 1253
f 915 1252 1657
f 1256 1253 1254
f 1657 1253 1689
f 1256 1689 1253
f 1257 1279 1255
f 1256 1255 1280
f 1256 1254 1255
f 1279 1280 1255
f 1257 1258 1282
f 1259 1261 1258
f 1258 1261 1282
f 1281 1279 1257
f 1282 1281 1257
f 1260 920 1263
f 1261 1259 1262
f 1262 1259 1260
f 1260 1283 1262
f 1264 1263 924
f 1283 1263 1264
f 1264 924 1266
f 1265 924 1287
f 1266 924 1265
f 1287 1702 1265
f 1267 927 1288
f 927 1268 1269
f 1269 1268 1665
f 1268 1272 1665
f 1288 927 1269
f 1665 1710 1269
f 1664 1271 1270
f 929 930 1271
f 1272 929 1271
f 1273 1664 1270
f 1272 1271 1665
f 1665 1271 1666
f 1666 1271 1664
f 1273 891 1275
f 891 892 1275
f 1270 891 1273
f 1664 1273 1275
f 1669 1667 1275
f 1664 1275 1714
f 1277 1275 902
f 1669 1275 1277
f 902 1276 1277
f 1274 1278 1276
f 1278 1274 1673
f 1276 1278 1668
f 1277 1276 8895
f 1274 1680 1673
f 1280 1279 1691
f 1282 1261 1262
f 1279 1281 1691
f 1262 1285 1282
f 1281 1282 1695
f 1696 1695 1282
f 1285 1694 1282
f 1696 1282 1694
f 1260 1263 1283
f 1262 1283 1284
f 1285 1262 1284
f 1284 1283 1700
f 1283 1264 1286
f 1286 1264 1266
f 1286 1700 1283
f 1266 1703 1286
f 1266 1265 1702
f 1703 1266 1702
f 1267 1287 925
f 1287 1267 1288
f 1287 1707 1702
f 1707 1287 1288
f 1298 1729 1299
f 1298 1299 934
f 1298 1728 1729
f 936 1289 610
f 1731 1289 936
f 1290 938 1746
f 1716 1290 1746
f 1290 1291 1307
f 1291 1290 1292
f 1290 1293 1292
f 1295 1291 1717
f 1291 1292 1293
f 1291 1293 1717
f 1717 1294 1295
f 1291 1295 1307
f 1294 1717 1296
f 1294 1296 1297
f 1297 1719 1728
f 1728 1298 933
f 933 1298 935
f 934 935 1298
f 1308 1297 1728
f 1728 933 1308
f 1299 1731 1301
f 1299 1301 1300
f 936 1301 1731
f 1289 937 610
f 2215 1302 937
f 1750 1310 1302
f 1750 1732 1309
f 1309 1732 1313
f 1313 1751 1303
f 1304 1331 1744
f 1304 1724 1745
f 1304 1746 612
f 1745 1746 1304
f 612 1746 938
f 1290 1306 1305
f 1305 938 1290
f 1306 1307 1305
f 1290 1307 1306
f 931 1294 1297
f 1294 931 604
f 2244 950 1749
f 937 1302 1310
f 1750 1309 1310
f 1313 1310 1309
f 1311 1312 1323
f 1311 1314 1312
f 1314 1315 1312
f 1311 1310 1313
f 1314 1316 1315
f 1313 1303 1314
f 1314 1311 1313
f 1317 1315 1764
f 1316 1764 1315
f 1316 1753 1764
f 1327 1317 1326
f 1755 1318 1326
f 1755 1326 1317
f 1326 1318 1765
f 1756 1757 1318
f 1755 1756 1318
f 1318 1757 1765
f 1329 1744 1331
f 1330 1744 1329
f 1333 1319 1773
f 1320 958 950
f 958 1320 1319
f 1319 1320 1762
f 1321 1749 951
f 1321 952 1322
f 1321 951 952
f 1775 1321 1322
f 1322 1776 1763
f 1776 1322 1334
f 948 953 1310
f 948 1323 949
f 1323 1312 949
f 948 1310 1311
f 948 1311 1323
f 1312 1315 949
f 1315 1324 954
f 1324 956 954
f 956 1324 1317
f 1317 1325 956
f 1317 1324 1315
f 1317 1327 1325
f 1327 1336 1325
f 1326 1336 1327
f 1326 1765 1340
f 1326 1340 1336
f 1340 957 1336
f 1340 1765 1342
f 1765 1344 1342
f 1349 1333 1332
f 1332 1333 1773
f 1333 1348 1319
f 1348 958 1319
f 952 1350 1322
f 1335 1334 962
f 1334 1322 1350
f 1335 1776 1334
f 1776 1335 1763
f 1336 955 956
f 956 1325 1336
f 1337 1338 966
f 1342 968 1338
f 1340 1339 957
f 1339 1337 957
f 1339 1338 1337
f 1340 1342 1341
f 1340 1341 1339
f 1341 1338 1339
f 1342 1338 1341
f 1343 968 1342
f 1342 1344 1343
f 1344 1352 1343
f 1352 1785 1354
f 1785 1355 1354
f 1777 1785 1352
f 1785 1786 1345
f 1345 1786 1346
f 1355 1785 1345
f 1346 1355 1345
f 1346 1786 1357
f 1359 1789 1782
f 1790 1789 1359
f 1359 1782 1328
f 1330 1329 970
f 1360 1328 1330
f 1329 1331 624
f 970 1329 624
f 1363 1349 1347
f 1792 1347 1784
f 1792 1363 1347
f 1347 1349 1332
f 1333 1349 1348
f 972 958 1348
f 1365 1335 962
f 1795 1365 991
f 1795 1335 1365
f 1795 991 1366
f 968 1343 1351
f 1343 1352 1351
f 1351 979 969
f 1352 980 1351
f 980 979 1351
f 1353 981 980
f 1352 1353 980
f 1354 1355 1353
f 1354 1353 1352
f 1355 1368 1353
f 1356 1368 1355
f 1355 1346 1356
f 1346 1357 1356
f 1786 1358 1357
f 1357 1358 1370
f 982 1359 1360
f 1799 1790 1359
f 970 1360 1330
f 982 1360 970
f 1359 1328 1360
f 1361 1363 1793
f 1363 1362 1349
f 1361 1374 1363
f 1349 1362 985
f 1365 1364 991
f 991 990 1375
f 1366 991 1375
f 1366 1375 1367
f 981 1368 1369
f 1353 1368 981
f 1356 1369 1368
f 997 981 1369
f 1356 1357 1369
f 1369 1357 1370
f 1358 1797 1370
f 1381 1799 1359
f 982 998 1359
f 1377 999 1371
f 1361 1371 1374
f 1361 1372 1371
f 1372 1377 1371
f 1800 1372 1361
f 1807 1372 1800
f 1362 1363 1374
f 999 1373 1371
f 990 1380 1375
f 1375 1376 1367
f 1367 1376 1796
f 1375 1380 1376
f 1380 1395 1376
f 1796 1376 1808
f 1007 997 1369
f 1007 1369 1008
f 1008 1369 1014
f 1369 1370 1014
f 1381 1385 1810
f 1814 1810 1385
f 1381 1810 1798
f 1377 1378 999
f 1379 1378 1377
f 1378 1379 1811
f 1382 1378 1811
f 1372 1811 1379
f 1372 1379 1377
f 1807 1811 1372
f 1004 1380 990
f 1395 1380 1009
f 1370 1805 1383
f 1018 999 1378
f 1018 1378 1382
f 1383 1396 1370
f 1805 1384 1383
f 1383 1384 1403
f 1384 1812 1816
f 1385 1020 1024
f 1024 1386 1385
f 1814 1385 1386
f 1814 1386 1024
f 1813 1814 1024
f 1385 1019 1020
f 1391 1389 1390
f 1388 1390 1387
f 1390 1388 1391
f 1387 1828 1388
f 1394 1018 1389
f 1389 1018 1382
f 1390 1389 1382
f 1387 1390 1382
f 1384 1816 1403
f 1401 1393 1827
f 1393 1388 1828
f 1391 1394 1389
f 1400 1392 1401
f 1391 1392 1394
f 1401 1392 1393
f 1393 1392 1391
f 1393 1391 1388
f 1026 1394 1392
f 1383 1403 1396
f 1403 1397 1404
f 1816 1397 1403
f 1816 1398 1034
f 1821 1398 1816
f 1821 1399 1398
f 1821 1822 1399
f 1399 1822 1823
f 1408 1838 1410
f 1836 1838 1408
f 1413 1825 1414
f 1845 1401 1827
f 1845 1400 1401
f 1879 1400 1845
f 1392 1400 1026
f 1400 1415 1026
f 1397 1033 1404
f 1397 1816 1033
f 1399 1407 1405
f 1034 1399 1405
f 1034 1398 1399
f 1407 1823 1406
f 1823 1408 1406
f 1399 1823 1407
f 1836 1408 1823
f 1408 1419 1406
f 1408 1420 1419
f 1410 1420 1408
f 1410 1409 1421
f 1838 1409 1410
f 1862 1411 1430
f 1412 1861 1413
f 1040 1041 1414
f 1414 1041 1413
f 1400 1879 1415
f 1879 1051 1415
f 1402 1416 1417
f 1034 1405 1418
f 1406 1405 1407
f 1420 1421 1434
f 1420 1410 1421
f 1421 1422 1434
f 1409 1422 1421
f 1422 1409 1436
f 1422 1436 1435
f 1423 1426 1437
f 1409 1425 1423
f 1436 1409 1423
f 1425 1426 1423
f 1424 1437 1426
f 1427 1426 1425
f 1427 1424 1426
f 1424 1428 1438
f 1427 1428 1424
f 1874 1877 1442
f 1440 1874 1442
f 1441 1876 1875
f 1874 1440 1872
f 1877 1441 1442
f 1875 1429 1443
f 1443 1431 1430
f 1431 1443 1429
f 1413 1041 1412
f 1430 1411 1039
f 1879 1052 1051
f 1416 1063 1417
f 1835 1417 1432
f 1432 1444 1433
f 1422 1435 1434
f 1047 1435 1436
f 1047 1436 1437
f 1423 1437 1436
f 1424 1438 1437
f 1439 1438 1428
f 1428 1850 1439
f 1440 1451 1449
f 1872 1440 1449
f 1442 1451 1440
f 1451 1442 1441
f 1450 1441 1875
f 1450 1875 1443
f 1451 1441 1450
f 1050 1443 1430
f 1878 1887 1453
f 1061 1879 1878
f 1052 1879 1061
f 1063 1432 1417
f 1432 1073 1444
f 1433 1444 1464
f 1438 1445 1437
f 1438 1439 1445
f 1455 1445 1439
f 1439 1889 1455
f 1895 1459 1908
f 1459 1446 1461
f 1447 1446 1883
f 1462 1447 1448
f 1447 1883 1872
f 1872 1463 1448
f 1872 1448 1447
f 1463 1872 1449
f 1452 1885 1897
f 1072 1453 1452
f 1452 1453 2390
f 1453 1887 2390
f 1878 1453 1061
f 1063 1073 1432
f 1444 1073 1464
f 1433 1464 1888
f 1465 1888 1464
f 1445 1455 1454
f 1445 1454 1074
f 1455 1469 1454
f 1470 1455 1898
f 1478 1456 1460
f 1456 1457 1460
f 1909 1457 1458
f 1457 1456 1458
f 1457 1908 1460
f 1909 1908 1457
f 1458 1472 1909
f 1909 1472 1906
f 1459 1461 1477
f 1459 1477 1478
f 1478 1460 1459
f 1460 1908 1459
f 1477 1461 1479
f 1447 1461 1446
f 1462 1480 1447
f 1462 1076 1480
f 1461 1447 1075
f 1480 1075 1447
f 1462 1448 1463
f 1072 1452 1897
f 1465 1464 1481
f 1464 1093 1481
f 1481 1466 1465
f 1467 1074 1454
f 1454 1469 1467
f 1469 1468 1467
f 1469 1470 1468
f 1455 1470 1469
f 1930 1472 1487
f 1456 1474 1473
f 1473 1491 1475
f 1491 1473 1474
f 1458 1456 1473
f 1473 1472 1458
f 1475 1472 1473
f 1475 1487 1472
f 1478 1477 1476
f 1477 1479 1476
f 1474 1456 1478
f 1478 1476 1474
f 1984 1496 1970
f 1941 1970 1496
f 1496 1897 1941
f 1466 1481 1943
f 1943 1481 1942
f 1942 1481 1498
f 1468 1482 1085
f 1471 1483 1482
f 1482 1483 1096
f 1482 1468 1471
f 1468 1470 1471
f 1471 1484 1483
f 1484 1500 1483
f 1916 1484 1471
f 1500 1484 1485
f 1916 1485 1484
f 1486 1509 1503
f 1487 1509 1486
f 1488 1487 1486
f 1505 1489 1486
f 1930 1487 1488
f 1978 1958 1489
f 1489 1488 1486
f 1491 1495 1490
f 1495 1510 1490
f 1490 1510 1511
f 1491 1492 1475
f 1491 1490 1492
f 1475 1492 1493
f 1511 1492 1490
f 1493 1487 1475
f 1487 1493 1509
f 1494 1476 1479
f 1479 1086 1494
f 1510 1495 1494
f 1476 1494 1474
f 1474 1494 1495
f 1491 1474 1495
f 1481 1093 1497
f 1481 1497 1498
f 1498 1497 1512
f 1498 1512 1971
f 1483 1499 1096
f 1106 1095 1096
f 1096 1499 1106
f 1499 1483 1500
f 1513 1499 1514
f 1499 1500 1514
f 1500 1501 1514
f 1485 1501 1500
f 1485 1502 1501
f 1515 1501 1502
f 1975 1502 1485
f 1975 1517 1502
f 1509 1508 1503
f 1503 1508 1504
f 1486 1503 1505
f 1503 1504 1505
f 1518 1506 1504
f 1505 1504 1506
f 1489 1505 1981
f 1506 1981 1505
f 1506 1518 1993
f 1511 1507 1492
f 1508 1492 1507
f 1507 1519 1508
f 1493 1492 1508
f 1509 1493 1508
f 1504 1508 1520
f 1494 1097 1510
f 1496 1984 1527
f 1496 1527 1528
f 1093 1114 1529
f 1093 1529 1497
f 1512 1497 1531
f 1512 1972 1971
f 1499 1513 1106
f 1513 1532 1107
f 1513 1515 1532
f 1513 1514 1515
f 1532 1515 1537
f 1515 1516 1537
f 1535 1532 1537
f 1514 1501 1515
f 1516 1515 1502
f 1502 1517 1516
f 1537 1516 1539
f 1516 1517 1539
f 1517 1976 2004
f 1521 1518 1504
f 1507 1540 1519
f 1507 1526 1540
f 1519 1520 1508
f 1521 1520 1519
f 1540 1521 1519
f 1520 1521 1504
f 1097 1522 1510
f 1510 1522 1511
f 1522 1523 1511
f 1109 1522 1097
f 1109 1524 1522
f 1522 1524 1523
f 1523 1525 1511
f 1541 1525 1523
f 1523 1524 1541
f 1511 1525 1507
f 1525 1541 1542
f 1525 1526 1507
f 1998 1527 1984
f 1112 1496 1528
f 1112 1528 1124
f 1529 1114 1546
f 1529 1546 1547
f 1497 1529 1530
f 1529 1547 1530
f 1531 1497 1530
f 1530 1547 1548
f 1531 1530 2001
f 2001 1530 1548
f 1533 1534 1117
f 1534 1550 1117
f 1532 1535 1533
f 1534 1533 1535
f 1535 1536 1534
f 1537 1536 1535
f 1537 1538 1536
f 1538 1554 1536
f 1539 1556 1538
f 1537 1539 1538
f 1538 1555 1554
f 1538 1556 1555
f 1539 1517 2004
f 1539 2004 1556
f 1540 2033 1521
f 2033 2031 1521
f 1524 1119 1543
f 1541 1524 1543
f 1558 1541 1543
f 1543 1560 1558
f 1542 1526 1525
f 1540 1526 1542
f 1541 1558 1542
f 1542 2033 1540
f 1559 1543 1119
f 1559 1560 1543
f 1561 1562 1545
f 1544 1561 1545
f 1544 1545 1527
f 1527 1545 1528
f 1528 1545 1124
f 1546 1136 1572
f 1546 2035 1547
f 1547 2035 2036
f 1130 1550 1549
f 1550 1552 1549
f 1552 1565 1549
f 1549 1565 1564
f 1534 1551 1550
f 1551 1552 1550
f 1551 1553 1552
f 1551 1554 1553
f 1536 1551 1534
f 1536 1554 1551
f 1555 1557 1554
f 1553 1554 1569
f 1555 2019 1557
f 1557 1569 1554
f 2020 1556 2004
f 1555 1556 2020
f 2019 1555 2020
f 1558 2033 1542
f 2033 1558 1571
f 1570 2033 1571
f 1558 1560 1571
f 1571 1560 1559
f 1124 1545 1142
f 1142 1545 1562
f 1563 1546 1572
f 1546 1563 2035
f 1140 1564 1150
f 1150 1564 1575
f 1564 1565 1566
f 1566 1575 1564
f 1552 1567 1565
f 1553 1567 1552
f 1565 1567 1566
f 1567 1579 1566
f 1567 1553 1568
f 1567 1568 1579
f 1553 1569 1568
f 2050 2033 1570
f 1571 2059 1570
f 2050 1570 2059
f 2061 2059 1571
f 1559 1580 1571
f 2061 1571 1580
f 1562 1584 1142
f 1142 1143 1135
f 1143 1142 1584
f 1563 1572 1573
f 2035 1563 2037
f 1573 2037 1563
f 1150 1574 1169
f 1574 1150 1575
f 1575 1577 1574
f 1574 1577 2066
f 1579 1576 1566
f 1566 1576 1575
f 1579 1578 1576
f 1575 1576 1577
f 1577 1576 1578
f 2054 1577 1578
f 1579 1568 2055
f 2055 1578 1579
f 1578 2055 2056
f 1581 1580 1583
f 1580 1581 2061
f 1580 1141 1151
f 1151 1583 1580
f 1583 1151 1582
f 2069 1582 1156
f 1582 2069 1583
f 1588 1156 1589
f 2069 1156 1588
f 2062 2064 1584
f 1585 1584 2064
f 2064 1590 1585
f 1159 1584 1585
f 1586 1572 1162
f 1573 1572 1586
f 1168 1167 1595
f 1587 1595 1167
f 1597 1587 1169
f 1574 1597 1169
f 1574 2076 1597
f 2076 1574 2066
f 2061 1581 2069
f 1581 1583 2069
f 2069 1588 2070
f 2070 1588 1589
f 2070 1589 2071
f 1173 2071 1589
f 1598 2071 1173
f 1173 1599 1598
f 1177 1585 1590
f 1182 1606 2073
f 1182 2073 1586
f 1187 1591 1593
f 1591 1168 1594
f 1593 1591 1592
f 1592 1591 1594
f 1592 1594 1596
f 1592 1612 1593
f 1612 1592 2083
f 1596 2083 1592
f 1595 1594 1168
f 1595 1596 1594
f 2074 1587 1597
f 1595 1587 2074
f 1601 2079 1598
f 2071 1598 2078
f 2079 2078 1598
f 1600 1602 1601
f 1601 1602 2096
f 1601 1598 1599
f 1601 1599 1600
f 1603 1602 1190
f 1604 1603 1190
f 1613 1603 1604
f 1602 1603 2096
f 1605 1195 1177
f 2081 1605 1590
f 2081 1621 1605
f 1605 1620 1195
f 1621 1620 1605
f 1195 1620 1209
f 1606 1199 1624
f 1606 1182 1199
f 1202 1608 1201
f 1607 1608 1202
f 1626 1608 1607
f 1607 1610 1626
f 1186 1609 1610
f 1610 1609 1611
f 1610 1611 2106
f 1609 1593 1612
f 1611 1609 1612
f 2096 1603 1613
f 2096 1613 2097
f 1615 1614 1203
f 1614 1615 2099
f 1614 1613 1604
f 1616 1206 1618
f 1203 1205 1615
f 1615 1205 1617
f 1617 1205 1616
f 2099 1615 1617
f 1616 1618 2109
f 2110 2109 1618
f 2099 1617 2098
f 2098 1617 1616
f 2110 1618 2114
f 2116 1620 1621
f 2100 2116 1621
f 2116 1622 1620
f 1630 1622 2116
f 1216 1637 1624
f 1623 1624 1637
f 1624 1623 1606
f 1217 2102 1639
f 1218 1625 1217
f 1218 1201 1625
f 2102 1217 1625
f 1625 1201 1608
f 1608 1626 1627
f 1626 1610 2106
f 1627 1626 2103
f 1626 2106 2103
f 1625 1608 1627
f 2102 1625 1627
f 2114 1618 1619
f 1207 1628 1619
f 1619 1628 2114
f 2125 1628 2124
f 2114 1628 2125
f 2124 1628 1220
f 2124 1220 2126
f 1629 1220 1219
f 2126 1220 1629
f 1622 1630 1631
f 1630 1658 1631
f 1631 1658 1227
f 1658 1660 1228
f 1228 1660 1632
f 1661 1663 1634
f 1633 1234 1233
f 1233 1634 1633
f 1633 1635 1215
f 1633 2117 1635
f 1633 1634 2117
f 1635 1637 1215
f 1635 1636 1637
f 2117 1636 1635
f 1636 2119 1637
f 1639 1638 1240
f 1640 1629 1241
f 1640 2133 1629
f 2134 1629 2133
f 1241 1242 1640
f 1242 1643 1640
f 1643 1243 1642
f 1642 1243 1641
f 2133 1640 1643
f 1642 1641 1644
f 1644 1643 1642
f 1641 1645 1644
f 1644 1645 2137
f 2137 1645 2139
f 1645 1641 2139
f 1646 1244 1647
f 1646 1647 1641
f 1244 1648 1647
f 1245 1648 1244
f 1648 1245 1651
f 1641 1647 1649
f 1649 1647 1648
f 1650 1246 1653
f 1651 1245 1246
f 1651 1246 1650
f 1654 1650 1653
f 1651 1650 1654
f 1651 1654 2144
f 1655 1652 1656
f 1653 1246 1652
f 1655 1653 1652
f 1654 1653 1655
f 1630 1659 1658
f 1659 1660 1658
f 1659 2145 1660
f 1660 2147 1662
f 2147 1660 2145
f 2149 2147 2145
f 2145 2146 2149
f 1632 1662 1233
f 1662 1632 1660
f 1662 1661 1233
f 1662 1663 1661
f 2148 1662 2147
f 1662 2148 1663
f 2148 2151 1663
f 1663 2152 1634
f 1664 1713 1666
f 1665 1666 1711
f 1713 1664 1714
f 1667 1669 1674
f 1275 1667 1714
f 1667 1674 2186
f 2186 1674 1677
f 1667 2186 1714
f 1277 8895 1670
f 1671 1668 1278
f 1673 1671 1278
f 1674 1669 1670
f 1669 1277 1670
f 1674 1670 1675
f 1670 8895 1672
f 1670 1672 1675
f 1672 1668 1671
f 1679 1673 1680
f 1675 1672 1676
f 1678 1676 1671
f 1676 1672 1671
f 1673 1678 1671
f 1674 1675 1677
f 1678 1675 1676
f 1678 1673 1679
f 1678 1679 2189
f 1677 1675 2189
f 1675 1678 2189
f 1680 1682 1684
f 1680 1684 1681
f 1681 2155 1680
f 1680 2155 2153
f 1682 1685 1684
f 1682 1238 1685
f 1238 1638 1683
f 1685 1238 1683
f 1683 1638 2156
f 1683 2159 1685
f 1685 2159 1684
f 1656 1686 1687
f 1655 1656 2162
f 2162 1656 1687
f 1688 1657 1690
f 1687 1686 1688
f 2163 1687 1688
f 1657 1689 1690
f 1689 1693 2164
f 1690 1689 2164
f 1256 1280 1693
f 1691 1693 1280
f 1693 1691 1692
f 1693 1689 1256
f 1691 1281 1692
f 2169 1695 1696
f 1695 1697 1281
f 1281 1697 1692
f 1692 1697 2170
f 2170 1697 1695
f 2168 1695 2169
f 1698 1284 1700
f 1285 1284 1698
f 1696 1694 1699
f 1694 1285 1699
f 1285 1698 1699
f 2169 1696 1699
f 1699 1698 2173
f 1698 1700 2175
f 1700 1286 1701
f 1701 1286 1703
f 1701 1703 1705
f 1703 1702 1706
f 1705 1703 1706
f 1702 1704 1706
f 2176 1701 1705
f 1707 1288 1709
f 1704 1702 1707
f 1707 1709 1708
f 1704 1707 1708
f 2178 1704 1708
f 1288 1269 1709
f 1269 1712 1709
f 1708 1709 2179
f 1709 1712 2179
f 1710 1665 1711
f 1710 1712 1269
f 1711 1712 1710
f 1712 1711 2181
f 1666 1713 1711
f 1711 1713 2184
f 1714 2184 1713
f 2198 1725 1745
f 1726 1725 2203
f 1716 1715 2193
f 1716 2224 1727
f 1717 2223 1718
f 1719 1717 1718
f 1728 2210 1720
f 2213 1720 2210
f 1720 1721 1730
f 1722 1720 2213
f 1722 1721 1720
f 2213 2195 1722
f 2195 1721 1722
f 1299 1721 1731
f 1731 2560 1289
f 1289 2560 2215
f 2220 1744 1723
f 1744 2237 1723
f 1724 2221 1745
f 1746 1745 1725
f 1726 1746 1725
f 1746 1726 1715
f 1715 1716 1746
f 1716 1727 1290
f 1290 1727 1293
f 1717 1293 2223
f 2223 1293 1727
f 1296 1719 1297
f 1719 1296 1717
f 1728 1720 1729
f 1729 1720 1730
f 1730 1299 1729
f 1299 1730 1721
f 2215 937 1289
f 1302 2215 1750
f 1732 1733 1313
f 1733 1751 1313
f 1735 1737 1736
f 1734 1735 1736
f 2230 2231 1735
f 2230 1734 2225
f 2230 1735 1734
f 2231 1737 1735
f 1751 2225 1734
f 1733 1732 1751
f 1737 2232 1738
f 1736 1737 1738
f 1752 1736 1738
f 1738 2252 1752
f 1739 1741 1754
f 2252 1739 1754
f 1739 1740 1741
f 1740 2233 1741
f 2233 1740 2252
f 1739 2252 1740
f 2238 2237 1743
f 1743 2237 1744
f 1304 1744 2220
f 1304 2220 1724
f 1761 1762 1748
f 1747 1748 1762
f 2241 1747 2244
f 1747 2241 1748
f 1734 1736 1314
f 1316 1736 1752
f 1734 1314 1751
f 1314 1303 1751
f 1316 1314 1736
f 1754 1753 1752
f 1753 1316 1752
f 1754 1764 1753
f 1754 1755 1317
f 1755 1754 1741
f 2252 1754 1752
f 1756 1755 1741
f 1741 1742 1756
f 1757 1756 1758
f 1742 1758 1756
f 1758 1742 1757
f 2254 2255 1757
f 1742 2254 1757
f 1757 1759 1765
f 2256 1765 1759
f 2256 2272 1765
f 1765 2272 1760
f 2256 1759 2255
f 1759 1757 2255
f 2273 1760 2272
f 1765 1760 2274
f 1766 1743 1744
f 1761 2282 1771
f 1774 1762 1761
f 1320 950 1747
f 1320 1747 1762
f 2244 1747 950
f 1749 1321 2251
f 1321 1775 2251
f 1775 1763 2251
f 1763 1775 1322
f 1764 1754 1317
f 2274 1777 1344
f 1781 1769 1768
f 1766 1744 1770
f 1768 1767 1782
f 1782 1767 1766
f 1767 1743 1766
f 2280 1743 1767
f 1768 1769 2280
f 1768 2280 1767
f 1330 1770 1744
f 1328 1770 1330
f 1766 1770 1328
f 1771 1784 1773
f 2282 1772 1771
f 1784 1771 1772
f 1319 1774 1773
f 1773 1774 1761
f 1761 1771 1773
f 1319 1762 1774
f 2271 1335 2297
f 1344 1765 2274
f 1777 1352 1344
f 2275 1786 1777
f 2284 1786 2275
f 1778 2285 1787
f 1779 2290 1781
f 2290 1779 2310
f 1780 1768 1782
f 1780 1789 1790
f 1780 1781 1768
f 1790 1781 1780
f 1779 1781 1790
f 1328 1782 1766
f 1783 1794 1792
f 1783 1792 1772
f 1784 1332 1773
f 1332 1784 1347
f 1792 1784 1772
f 2271 1763 1335
f 1786 1785 1777
f 1788 1358 1786
f 1778 1787 1786
f 1778 1786 2284
f 1787 2286 1788
f 1786 1787 1788
f 2286 2299 1788
f 2307 1797 1788
f 1782 1789 1780
f 1779 1790 1799
f 2310 1779 1799
f 1791 1793 1794
f 2311 1791 1794
f 1363 1792 1793
f 1793 1792 1794
f 1335 1795 2297
f 1795 1366 1796
f 1795 1796 2313
f 1788 1797 1358
f 1797 1805 1370
f 2316 1805 1797
f 1798 2310 1799
f 1798 2308 2310
f 1798 2317 2308
f 1793 1800 1361
f 1793 1791 1800
f 1802 1801 1800
f 1791 1802 1800
f 2311 1802 1791
f 2323 1801 1802
f 1367 1796 1366
f 2313 1796 1803
f 1803 1796 1804
f 1804 1796 1808
f 1805 2316 1806
f 2699 2317 1813
f 2317 1798 1813
f 1798 1799 1381
f 2323 1807 1801
f 1801 1807 1800
f 1808 1376 1395
f 1395 1809 1808
f 1808 1809 1804
f 1806 1812 1805
f 1806 2321 1812
f 2321 2325 1812
f 1814 1813 1810
f 1798 1810 1813
f 2323 1811 1807
f 1809 1395 2335
f 1804 1809 2335
f 1812 1384 1805
f 2329 1816 2325
f 1813 2334 2333
f 1819 1387 1382
f 1815 1820 1819
f 1819 1811 1815
f 1819 1382 1811
f 1816 1812 2325
f 1822 2327 1823
f 2327 1822 1821
f 1414 1825 1813
f 1817 1820 1818
f 1818 1829 1817
f 1828 1817 1829
f 1817 1387 1819
f 1817 1819 1820
f 1828 1387 1817
f 1395 1834 2335
f 2330 1836 1823
f 1838 1837 1824
f 2342 1838 1824
f 2347 2339 1861
f 1825 1861 2339
f 1833 1842 1844
f 1826 1842 1832
f 1818 3493 1832
f 3493 1826 1832
f 1393 1828 1830
f 1393 1830 1827
f 1818 1831 1829
f 1829 1831 1830
f 1829 1830 1828
f 1830 1831 1833
f 1833 1846 1830
f 1831 1818 1832
f 1832 1842 1831
f 1831 1842 1833
f 1834 1395 1416
f 1416 1847 1834
f 2335 1834 2340
f 2340 1834 1847
f 2340 1847 1848
f 1848 1835 2340
f 1836 1837 1838
f 1838 1425 1409
f 2342 1425 1838
f 2342 1839 1425
f 1860 1841 1431
f 1860 1840 1841
f 1841 1840 2353
f 2352 1840 1860
f 1860 1852 2352
f 1841 1862 1431
f 2347 1861 2354
f 2354 1861 1862
f 2353 2354 1841
f 1862 1841 2354
f 1825 1413 1861
f 1843 1842 2355
f 1842 1843 1844
f 2362 1846 1844
f 1826 2355 1842
f 2362 1843 2355
f 1843 2362 1844
f 1845 1827 1846
f 1830 1846 1827
f 1833 1844 1846
f 1848 1847 1402
f 1847 1416 1402
f 1848 1402 1417
f 1417 1835 1848
f 2336 1835 1863
f 1849 2356 2336
f 1839 1427 1425
f 1839 2344 1427
f 2344 1850 1427
f 1850 1428 1427
f 1855 1873 2359
f 1851 1875 1854
f 1875 1851 1852
f 1873 1855 1874
f 1874 1855 1853
f 1854 1856 1851
f 1852 1851 1856
f 1859 1853 1855
f 1856 1854 1859
f 1854 1853 1859
f 1855 1858 1859
f 1856 2360 1857
f 1856 1857 1852
f 2360 1856 1859
f 1429 1860 1431
f 1429 1875 1860
f 1852 1860 1875
f 1862 1861 1411
f 1861 1412 1411
f 1431 1862 1430
f 2363 1879 2362
f 1879 1845 2362
f 2362 1845 1846
f 1863 1432 1864
f 1863 1835 1432
f 1863 1864 1849
f 1865 1849 1864
f 1865 1866 1849
f 1849 2336 1863
f 2356 1849 1866
f 1880 1865 1888
f 1866 1865 1880
f 1850 1881 1439
f 1850 2723 1881
f 1882 1868 1895
f 1882 2371 1868
f 2372 1867 1868
f 1872 1883 1869
f 1883 1871 1869
f 1870 1869 1871
f 1883 1867 1871
f 1870 2359 1873
f 2372 2358 1871
f 1871 2358 1870
f 1871 1867 2372
f 1872 1869 1873
f 1869 1870 1873
f 1874 1872 1873
f 1877 1876 1441
f 1875 1876 1854
f 1854 1877 1853
f 1877 1854 1876
f 1853 1877 1874
f 1879 2361 1878
f 1432 1433 1864
f 1864 1433 1865
f 1889 1439 1881
f 1894 2368 1882
f 1868 1867 1883
f 1446 1895 1868
f 1868 1883 1446
f 1897 1885 1884
f 1886 2389 1885
f 1452 1886 1885
f 1452 2390 1886
f 2389 1886 2376
f 2390 2376 1886
f 1888 1865 1433
f 1880 1888 1913
f 2407 1880 1913
f 1880 2407 2391
f 1889 2393 1890
f 1890 2394 1900
f 1890 1899 1889
f 1900 1899 1890
f 2393 2380 1890
f 2380 2394 1890
f 1905 1891 1894
f 2397 1891 1892
f 2397 1892 2413
f 1893 1895 1908
f 1893 1882 1895
f 1894 1882 1893
f 1905 1894 1893
f 1895 1446 1459
f 2404 2405 1912
f 2404 1896 2388
f 2388 1896 1884
f 1884 1896 1941
f 1913 1914 2407
f 1889 1899 1455
f 1900 1455 1899
f 1455 1900 1898
f 1900 1917 1898
f 1900 1902 1917
f 1902 1901 1917
f 1902 2394 1903
f 1903 1901 1902
f 1903 1904 1901
f 1904 2408 1925
f 1925 2408 2417
f 1906 1905 1909
f 1907 2413 1906
f 1891 1905 1906
f 1906 1892 1891
f 1906 2413 1892
f 1936 2414 8957
f 8896 8911 8958
f 2414 1937 2415
f 1905 1893 1908
f 1909 1905 1908
f 2403 1910 2405
f 1937 1938 1910
f 2405 1910 1938
f 2415 1937 1910
f 1938 1911 2405
f 1939 1911 1938
f 2405 1911 1912
f 1912 1940 1941
f 1911 1940 1912
f 1912 1941 1896
f 2404 1912 1896
f 1941 1897 1884
f 1888 1465 1466
f 1888 1466 1913
f 1466 1943 1913
f 1913 1943 1915
f 1915 1943 1944
f 1915 1914 1913
f 1915 1944 1945
f 1915 1945 2416
f 1898 1471 1470
f 1945 1950 2416
f 1471 1919 1916
f 1919 1920 1916
f 1920 1918 1916
f 1898 1917 1471
f 1471 1917 1919
f 1901 1919 1917
f 1901 1921 1919
f 1920 1919 1921
f 1921 1922 1920
f 1922 1946 1920
f 1920 1946 1918
f 1946 1922 1947
f 1922 1923 1947
f 1904 1921 1901
f 1927 1924 1922
f 1924 1923 1922
f 8898 1953 8897
f 1904 1925 1921
f 1921 1925 1922
f 1922 1925 1926
f 1926 1927 1922
f 1928 2416 1950
f 1928 1950 8920
f 8899 1928 8920
f 2417 1926 1925
f 8960 2418 8900
f 1928 8901 2418
f 2418 8902 8900
f 8901 1928 8899
f 1928 2420 2416
f 1963 1929 1932
f 8926 1935 8903
f 1934 1933 8909
f 1930 1906 1472
f 1930 1931 1906
f 1958 1932 1931
f 1931 1930 1958
f 1931 8904 1906
f 1932 1929 1931
f 1956 1932 1958
f 1907 1906 8904
f 8904 1931 1929
f 1963 1932 8922
f 1907 8904 8906
f 8905 8903 1935
f 8910 1965 1937
f 8911 8896 8907
f 8908 8910 1936
f 1936 8910 1937
f 1936 1937 2414
f 1965 8910 1960
f 1938 1937 1968
f 1968 1939 1938
f 1911 1939 1940
f 1940 1939 1970
f 1941 1940 1970
f 1942 1971 1944
f 1971 1942 1498
f 1943 1942 1944
f 1971 1973 1944
f 1973 1945 1944
f 1918 1485 1916
f 1918 1946 1485
f 1485 1946 1975
f 1975 1947 1517
f 1975 1946 1947
f 1948 1517 1947
f 1923 1949 1947
f 1949 1951 1947
f 1951 1952 1947
f 8916 1948 1947
f 1945 8917 1950
f 1950 8913 8920
f 1953 8914 8897
f 8913 1950 8915
f 8915 1950 8917
f 1955 1978 1979
f 1957 1954 1955
f 8924 8921 1961
f 1959 8927 8923
f 8924 1959 8923
f 1961 1959 8924
f 8921 1962 1961
f 8931 1962 8921
f 1958 1930 1488
f 1958 1488 1489
f 1954 1958 1955
f 1955 1958 1978
f 1958 1954 1956
f 1956 1954 1957
f 1959 1960 8928
f 1959 1961 1960
f 1960 1961 8925
f 1960 8910 8928
f 1964 1969 1965
f 1937 1965 1969
f 1965 1966 1964
f 8925 1966 1965
f 1965 1960 8925
f 1939 1967 1970
f 1969 1968 1937
f 1969 1967 1968
f 1968 1967 1939
f 1967 1969 1984
f 1971 1972 1973
f 1974 1973 1972
f 1945 1973 1974
f 1945 1974 1977
f 1948 1976 1517
f 8912 8918 8929
f 1945 1977 8917
f 1976 8919 8930
f 1489 1981 1978
f 1979 1978 1981
f 1981 1980 1979
f 1962 8931 8932
f 1981 1506 1980
f 1506 1993 1980
f 8933 1983 8925
f 1984 1969 1964
f 1982 1984 1964
f 1966 1982 1964
f 8925 1983 1966
f 1966 1983 1982
f 1970 1967 1984
f 1984 1982 1998
f 1512 1985 1972
f 1531 1985 1512
f 1985 1531 2002
f 1985 1986 1972
f 1972 1986 1974
f 1986 1985 2002
f 2002 2003 1986
f 1986 2003 1987
f 1987 1974 1986
f 1976 1988 2004
f 8930 1989 1976
f 1989 1988 1976
f 1977 1974 8935
f 1974 1987 8935
f 8935 1987 2021
f 1990 1980 1993
f 1991 1990 1992
f 2007 2005 1991
f 1994 8934 8936
f 8937 1994 8936
f 1994 8937 8939
f 8940 2009 8938
f 1518 1521 1992
f 1992 1521 2006
f 1993 1518 1992
f 1993 1992 1990
f 1991 2006 2007
f 1992 2006 1991
f 8933 8938 1995
f 8933 1995 1983
f 2009 1995 8938
f 2009 2011 1995
f 1995 2011 1983
f 1982 1983 1999
f 1983 1996 1999
f 1983 2011 1997
f 1983 1997 1996
f 1997 2011 2010
f 1996 1997 2010
f 1998 2000 1561
f 1982 1999 1998
f 1998 1999 2000
f 1999 1996 2000
f 1996 2010 2000
f 1544 1527 1998
f 1531 2001 2002
f 2001 2003 2002
f 2001 2013 2003
f 1987 2003 2014
f 2003 2013 2014
f 1987 2014 2021
f 2021 2014 2017
f 1988 2022 2004
f 1989 2022 1988
f 1989 2021 2022
f 2008 2005 2007
f 2008 2029 2005
f 2009 8940 2421
f 8962 2005 2029
f 2009 2421 2424
f 1521 2031 2006
f 2006 2031 2008
f 2006 2008 2007
f 2011 2009 2425
f 2011 2425 2010
f 2034 2010 2425
f 2000 2010 1561
f 1561 2010 2034
f 1998 1561 1544
f 2036 2035 2037
f 1548 2012 2001
f 1547 2036 1548
f 1548 2036 2012
f 2012 2036 2038
f 2012 2038 2040
f 2012 2013 2001
f 2016 2014 2013
f 2013 2015 2016
f 2015 2013 2012
f 2014 2016 2017
f 2016 2015 2018
f 2012 2040 2015
f 2016 2018 2017
f 2017 2018 2021
f 2015 2040 2018
f 2020 2023 2019
f 2004 2023 2020
f 2022 2024 2004
f 2024 2023 2004
f 2021 2025 2022
f 2025 2024 2022
f 2025 2026 2024
f 2026 2023 2024
f 2026 2043 2023
f 2043 2046 2023
f 2021 2027 2025
f 2018 2427 2027
f 2018 2027 2021
f 2025 2027 8941
f 2027 2044 8941
f 2026 2044 2043
f 2027 2428 2044
f 2028 2029 2008
f 2031 2028 2008
f 2032 2028 2031
f 2030 2028 2032
f 2429 2030 2032
f 2029 2422 8962
f 2030 2422 2029
f 2028 2030 2029
f 2031 2033 2047
f 2032 2031 2047
f 2047 2048 2032
f 2429 2032 2437
f 2032 2048 2437
f 2009 2424 2425
f 2034 2425 2443
f 2443 2051 2034
f 1562 1561 2034
f 2034 2051 1562
f 2053 2052 2037
f 2036 2037 2038
f 2038 2039 2040
f 2038 2037 2039
f 2040 2039 2426
f 2037 2052 2039
f 2427 2018 2040
f 2427 2040 2426
f 2041 1568 1569
f 1557 2019 2041
f 1557 2041 1569
f 2019 2042 2041
f 2042 2019 2023
f 2046 2042 2023
f 2041 2042 2450
f 2044 2045 2043
f 2045 2046 2043
f 2027 2427 2428
f 2044 2428 2045
f 2428 2046 2045
f 2049 2437 2048
f 2047 2049 2048
f 2049 2047 2058
f 2047 2033 2050
f 2051 1584 1562
f 2443 2062 2051
f 1584 2051 2062
f 2053 2037 2065
f 2445 2052 2053
f 1578 2056 2054
f 2057 2056 2055
f 2055 2041 2057
f 2055 1568 2041
f 2067 2054 2056
f 2068 2067 2056
f 2057 2068 2056
f 2450 2057 2041
f 2057 2450 2465
f 2058 2456 2049
f 2050 2058 2047
f 2050 2059 2060
f 2061 2060 2059
f 2058 2050 2060
f 2060 2061 2058
f 2063 2064 2062
f 2459 2062 2443
f 2064 2063 2471
f 2064 2471 2072
f 1573 1586 2073
f 1573 2073 2065
f 2037 1573 2065
f 2065 2461 2053
f 2076 2475 1597
f 1577 2054 2066
f 2054 2067 2066
f 2066 2067 2462
f 2464 2462 2067
f 2067 2068 2464
f 2057 2465 2068
f 2481 2470 2069
f 2483 2070 2077
f 2069 2070 2483
f 2077 2070 2071
f 1590 2064 2080
f 2072 2080 2064
f 2072 2472 2487
f 2072 2487 2080
f 2081 1590 2080
f 2473 1606 2490
f 1606 2473 2073
f 2490 2491 2473
f 2065 2073 2474
f 2473 2474 2073
f 1597 2093 2074
f 1597 2075 2093
f 2075 2492 2093
f 2475 2075 1597
f 2492 2075 2475
f 2475 2076 2476
f 2476 2076 2066
f 2481 2069 2482
f 2071 2485 2077
f 2078 2485 2071
f 2486 2485 2078
f 2079 2486 2078
f 2096 2095 1601
f 2079 1601 2095
f 2079 2094 2486
f 2079 2095 2094
f 2080 2487 2081
f 2487 2489 2081
f 2489 2100 2081
f 2081 2100 1621
f 2082 1612 2086
f 1611 1612 2082
f 2497 2082 2089
f 2083 1596 2091
f 2084 2086 1612
f 2083 2084 1612
f 2084 2083 2085
f 2085 2083 2091
f 2089 2084 2088
f 2088 2084 2085
f 2089 2086 2084
f 2092 2087 2091
f 2091 2087 2085
f 2082 2086 2089
f 2085 2087 2088
f 2087 2092 2499
f 2836 2089 2088
f 2087 2499 2088
f 1596 1595 2090
f 1596 2090 2091
f 2091 2090 2092
f 2090 1595 2074
f 2090 2074 2092
f 2092 2074 2093
f 2096 2097 2095
f 2108 1613 1614
f 1614 2099 2107
f 2112 2107 2099
f 2107 2108 1614
f 2099 2098 2112
f 2506 2116 2100
f 2506 2115 2116
f 2115 1630 2116
f 1637 2120 1623
f 1606 2101 2490
f 1606 1623 2101
f 1623 2494 2101
f 2120 2494 1623
f 1627 2104 2102
f 1627 2103 2104
f 2104 2103 2105
f 2103 2106 2105
f 2106 1611 2496
f 1611 2082 2497
f 2108 2107 2502
f 2098 1616 2109
f 2109 2110 2111
f 2098 2109 2111
f 2111 2110 2114
f 2111 2112 2098
f 2113 2111 2114
f 2504 2112 2111
f 2115 2507 1630
f 1636 2118 2119
f 2117 2118 1636
f 2508 2118 2527
f 2119 2118 2508
f 2119 2508 2509
f 2119 2509 2120
f 2119 2120 1637
f 1638 1639 2121
f 1639 2102 2122
f 2121 1639 2122
f 2102 2123 2122
f 2123 2510 2122
f 2123 2102 2104
f 2123 2104 2105
f 2125 2124 2126
f 2856 2505 2125
f 2126 2129 2127
f 2126 2127 2125
f 2127 2856 2125
f 2131 1629 2136
f 2126 1629 2128
f 2128 1629 2131
f 2130 2126 2128
f 2132 2130 2128
f 2128 2131 2132
f 2129 2126 2130
f 2129 2130 2511
f 2511 2130 2132
f 2511 2127 2129
f 2131 2136 2857
f 2133 1643 2138
f 2134 2133 2135
f 2135 2133 2138
f 1629 2134 2136
f 2134 2135 2513
f 2138 1643 1644
f 2142 2139 1641
f 2138 1644 2137
f 2140 2138 2137
f 2140 2137 2139
f 2135 2138 2513
f 2138 2140 2513
f 2514 2139 2142
f 2140 2139 2514
f 2142 1641 1649
f 1649 1648 2143
f 1648 1651 2141
f 2142 1649 2143
f 2143 1648 2141
f 2515 2143 2141
f 2141 2144 2515
f 2142 2143 2516
f 2516 2143 2515
f 2141 1651 2144
f 2515 2144 2533
f 1654 1655 2161
f 2507 2845 1630
f 1630 2518 1659
f 2518 2146 1659
f 1659 2146 2145
f 2147 2149 2148
f 2148 2150 2151
f 2149 2150 2148
f 2520 2150 2149
f 2150 2522 2151
f 2150 2520 2522
f 1663 2151 2152
f 2151 2522 2152
f 2152 2522 2524
f 2524 2527 2152
f 1634 2118 2117
f 1634 2152 2118
f 2152 2527 2118
f 1677 2189 2186
f 1679 1680 2153
f 2154 2155 1681
f 2153 2155 2553
f 2190 1679 2153
f 2528 2155 2154
f 2190 2153 2553
f 2553 2155 2528
f 2159 1683 2157
f 2157 1683 2156
f 1681 1684 2154
f 1684 2158 2154
f 1684 2159 2158
f 2158 2159 2529
f 2159 2157 2530
f 2529 2154 2158
f 2530 2157 2156
f 2154 2529 2528
f 2159 2530 2529
f 2533 2144 2160
f 2144 1654 2160
f 2161 1655 2162
f 2161 2162 2163
f 2162 1687 2163
f 1690 2164 2165
f 2166 2165 2164
f 1693 2166 2164
f 2163 1688 2165
f 2165 1688 1690
f 1693 1692 2167
f 2167 1692 2170
f 2166 1693 2167
f 2869 2166 2167
f 2167 2170 2869
f 2168 2170 1695
f 2168 2169 2171
f 2169 2174 2171
f 2172 2168 2171
f 2168 2172 2170
f 2169 1699 2174
f 2174 1699 2173
f 2173 1698 2175
f 2535 2173 2175
f 1700 1701 2536
f 2536 1701 2176
f 2535 2175 2536
f 2175 1700 2536
f 2176 1705 1706
f 1706 1704 2178
f 2176 1706 2177
f 2177 1706 2178
f 2176 2177 2873
f 2178 1708 2179
f 2178 2179 2177
f 2180 2177 2179
f 1712 2181 2179
f 1711 2183 2181
f 2181 2183 2182
f 2182 2183 2185
f 2181 2538 2179
f 2181 2182 2538
f 2538 2182 2539
f 1711 2184 2183
f 1714 2187 2184
f 2185 2183 2184
f 2184 2187 2185
f 1714 2186 2187
f 2186 2189 2188
f 2187 2186 2188
f 2544 2188 2189
f 2187 2188 2543
f 2185 2187 2542
f 2542 2187 2543
f 2543 2188 2544
f 2189 1679 2551
f 2551 1679 2190
f 2886 2551 2190
f 2544 2189 2551
f 2562 2206 2200
f 2192 2194 2193
f 2206 2192 2191
f 2191 2204 2206
f 2562 2567 2206
f 2206 2568 2192
f 2192 2568 2194
f 2206 2567 2568
f 2193 2194 1716
f 2194 2570 1716
f 2570 2571 2224
f 2224 1716 2570
f 2575 2207 2572
f 2575 2208 2207
f 2209 2213 2212
f 2213 2209 2195
f 1731 2576 2560
f 2598 2578 2196
f 2221 2197 2222
f 2222 2199 2198
f 2202 2200 2206
f 2199 2201 2200
f 2200 2202 2198
f 2198 2199 2200
f 2197 2199 2222
f 2201 2199 2197
f 2562 2200 2201
f 2202 2203 2198
f 2204 2205 2203
f 2202 2204 2203
f 2193 2203 2205
f 2203 2193 1715
f 2204 2191 2205
f 2205 2192 2193
f 2206 2204 2202
f 2192 2205 2191
f 2224 2573 2223
f 2573 2572 2223
f 2572 2207 1718
f 1719 2208 1728
f 2207 2208 1719
f 1728 2208 2211
f 2209 2212 2211
f 2211 2208 2209
f 2212 2213 2210
f 2210 2211 2212
f 2559 1731 1721
f 2214 2559 1721
f 2214 1721 2195
f 2214 2195 2559
f 2215 1732 1750
f 2229 2216 2217
f 2216 2588 2217
f 2239 2599 2219
f 2599 2239 2625
f 2218 2197 2220
f 2218 2219 2197
f 2219 2196 2197
f 2196 2219 2598
f 2219 2599 2598
f 2221 1724 2220
f 2197 2221 2220
f 2196 2201 2197
f 1745 2222 2198
f 2222 1745 2221
f 2203 1725 2198
f 1715 1726 2203
f 1727 2224 2223
f 2572 1718 2223
f 1718 2207 1719
f 2211 2210 1728
f 2605 2246 2248
f 2603 2246 2605
f 2250 2605 2248
f 2249 2608 2250
f 2608 2609 2250
f 2611 2608 2610
f 1732 2215 2228
f 2228 2226 1732
f 2226 1751 1732
f 2226 2225 1751
f 2225 2227 2230
f 2225 2226 2228
f 2217 2231 2230
f 2229 2217 2227
f 2227 2217 2230
f 2215 2229 2228
f 2229 2227 2228
f 2227 2225 2228
f 2229 2215 2216
f 2923 2231 2217
f 1737 2231 2232
f 2589 2232 2231
f 2252 2232 2589
f 2234 2235 2233
f 2235 2613 2233
f 2252 2589 2234
f 2233 2252 2234
f 2613 2235 2590
f 2613 2253 2233
f 2616 2255 2253
f 2617 2615 2616
f 2237 2239 2219
f 2237 2238 2239
f 2625 2239 2238
f 2626 2625 2238
f 2626 2238 2268
f 2220 1723 2218
f 2218 1723 2237
f 2219 2218 2237
f 2627 2240 2243
f 2243 2628 2627
f 2241 2244 2245
f 2245 2242 2241
f 2242 2243 2270
f 2628 2243 2242
f 2245 2247 2242
f 2247 2628 2242
f 2244 2248 2245
f 2248 2246 2245
f 2246 2247 2245
f 2603 2247 2246
f 2244 1749 2248
f 2250 2248 1749
f 2249 1749 2251
f 2249 2250 1749
f 2249 2251 2608
f 2251 1763 2610
f 1763 2630 2610
f 2251 2610 2608
f 1738 2232 2252
f 2233 2253 1741
f 2253 1742 1741
f 2253 2254 1742
f 2253 2255 2254
f 2615 2255 2616
f 2257 2262 2256
f 2257 2256 2255
f 2615 2257 2255
f 2262 2272 2256
f 2615 2617 2257
f 2257 2617 2258
f 2258 2262 2257
f 2258 2617 2259
f 2259 2262 2258
f 2617 2260 2259
f 2261 2263 1760
f 2261 2264 2263
f 2259 2261 2262
f 2261 2272 2262
f 2261 2260 2264
f 2259 2260 2261
f 2264 2265 2263
f 2236 2264 2260
f 2265 2264 2236
f 2236 2631 2265
f 2263 2266 2274
f 2274 2266 2632
f 2265 2266 2263
f 2632 2266 2631
f 2266 2265 2631
f 2267 2238 1743
f 2280 2267 1743
f 2268 2238 2267
f 2279 2268 2267
f 2279 2644 2268
f 2636 2637 2283
f 1748 2269 1761
f 2270 2269 1748
f 2269 2282 1761
f 2243 2240 2269
f 2270 2243 2269
f 2240 2282 2269
f 2636 2282 2240
f 2241 2242 2270
f 1748 2241 2270
f 2271 2630 1763
f 2271 2639 2638
f 2630 2271 2638
f 2297 2639 2271
f 2261 1760 2273
f 2273 2272 2261
f 2263 2274 1760
f 1777 2274 2275
f 2632 2275 2274
f 2276 2275 2632
f 2277 2292 2278
f 2294 2278 2292
f 2279 2277 2278
f 2643 2278 2645
f 2645 2278 2294
f 2279 2278 2643
f 2279 2643 2644
f 2267 2280 2277
f 2277 2280 2292
f 2277 2279 2267
f 2295 2281 2296
f 2296 2281 2647
f 2295 2282 2283
f 2281 2295 2283
f 2636 2283 2282
f 2637 2281 2283
f 2648 2639 2297
f 2298 2648 2297
f 2276 2284 2275
f 2287 2288 2286
f 2287 2285 2284
f 2286 2285 2287
f 2284 2276 2287
f 2289 2299 2288
f 2288 2287 2276
f 2289 2288 2276
f 2276 2641 2289
f 2290 2291 1769
f 2290 1769 1781
f 2293 2291 2290
f 2292 1769 2291
f 2294 2291 2293
f 2292 2291 2294
f 2653 2294 2293
f 2653 2293 2301
f 2645 2294 2653
f 2292 2280 1769
f 2295 1783 1772
f 2305 2296 2658
f 2296 2647 2658
f 2295 1772 2282
f 2297 1795 2298
f 2298 2306 2650
f 1778 2284 2285
f 2285 2286 1787
f 2288 2299 2286
f 2307 1788 2299
f 2300 2307 2299
f 2651 2300 2299
f 2651 2669 2300
f 2301 2302 2309
f 2662 2301 2309
f 2310 2302 2290
f 2302 2293 2290
f 2302 2301 2293
f 2295 1794 1783
f 2295 2303 1794
f 2303 2295 2304
f 2295 2296 2304
f 2303 2305 2312
f 2305 2303 2304
f 2305 2304 2296
f 2676 2305 2658
f 2676 2312 2305
f 2298 1795 2306
f 2313 2314 2306
f 2667 2306 2314
f 2300 1797 2307
f 2300 2316 1797
f 2300 2669 2316
f 2317 2318 2308
f 2309 2302 2308
f 2309 2308 2318
f 2681 2318 2699
f 2308 2302 2310
f 2303 2311 1794
f 2303 2312 2311
f 2312 2320 2311
f 2690 2320 2312
f 2306 1795 2313
f 1803 2314 2313
f 1803 2315 2314
f 2314 2315 2668
f 2669 2322 2326
f 2699 2318 2317
f 1802 2319 2323
f 2311 2320 1802
f 2319 1802 2320
f 2320 2690 2319
f 2315 1803 1804
f 1804 2335 2315
f 2321 1806 2316
f 2669 2326 2321
f 2326 2325 2321
f 2669 2321 2316
f 2693 2329 2322
f 2322 2692 2693
f 2323 2319 2324
f 3069 2323 2324
f 3069 1811 2323
f 2322 2329 2326
f 2693 2330 2328
f 2328 2327 2693
f 3058 2330 2693
f 2327 2329 2693
f 2333 2699 1813
f 2325 2326 2329
f 1821 2329 2327
f 1816 2329 1821
f 1823 2327 2328
f 2328 2330 1823
f 3058 2697 2330
f 2331 2698 2702
f 2697 2331 2330
f 2332 2339 2711
f 2334 1813 1825
f 2339 2332 2334
f 2332 2333 2334
f 2336 2335 2340
f 2330 1837 1836
f 2330 2331 1837
f 2331 2702 1837
f 2702 2341 1837
f 2702 2337 2341
f 2702 2703 2337
f 2337 2342 1824
f 2338 2337 2703
f 2338 2342 2337
f 2703 2704 2338
f 2338 2704 2343
f 2342 2338 2343
f 2343 2708 2345
f 2713 2344 2345
f 2334 1825 2339
f 3100 3493 1818
f 1820 3100 1818
f 2712 2356 2721
f 2341 1824 1837
f 2341 2337 1824
f 2342 2343 1839
f 2343 2345 2344
f 2343 2344 1839
f 2344 2714 2723
f 2354 2353 2719
f 2346 2719 2353
f 2339 2347 2711
f 2719 2347 2354
f 1826 3504 2355
f 3504 3507 2355
f 2336 2340 1835
f 2336 2356 2712
f 2356 2722 2721
f 2344 2723 1850
f 2357 2724 2350
f 2733 2732 2724
f 2350 2724 2726
f 1855 2349 1858
f 2359 2348 1855
f 1855 2348 2349
f 2359 2350 2348
f 2348 2351 2349
f 2348 2350 2351
f 2350 2726 2351
f 2725 1858 2349
f 2352 1852 1857
f 1857 2725 2352
f 2346 2352 2725
f 2346 2725 2718
f 2346 2353 1840
f 2346 1840 2352
f 2355 2363 2362
f 3507 2363 2355
f 2356 2364 2722
f 2723 2728 1881
f 3121 2728 2723
f 1881 2728 2365
f 2371 2733 2372
f 2733 2371 2731
f 2731 2371 2366
f 2733 2358 2372
f 1870 2358 2357
f 2359 1870 2357
f 2358 2724 2357
f 2358 2733 2724
f 2357 2350 2359
f 1859 1858 2360
f 1858 2725 2360
f 2725 1857 2360
f 2746 2363 2745
f 2746 2361 2363
f 2378 2361 2746
f 2745 2363 3891
f 2363 2361 1879
f 2356 1866 1880
f 1880 2391 2364
f 2356 1880 2364
f 2365 2379 1881
f 2379 2365 2747
f 2747 2382 2379
f 2368 2370 2367
f 2366 2367 2369
f 1882 2367 2366
f 1882 2368 2367
f 2367 2370 2369
f 2751 2370 2368
f 2369 2732 2366
f 2366 2732 2731
f 2371 1882 2366
f 2372 1868 2371
f 2775 2755 2754
f 2755 2388 2373
f 2388 2374 2373
f 2374 2375 2373
f 2375 2737 2373
f 2389 2375 1885
f 2375 2374 1885
f 2389 2740 2375
f 2375 2741 2737
f 2376 2756 2389
f 2376 2390 2377
f 2377 2756 2376
f 2377 2390 2378
f 2756 2377 2757
f 2378 2757 2377
f 2390 1887 2378
f 1887 1878 2378
f 2378 1878 2361
f 1889 2379 2381
f 2381 2393 1889
f 2379 1889 1881
f 2381 2380 2393
f 2382 2760 2381
f 2381 2760 2380
f 2382 2381 2379
f 2382 2749 2760
f 2380 2761 2395
f 2368 1894 2384
f 2384 2751 2368
f 2384 1891 2383
f 2402 2385 8942
f 8954 8943 2401
f 2384 2383 2765
f 2765 2383 8944
f 8945 2766 2765
f 8979 8946 8955
f 2403 2386 8955
f 2404 2775 2406
f 2387 2406 2774
f 2406 2775 2774
f 2775 2404 2755
f 2388 1884 2374
f 1884 1885 2374
f 2391 2407 2777
f 2380 2395 2394
f 2394 1902 1900
f 2395 2761 2410
f 2763 2410 2761
f 2411 2410 2763
f 2384 1894 1891
f 2397 2383 1891
f 2398 2397 2413
f 2383 2397 2399
f 2397 2398 2399
f 2400 2414 2415
f 8950 8959 8951
f 2414 2400 8957
f 8950 8951 2399
f 8955 2400 2415
f 2399 8952 2383
f 2399 8951 8952
f 8953 2400 8955
f 2415 2403 8955
f 2386 2403 2405
f 2386 2405 2387
f 2406 2405 2404
f 2406 2387 2405
f 2388 2755 2404
f 2777 2407 2392
f 2407 1914 2392
f 1914 2416 2392
f 2392 2416 2776
f 2416 2409 2776
f 2776 2409 2396
f 2411 2408 1904
f 2419 2417 2408
f 2395 2410 1903
f 2394 2395 1903
f 1904 1903 2410
f 1904 2410 2411
f 2412 2419 2408
f 2411 2412 2408
f 8956 2409 8961
f 2409 8956 8947
f 8948 2412 2411
f 1910 2403 2415
f 1914 1915 2416
f 8961 2420 8960
f 8960 2420 2418
f 2420 1928 2418
f 8961 2409 2420
f 2420 2409 2416
f 8964 2423 8963
f 2421 8965 2424
f 2432 2423 8964
f 8966 2424 8965
f 2441 2424 8966
f 2425 2424 2441
f 2444 2425 2441
f 2427 2426 2449
f 2452 2451 2046
f 2451 2042 2046
f 2454 2428 2427
f 2046 2428 8972
f 8971 2046 8972
f 2427 2449 2454
f 2030 2429 2430
f 2429 2431 2430
f 2030 2430 2422
f 2435 2431 2438
f 2422 2430 2433
f 2433 2430 2431
f 2431 2435 2433
f 2432 8964 8967
f 8967 2434 2432
f 8966 8968 2440
f 2435 2438 2457
f 2434 8967 2436
f 2440 8968 8969
f 8970 2433 2435
f 2435 2778 8970
f 2437 2049 2439
f 2431 2429 2438
f 2429 2437 2438
f 2437 2439 2438
f 2439 2457 2438
f 8966 2440 2441
f 2441 2440 2442
f 2442 2440 8969
f 2442 2444 2441
f 2786 2444 2442
f 2443 2425 2444
f 2444 2459 2443
f 2446 2445 2053
f 2446 2053 2790
f 2446 2448 2445
f 2447 2039 2052
f 2039 2447 2426
f 2448 2052 2445
f 2447 2052 2448
f 2446 2463 2448
f 2449 2447 2448
f 2426 2447 2449
f 2796 2454 2449
f 2450 2042 2451
f 2466 2450 2453
f 2453 2450 2451
f 2465 2450 2466
f 2453 2451 2455
f 2455 2451 2452
f 8971 8972 8973
f 2793 2453 2455
f 2779 2435 2457
f 2778 2435 2779
f 2439 2049 2456
f 2457 2439 2456
f 2457 2456 2458
f 2783 2457 2458
f 2801 2458 2803
f 2456 2058 2468
f 2468 2058 2061
f 2469 2468 2061
f 2458 2456 2468
f 2788 2460 2459
f 2460 2063 2459
f 2471 2063 2460
f 2459 2063 2062
f 2472 2471 2806
f 2065 2474 2461
f 2790 2053 2461
f 2810 2790 2461
f 2790 2463 2446
f 2463 2791 2448
f 2068 2467 2464
f 2068 2465 2467
f 2794 2467 2465
f 2466 2453 2793
f 2465 2466 2794
f 2815 2467 2794
f 2803 2468 2469
f 2458 2468 2803
f 2061 2069 2470
f 2469 2061 2470
f 2469 2470 2820
f 2472 2072 2471
f 2491 2474 2473
f 2491 2833 2474
f 2474 2809 2461
f 2476 2477 2475
f 2476 2066 2478
f 2476 2478 2477
f 2478 2066 2462
f 2478 2462 2479
f 2478 2479 2477
f 2811 2479 2812
f 2477 2479 2811
f 2462 2464 2479
f 2480 2464 2467
f 2479 2464 2480
f 2467 2815 2480
f 2479 2480 2812
f 2480 2813 2812
f 2821 2820 2470
f 2821 2470 2481
f 2823 2481 2822
f 2822 2481 2824
f 2482 2825 2481
f 2481 2825 2824
f 2484 2825 2482
f 2069 2484 2482
f 2069 2483 2484
f 2484 2483 3222
f 2483 2077 2485
f 3225 2485 2486
f 3222 2483 2830
f 2830 2483 2485
f 3210 2488 2487
f 3210 3212 2488
f 2487 2488 2489
f 2488 2832 2489
f 2490 2833 2491
f 2836 2088 2500
f 2839 2499 2092
f 2839 2092 2841
f 2841 2092 2093
f 2841 2093 2827
f 2093 2492 2827
f 2492 2475 2828
f 2830 2485 3225
f 2094 2095 2493
f 2831 2493 3226
f 2831 2094 2493
f 2108 2097 1613
f 2493 2095 2097
f 2493 2097 2108
f 2489 2506 2100
f 2848 2494 2120
f 2495 2101 2494
f 2490 2101 2833
f 1611 2497 2496
f 2497 2089 2498
f 2496 2497 2854
f 2854 2497 2498
f 2498 2836 2834
f 2088 2499 2500
f 2836 2498 2089
f 2500 2499 2501
f 2836 2500 2835
f 2835 2500 2501
f 2499 2839 2501
f 2837 2501 2839
f 3243 2108 2502
f 2842 3243 2502
f 2502 2107 2503
f 2107 2112 2503
f 2842 2503 2112
f 2842 2112 2504
f 2843 2111 2113
f 2842 2502 2503
f 2843 2504 2111
f 2504 2843 2842
f 2505 2113 2114
f 2843 2113 2505
f 2114 2125 2505
f 2115 2844 2507
f 2506 2844 2115
f 2844 2845 2507
f 2846 2508 2527
f 2846 2847 2508
f 2847 2509 2508
f 2509 2848 2120
f 2509 2847 2848
f 2849 2848 2847
f 2848 2495 2494
f 2850 2495 2848
f 2122 2510 2121
f 2121 2510 2866
f 2123 2105 2510
f 2866 2510 2852
f 2510 2105 2852
f 2105 2106 2496
f 2852 2105 2496
f 2854 2851 2496
f 2511 2132 2512
f 2132 2131 2512
f 2512 2131 2857
f 2512 2127 2511
f 2856 2127 2512
f 2856 2512 3257
f 2857 2136 2858
f 2858 2136 2134
f 2858 2134 2513
f 2513 2140 2859
f 2859 2140 2514
f 2514 2142 2516
f 2516 2515 2517
f 2517 2515 2533
f 2514 2516 2860
f 2860 2516 2517
f 2845 5229 2518
f 1630 2845 2518
f 2518 3261 2146
f 2518 5229 3261
f 3261 2519 2146
f 2149 2146 2519
f 2519 2520 2149
f 2519 2521 2520
f 2520 2521 2522
f 2521 2523 2522
f 2522 2523 2524
f 2523 2525 2524
f 2862 2525 2523
f 2527 2524 2526
f 2524 2525 2526
f 2526 2846 2527
f 2553 2528 2891
f 2891 2528 2552
f 2890 2552 2532
f 2552 2528 2532
f 2528 2529 2532
f 2532 2529 2531
f 2531 2529 2530
f 2530 2156 2894
f 2894 2156 2896
f 2531 2530 2863
f 2863 2530 2894
f 2863 2532 2531
f 1638 2121 2156
f 2121 2865 2156
f 2865 2121 2866
f 2533 2160 2534
f 2160 1654 2534
f 2534 1654 2161
f 2161 2163 2867
f 2161 2867 2534
f 2868 2163 2165
f 2867 2163 2868
f 3683 2166 2869
f 2171 2174 3273
f 2174 2173 2535
f 2174 2535 2872
f 2872 2535 2874
f 3273 2174 2871
f 2536 2176 2873
f 2535 2536 2873
f 2873 2177 2537
f 2177 2180 2537
f 2180 2875 2537
f 3276 2537 2875
f 2873 2537 3276
f 2875 2180 2179
f 2540 2539 2182
f 2875 2179 2538
f 2540 2182 2185
f 2538 2877 2875
f 2877 2538 2539
f 2877 2539 2876
f 2540 2185 2541
f 2540 2541 2880
f 2542 2543 2545
f 2545 2543 2544
f 2545 2544 2546
f 2546 2544 2551
f 2185 2542 2547
f 2542 2545 2547
f 2551 2549 2546
f 2547 2545 2548
f 2548 2545 2546
f 2541 2185 2881
f 2881 2185 2547
f 2548 2546 2550
f 2546 2549 2550
f 2549 2551 2886
f 2881 2547 2548
f 2550 2549 2886
f 2548 2550 2886
f 2554 2904 2208
f 2555 2559 2195
f 2195 2904 2555
f 2555 2897 2559
f 2897 2907 2559
f 2911 2559 2907
f 2565 2556 2569
f 2556 2565 2918
f 2918 2557 2556
f 2574 2575 2572
f 2575 2558 2554
f 2574 2558 2575
f 2558 2574 2557
f 2557 2910 2558
f 2904 2209 2208
f 2195 2209 2904
f 2576 2559 2911
f 2912 2560 2576
f 2576 2911 2912
f 2561 2560 2919
f 2201 2583 2563
f 2563 2583 2564
f 2583 2584 2564
f 2564 2584 2566
f 2566 2584 2925
f 2201 2563 2562
f 2569 2562 2565
f 2567 2562 2569
f 2562 2564 2565
f 2562 2563 2564
f 2565 2564 2566
f 2567 2569 2568
f 2568 2569 2557
f 2194 2568 2557
f 2557 2569 2556
f 2194 2571 2570
f 2571 2573 2224
f 2571 2194 2557
f 2574 2571 2557
f 2573 2571 2574
f 2573 2574 2572
f 2554 2208 2575
f 2559 2576 1731
f 2919 2913 2215
f 2215 2561 2919
f 2560 2561 2215
f 2217 2587 2923
f 2587 2586 2923
f 2582 2959 2961
f 2578 2598 2600
f 2578 2600 2579
f 2600 2580 2579
f 2581 2579 2580
f 2935 2584 2581
f 2579 2581 2584
f 2581 2580 2582
f 2925 2584 2935
f 2935 2581 2936
f 2201 2196 2583
f 2583 2196 2578
f 2579 2583 2578
f 2579 2584 2583
f 2607 2940 2604
f 2607 2606 2942
f 2942 2606 2585
f 2609 2585 2606
f 2611 2946 2585
f 2946 2611 2610
f 2215 2586 2588
f 2588 2216 2215
f 2588 2586 2587
f 2587 2217 2588
f 2610 2612 2946
f 2946 2612 2949
f 2577 2231 2923
f 2231 2577 2589
f 2577 2930 2589
f 2930 2235 2589
f 2953 2592 2951
f 2930 2590 2235
f 2951 2590 2930
f 2590 2591 2614
f 2592 2590 2951
f 2590 2592 2591
f 2953 2591 2592
f 2952 2591 2953
f 2593 2594 2617
f 2952 2954 2591
f 2593 2591 2954
f 2594 2593 2954
f 2955 2618 2617
f 2934 2954 2952
f 2594 2954 2956
f 2956 2955 2617
f 2594 2956 2617
f 2600 2599 2595
f 2595 2599 2625
f 2625 2626 2596
f 2597 2600 2595
f 2595 2625 2596
f 2597 2595 2596
f 2580 2600 2597
f 2597 2959 2582
f 2582 2580 2597
f 2597 2596 2959
f 2600 2598 2599
f 2602 2601 2604
f 2602 2629 2601
f 2604 2603 2607
f 2603 2604 2247
f 2940 2602 2604
f 2605 2607 2603
f 2606 2607 2605
f 2611 2609 2608
f 2609 2605 2250
f 2609 2611 2585
f 2609 2606 2605
f 2610 2630 2612
f 2234 2589 2235
f 2616 2253 2613
f 2590 2614 2613
f 2616 2613 2614
f 2591 2616 2614
f 2593 2617 2616
f 2593 2616 2591
f 2617 2618 2260
f 2618 2236 2260
f 2620 2236 2618
f 2619 2620 2618
f 2631 2620 2622
f 2621 2631 2622
f 2622 2623 2621
f 2624 2621 2623
f 2969 2632 2624
f 2626 2268 2634
f 2626 2634 2960
f 2634 2635 2960
f 2626 2960 2596
f 2627 2636 2240
f 2629 2636 2627
f 2637 2636 2629
f 2247 2604 2628
f 2627 2628 2601
f 2604 2601 2628
f 2629 2627 2601
f 2630 2950 2612
f 2620 2631 2236
f 2621 2632 2631
f 2621 2624 2632
f 2969 2276 2632
f 2276 2969 2641
f 2633 2268 2644
f 2268 2633 2634
f 2633 2635 2634
f 2638 2639 2974
f 2638 2974 2630
f 2639 2648 2640
f 2639 2640 2974
f 2649 2640 2648
f 2974 2640 2988
f 2640 2649 2988
f 2649 2989 2988
f 2989 2649 2650
f 2641 2975 2642
f 2969 2975 2641
f 2646 2644 2643
f 2646 2643 2645
f 2633 2644 2646
f 2654 2646 2645
f 2654 2652 2993
f 2633 2993 2635
f 2993 2646 2654
f 2993 2633 2646
f 2993 2977 2635
f 2647 3011 2659
f 2281 2637 2986
f 2986 2647 2281
f 2647 2986 3011
f 2649 2648 2298
f 2649 2298 2650
f 2989 2650 3013
f 3013 2650 2661
f 2641 2642 2289
f 2661 3014 3013
f 2289 2651 2299
f 2289 2642 2651
f 2652 2653 2662
f 2653 2301 2662
f 2654 2645 2653
f 2654 2653 2652
f 2656 2655 2657
f 3008 3007 2657
f 2659 2658 2647
f 2676 2658 2659
f 2650 2306 2667
f 2650 2667 2661
f 2661 2667 2660
f 3014 2661 2660
f 2663 2662 2309
f 2663 2309 2670
f 2664 2652 2662
f 2664 2662 2663
f 2665 2657 2672
f 2657 2665 2666
f 2665 2672 2666
f 3008 2657 2666
f 2677 2676 2659
f 2667 2314 2660
f 2660 2314 2668
f 2670 2309 2318
f 2318 2681 2670
f 2663 2670 2681
f 2655 2671 2682
f 2655 2682 2657
f 2671 2683 2682
f 2673 2672 2689
f 2657 2682 2672
f 2666 2672 2673
f 3048 2666 2673
f 3048 2673 2688
f 3048 2688 3064
f 2673 2689 2688
f 2312 2676 2690
f 2690 2676 2674
f 2691 2690 2674
f 2691 2675 3052
f 2691 2674 8974
f 2674 2676 2677
f 2677 8974 2674
f 3032 2677 3031
f 2677 3032 3057
f 2677 3057 8974
f 2669 2692 2322
f 2678 2692 2669
f 2679 2680 2692
f 2678 2679 2692
f 2669 3044 2678
f 2679 2678 3045
f 2680 2679 3045
f 3044 3045 2678
f 3045 3058 2680
f 2681 2699 3072
f 2684 2671 3062
f 3062 2686 2684
f 3062 3079 2686
f 2672 2682 2687
f 2682 2685 2687
f 2671 2684 2683
f 2683 2684 2685
f 2683 2685 2682
f 2684 2686 2685
f 2687 2685 2694
f 2685 2686 2694
f 2672 2687 2689
f 3063 2689 2695
f 2687 2695 2689
f 2695 2687 2694
f 2695 2694 3082
f 2688 2689 3065
f 2688 3065 3064
f 2324 2691 3051
f 2324 3049 3069
f 3051 3049 2324
f 2691 2319 2690
f 2319 2691 2324
f 2696 2315 2335
f 2668 2315 2696
f 2680 2693 2692
f 3058 2693 2680
f 2699 2700 3072
f 2686 3081 2694
f 3086 1815 3068
f 1811 3068 1815
f 2696 2335 2701
f 2697 3058 2698
f 3070 2698 3058
f 3070 2703 2698
f 2703 3087 2704
f 2699 2333 2700
f 2700 2333 2332
f 3086 1820 1815
f 2701 2335 2336
f 2712 3101 2701
f 2703 2702 2698
f 2697 2698 2331
f 2704 3088 2343
f 3088 2704 3087
f 2343 2706 2708
f 2708 2710 2713
f 2705 2343 3088
f 2705 2706 2343
f 2705 2707 2706
f 2706 2707 2708
f 2709 2710 2708
f 2709 2707 2705
f 2708 2707 2709
f 2709 2705 3088
f 3088 2710 2709
f 2710 3102 2714
f 2332 2711 2700
f 2701 2336 2712
f 3101 2712 2721
f 2345 2708 2713
f 2344 2713 2714
f 2713 2710 2714
f 2714 3114 2723
f 3111 2711 2719
f 2711 2347 2719
f 3101 2721 2715
f 3112 2715 2722
f 3101 2715 3109
f 3112 3109 2715
f 2716 2717 3118
f 2720 2346 2718
f 3120 2720 2718
f 2716 3120 2718
f 2725 2716 2718
f 2716 3118 3120
f 3498 3120 3118
f 2719 2346 3111
f 2346 2720 3111
f 3120 3111 2720
f 2721 2722 2715
f 2722 2364 3112
f 3112 2364 3132
f 2723 3114 3121
f 2724 3116 2726
f 2732 3116 2724
f 2349 2351 2726
f 2725 2349 2727
f 2726 2727 2349
f 2726 2717 2727
f 2725 2727 2716
f 2726 3116 2717
f 2717 2716 2727
f 3507 3891 2363
f 2729 2728 3121
f 2729 2365 2728
f 2747 2365 2729
f 2729 3134 2747
f 3134 2748 2747
f 2732 2730 3139
f 2733 2731 2732
f 2735 2736 3143
f 2735 3143 2754
f 2735 2734 2736
f 2739 2736 2734
f 3145 2736 2739
f 2737 2739 2734
f 2737 2741 2739
f 2739 2741 2738
f 2741 2742 2738
f 3146 2738 3129
f 3146 2739 2738
f 3129 2738 2742
f 3145 2739 3146
f 2742 2741 2740
f 2743 2742 2740
f 2743 3147 2742
f 3147 3129 2742
f 2744 2743 2740
f 3891 3154 2745
f 3154 2746 2745
f 3155 2746 3154
f 2391 3132 2364
f 2759 3132 2391
f 3132 2759 3534
f 2382 2748 2749
f 2747 2748 2382
f 2749 2748 3156
f 2762 2749 2750
f 2750 2749 3156
f 3158 2762 2750
f 2748 3135 3156
f 3156 3157 2750
f 3157 3158 2750
f 3137 2751 2769
f 2730 2751 3137
f 2752 3137 2769
f 2752 2769 2770
f 3164 3137 2752
f 3164 2752 3165
f 3163 8975 2753
f 2770 8977 2752
f 8978 8982 9056
f 2730 2369 2370
f 2369 2730 2732
f 2730 2370 2751
f 2387 2754 2773
f 3172 2773 2754
f 2754 3143 3172
f 2754 2755 2735
f 2735 2755 2734
f 2373 2737 2734
f 2373 2734 2755
f 2740 2741 2375
f 2756 2740 2389
f 2744 2740 2756
f 2757 3173 2756
f 3173 2744 2756
f 3173 3152 2744
f 2378 2758 2757
f 2757 2758 3175
f 3173 2757 3175
f 2746 2758 2378
f 2777 2759 2391
f 2777 3176 2759
f 3176 2777 3177
f 2777 2776 3177
f 2760 2749 2762
f 2776 3182 3177
f 2760 2761 2380
f 2760 2762 2761
f 2762 2764 2761
f 2764 2763 2761
f 2764 3178 2763
f 3179 2763 3178
f 3158 2764 2762
f 3159 2764 3158
f 3159 3178 2764
f 2769 2751 2384
f 2769 2384 2767
f 2767 2765 2768
f 2384 2765 2767
f 2766 2768 2765
f 2386 9056 8979
f 2769 2767 2768
f 8982 8981 2771
f 2768 8983 2769
f 2771 8980 8979
f 9056 2771 8979
f 9056 8982 2771
f 8955 2386 8979
f 3168 2386 2772
f 2386 2773 2772
f 3171 2772 2773
f 2773 2386 2387
f 2387 2774 2754
f 2775 2754 2774
f 2392 2776 2777
f 2396 3182 2776
f 2763 3179 2411
f 2411 3179 8948
f 9071 8949 3181
f 9070 8948 3179
f 2442 2785 2786
f 2449 2448 2791
f 2796 2449 2791
f 2780 8970 2778
f 2779 2780 2778
f 8969 8984 2784
f 2779 2781 2780
f 8985 8986 8991
f 8992 8987 2782
f 8988 2781 3187
f 2784 8989 3188
f 9073 9074 8990
f 2781 2802 3187
f 2779 2457 2783
f 2783 2458 2801
f 8969 2785 2442
f 2802 2779 2783
f 2802 2783 2801
f 2784 2785 8969
f 2779 2802 2781
f 3188 2785 2784
f 2786 2459 2444
f 2786 2787 2459
f 2788 2459 2787
f 2785 2787 2786
f 2787 2789 2788
f 2785 3184 2787
f 2787 3184 2789
f 3185 3184 2785
f 2460 2788 2806
f 2806 2788 2805
f 2471 2460 2806
f 2461 2809 2810
f 2790 2792 2463
f 2792 2791 2463
f 3196 2791 2792
f 2791 2800 2796
f 2800 2791 3196
f 2797 2793 2455
f 2466 2793 2795
f 2795 2793 2797
f 2794 2466 2795
f 8995 8972 8993
f 8972 8995 8973
f 2798 2795 2797
f 2799 8996 8994
f 8995 8993 8997
f 8998 2796 2800
f 9000 2798 8999
f 2795 2798 2818
f 9000 3197 2798
f 2798 3197 2818
f 2801 2803 3190
f 3190 2802 2801
f 3190 2803 2804
f 2804 2803 2469
f 2469 2820 2804
f 2789 2805 2788
f 3193 2806 2805
f 2806 3193 2472
f 2807 2472 3193
f 2807 3209 2472
f 2474 2808 2809
f 2808 3194 2809
f 2477 2811 2829
f 2815 2813 2480
f 2811 2812 2814
f 2812 2813 2814
f 2814 3215 2811
f 2813 2815 2817
f 2815 2794 2816
f 2794 2795 2816
f 2818 2816 2795
f 2815 2816 2817
f 2816 2818 3201
f 2804 2820 2819
f 3190 2804 2819
f 2820 2821 2823
f 3624 2820 2823
f 3624 2823 3219
f 2821 2481 2823
f 2823 2822 2826
f 2822 2824 2826
f 2826 3219 2823
f 2826 2824 2825
f 2826 2825 3220
f 3222 2825 2484
f 2472 3209 2487
f 3209 3210 2487
f 3210 3209 3211
f 3212 2832 2488
f 3228 2832 3212
f 2833 3230 3213
f 2833 2808 2474
f 2833 3213 2808
f 2492 3241 2827
f 2828 3241 2492
f 2475 2477 2828
f 2829 2828 2477
f 2811 3215 3214
f 2811 3214 2829
f 3220 2825 3222
f 2830 3223 3222
f 2830 3225 3224
f 3223 2830 3224
f 2486 2094 2831
f 3226 2493 3242
f 2493 2108 3243
f 2832 3228 2489
f 2489 3228 2506
f 2495 2833 2101
f 2495 2850 2833
f 2833 2850 3229
f 2498 2834 3254
f 2835 2501 2838
f 2838 2501 2837
f 2840 2837 2839
f 2835 2838 2836
f 2834 2836 2838
f 2838 2837 3232
f 3255 2834 2838
f 2839 2841 2840
f 3233 2841 3238
f 2840 2841 3233
f 2827 3241 3239
f 2827 3239 2841
f 2841 3239 3238
f 3243 2842 2843
f 3244 2843 3256
f 3243 2843 3244
f 2843 2505 3256
f 3228 2844 2506
f 2846 3266 2847
f 2849 2847 3246
f 2847 3266 3246
f 2849 2850 2848
f 2496 2851 2852
f 2852 2851 2853
f 2851 3248 2853
f 3248 2851 2854
f 2852 2853 3250
f 2852 3249 2866
f 3249 2852 3250
f 3250 2853 3251
f 2853 3248 3251
f 2498 3254 2854
f 3253 3254 2834
f 2505 2856 3256
f 3655 2856 3257
f 3256 2856 3655
f 2512 2857 3257
f 3260 2858 2513
f 3260 2513 2859
f 3258 2858 3260
f 2857 2858 3259
f 2858 3258 3259
f 2533 2860 2517
f 2859 2514 2860
f 3261 2861 2519
f 2519 2861 2521
f 2521 2862 2523
f 2861 2862 2521
f 2861 3262 2862
f 3263 2862 3262
f 2862 3263 2525
f 2526 2525 3266
f 3266 2846 2526
f 2532 2864 2890
f 2532 2863 2864
f 2863 2893 2864
f 2896 2156 2865
f 2865 3267 2896
f 3268 2865 2866
f 3270 2866 3664
f 2533 2534 2867
f 2867 2868 3677
f 2868 2165 3677
f 3679 2165 2166
f 3679 2166 3680
f 3680 2166 3683
f 2172 2171 3273
f 2170 2172 2870
f 2170 2870 2869
f 2870 2172 3273
f 2871 2174 2872
f 3273 2871 3685
f 3275 2872 2874
f 2871 2872 3685
f 2874 2535 2873
f 3275 2874 2873
f 2877 3279 3278
f 3278 2875 2877
f 2879 2876 2540
f 2876 2539 2540
f 2876 3280 2878
f 2878 2877 2876
f 2879 3280 2876
f 2879 2880 3282
f 3279 2877 2878
f 3280 3279 2878
f 2879 2540 2880
f 2880 2541 2881
f 3282 2880 2881
f 2883 2881 2882
f 2881 2548 2882
f 2885 2882 2886
f 2882 2548 2886
f 2881 2883 2884
f 9004 9003 9002
f 2881 2884 3283
f 2884 2883 2887
f 2885 2886 3284
f 2884 2888 3283
f 2888 2884 2887
f 2887 9003 9004
f 2887 9004 3284
f 3284 2888 2887
f 3284 2886 3287
f 2553 2886 2190
f 2889 2886 2553
f 2889 3287 2886
f 2552 3291 2891
f 2890 3291 2552
f 3291 2890 2892
f 2553 2891 2889
f 3292 2892 2893
f 3292 3291 2892
f 3292 2893 3290
f 2864 2892 2890
f 2864 2893 2892
f 2893 2863 2894
f 3295 2894 2895
f 2894 2896 2895
f 3290 2893 2894
f 3290 2894 3295
f 2906 2901 2897
f 2897 2901 3309
f 3309 3311 2897
f 2907 2897 3311
f 2905 2898 2899
f 2554 2899 2898
f 2899 2900 2905
f 2905 2900 2901
f 2909 2903 2899
f 2903 2902 2900
f 2899 2903 2900
f 2901 2900 2902
f 2905 2904 2898
f 2905 2906 2904
f 2906 2897 2904
f 2906 2905 2901
f 2911 2907 3310
f 3310 3313 2911
f 2908 2916 3327
f 2908 3327 2909
f 2909 2557 2918
f 2557 2909 2910
f 2908 2909 2918
f 2554 2558 2910
f 2910 2899 2554
f 2909 2899 2910
f 2904 2554 2898
f 2904 2897 2555
f 3315 2912 2911
f 2913 2919 2560
f 2913 2560 2912
f 2914 2913 3742
f 2914 3325 2920
f 3325 3329 2921
f 3329 2923 2921
f 2565 2915 2918
f 2915 2916 2918
f 2916 2915 2917
f 2918 2916 2908
f 3327 2916 2917
f 2920 2215 2913
f 2920 2586 2215
f 2921 2586 2920
f 2921 2922 2586
f 2586 2922 2923
f 2920 2913 2914
f 2921 2923 2922
f 3325 2921 2920
f 2924 3331 2931
f 3751 3331 2924
f 3331 2951 2931
f 2927 2938 3339
f 2566 2926 2915
f 2915 2565 2566
f 2926 2917 2915
f 2925 2926 2566
f 2917 2926 2927
f 2925 2927 2926
f 2577 2923 2929
f 2930 2577 2928
f 2928 2577 2929
f 2931 2930 2928
f 2929 3751 2924
f 2928 2929 2924
f 2931 2928 2924
f 2931 2951 2930
f 2933 2953 3333
f 3332 2953 2951
f 3333 2953 3332
f 2933 2934 2953
f 2933 2932 2934
f 2935 2939 2925
f 2935 2936 2939
f 2581 2582 2936
f 2961 2937 2582
f 2936 2938 2939
f 2936 2582 2937
f 2936 2937 2938
f 2925 2939 2927
f 2939 2938 2927
f 2944 2940 2943
f 2944 2941 2940
f 2941 2944 3362
f 2941 3361 2967
f 2607 2942 2943
f 2607 2943 2940
f 2943 2942 2945
f 2945 3363 2943
f 3363 2944 2943
f 2585 2947 2942
f 2942 2947 2945
f 2945 2947 3346
f 3346 3343 2945
f 3363 2945 3343
f 2946 2949 2948
f 2585 2946 2947
f 2947 2946 2948
f 2948 3346 2947
f 2949 2612 2950
f 3367 2949 2950
f 3367 2948 2949
f 3368 3367 2950
f 3367 3348 2948
f 2952 2953 2934
f 2956 2954 2934
f 2955 2932 2618
f 2956 2932 2955
f 2618 2932 2619
f 2956 2934 2932
f 3351 3352 2932
f 2619 2932 3352
f 2619 2957 3369
f 2620 3369 2968
f 2968 3369 2958
f 3370 2624 2958
f 2959 2962 2961
f 2960 2959 2596
f 2962 2959 2960
f 2937 2961 2963
f 2960 2635 2962
f 2962 2963 2961
f 3373 2963 2962
f 2937 2963 2938
f 3373 2938 2963
f 2964 2602 2941
f 2964 2629 2602
f 2629 2964 2965
f 2966 2965 2964
f 2964 2967 2966
f 2940 2941 2602
f 2967 2964 2941
f 2630 3806 2950
f 3368 2950 3806
f 2620 2619 3369
f 2622 2620 2968
f 2968 2958 2623
f 2623 2622 2968
f 2958 2624 2623
f 3807 2969 2624
f 2970 2635 2977
f 2962 2635 2970
f 2977 3402 2970
f 3402 2971 2970
f 3388 2972 3374
f 3374 2972 2983
f 3388 2983 2972
f 3378 2983 2984
f 3356 3378 2984
f 3356 2984 3380
f 2984 2973 3380
f 3357 3380 2973
f 2637 2965 2986
f 2966 2986 2965
f 2986 2966 3011
f 2637 2629 2965
f 2966 2987 3011
f 3806 2630 2974
f 2975 3397 2642
f 2980 2977 2996
f 9008 9015 2982
f 2979 2977 2980
f 3402 2977 2979
f 2978 2976 3401
f 3002 2978 9012
f 9005 3401 2976
f 2979 2980 3403
f 9091 2981 9006
f 9007 9010 9089
f 9011 3401 9090
f 3401 9011 2978
f 9013 9092 9009
f 9012 9011 9093
f 9011 9012 2978
f 2976 2983 9005
f 2984 3009 2973
f 3009 2985 2973
f 3392 2985 3010
f 2987 3415 3012
f 2974 2988 2990
f 2988 2989 2990
f 2989 2991 2990
f 2991 3013 3014
f 3015 2992 3417
f 2977 2993 2994
f 2994 2993 2995
f 2996 2977 2994
f 2997 9012 9016
f 9012 2997 3003
f 2993 3001 2995
f 2994 2995 2998
f 2996 2994 2998
f 9016 9017 2997
f 2997 9017 2999
f 2997 2999 3003
f 3000 9018 9014
f 9019 3024 2999
f 9019 2999 9017
f 2999 3024 3003
f 2995 3001 9020
f 2976 3016 3005
f 3002 2976 2978
f 3016 2976 3002
f 3016 3002 3003
f 9012 3003 3002
f 3006 2655 2656
f 3006 2656 3004
f 3004 2983 3006
f 3005 3018 3006
f 2983 3005 3006
f 3006 3018 2655
f 2976 3005 2983
f 2984 3004 3007
f 3004 2656 3007
f 3007 2656 2657
f 2984 2983 3004
f 2984 3007 3008
f 2984 3008 3009
f 3009 3008 2666
f 2666 3021 3009
f 3021 3010 3009
f 2985 3009 3010
f 3011 3012 2659
f 3011 2987 3012
f 3415 3429 3012
f 3415 3432 3429
f 3013 2991 2989
f 3416 3014 3434
f 2642 3015 2651
f 3417 2651 3015
f 2993 2652 3023
f 3001 2993 3023
f 9022 9023 9024
f 3017 3003 3024
f 9022 9024 9021
f 3017 3016 3003
f 3016 3017 3020
f 3019 3005 3016
f 3005 3019 3018
f 3019 2655 3018
f 3016 3020 3019
f 3019 3020 2655
f 3027 3021 3026
f 2666 3026 3021
f 3027 3010 3021
f 3010 3029 3419
f 3012 3429 3041
f 2660 2668 3434
f 2660 3434 3014
f 3434 2668 3456
f 3436 3044 3417
f 2664 3025 2652
f 3025 2664 3438
f 3023 2652 3025
f 3024 3022 3017
f 3025 3439 3023
f 3439 3025 3438
f 3440 3022 3024
f 3020 3017 2671
f 3022 2671 3017
f 2671 2655 3020
f 2666 3048 3026
f 3026 3048 3027
f 3028 3064 3053
f 3028 3027 3064
f 3030 3027 3028
f 3056 3055 3028
f 3028 3055 3030
f 3027 3030 3029
f 3029 3010 3027
f 3442 3029 3030
f 3031 2677 2659
f 3031 2659 3033
f 2659 3012 3034
f 3033 2659 3034
f 3033 3032 3031
f 3034 3012 3037
f 3033 3035 3032
f 3034 3036 3033
f 3033 9029 3035
f 3037 3012 3041
f 3037 3039 3034
f 9027 9034 3038
f 9026 9028 3425
f 3425 9028 9032
f 9030 9032 9028
f 9033 3036 3034
f 3037 3040 3039
f 3041 3042 3037
f 9031 9038 9036
f 3425 9032 9037
f 9032 9035 9037
f 9037 9039 3444
f 3041 3043 3042
f 9039 9040 3444
f 3043 3041 3445
f 3444 9040 9108
f 2651 3044 2669
f 2651 3417 3044
f 3044 3418 3045
f 3437 3058 3045
f 3058 3446 3447
f 3418 3437 3045
f 3058 3437 3446
f 2664 2663 3046
f 3046 2663 2681
f 3454 3438 2664
f 2664 3449 3454
f 3449 2664 3046
f 3449 3046 3047
f 3060 3022 3465
f 3061 3022 3060
f 3048 3064 3027
f 3051 3050 3049
f 3050 3069 3049
f 3064 9041 3053
f 3053 9041 9042
f 2691 3054 3051
f 3028 3053 3056
f 9045 3052 9044
f 9045 9043 3054
f 2691 9045 3054
f 9045 2691 3052
f 9043 3051 3054
f 3052 9025 9044
f 2675 9025 3052
f 9025 2675 3443
f 2675 9046 3443
f 9046 9026 3443
f 2668 2696 3456
f 3058 3447 3071
f 3059 3046 2681
f 3059 2681 3072
f 3059 3072 3074
f 3047 3046 3059
f 3047 3059 3458
f 3458 3059 3074
f 3459 3047 3458
f 3465 3475 3060
f 3060 3475 3075
f 3061 2671 3022
f 2671 3061 3077
f 3060 3075 3061
f 2671 3077 3062
f 3077 3079 3062
f 3065 2689 3063
f 3064 3066 3067
f 3064 3065 3066
f 3065 3063 3084
f 3064 3067 9041
f 3067 3066 9048
f 3069 9047 3068
f 3069 3068 1811
f 3066 3065 9048
f 9047 3069 3050
f 3058 3071 3070
f 3070 3071 2703
f 3448 3457 3071
f 3457 3087 3071
f 3087 3457 3088
f 3074 3072 3073
f 3078 3075 3076
f 3076 3091 3078
f 3475 3476 3075
f 3476 3076 3075
f 3061 3075 3077
f 3077 3075 3078
f 3079 3077 3092
f 3077 3078 3092
f 3079 3080 3081
f 3080 3079 3092
f 3092 3094 3080
f 2686 3079 3081
f 2694 3081 3082
f 3080 3082 3081
f 3080 3094 3082
f 3096 3082 3094
f 3082 3096 3083
f 2695 3083 3063
f 3082 3083 2695
f 3063 3083 3084
f 3065 3084 3085
f 3084 3083 3097
f 9050 3098 9051
f 3085 3084 9052
f 3086 9053 3099
f 9050 9051 9049
f 3065 3085 9048
f 2696 2701 3456
f 2701 3101 3456
f 3071 3087 2703
f 3088 3466 3089
f 3467 3102 3089
f 3089 3466 3467
f 3072 2700 3090
f 3090 2700 2711
f 3073 3072 3090
f 3478 3090 3111
f 3093 3078 3091
f 3103 3093 3091
f 3095 3092 3103
f 3078 3093 3092
f 3093 3103 3092
f 3095 3094 3092
f 3095 3105 3094
f 3097 3083 3096
f 3105 3096 3094
f 3096 3107 3097
f 3097 3107 3108
f 3097 3108 9054
f 1820 3086 3099
f 3099 3100 1820
f 9052 3084 3097
f 3097 9054 9052
f 9053 3100 3099
f 3477 3101 3109
f 3089 2710 3088
f 2710 3089 3102
f 3090 2711 3111
f 3095 3103 3104
f 3095 3104 3105
f 3105 3104 3492
f 3103 3500 3104
f 3096 3105 3106
f 3492 3106 3105
f 3096 3106 3107
f 3505 3108 3107
f 3112 3485 3109
f 3110 3112 3113
f 3485 3112 3110
f 2714 3102 3114
f 3114 3495 3115
f 3114 3496 3495
f 3487 3120 3498
f 3111 3120 3487
f 3112 3132 3113
f 3114 3115 3121
f 3116 3125 3117
f 3125 3511 3117
f 2717 3116 3117
f 2717 3117 3119
f 3117 3511 3119
f 3511 3512 3119
f 3498 3118 3513
f 2717 3119 3118
f 3513 3118 3119
f 3121 3515 2729
f 3515 3121 3115
f 2732 3122 3125
f 2732 3139 3122
f 3122 3139 3141
f 3125 3122 3124
f 3122 3123 3124
f 3122 3141 3123
f 3123 3141 3517
f 3517 3124 3123
f 3124 3510 3125
f 3116 2732 3125
f 3126 3521 3144
f 3145 3126 3144
f 3146 3129 3127
f 3145 3146 3126
f 3126 3146 3128
f 3128 3146 3127
f 3126 3128 3523
f 3525 3128 3127
f 3524 3523 3128
f 3130 3129 3147
f 3130 3127 3129
f 3130 3525 3127
f 3150 3531 3131
f 3130 3530 3525
f 3530 3130 3131
f 3530 3131 3531
f 3113 3132 3514
f 3514 3132 3534
f 3892 3514 3534
f 3133 3134 2729
f 3135 2748 3134
f 3536 3135 3134
f 3536 3136 3135
f 3536 3134 3133
f 3537 3536 3133
f 3135 3136 3157
f 3140 2730 3137
f 3543 3140 3138
f 3138 3140 3137
f 3544 3138 3169
f 3138 3544 3543
f 3139 2730 3140
f 3141 3139 3140
f 3140 3543 3141
f 3549 3172 3142
f 3143 3142 3172
f 3521 3518 3142
f 2736 3144 3143
f 3143 3144 3142
f 3144 3521 3142
f 3144 2736 3145
f 3148 3147 2743
f 3131 3130 3147
f 3148 3131 3147
f 3131 3148 3150
f 3148 2743 2744
f 3148 2744 3149
f 3152 3149 2744
f 3149 3150 3148
f 3150 3149 3550
f 3151 3149 3152
f 3149 3151 3550
f 2746 3155 2758
f 2758 3155 3175
f 3175 3155 3153
f 3556 3153 3155
f 3175 3153 3174
f 9151 3155 3154
f 3176 3534 2759
f 3557 3534 3176
f 3157 3156 3135
f 3136 3538 3157
f 3158 3161 3159
f 3538 3161 3157
f 3161 3158 3157
f 3180 3160 3560
f 3159 3162 3160
f 3162 3159 3161
f 3560 3160 3162
f 3561 3162 3161
f 3560 3162 3562
f 9065 3164 3165
f 8976 9057 3166
f 9060 9056 3167
f 9066 9058 9063
f 9064 9059 9061
f 2752 9062 3165
f 9056 2386 3167
f 3138 3137 3164
f 3164 9065 3169
f 3169 3138 3164
f 3170 9068 9067
f 3567 9068 3170
f 3167 2386 3168
f 3171 9069 3168
f 3168 2772 3171
f 9069 3171 3548
f 3171 3549 3548
f 3172 3549 3171
f 2773 3172 3171
f 3152 3173 3568
f 3151 3152 3569
f 3173 3175 3174
f 3568 3173 3174
f 3568 3174 3572
f 3177 3557 3176
f 3559 3557 3177
f 3159 3160 3178
f 3178 3160 3180
f 3179 3178 3180
f 3179 3180 9070
f 3182 3559 3177
f 9070 3180 3560
f 3565 9070 3560
f 9152 9071 3181
f 3188 3191 2785
f 3183 2785 3191
f 2785 3183 3185
f 3186 3185 3183
f 3191 3186 3183
f 9001 9075 9076
f 3189 3577 3187
f 9073 9157 9074
f 3189 3187 2802
f 3189 2802 3190
f 3585 3189 3190
f 3191 3188 3587
f 3584 3587 3188
f 3186 3191 3589
f 3589 3191 3587
f 3184 3192 2789
f 3186 3184 3185
f 3192 3184 3186
f 3589 3192 3186
f 3590 3591 3192
f 3589 3590 3192
f 3192 2805 2789
f 3192 3193 2805
f 3591 3193 3192
f 3193 3606 2807
f 2810 2809 3194
f 3194 3592 2810
f 2810 3592 3594
f 3594 3195 2810
f 2810 3195 2790
f 2790 3195 2792
f 2792 3195 3196
f 2814 2813 3218
f 3195 3198 3196
f 3197 3201 2818
f 3201 2817 2816
f 9075 3200 9076
f 3202 2813 2817
f 2813 3202 3218
f 9077 3196 3199
f 3198 3199 3196
f 9078 3201 3197
f 3202 2817 3201
f 3204 9077 3199
f 3198 9081 3199
f 9078 3203 3201
f 9080 9079 9082
f 3205 3202 3201
f 3205 3201 3203
f 3202 3207 3218
f 3202 3205 3207
f 3206 9080 9082
f 3206 3596 9080
f 9175 3205 3203
f 9084 9083 3597
f 3198 9177 9081
f 3597 9176 9084
f 3205 3598 3207
f 3598 3205 9175
f 3585 3190 3604
f 3190 3605 3604
f 3190 2819 3605
f 2819 2820 3605
f 3624 3605 2820
f 3219 2826 3221
f 3208 3209 2807
f 3606 3208 2807
f 3208 3606 3973
f 3208 3211 3209
f 3211 3212 3210
f 3211 3633 3212
f 3231 3213 3230
f 2808 3213 3194
f 3213 3977 3194
f 3638 2828 3216
f 3216 2828 2829
f 2829 3214 3216
f 3215 3217 3214
f 3217 3215 3611
f 3214 3217 3216
f 3215 2814 3218
f 3215 3218 3611
f 3628 3220 3222
f 3221 2826 3220
f 3221 3220 3628
f 4007 3222 3223
f 3629 3222 4007
f 3631 3224 3225
f 3631 3632 3224
f 3223 3224 3632
f 3225 2486 3227
f 2486 2831 3227
f 3227 2831 3226
f 3242 2493 3243
f 3229 3231 2833
f 3229 3641 3231
f 3231 3230 2833
f 3231 3641 4011
f 2837 2840 3232
f 3232 2840 3235
f 3232 3235 3651
f 3650 3232 3651
f 2840 3233 3235
f 3234 3233 3238
f 3235 3233 3236
f 3233 3635 3236
f 3233 3234 3635
f 3635 3234 3237
f 3234 3238 3237
f 3651 3235 3236
f 3238 3240 3237
f 3238 3239 3240
f 3239 3241 3637
f 3637 3241 2828
f 2828 3638 3637
f 2844 3228 3245
f 3245 2845 2844
f 3640 3246 3266
f 3640 4019 3246
f 3246 3247 2849
f 2850 2849 3247
f 3229 2850 3641
f 2850 3247 3641
f 3248 2854 2855
f 3249 3250 3272
f 3251 3248 3252
f 3252 3248 2855
f 3642 3250 3251
f 2855 2854 3254
f 2855 3254 3645
f 3645 3252 2855
f 3645 3254 3646
f 3253 2834 3255
f 3254 3253 3647
f 3253 3255 3647
f 3255 3650 3648
f 3255 2838 3232
f 3255 3232 3650
f 3244 3256 4027
f 2857 3259 3257
f 3656 3258 3260
f 3259 3258 3656
f 3260 2859 3675
f 3261 3657 2861
f 2861 3657 3262
f 3657 4031 3262
f 3264 3263 3262
f 4031 3264 3262
f 2525 3263 3266
f 3264 3266 3263
f 3264 3265 3266
f 2865 3268 3269
f 3267 2865 3660
f 3660 2865 3269
f 3711 3267 3660
f 3663 3269 3268
f 3663 3268 3662
f 3268 3270 3662
f 3664 2866 3271
f 3268 2866 3270
f 3271 2866 3249
f 3271 3249 3272
f 3271 3272 3670
f 3272 3673 3670
f 3673 3272 3250
f 3673 3250 3642
f 4049 2860 2533
f 2859 2860 4049
f 2533 2867 3676
f 2533 3676 4050
f 3677 2165 3678
f 3678 2165 3679
f 3683 2869 3274
f 2869 2870 3274
f 3274 2870 3273
f 3274 3273 3685
f 4055 2872 3275
f 2872 4055 3685
f 4059 3275 2873
f 4059 2873 3276
f 3276 2875 3277
f 3276 3277 3687
f 3278 3279 3686
f 3277 2875 3278
f 3687 3277 3278
f 3280 2879 3281
f 2879 3282 3281
f 3281 3279 3280
f 3279 3281 4063
f 4063 3281 3282
f 3279 4063 3686
f 3282 3692 4065
f 3285 3692 3283
f 3283 2888 3285
f 3692 2881 3283
f 3285 2888 3284
f 3692 3282 2881
f 3284 3692 3285
f 3284 3287 3286
f 3692 3284 3689
f 3689 3284 3286
f 3691 3286 3287
f 3288 2889 3293
f 3695 2889 3288
f 3289 3287 2889
f 3289 2889 3695
f 3695 3288 3696
f 3696 3288 3293
f 3287 3289 3694
f 3697 3695 3696
f 3291 3293 2891
f 3293 2889 2891
f 3294 3291 3292
f 3294 3292 3290
f 3294 3290 3298
f 3702 3294 3298
f 3295 2895 3296
f 3296 2895 2896
f 3296 2896 3297
f 3297 2896 3267
f 3296 3297 3708
f 3298 3290 3295
f 3708 3297 3267
f 3708 3267 3711
f 3741 3299 3304
f 3301 3300 3302
f 3312 3302 3300
f 3302 3717 3301
f 3718 3717 3302
f 3299 3718 3312
f 3312 3718 3302
f 3301 3314 3300
f 3301 3303 3314
f 3301 3721 3303
f 3717 3721 3301
f 3324 3321 3306
f 3734 3306 3321
f 3321 3753 3734
f 3304 3299 2901
f 2902 3305 3304
f 3304 3305 3307
f 3307 3305 3308
f 3306 3305 3324
f 3308 3305 3306
f 3734 3308 3306
f 3307 3308 3735
f 3309 2901 3299
f 3304 3307 3741
f 3309 3299 3312
f 3311 3310 2907
f 3311 3300 3310
f 3309 3312 3311
f 3311 3312 3300
f 3315 2911 3313
f 3310 3300 3314
f 3314 3313 3310
f 3314 3315 3313
f 3303 3315 3314
f 3315 3303 3317
f 3317 3303 3722
f 3317 3316 3315
f 3722 3724 3317
f 3317 3724 3316
f 3724 3725 3319
f 3724 2913 3316
f 3319 2913 3724
f 3319 3318 2913
f 3742 3318 3319
f 3742 3743 2914
f 3324 2903 2909
f 3320 3324 2909
f 3320 3322 3321
f 3321 3324 3320
f 3320 3323 3322
f 2901 2902 3304
f 3324 2902 2903
f 3305 2902 3324
f 3316 2912 3315
f 3316 2913 2912
f 2913 3318 3742
f 2914 3746 3325
f 3329 3325 3326
f 2923 3329 3326
f 3326 3751 2923
f 3328 3320 3327
f 3320 2909 3327
f 3320 3328 3323
f 3751 3752 3331
f 3328 3327 2917
f 2917 3330 3328
f 2927 3339 2917
f 3328 3330 3783
f 3339 3783 3330
f 2917 3339 3330
f 2923 3751 2929
f 3760 3332 3331
f 3336 3332 3760
f 3332 2951 3331
f 3332 3336 3333
f 3333 3336 3334
f 3335 3333 3334
f 3336 3337 3334
f 3337 3335 3334
f 3338 3335 3337
f 3760 3337 3336
f 3762 3776 3337
f 3776 3338 3337
f 3761 3762 3337
f 3760 3761 3337
f 3777 3335 3338
f 2938 3340 3339
f 9085 3356 3782
f 3339 3340 3781
f 3781 9085 3782
f 3339 3781 3783
f 3346 3344 3343
f 3344 3345 3343
f 3794 3345 3344
f 3345 3793 3366
f 2948 3349 3346
f 3346 3349 3347
f 3344 3346 3347
f 3794 3344 3347
f 3347 3349 3796
f 3347 3796 3794
f 3349 2948 3348
f 3349 3348 3797
f 3349 3797 3796
f 3350 3348 3367
f 3350 3367 3368
f 3350 3797 3348
f 2933 3333 3335
f 2932 2933 3335
f 3351 2932 3335
f 3351 3335 3777
f 3777 3352 3351
f 3777 3778 3352
f 3352 2957 2619
f 2957 3779 3353
f 3778 2957 3352
f 3779 2957 3778
f 3353 3369 2957
f 3779 3354 3353
f 3354 3779 3370
f 3353 3354 3355
f 3354 3370 3355
f 3370 3801 3371
f 3371 3801 3372
f 2938 3377 3340
f 9085 9088 3379
f 3379 3356 9085
f 3356 3379 3378
f 3782 3356 3357
f 3358 3357 3389
f 3357 3358 3787
f 3358 3389 3381
f 3342 3358 3359
f 3358 3385 3359
f 3358 3381 3385
f 3787 3358 3341
f 3341 3358 3342
f 3385 3360 3359
f 3360 3385 3383
f 3360 3383 3384
f 3342 3359 3360
f 3342 3360 3790
f 3360 3384 3394
f 3360 3394 3790
f 3790 3394 3395
f 2941 3362 3361
f 3361 3362 3365
f 3365 3387 3361
f 3363 3364 3362
f 3364 3363 3343
f 3362 2944 3363
f 3364 3366 3362
f 3366 3365 3362
f 3345 3364 3343
f 3366 3364 3345
f 3366 3804 3365
f 3365 3804 3387
f 3366 3793 3804
f 3806 3799 3368
f 3799 3350 3368
f 3806 2974 4134
f 3355 3369 3353
f 2958 3369 3355
f 3355 3370 2958
f 3370 3371 2624
f 2624 3371 3372
f 3807 2624 3372
f 2969 3807 3803
f 3808 2969 3803
f 3373 9086 2938
f 2938 9086 3375
f 2983 3378 3379
f 2938 3375 3377
f 9087 3374 3376
f 2983 3376 3374
f 2983 3379 3376
f 9088 9087 3379
f 9087 3376 3379
f 3380 3357 3356
f 3381 3389 3382
f 3389 3391 3382
f 3381 3382 3385
f 3383 3393 3384
f 3393 3383 3382
f 3385 3382 3383
f 2987 2966 3386
f 3361 3387 2967
f 3387 2966 2967
f 3386 2966 3387
f 3396 3386 4146
f 4146 4147 3396
f 3812 2969 3808
f 3812 2975 2969
f 3812 3397 2975
f 3398 3397 3809
f 3809 3397 3812
f 2970 3373 2962
f 3373 2970 2971
f 3373 2971 9086
f 3388 3374 9005
f 9005 2983 3388
f 3357 2973 3389
f 3389 2973 2985
f 3389 2985 3390
f 3389 3390 3391
f 3390 3392 3391
f 3384 3393 3405
f 3391 3392 3382
f 3382 3392 3393
f 3405 3394 3384
f 3405 3406 3394
f 3394 3406 3395
f 3396 3415 2987
f 2987 3386 3396
f 3396 3408 3415
f 3408 3396 3818
f 3409 2990 2991
f 2642 3397 3015
f 3399 3400 3015
f 3015 3397 3398
f 3015 3398 3399
f 4153 4157 3400
f 2992 3400 4157
f 3410 2992 4157
f 9090 3401 9005
f 3390 2985 3392
f 3010 3411 3392
f 3392 3411 3393
f 3405 3393 3404
f 3393 3411 3404
f 3404 3411 3412
f 3404 3412 3405
f 3412 3406 3405
f 3406 3413 3407
f 3406 3407 3395
f 3014 3416 2991
f 3409 2991 3416
f 3823 3409 3416
f 3400 2992 3015
f 3410 3417 2992
f 3411 3010 3419
f 3411 3421 3412
f 3411 3419 3421
f 3412 3413 3406
f 3421 3420 3412
f 3423 3413 3412
f 3420 3423 3412
f 3421 3423 3420
f 3407 3413 3414
f 3413 3423 3414
f 3414 3423 3826
f 3423 3836 3826
f 3407 3414 3826
f 3829 3826 3836
f 3435 3416 3434
f 3824 3418 3436
f 3417 3824 3436
f 3824 3447 3418
f 3824 3835 3447
f 3422 3419 3442
f 3421 3419 3422
f 3423 3421 3430
f 3422 3430 3421
f 9107 3443 3425
f 3422 3442 3424
f 3427 3426 9094
f 9095 3422 3424
f 9094 9107 3425
f 9094 3425 3427
f 3428 3427 3425
f 3425 9037 3428
f 3430 3422 9095
f 3426 3427 3428
f 3430 9095 3431
f 9096 3426 3428
f 9214 9096 3428
f 3041 3429 3445
f 3836 3423 3430
f 9108 9214 3428
f 9108 3838 9214
f 3430 3431 3836
f 3429 3432 3445
f 3433 3445 3432
f 3843 3432 3415
f 3844 3432 3843
f 3433 3432 3844
f 3456 3435 3434
f 3435 3456 3852
f 3044 3436 3418
f 3437 3418 3447
f 9023 9100 9024
f 3024 9101 3440
f 9098 9103 9102
f 3440 3455 3022
f 3438 3454 3441
f 9099 9105 9104
f 3455 9106 9115
f 3440 9106 3455
f 9025 3443 9107
f 3419 3029 3442
f 9026 3425 3443
f 9037 3444 3428
f 3444 9108 3428
f 3447 3446 3437
f 3448 3071 3447
f 3451 3449 3047
f 3454 3449 3450
f 3047 3459 3451
f 9115 9109 3455
f 3451 3459 3452
f 3449 3451 3452
f 3449 9111 3450
f 9110 3022 3455
f 3453 3022 9110
f 9114 9112 9116
f 9113 3453 9110
f 3456 3477 3853
f 3074 3461 3458
f 3461 3074 3463
f 3465 3468 3475
f 3465 3022 3453
f 3461 3459 3458
f 3468 3465 3453
f 9116 3460 9114
f 9118 3460 9116
f 9117 9119 3462
f 3462 3468 9117
f 9117 3468 3453
f 3464 9120 9124
f 9121 9126 9122
f 3463 3074 3470
f 9125 9129 9127
f 3472 3468 9128
f 3468 9123 9128
f 9131 9127 9129
f 3088 3457 3466
f 3467 3466 3457
f 3469 3074 3073
f 3473 3074 3469
f 3481 3469 3073
f 3470 3074 3471
f 3473 3471 3074
f 3481 3473 3469
f 3473 9132 3471
f 9132 9130 3471
f 3468 3472 3474
f 9133 9134 9136
f 3481 3482 9135
f 9134 9138 9136
f 3474 9139 3468
f 3475 3468 3476
f 3477 3456 3101
f 3484 3855 3477
f 3478 3481 3073
f 3479 3478 3866
f 9137 9222 3483
f 3090 3478 3073
f 3476 3468 3480
f 3468 9139 3480
f 3479 3481 3478
f 3479 3482 3481
f 3483 9140 9137
f 9139 3483 3480
f 9222 3488 3480
f 3480 3076 3476
f 3076 3480 3091
f 3480 3490 3091
f 3477 3109 3484
f 3485 3484 3109
f 3484 3485 3856
f 3855 3484 3856
f 3485 3486 3856
f 3859 3114 3102
f 3859 3496 3114
f 3858 3859 3102
f 3478 3111 3487
f 3866 3478 3487
f 3490 3480 3488
f 3488 3489 3490
f 3091 3491 3103
f 3491 3091 3490
f 3491 3490 3489
f 3500 3103 3491
f 3501 3104 3500
f 3104 3501 3492
f 3502 3107 3106
f 3505 3107 3502
f 3492 3502 3106
f 3494 3505 3503
f 9141 3494 3503
f 9142 9141 3503
f 3505 3494 3108
f 3108 3494 9054
f 9055 3494 9141
f 3485 3110 3486
f 3113 3486 3110
f 3486 3113 3861
f 3113 3508 3861
f 3496 3879 3495
f 3859 3879 3496
f 3115 3495 3879
f 3513 3874 3873
f 3872 3512 3870
f 3872 3497 3512
f 3875 3487 3498
f 3498 3513 3875
f 3499 3500 3491
f 3499 3491 3877
f 3489 3877 3491
f 3499 3501 3500
f 3888 3492 3501
f 3499 3887 3501
f 3492 3888 3502
f 3505 3502 3889
f 3503 3505 3506
f 3503 9143 9142
f 3891 9143 3506
f 9143 3503 3506
f 3493 3504 1826
f 3508 3113 3514
f 3115 3879 3509
f 3515 3115 3509
f 3509 3879 4204
f 3510 3517 3880
f 3510 3511 3125
f 3882 3511 3510
f 3870 3512 3511
f 3119 3512 3513
f 3512 3497 3513
f 3497 3874 3513
f 3501 3887 3888
f 3133 2729 3515
f 3516 3133 3515
f 3516 3537 3133
f 3515 3509 3516
f 3894 3543 3895
f 3517 3141 3894
f 3894 3141 3543
f 3517 3894 3880
f 3510 3124 3517
f 3521 3519 3518
f 3519 3520 3518
f 3520 3549 3518
f 3549 3520 3897
f 3519 3899 3520
f 3522 3126 3523
f 3519 3521 3522
f 3521 3126 3522
f 3522 3523 3902
f 3522 3902 3519
f 3523 3903 3902
f 3524 3903 3523
f 3528 3903 3524
f 3905 3528 3529
f 3524 3128 3526
f 3128 3525 3526
f 3526 3525 3527
f 3526 3528 3524
f 3529 3526 3527
f 3530 3532 3527
f 3532 3529 3527
f 3528 3526 3529
f 3527 3525 3530
f 3530 3531 3532
f 3531 3533 3532
f 3533 3531 3551
f 3533 3906 3532
f 3535 3892 3534
f 3536 3537 3136
f 3540 3136 3537
f 3538 3136 3540
f 3539 3538 3540
f 3161 3538 3539
f 3539 3561 3161
f 3541 3539 3540
f 3542 3539 3541
f 3542 3561 3539
f 3561 3542 3563
f 3542 3541 3917
f 3917 3938 3542
f 3544 3169 9156
f 3545 3543 3544
f 3546 3544 9156
f 3919 3545 3544
f 3919 3544 3547
f 9148 9144 9145
f 9149 9146 3920
f 3920 9146 3548
f 3897 3548 3549
f 3549 3142 3518
f 3150 3551 3531
f 3533 3551 3552
f 3931 3533 3552
f 3932 3931 3552
f 3551 3150 3550
f 3553 3550 3151
f 3552 3550 3553
f 3551 3550 3552
f 3933 3552 3553
f 3932 3552 3933
f 3553 3151 3569
f 3569 3933 3553
f 3554 9151 3154
f 3153 3556 3555
f 4241 3554 3154
f 4241 3576 3554
f 3557 3535 3534
f 3912 3535 3934
f 3535 3557 3558
f 3535 3558 3934
f 3558 3559 3934
f 3935 3559 3564
f 3935 3934 3559
f 3562 3162 3561
f 3560 3562 3565
f 3563 3562 3561
f 3566 3565 3562
f 3938 3563 3542
f 3937 9153 9155
f 9246 3564 9154
f 3938 3562 3563
f 3939 3562 3938
f 3566 3562 3939
f 9147 3567 3170
f 9146 9069 3548
f 3933 3569 3570
f 3951 3933 3570
f 3152 3568 3569
f 3570 3569 3571
f 3951 3570 3571
f 3572 3174 3574
f 3572 3569 3568
f 3569 3572 3573
f 3573 3572 3574
f 3571 3569 3573
f 3174 3153 3574
f 3555 3574 3153
f 3574 3555 3575
f 3556 3575 3555
f 3575 9151 3576
f 3576 9151 3554
f 3559 3558 3557
f 3564 9072 9154
f 3564 3559 3182
f 9074 9157 9171
f 9157 3578 9171
f 3586 3584 3579
f 9160 9172 9158
f 9159 3585 3580
f 9159 3580 9161
f 9173 9162 9163
f 9173 9163 3581
f 9164 3580 3585
f 9165 3582 9174
f 9166 9164 3603
f 3586 9167 3583
f 3583 3956 3586
f 9168 9187 9169
f 9188 3960 9170
f 9159 3189 3585
f 9159 3577 3189
f 3584 3586 3587
f 3586 3956 3587
f 3587 3588 3589
f 3588 3959 3589
f 3587 3957 3588
f 3590 3607 3591
f 3589 3959 3590
f 3591 3606 3193
f 3593 3595 3592
f 3195 3594 3610
f 3592 3595 3594
f 3610 3617 3195
f 9179 9176 3597
f 3218 3207 3614
f 3198 3195 3617
f 9177 3198 3599
f 3617 3599 3198
f 9177 3599 3601
f 9178 9181 9180
f 3600 3207 3598
f 9182 3600 3598
f 3617 3602 3599
f 3601 3599 9184
f 3600 3613 3207
f 3613 3600 9182
f 9189 9183 9185
f 9186 3615 9190
f 3602 3617 3618
f 9191 3602 3618
f 3967 9257 3603
f 9164 3585 3603
f 3604 3603 3585
f 3603 3604 3967
f 3971 3604 3605
f 4003 3605 3624
f 3605 4003 4002
f 3971 3605 4002
f 3591 3607 3606
f 3607 3973 3606
f 3211 3208 3973
f 3973 4290 3211
f 4290 3974 3211
f 3211 3974 3633
f 3231 3975 3213
f 3975 3977 3213
f 3194 3977 3592
f 3592 3977 3593
f 3977 3984 3593
f 3595 3593 3609
f 3609 3593 3978
f 3608 3610 3594
f 3595 3608 3594
f 3608 3595 3609
f 3609 3985 3608
f 3987 3985 3609
f 3985 3610 3608
f 3985 3989 3610
f 3638 3216 3639
f 3610 3989 3991
f 4013 3216 3217
f 4013 3217 3612
f 3217 3611 3612
f 3611 3999 3612
f 3999 3611 3994
f 3611 3218 3614
f 3614 3207 3616
f 3207 3613 3616
f 9192 3616 3613
f 9196 9194 9193
f 3621 3614 3616
f 3611 3614 3994
f 3991 3622 3617
f 3622 3619 3617
f 3617 3619 3618
f 9195 9197 3620
f 9198 3618 3619
f 3621 3616 9199
f 3994 3614 3621
f 3623 9198 3619
f 9203 9201 9200
f 9204 3992 9202
f 9270 3994 3621
f 3623 3619 3622
f 3991 3995 3622
f 3622 3993 3623
f 3995 3993 3622
f 9204 9272 3992
f 3627 3624 3219
f 3624 3627 4003
f 4004 4003 3627
f 3625 3627 3219
f 3221 3625 3219
f 3221 3626 3625
f 3627 3625 4004
f 3625 3626 4006
f 3222 3629 3628
f 3630 3628 3629
f 3626 3221 3628
f 3626 3628 3630
f 4315 3630 3629
f 4006 3626 3630
f 4006 3630 4315
f 4010 4007 3223
f 3632 3631 4009
f 3223 3632 4010
f 4010 3632 4008
f 4008 3632 4009
f 3631 3225 4014
f 4014 3225 3227
f 4015 4014 3227
f 3227 3226 3242
f 3212 3633 3228
f 6072 3634 3228
f 3641 4019 4011
f 4011 3975 3231
f 3653 3651 3236
f 3236 3635 3653
f 3240 3637 3636
f 3654 3653 3635
f 3654 3635 4025
f 3635 3237 4025
f 3237 3240 4025
f 3240 3636 4025
f 3240 3239 3637
f 3636 3637 4318
f 3637 3638 4012
f 3638 3639 4319
f 4015 3227 3242
f 3634 3245 3228
f 3245 4603 2845
f 3266 3659 3640
f 4018 4019 3640
f 3640 3659 4018
f 4019 3247 3246
f 3247 4019 3641
f 3642 3251 3643
f 3251 3252 3644
f 3644 3252 3645
f 9205 3251 3644
f 4020 3645 3646
f 3647 3255 3648
f 3647 3648 4022
f 3254 3647 3646
f 3647 4022 3649
f 3646 3647 3649
f 3648 3650 3652
f 3652 3650 3651
f 4022 3648 3652
f 3651 3653 4024
f 3655 3257 4029
f 4028 3655 4029
f 4030 3257 3656
f 3257 3259 3656
f 3656 3260 3675
f 4029 3257 4030
f 4031 4340 3658
f 4031 3658 3264
f 3264 3658 3265
f 3658 4032 3265
f 3265 4032 3266
f 4032 3659 3266
f 3711 3660 4033
f 3661 3660 3269
f 3661 3269 4034
f 4033 3660 3661
f 4033 3661 4034
f 3662 3270 3667
f 3663 3662 4035
f 4035 3662 3667
f 3664 3271 3666
f 3664 3665 3270
f 3270 3665 3667
f 3668 3664 3666
f 3668 3667 3665
f 3665 3664 3668
f 3669 3668 3666
f 4036 3667 3668
f 3672 3669 3666
f 3271 3670 3666
f 3670 3671 4038
f 3670 3673 3671
f 3671 3673 3674
f 3666 3670 3672
f 4041 4038 3671
f 4041 3671 3674
f 3672 3670 4038
f 3643 3673 3642
f 3674 3673 3643
f 4040 9205 3644
f 3674 3643 4040
f 4041 3674 4040
f 3675 2859 4049
f 4051 3676 2867
f 4051 2867 3677
f 3677 3678 3681
f 3681 3678 3679
f 4640 3680 3683
f 3681 3679 3682
f 3682 3679 3680
f 4051 3677 3681
f 3682 3680 4640
f 3681 3682 4051
f 3683 3274 3684
f 3684 3274 3685
f 4054 3683 3684
f 4056 3685 4055
f 4055 3275 4059
f 4060 4059 3276
f 4060 3276 3687
f 3687 4061 4060
f 3278 4062 3687
f 4062 3278 3686
f 4062 3686 4063
f 3688 3282 4065
f 3689 3286 3690
f 3690 3286 3691
f 3691 3287 3694
f 3692 3689 3690
f 3693 3691 3694
f 3693 3694 3698
f 4067 3693 3698
f 3691 3693 3690
f 3698 3289 3695
f 3698 3694 3289
f 3699 3698 3695
f 3695 3697 4373
f 3700 3698 3699
f 4067 3698 3700
f 3697 3696 4373
f 4373 3696 4372
f 4067 3700 4066
f 4373 4066 3699
f 3699 4066 3700
f 3695 4373 3699
f 3696 3293 3701
f 3293 3291 3701
f 3701 3291 3294
f 9206 3701 3294
f 9206 3704 3701
f 3703 3702 3298
f 3704 3702 3703
f 3703 3298 3705
f 3298 3710 3705
f 3704 3703 3705
f 4372 3696 3701
f 4071 3705 3710
f 4372 3701 4068
f 4068 3701 3704
f 4069 4068 3704
f 3298 3295 3707
f 3707 3295 3296
f 3707 3296 3709
f 3296 3706 3709
f 3709 3706 3708
f 3706 3296 3708
f 3298 3707 3710
f 3709 3708 4072
f 3711 4072 3708
f 4071 3707 3709
f 4071 3710 3707
f 3720 3712 3719
f 3720 4073 3712
f 3738 3714 3713
f 3299 3741 3715
f 3713 3715 3741
f 3714 4081 3713
f 3714 4082 4081
f 3718 3299 3715
f 3715 3720 3718
f 3715 3716 3720
f 3713 3716 3715
f 3716 3713 4081
f 3717 3719 3723
f 3717 3718 3719
f 3718 3720 3719
f 3720 3716 4084
f 3720 4084 4073
f 3303 3721 3722
f 3729 3726 3722
f 3721 3717 3723
f 3722 3721 3723
f 3723 3729 3722
f 3719 3712 3723
f 3712 4074 3723
f 3729 3723 4074
f 3725 3724 3722
f 3722 3726 3725
f 3731 3725 3727
f 3727 3726 3730
f 3725 3726 3727
f 3727 3728 3731
f 3728 3733 3732
f 3731 3728 3732
f 3730 3726 3729
f 3727 4088 3728
f 3728 4088 3733
f 3729 4074 3730
f 4074 4087 3730
f 4087 3727 3730
f 4089 3733 4088
f 3731 3743 3742
f 3731 3732 3743
f 3733 3743 3732
f 4091 3746 3743
f 4091 4098 3746
f 4096 3747 3746
f 3734 3753 3737
f 3755 3737 3753
f 3737 3755 3740
f 3740 3755 3757
f 3713 3307 3735
f 3735 3308 3736
f 3308 3734 3736
f 3736 3734 3737
f 3713 3735 3738
f 3735 3736 3738
f 3736 3737 3739
f 3738 3736 3739
f 3738 3739 3714
f 3737 3740 3739
f 3714 3739 4082
f 4100 3739 3740
f 3740 4103 4100
f 3741 3307 3713
f 3319 3725 3731
f 3731 3742 3319
f 3743 3746 2914
f 3744 3326 3746
f 3744 3745 3326
f 3746 3748 3744
f 9208 3750 9207
f 3744 3748 3745
f 3326 9207 3750
f 3746 3747 3748
f 3747 4096 3748
f 9208 4097 3749
f 4097 3750 3749
f 4097 3751 3750
f 3750 9208 3749
f 3753 3321 3322
f 3753 3322 3754
f 3322 3323 3754
f 3754 3323 3758
f 3755 3753 3754
f 3755 3754 3756
f 3754 3758 3756
f 3756 3757 3755
f 3757 4102 3740
f 3326 3325 3746
f 3751 3326 3750
f 3758 3323 3328
f 3783 3758 3328
f 4115 3756 3758
f 4115 3758 3783
f 3756 4115 4116
f 3773 3775 4120
f 3752 3760 3331
f 3760 3759 3761
f 3759 3765 3764
f 3765 3759 3760
f 3760 4414 3765
f 3763 3762 3761
f 3759 3763 3761
f 3764 3763 3759
f 9212 3767 3768
f 9211 9288 9213
f 3789 3769 9211
f 3771 3788 3770
f 3789 3788 3771
f 3770 3788 3786
f 3769 3789 3771
f 3771 3770 3772
f 3770 3773 3772
f 3774 3773 3770
f 3772 3769 3771
f 3775 3773 3774
f 3775 3774 4124
f 3797 4126 4127
f 3763 3776 3762
f 3338 3776 3763
f 3764 3338 3763
f 3765 3338 3764
f 3777 3338 3765
f 3777 3765 3778
f 3778 3766 3779
f 3778 3765 3766
f 3766 3780 3779
f 3780 3370 3779
f 3370 3780 3800
f 3784 3783 3781
f 3782 3785 3784
f 3785 3357 9209
f 3782 3357 3785
f 3781 3782 3784
f 3783 3784 9210
f 3785 9209 3784
f 9209 3357 9211
f 9211 3357 3789
f 3786 3787 3341
f 3786 3341 3342
f 3789 3357 3787
f 3787 3786 3788
f 3788 3789 3787
f 3786 3790 3770
f 3786 3342 3790
f 3790 3791 3774
f 3770 3790 3774
f 3774 3791 4124
f 4124 3791 3792
f 3795 3793 3345
f 3793 3795 3805
f 3795 3345 3794
f 3794 4125 3795
f 3796 3797 4127
f 3794 3796 4127
f 3794 4127 4125
f 3350 3799 3798
f 3798 3797 3350
f 3797 3798 4126
f 3798 3799 4133
f 4134 4133 3799
f 4134 3799 3806
f 3370 3800 3801
f 4130 3800 3780
f 3800 4130 3801
f 3802 3803 3372
f 3372 3801 3802
f 3802 3801 4130
f 4136 3808 4135
f 3791 3790 3395
f 3387 3804 3805
f 3387 3805 3386
f 3805 4146 3386
f 3805 3804 3793
f 2990 4134 2974
f 3807 3372 3803
f 4135 3808 3803
f 3812 3808 3810
f 3809 3812 3810
f 3811 3809 3810
f 3813 3809 3811
f 4148 4149 3813
f 4149 3814 3813
f 3791 3395 3816
f 3791 3816 3792
f 3792 3816 4142
f 4142 3817 4154
f 3819 3396 4147
f 4147 4155 3819
f 3809 3813 3398
f 3813 3814 3399
f 3399 3398 3813
f 3815 3399 3814
f 3399 3815 3400
f 4153 3400 3815
f 3816 3395 3820
f 3816 3820 3827
f 3827 3821 3816
f 3821 4142 3816
f 4142 3821 3817
f 3817 3821 3832
f 3817 3822 4161
f 3822 3817 3832
f 3396 3819 3818
f 4736 2990 3409
f 4158 3410 4157
f 3417 4163 3824
f 3407 3820 3395
f 3407 3827 3820
f 3827 3407 3826
f 3819 3834 3818
f 3408 3818 3834
f 3823 3416 3435
f 4744 3823 3435
f 3825 3835 3824
f 3825 4165 3835
f 3827 3826 3828
f 3827 3828 3830
f 3830 3821 3827
f 3828 3826 3829
f 3828 3829 3831
f 3828 3831 3830
f 3831 3829 3845
f 3845 3829 3842
f 3821 3830 3832
f 3830 3831 3832
f 3832 3831 3833
f 3834 3415 3408
f 3415 3834 3849
f 3435 4474 4744
f 3837 3829 3836
f 9214 3838 9215
f 3838 9108 3840
f 3840 9215 3838
f 9097 3841 9108
f 9097 9219 3841
f 3839 3829 9216
f 3829 3837 9216
f 3841 3840 9108
f 3829 3839 3842
f 3842 3839 9218
f 3839 9217 9218
f 3845 3842 3846
f 9219 9097 3846
f 3843 3848 3844
f 3846 9097 9220
f 3846 9220 9221
f 3845 3846 4175
f 3831 3845 9292
f 3847 3848 3843
f 3847 3843 3415
f 3848 3847 4176
f 4179 4176 3847
f 4177 9221 9293
f 9221 4177 4174
f 3415 3849 3847
f 3849 4179 3847
f 3849 4181 4179
f 3852 4474 3435
f 3850 3447 3835
f 4171 3850 3835
f 3851 3447 3850
f 4173 3851 3850
f 4172 4173 3850
f 4172 3850 4171
f 3851 4173 4182
f 3851 3448 3447
f 4182 3457 3448
f 3448 3851 4182
f 4182 3854 3457
f 3853 3852 3456
f 3853 3477 3855
f 4185 3853 3855
f 4185 3852 3853
f 3854 3467 3457
f 3467 3854 4186
f 3467 3858 3102
f 4186 3858 3467
f 3857 3855 3856
f 3857 3856 3862
f 3857 3862 4191
f 4191 4189 3857
f 4185 3857 4189
f 4185 3855 3857
f 3858 3860 3859
f 4186 3860 3858
f 3483 9222 3480
f 3486 3862 3856
f 3486 3861 3862
f 3862 3863 4191
f 3863 3862 3861
f 4197 3863 3869
f 4196 3879 3859
f 3865 3487 3875
f 3867 3865 3875
f 3867 3875 4201
f 9224 9296 4203
f 9222 3864 3488
f 9222 3868 3864
f 3866 3487 3865
f 3876 3864 3868
f 3865 3867 3866
f 9223 9225 9226
f 9224 4203 9227
f 3489 3488 3864
f 3869 3861 3508
f 3869 3863 3861
f 4207 3872 3870
f 3882 3871 3870
f 3871 4207 3870
f 4205 3871 3882
f 3874 3497 3872
f 3872 4207 3874
f 4208 3874 4207
f 3513 3873 3875
f 3877 3864 3876
f 3877 3876 3884
f 4219 3884 3876
f 3489 3864 3877
f 3878 3508 3514
f 3881 3510 3880
f 3894 3896 3880
f 3880 3896 4217
f 3881 3883 3510
f 3883 3881 4218
f 3882 3510 3883
f 3883 4205 3882
f 3870 3511 3882
f 3885 3886 3877
f 3885 3877 3884
f 3884 4235 3885
f 4236 3886 3885
f 3887 3499 3886
f 3886 3499 3877
f 4236 3887 3886
f 3887 3909 3888
f 3890 3889 3910
f 3505 3889 3890
f 3505 3890 3506
f 9228 3891 3506
f 9228 9229 3891
f 3891 9229 3911
f 3878 3514 3892
f 3878 3892 4220
f 4220 3892 4221
f 4216 3516 3509
f 4222 3516 4216
f 4222 3913 3516
f 3516 3913 3537
f 3895 3893 4224
f 3893 3895 3922
f 3896 3894 3895
f 4224 3896 3895
f 3898 3930 3897
f 3900 3899 3519
f 3899 3897 3520
f 3519 3902 3900
f 3898 3897 3899
f 4227 3900 3901
f 3901 3900 3902
f 3901 3902 4231
f 4227 3899 3900
f 3898 3899 4227
f 4231 3902 3903
f 3903 3528 3904
f 3904 4231 3903
f 4231 3904 4232
f 4232 3904 3905
f 3528 3905 3904
f 3905 3529 3906
f 3532 3906 3529
f 4233 3906 3907
f 3905 3906 3908
f 3908 3906 4233
f 3906 3533 3931
f 3909 3887 4237
f 3887 4236 4237
f 3502 3888 4261
f 4261 3888 3909
f 3502 4239 3889
f 3889 4239 3910
f 9229 4238 3911
f 4239 9301 3910
f 4239 3502 4261
f 3154 3891 3911
f 4221 3892 3535
f 3535 3912 4221
f 3537 3913 3540
f 3540 3916 3541
f 3913 3916 3540
f 3913 3914 3916
f 3913 3915 3914
f 3914 3918 3916
f 4222 3915 3913
f 3917 3541 3916
f 4267 3938 3917
f 3917 3916 3918
f 3917 3918 4247
f 4247 4267 3917
f 4246 3918 3914
f 4247 3918 4246
f 3543 3922 3895
f 3543 3545 3922
f 3921 3923 9230
f 9232 9231 9150
f 3920 9233 9149
f 3548 3930 3920
f 3545 3919 9235
f 9233 3920 3930
f 3925 3545 9235
f 9236 9234 3924
f 9237 9233 3930
f 3924 9238 9236
f 3926 3545 3925
f 3545 3926 3922
f 3927 9238 3924
f 9241 9237 3928
f 9237 3930 3928
f 3922 3926 3893
f 3929 9239 9242
f 3925 9243 3926
f 3928 9244 9241
f 3930 9244 3928
f 4250 9240 9245
f 3897 3930 3548
f 3907 3906 3931
f 3907 3931 3932
f 4241 3949 3576
f 3154 3911 4241
f 4242 3912 3935
f 3934 3935 3912
f 3940 3566 3939
f 3936 9246 9247
f 9248 3937 9155
f 3936 3564 9246
f 3939 3938 3941
f 3941 3940 3939
f 3941 3938 3943
f 3942 3940 3941
f 3935 3564 3936
f 9249 3936 9247
f 3944 3941 3943
f 3946 9249 9250
f 9251 3942 3941
f 3946 3935 3936
f 3946 3936 9249
f 3938 4267 3943
f 3945 3944 3943
f 4267 3945 3943
f 3947 3935 3946
f 9253 9254 9252
f 3945 4267 4268
f 3947 3946 3948
f 3948 9254 9253
f 3948 9253 9309
f 4268 4267 4269
f 3952 3951 3571
f 3573 3574 3950
f 3576 9255 3575
f 3575 9255 3950
f 3574 3575 3950
f 3954 3950 9255
f 3952 3571 3573
f 3573 3953 3952
f 3952 4274 3951
f 5133 4274 3952
f 3573 3950 4275
f 3953 3573 4275
f 5133 3952 3953
f 3953 4275 4276
f 4277 3954 9255
f 3954 4275 3950
f 3583 9258 3956
f 3956 9258 3955
f 3956 3968 3587
f 3959 3588 3957
f 3957 3590 3959
f 3957 4278 3590
f 3587 3958 3957
f 3958 4278 3957
f 3968 3958 3587
f 4562 3958 3968
f 3972 3607 3590
f 4278 3972 3590
f 9259 3961 9256
f 9257 3967 9260
f 3962 9256 3961
f 9261 9260 3967
f 3963 9256 3962
f 9262 3964 9263
f 9264 9261 3967
f 3970 9264 3967
f 9256 3963 3966
f 9267 3956 3955
f 3966 3963 3965
f 9265 9263 3964
f 9266 9264 3970
f 9267 3969 3956
f 9266 3970 4279
f 4279 3970 4284
f 3967 3604 3970
f 3956 3969 3968
f 3968 3969 4281
f 3970 3604 4309
f 4309 3604 3971
f 4278 4286 3972
f 4289 3973 3972
f 3607 3972 3973
f 3975 3976 3977
f 3976 3975 4291
f 3975 4587 4291
f 3977 4298 3984
f 3976 4298 3977
f 3976 4291 4298
f 3986 3609 3978
f 3979 3988 3986
f 3979 3986 3978
f 3980 3988 3979
f 3978 3593 3981
f 3978 3981 3979
f 3980 3983 3988
f 9268 3990 3988
f 3981 3982 3979
f 3979 3982 3980
f 4294 3990 9268
f 3982 3981 9269
f 3984 3981 3593
f 4294 4568 3990
f 3982 9269 4292
f 9317 4293 3982
f 4293 3980 3982
f 3983 3980 9320
f 3980 4293 9320
f 3986 3987 3609
f 3988 3985 3987
f 3988 3989 3985
f 3987 3986 3988
f 3988 3990 3989
f 3990 3991 3989
f 3610 3991 3617
f 3994 3998 3999
f 3996 3994 9273
f 9274 9276 9271
f 9277 9279 9275
f 9278 3997 9280
f 3998 3994 3996
f 3991 9282 3995
f 4000 3998 3996
f 9283 9284 9281
f 3999 3998 4001
f 3998 4000 4001
f 9283 4302 9284
f 4000 4301 4001
f 4001 4301 4303
f 3991 9328 9282
f 9284 4302 9326
f 4001 4303 3999
f 3971 4002 4309
f 4312 4311 4003
f 4311 4309 4002
f 4003 4004 4312
f 4312 4004 4313
f 4004 3625 4005
f 4005 3625 4006
f 4005 4006 4315
f 3629 4007 4315
f 4008 4009 4010
f 4598 4010 4009
f 4009 3631 4325
f 4599 4014 4015
f 6072 3228 3633
f 4019 4317 4011
f 3975 4011 4587
f 3636 4588 4025
f 3636 4318 4588
f 3637 4012 4318
f 4319 4318 4012
f 4012 3638 4319
f 3639 3216 4013
f 3639 4013 4319
f 4013 4321 4319
f 4013 3612 4320
f 4600 4015 3242
f 4017 3243 3244
f 3243 4017 4326
f 4017 3244 4016
f 4334 4017 4016
f 3244 4027 4016
f 4018 3659 4032
f 4018 4327 4019
f 4020 4021 4328
f 4020 3646 4021
f 4021 3646 4023
f 3649 4023 3646
f 4023 3649 4022
f 4022 3652 4023
f 4331 4023 3652
f 4024 4331 3652
f 4024 3653 4026
f 4024 3652 3651
f 4024 4026 4588
f 4614 4024 4588
f 3653 3654 4026
f 4026 3654 4025
f 4026 4025 4588
f 4027 3256 4337
f 4028 3256 3655
f 4337 3256 4028
f 4620 4028 4029
f 4338 3656 4354
f 4354 3656 3675
f 5229 3657 3261
f 5229 4031 3657
f 4031 4621 4340
f 4341 3658 4340
f 3658 4341 4032
f 4018 4032 4341
f 3711 4344 4072
f 4347 3711 4033
f 4344 3711 4347
f 3269 3663 4035
f 4034 3269 4035
f 4034 4035 4628
f 3667 4036 4035
f 4035 4036 4348
f 4349 3668 3669
f 4349 3669 3672
f 4349 3672 4037
f 4348 3668 4349
f 4036 3668 4348
f 4041 4039 4038
f 4039 4041 4043
f 4038 4037 3672
f 4039 4043 4352
f 4351 4633 4037
f 4351 4037 4038
f 4351 4038 4039
f 3644 3645 4044
f 4044 3645 4020
f 4043 4041 4042
f 4041 4040 4042
f 4040 3644 4042
f 4043 4042 4045
f 4046 4045 4042
f 4042 3644 4044
f 4042 4044 4046
f 4352 4045 4046
f 4352 4043 4045
f 4046 4044 4328
f 4328 4044 4020
f 4353 4352 4046
f 3675 4049 4047
f 4048 4354 3675
f 4048 3675 4047
f 4048 4047 4355
f 4355 4047 4635
f 4050 3676 4909
f 4051 3682 4052
f 4051 4052 4357
f 4357 4052 3682
f 3684 3685 4053
f 4359 4054 3684
f 4057 4053 3685
f 4057 3685 4056
f 4056 4055 4058
f 4058 4055 4059
f 4057 4056 4058
f 4058 4059 4360
f 4053 4057 4361
f 4361 4057 4058
f 4649 4059 4365
f 4365 4059 4060
f 4061 3687 4062
f 4366 4062 4063
f 4063 4367 4366
f 4367 4063 3282
f 3282 3688 4064
f 4367 3282 4064
f 3692 3690 4065
f 4064 3688 4065
f 4064 4065 4368
f 4368 4065 3690
f 4067 4066 4373
f 3705 4069 3704
f 4374 3705 4071
f 4068 4070 4372
f 4069 4070 4068
f 4070 4069 3705
f 4374 4070 3705
f 4072 4374 4071
f 4071 3709 4072
f 4344 4345 4072
f 4076 4073 4084
f 4073 4075 3712
f 4075 4073 4076
f 4076 4084 4085
f 4376 4377 4085
f 4074 3712 4075
f 4075 4078 4074
f 4076 4377 4075
f 4085 4377 4076
f 4377 4381 4075
f 4077 4078 4079
f 4079 4089 4077
f 4080 4089 4079
f 4075 4079 4078
f 4381 4388 4079
f 4075 4381 4079
f 4388 4380 4079
f 4080 4382 4092
f 4380 4080 4079
f 4383 4092 4382
f 4080 4380 4382
f 4386 4383 4382
f 4384 4385 4095
f 4095 4385 4396
f 4082 4083 4081
f 4086 4081 4083
f 4081 4084 3716
f 4081 4085 4084
f 4086 4085 4081
f 4401 4086 4083
f 4086 4376 4085
f 4077 4089 4088
f 4087 4077 4088
f 4088 3727 4087
f 4087 4078 4077
f 4087 4074 4078
f 4080 4090 4089
f 4090 3733 4089
f 3743 3733 4090
f 4091 3743 4090
f 4094 4091 4093
f 4091 4090 4080
f 4091 4080 4092
f 4093 4091 4092
f 4383 4093 4092
f 4094 4093 4383
f 4094 4095 4099
f 4099 4095 4396
f 4095 4383 4384
f 4094 4383 4095
f 4098 4096 3746
f 9208 4096 4097
f 4096 4098 4099
f 4097 4096 4099
f 4094 4099 4098
f 4094 4098 4091
f 4099 3751 4097
f 4100 4082 3739
f 4083 4082 4100
f 4100 4101 4083
f 4100 4103 4101
f 4101 4401 4083
f 4401 4101 4702
f 4107 4101 4103
f 4403 3752 3751
f 3756 4116 3757
f 4116 4102 3757
f 4103 3740 4102
f 4102 4104 4103
f 4102 4116 4104
f 4121 4120 4105
f 9291 9285 4116
f 4103 4104 4107
f 4122 4106 4105
f 9285 4108 4104
f 4116 9285 4104
f 9287 4105 4106
f 4109 4110 4415
f 4122 4110 4109
f 4104 4108 4107
f 9286 9287 4109
f 4122 9287 4106
f 4109 9287 4122
f 4112 4110 4123
f 4112 4111 4110
f 4415 4110 4416
f 4111 4416 4110
f 4417 4111 4112
f 4112 4123 4113
f 4112 4113 4417
f 4417 4113 4408
f 4408 4113 4422
f 3752 4413 3760
f 4414 3760 4413
f 3766 3765 4114
f 3769 9288 9211
f 4116 4115 4117
f 9288 3769 9289
f 4119 9291 4116
f 4116 4117 4119
f 9290 9289 4118
f 4118 4121 9290
f 3769 4118 9289
f 3773 4120 3772
f 4118 3769 3772
f 3772 4120 4121
f 3772 4121 4118
f 4122 4105 4120
f 4122 3775 4123
f 4122 4120 3775
f 4123 4110 4122
f 4123 4124 4113
f 4422 4113 4124
f 4124 4131 4422
f 4419 4422 4131
f 4114 3780 3766
f 4114 4424 3780
f 4130 3780 4424
f 3775 4124 4123
f 4131 4132 4419
f 4429 4127 4428
f 4125 4127 4429
f 4426 4125 4427
f 4125 4429 4427
f 4126 4128 4129
f 4127 4126 4428
f 4428 4126 4129
f 4129 4430 4429
f 4133 4431 4128
f 4129 4128 4431
f 4711 4130 4424
f 4130 4711 3802
f 3802 4711 4434
f 4124 3792 4142
f 4124 4142 4131
f 4131 4142 4143
f 4131 4143 4132
f 4132 4143 4144
f 4425 4132 4145
f 3795 4125 4426
f 4128 4126 3798
f 4133 4128 3798
f 4439 4133 4134
f 4439 4431 4133
f 4721 4431 4439
f 4134 4727 4439
f 4445 4727 4134
f 3803 3802 4434
f 3803 4434 4135
f 4136 4135 4434
f 4138 3808 4136
f 4137 4138 4136
f 4136 4434 4137
f 4137 4434 4435
f 4138 4436 3810
f 3810 4436 3811
f 4139 3811 4436
f 4151 4140 4141
f 4437 4140 4151
f 4139 4436 4437
f 4151 4139 4437
f 4152 4141 4441
f 4143 4154 4144
f 4144 4154 4145
f 4144 4145 4132
f 4147 4146 4726
f 4726 4735 4147
f 2990 4445 4134
f 4138 3810 3808
f 4148 3813 3811
f 3811 4139 4148
f 4149 4148 4151
f 4139 4151 4148
f 4152 4151 4141
f 4149 4151 3814
f 3814 4151 3815
f 4151 4150 3815
f 4151 4152 4150
f 4152 3815 4150
f 4442 4153 4152
f 4153 3815 4152
f 4142 4154 4143
f 4145 4154 4161
f 4145 4161 4443
f 4162 4443 4161
f 4735 4155 4147
f 3823 4736 3409
f 4153 4156 4157
f 4447 4156 4153
f 4448 4156 4447
f 4156 4448 4158
f 4158 4157 4156
f 4159 4163 4158
f 4448 4159 4158
f 4448 4160 4159
f 4160 4163 4159
f 4160 4450 4163
f 3817 4161 4154
f 3822 4162 4161
f 4169 3819 4155
f 3410 4158 3417
f 4163 3417 4158
f 3824 4163 3825
f 4163 4456 3825
f 4163 4451 4456
f 4165 3825 4456
f 4456 4457 4165
f 4164 4162 3822
f 3819 4169 3834
f 4170 4165 4166
f 4166 4165 4457
f 3835 4165 4170
f 3833 3822 3832
f 4167 3822 3833
f 3831 4178 4167
f 3831 4167 3833
f 4164 3822 4167
f 4169 4168 3834
f 4169 4471 4168
f 4471 4472 4168
f 3835 4170 4171
f 4171 4170 4166
f 4171 4173 4172
f 4166 4173 4171
f 4463 4173 4166
f 4463 4182 4173
f 4174 4175 3846
f 9221 4174 3846
f 4175 4174 4177
f 4178 3831 9292
f 4175 4177 9294
f 4179 4180 4176
f 4177 9293 9295
f 3834 4168 3849
f 4181 3849 4168
f 4476 4180 4179
f 4464 4177 9295
f 4464 9295 9343
f 4168 4472 4181
f 4181 4475 4179
f 4476 4179 4475
f 4482 3854 4182
f 4185 4183 3852
f 4184 4187 3854
f 4483 4185 4190
f 4187 4186 3854
f 3860 4186 4194
f 4188 4194 4186
f 4188 4195 4194
f 4188 4186 4187
f 4185 4189 4190
f 4192 4190 4189
f 4189 4191 4192
f 4193 4190 4192
f 4193 4490 4190
f 4193 4489 4490
f 4199 4489 4193
f 4194 3859 3860
f 4196 3859 4194
f 4195 4196 4194
f 4493 4196 4195
f 4197 4191 3863
f 4191 4197 4192
f 4193 4192 4197
f 4199 4193 4197
f 4199 4495 4489
f 3869 4198 4197
f 4199 4197 4198
f 4215 4495 4199
f 4198 4215 4199
f 4200 3879 4196
f 3879 4200 4204
f 9297 4202 9298
f 3868 9298 4202
f 4202 4210 3868
f 4212 4202 9297
f 9299 4211 4506
f 9299 4201 4211
f 4214 4198 3869
f 4214 3869 3508
f 4214 4215 4198
f 4206 4205 3883
f 4206 4500 4205
f 4500 4501 4205
f 4500 4218 4513
f 4500 4206 4218
f 4501 3871 4205
f 3871 4501 4207
f 4501 4209 4207
f 4209 4208 4207
f 4502 3873 3874
f 3874 4208 4209
f 4209 4502 3874
f 4502 4506 3873
f 3875 3873 4506
f 4209 4501 4502
f 4202 9300 4210
f 4211 4201 3875
f 9300 4507 4210
f 4211 3875 4506
f 4213 4507 9300
f 9348 4213 9300
f 4210 3876 3868
f 4210 4219 3876
f 4214 3508 3878
f 4215 4214 3878
f 4220 4215 3878
f 4510 4215 4220
f 4498 4215 4510
f 4510 4220 4514
f 4216 3509 4204
f 4512 4216 4204
f 4499 4512 4204
f 4216 4512 4222
f 4217 3881 3880
f 4217 4218 3881
f 4218 4217 4513
f 4206 3883 4218
f 4234 3884 4219
f 4210 4530 4219
f 4219 4530 4234
f 3884 4234 4235
f 4222 4516 4517
f 4222 4244 3915
f 3893 4223 4224
f 4225 4224 4223
f 4225 4223 4521
f 4520 4223 3893
f 4223 4520 4521
f 4520 3893 4249
f 4225 4217 3896
f 4225 3896 4224
f 4521 4217 4225
f 4254 3930 3898
f 3898 4226 4254
f 4522 4254 4226
f 4523 4522 4226
f 4231 4228 3901
f 4226 3898 4227
f 4227 3901 4228
f 4227 4229 4226
f 4227 4228 4229
f 4229 4228 4230
f 4230 4228 4232
f 4230 4232 4526
f 4226 4229 4523
f 4230 4523 4229
f 4228 4231 4232
f 4232 3905 4527
f 4527 3905 3908
f 4233 4529 3908
f 4255 4529 4233
f 4527 3908 4529
f 4233 3907 4255
f 4236 3885 4235
f 4257 4237 4236
f 4235 4257 4236
f 4259 4237 4257
f 4238 4240 4241
f 4238 4241 3911
f 4266 4239 4261
f 4239 4266 9302
f 4239 9302 9301
f 4266 4262 9302
f 9302 4262 4263
f 4240 9307 4241
f 4221 3912 4242
f 3914 3915 4243
f 4244 4243 3915
f 4243 4244 4245
f 4533 4243 4245
f 4245 4244 4518
f 3914 4243 4246
f 4248 4247 4246
f 4247 4248 4270
f 4267 4247 4270
f 4243 4533 4246
f 4246 4533 4248
f 4249 3893 3926
f 4249 3926 9303
f 4251 4249 9303
f 4252 4251 9303
f 9304 4250 9245
f 9244 3930 9305
f 9305 3930 4538
f 4535 4520 4251
f 4520 4249 4251
f 4251 4252 4535
f 4536 4520 4535
f 9352 9350 9306
f 4538 3930 4253
f 4254 4253 3930
f 4539 4253 4254
f 4255 3907 3932
f 4255 3932 4256
f 4256 3932 3933
f 4258 4257 4235
f 4235 4234 4258
f 4237 4260 3909
f 4259 4260 4237
f 4257 4258 4259
f 4259 4548 4260
f 4258 4546 4259
f 4259 4546 4548
f 4260 4261 3909
f 4260 4548 4261
f 4262 4264 4263
f 4241 9307 3949
f 4266 4264 4262
f 4265 3949 9307
f 4264 9308 4263
f 4266 9308 4264
f 4265 4551 3949
f 4242 3935 4543
f 3935 4271 4543
f 3935 3947 4271
f 3947 3948 4271
f 4271 3948 9309
f 9312 9310 9311
f 4270 4269 4267
f 4270 4272 4269
f 9313 9312 9311
f 3951 4273 3933
f 4273 3951 4554
f 4273 4256 3933
f 4551 9314 3949
f 4554 4553 4273
f 4554 3951 4274
f 4276 5133 3953
f 4276 4275 4556
f 4556 4275 3954
f 4556 3954 4277
f 4830 9314 4551
f 3958 4562 4278
f 3965 4280 3966
f 9267 4281 3969
f 4280 3965 4279
f 9267 9315 4281
f 4282 4279 4284
f 4280 4279 4283
f 4283 4279 4282
f 9315 9316 4281
f 4561 4282 4284
f 4285 4561 4284
f 4559 4281 9316
f 4560 4283 4282
f 4560 4282 4561
f 4309 4284 3970
f 4284 4309 4285
f 4310 4285 4309
f 4558 3968 4281
f 4562 4287 4278
f 4287 4286 4278
f 4288 4286 4287
f 4562 4288 4287
f 4286 4289 3972
f 4286 4288 4289
f 4288 4563 4289
f 4289 4290 3973
f 4290 4289 4563
f 4563 4565 4290
f 4290 4566 3974
f 4565 4566 4290
f 4863 3974 4566
f 4291 4847 4298
f 4295 9319 9318
f 4295 9321 9319
f 9324 4292 9269
f 9318 4296 4295
f 4296 4297 4295
f 4297 9321 4295
f 9323 4300 4294
f 9324 9322 4292
f 4299 4297 4296
f 9323 9325 4300
f 4300 4568 4294
f 9324 4567 9322
f 9356 4299 4296
f 4568 3991 3990
f 4569 3991 4568
f 3991 4569 4308
f 4320 3999 4303
f 4320 4303 4322
f 4304 9328 3991
f 9329 4305 9327
f 4301 4307 4303
f 9331 4307 4301
f 9330 4305 9329
f 3991 4308 4304
f 4305 9330 9332
f 9333 4307 9331
f 4306 4303 4307
f 4571 4307 9333
f 4573 4306 4307
f 4309 4311 4310
f 4577 4310 4311
f 4002 4003 4311
f 4577 4311 4580
f 4580 4311 4312
f 4313 4004 4582
f 4004 4005 4582
f 4582 4005 4314
f 4314 4005 4315
f 4314 4315 4583
f 4313 4582 4594
f 4860 4582 4314
f 9402 4314 4583
f 4007 4316 4315
f 4323 4315 4316
f 4595 4315 4323
f 4598 4009 4325
f 3974 5187 6072
f 3974 6072 3633
f 4327 4317 4019
f 4011 4317 4587
f 4586 4317 4327
f 4321 4013 4320
f 4319 4321 4589
f 3612 3999 4320
f 4321 4320 4322
f 4322 4303 4306
f 4324 4316 4007
f 4014 4325 3631
f 4324 4007 4010
f 4324 4010 4876
f 4010 4598 4876
f 5202 4014 4599
f 4599 4015 4600
f 3243 4326 4601
f 4335 4326 4017
f 4326 4335 4618
f 4603 3634 6072
f 3634 4603 3245
f 4604 4327 4018
f 4604 4605 4327
f 4328 4021 4329
f 4329 4021 4023
f 4329 4023 4330
f 4330 4023 4332
f 4329 4330 4607
f 4330 4608 4607
f 4330 4332 4608
f 4023 4331 4332
f 4333 4331 4024
f 4333 4024 4614
f 4333 4614 4613
f 4333 4613 4610
f 4610 4332 4331
f 4610 4331 4333
f 4334 4016 4336
f 4335 4017 4334
f 4618 4334 4336
f 4335 4334 4618
f 4336 4016 4027
f 4027 4337 4336
f 4028 4620 4619
f 5224 4337 4028
f 3656 4338 4339
f 4030 3656 4339
f 4621 5231 4340
f 4340 5206 4341
f 4372 4070 4342
f 4342 4070 4343
f 4342 4623 4660
f 4623 4342 4343
f 4623 4343 4374
f 4375 4072 4346
f 4345 4346 4072
f 4899 4346 4345
f 4628 4347 4033
f 4628 4033 4034
f 4628 4627 4347
f 4628 4035 4630
f 4630 4035 4348
f 4348 4349 4350
f 4349 4037 4350
f 4630 4348 4350
f 4633 4350 4037
f 4351 4039 4352
f 4633 4351 4352
f 4353 4046 4328
f 4904 4338 4354
f 4354 4048 4355
f 5244 4355 4635
f 4635 4047 4049
f 4906 4635 4049
f 4637 2533 4050
f 4637 4050 4636
f 4636 4050 4909
f 4049 2533 4637
f 4906 4049 4637
f 4639 4909 3676
f 4639 3676 4051
f 4051 4357 4913
f 4913 4357 4917
f 4357 3682 4356
f 4917 4357 4356
f 4640 3683 4358
f 4358 3683 4054
f 4918 4358 4054
f 4918 4054 4644
f 3684 4053 4645
f 4644 4054 4359
f 4359 3684 4645
f 4058 4360 4361
f 4360 4362 4361
f 4362 4360 4059
f 4053 4361 4363
f 4363 4361 4364
f 4364 4361 4362
f 4059 4649 4646
f 4647 4053 4363
f 4649 4365 4650
f 4650 4365 4931
f 4651 4365 4060
f 4061 4062 4934
f 4060 4061 4934
f 4366 4934 4062
f 4367 4656 4366
f 4652 4366 4656
f 4367 4064 4656
f 4654 4656 4064
f 3690 3693 4369
f 4368 4657 4064
f 4368 3690 4369
f 4654 4064 4657
f 4370 3693 4067
f 4370 4067 4371
f 4371 4067 4373
f 4370 4369 3693
f 4370 4659 4369
f 4659 4370 4371
f 4371 4373 4661
f 4659 4371 4893
f 4893 4371 4661
f 4372 4342 4660
f 4372 4660 4373
f 4343 4070 4374
f 4661 4373 4660
f 4374 4072 4375
f 4376 4378 4377
f 4378 4376 4379
f 4378 4379 4663
f 4379 4665 4663
f 4388 4382 4380
f 4381 4662 4388
f 4378 4381 4377
f 4662 4392 4388
f 4663 4381 4378
f 4663 4662 4381
f 4392 4662 4395
f 4384 4383 4390
f 4387 4385 4384
f 4387 4384 4390
f 4383 4386 4390
f 4382 4388 4386
f 4390 4389 4387
f 4387 4389 4385
f 4393 4394 4389
f 4388 4392 4386
f 4392 4391 4390
f 4389 4391 4393
f 4389 4390 4391
f 4385 4389 4394
f 4394 4396 4385
f 4390 4386 4392
f 4391 4395 4393
f 4391 4392 4395
f 4669 4393 4395
f 4394 4393 4675
f 4393 4669 4675
f 4402 4396 4397
f 4402 4398 4403
f 4397 4396 4394
f 4402 4397 4398
f 4673 4398 4397
f 4673 4397 4674
f 4677 4403 4398
f 4673 4678 4398
f 4400 4405 4404
f 4405 4400 4399
f 4399 4684 4405
f 4683 4405 4684
f 4086 4401 4376
f 4376 4401 4379
f 4099 4396 4402
f 4402 3751 4099
f 4402 4403 3751
f 4403 4404 3752
f 3752 4404 4413
f 4404 4405 4413
f 4403 4677 4404
f 4404 4677 4400
f 4414 4413 4405
f 4690 4414 4405
f 4683 4690 4405
f 4690 4691 4414
f 4107 4406 4101
f 9337 4407 4406
f 4409 4406 4407
f 4702 4101 4411
f 4410 4407 4408
f 4407 4417 4408
f 4101 4406 4411
f 4407 4410 4409
f 4410 4408 4412
f 4406 4409 4411
f 9335 4409 4410
f 4412 9335 4410
f 4412 4408 4418
f 4412 9367 9335
f 4412 4418 4703
f 4703 9367 4412
f 4703 4418 4704
f 4414 4691 3765
f 3765 4691 4114
f 4707 4420 4114
f 4415 9286 4109
f 4107 9336 4406
f 4111 4417 4407
f 9336 9337 4406
f 4111 4407 4416
f 4422 4418 4408
f 4418 4422 4419
f 4704 4418 4419
f 4704 4419 4705
f 4420 4424 4114
f 4421 4424 4420
f 4711 4424 4421
f 4421 4420 4968
f 4708 4419 4423
f 4715 4434 4711
f 4715 4435 4434
f 4419 4132 4423
f 4132 4425 4423
f 4423 4425 4714
f 4427 4429 4717
f 4426 4427 4718
f 4428 4129 4429
f 4717 4429 4719
f 4431 4430 4129
f 4430 4431 4432
f 4433 4432 4431
f 4430 4719 4429
f 4727 4721 4439
f 4433 4431 4721
f 4723 4721 4727
f 4993 4137 4435
f 4993 4435 4712
f 4436 4137 4993
f 4437 4724 4140
f 4440 4140 4724
f 4724 4437 4992
f 4440 4724 4725
f 4425 4145 4444
f 4444 4438 4425
f 4438 4444 4443
f 4438 4443 4991
f 4426 4718 3805
f 3805 3795 4426
f 4146 3805 4726
f 4436 4138 4137
f 4736 5017 4445
f 4152 4441 4442
f 4140 4440 4441
f 4441 4141 4140
f 4440 4725 4441
f 4725 4442 4441
f 4728 4442 4725
f 4728 4153 4442
f 4446 4153 4728
f 4729 4446 4728
f 4729 4449 4446
f 4444 4145 4443
f 4994 4443 4162
f 4443 4994 4991
f 4445 2990 4736
f 4153 4446 4449
f 4447 4153 4449
f 4447 4449 4448
f 4162 4164 4994
f 5331 4155 4735
f 4155 5331 4738
f 4160 4448 4449
f 4451 4163 4450
f 4451 4450 4453
f 4452 4451 4453
f 4452 4457 4456
f 4453 4454 4452
f 4454 4457 4452
f 4454 4455 4457
f 4458 4455 4739
f 4461 4169 4155
f 4155 4738 4461
f 4451 4452 4456
f 4457 4458 4166
f 4458 4457 4455
f 4739 4463 4458
f 4463 4166 4458
f 4740 4164 4460
f 4740 4460 4742
f 4745 4748 4463
f 4459 4164 4167
f 4167 4466 4459
f 4459 4460 4164
f 4460 4459 4742
f 4169 4461 4471
f 4471 4461 4462
f 4182 4463 4482
f 4749 4482 4463
f 4748 4749 4463
f 9294 4177 4465
f 4167 4178 9339
f 4177 9338 4465
f 9343 4469 4464
f 4167 9339 4466
f 9338 4467 4465
f 4466 9339 9340
f 9341 4464 4469
f 4468 4466 9340
f 4459 4466 4468
f 9342 9341 4469
f 4181 4477 4475
f 4469 9343 4750
f 4478 4750 9343
f 4470 4459 4468
f 4469 9368 9342
f 4181 4479 4477
f 4181 4472 4479
f 4471 4473 4472
f 4462 4473 4471
f 4462 4757 4473
f 4183 4474 3852
f 4474 4183 4762
f 4482 4749 5028
f 4475 9344 4476
f 4477 9344 4475
f 4480 9344 4477
f 4481 4480 4479
f 4479 4480 4477
f 4472 4761 4479
f 4479 4761 4481
f 4758 9344 4480
f 9345 4758 4480
f 9345 9372 4758
f 4752 4478 9370
f 4765 4762 4183
f 4184 3854 4482
f 4482 4484 4184
f 4183 4185 4765
f 4483 4765 4185
f 4187 4184 4485
f 4184 4484 4485
f 4487 4187 4485
f 4485 4484 4767
f 4487 4485 4486
f 4187 4487 4188
f 4771 4487 4486
f 4487 4195 4188
f 4487 4488 4195
f 4493 4195 4488
f 4493 4488 4492
f 4488 4487 4771
f 4483 4190 4490
f 4490 4769 4483
f 4491 4769 4490
f 4491 4490 4489
f 4489 4494 4491
f 4769 4491 4770
f 4200 4196 4493
f 4774 4496 4493
f 4492 4774 4493
f 4495 4494 4489
f 4215 4494 4495
f 4215 4498 4494
f 4494 4498 4775
f 4498 4778 4775
f 4200 4493 4496
f 4497 4200 4496
f 4776 4496 4774
f 4204 4200 4497
f 4498 4787 4778
f 4499 4204 4497
f 4497 4779 4499
f 4779 4788 4499
f 5072 5062 4513
f 5062 4500 4513
f 4781 4502 4501
f 4508 4506 4502
f 4503 4508 4502
f 9346 4504 9349
f 9349 4504 4509
f 4504 4507 4509
f 4502 4781 4503
f 9376 4505 9346
f 4504 9346 4505
f 4782 9347 9377
f 4783 4504 9347
f 4504 4783 4507
f 9347 4782 4783
f 4789 4507 4783
f 4213 9348 9349
f 4213 9349 4509
f 4509 4507 4213
f 4507 4530 4210
f 4510 4787 4498
f 4792 4787 4511
f 4511 4787 4510
f 4510 4514 4511
f 4788 4512 4499
f 4788 4516 4512
f 4217 5072 4513
f 4804 4507 4789
f 4530 4507 4804
f 4511 4514 4515
f 4221 4514 4220
f 4221 4531 4514
f 4514 4531 4515
f 4242 4531 4221
f 4512 4516 4222
f 4516 4795 4517
f 4222 4518 4244
f 4517 4518 4222
f 4797 4521 4520
f 5072 4217 4521
f 4800 4540 4522
f 4819 4540 4800
f 4254 4522 4540
f 4800 4522 4523
f 4802 4800 4525
f 4800 4523 4525
f 4525 4523 4230
f 4230 4526 4524
f 4524 4526 4527
f 4230 4524 4525
f 4524 4527 4801
f 4525 4524 4801
f 4526 4232 4527
f 4801 4527 4528
f 4528 4527 4529
f 4801 4528 4803
f 4528 4529 4803
f 4530 4804 4805
f 4530 4541 4234
f 4530 4805 4541
f 4242 4808 4531
f 4518 4532 4245
f 4517 4519 4518
f 4519 4532 4518
f 4809 4532 4519
f 4532 4533 4245
f 4534 4533 4532
f 4533 4534 4248
f 4534 4270 4248
f 4270 4534 4821
f 4535 4537 4536
f 9351 9350 9352
f 4536 4537 4814
f 9378 9351 9352
f 4815 4538 4819
f 4538 4253 4539
f 4538 4539 4819
f 4539 4254 4540
f 4540 4819 4539
f 5103 4255 5117
f 5117 4255 4256
f 4258 4234 4541
f 4545 4258 4541
f 4546 4258 4545
f 4266 4542 9308
f 4820 4242 4543
f 4543 4271 4544
f 4544 9312 9313
f 4821 4272 4270
f 4823 4544 9313
f 4544 4823 4822
f 5117 4256 4273
f 4547 4546 4545
f 4546 4550 4548
f 4547 4550 4546
f 4828 4550 4547
f 4829 4550 4828
f 4829 4266 4261
f 4550 4549 4548
f 4548 4549 4261
f 4261 4549 4829
f 4829 4549 4550
f 4542 4266 4829
f 9308 4542 9353
f 9353 4542 9390
f 4553 4552 4273
f 5117 4273 4552
f 4555 4552 4553
f 4557 9314 4830
f 4555 4553 4554
f 4556 4833 4276
f 5133 4276 4833
f 4556 4277 9354
f 4559 4558 4281
f 9355 4283 4560
f 4559 4837 4558
f 4835 9355 4560
f 9392 4560 4561
f 4558 4562 3968
f 4285 4310 4574
f 4561 4285 4574
f 4840 4561 4574
f 4558 4842 4562
f 4562 4564 4288
f 4562 4842 4843
f 4288 4564 4563
f 4563 4564 4565
f 4564 4844 4565
f 4846 4566 4565
f 4844 4846 4565
f 5187 4863 4566
f 4863 5187 3974
f 5148 4291 4587
f 9324 9395 4567
f 4848 4300 9325
f 4300 4848 4849
f 4567 9395 4850
f 9398 9397 9356
f 9397 4299 9356
f 4854 4572 4569
f 4570 9358 9334
f 4573 4307 4571
f 4569 9357 4308
f 4569 4572 9357
f 4572 4854 9357
f 4570 9400 9358
f 9359 4854 4855
f 4574 4576 4575
f 4840 4574 4575
f 4576 4574 4310
f 4576 4577 4578
f 4310 4577 4576
f 4578 4857 4576
f 4579 4577 4580
f 4577 4579 4578
f 4578 4579 4858
f 4859 4579 4580
f 4312 4313 4581
f 4859 4580 4581
f 4581 4580 4312
f 4859 4581 4862
f 4581 4313 4594
f 4594 4582 4860
f 4594 4860 4861
f 4583 4315 4595
f 4871 4583 4595
f 4323 4316 4585
f 4872 4323 4585
f 4585 4316 4584
f 4585 4584 4596
f 4586 5148 4317
f 5148 4587 4317
f 4866 4319 4589
f 4589 4321 4591
f 4589 4591 4590
f 4591 4593 4590
f 4866 4589 4590
f 4590 4593 4867
f 5190 4866 4590
f 4591 4322 4593
f 4593 4322 4592
f 4322 4306 4592
f 4321 4322 4591
f 4592 4870 4593
f 4592 4306 4573
f 4870 4592 4573
f 9402 4583 4871
f 4595 4323 4872
f 4871 4595 4872
f 4872 4585 4874
f 4584 4316 4324
f 4873 4324 4876
f 4597 4596 4584
f 4597 4324 4873
f 4597 4584 4324
f 4585 4596 4874
f 4325 4014 5505
f 4598 4325 5505
f 5202 5505 4014
f 3242 5204 4600
f 3242 3243 4601
f 4618 4889 4326
f 4602 4601 4326
f 4326 4889 4602
f 4018 4341 5207
f 4018 5207 4604
f 4604 4877 4605
f 4328 4329 4609
f 4879 4328 4609
f 4879 4606 4328
f 4609 4329 4607
f 4608 4609 4607
f 4608 4332 4611
f 4611 4332 4610
f 4612 4608 4611
f 4884 4611 4610
f 4612 4611 4883
f 4884 4883 4611
f 4615 4613 4614
f 4616 4613 4615
f 4615 4617 4616
f 4617 4615 4614
f 4616 4610 4613
f 4885 4616 4617
f 4886 4610 4616
f 4885 4886 4616
f 4885 4617 4887
f 4887 4617 4614
f 4618 4336 4891
f 4618 4891 4889
f 4891 4336 4337
f 5224 4028 4619
f 5225 4619 4892
f 5224 4619 5225
f 4619 4620 4892
f 4620 4029 5240
f 4904 4339 4338
f 5227 5229 2845
f 5231 5205 4340
f 4623 4622 4660
f 4624 4623 4374
f 4896 4622 4623
f 4624 4896 4623
f 4896 4660 4622
f 4374 4896 4624
f 4375 4346 4899
f 4626 4374 4375
f 4898 4626 4375
f 4626 4625 4374
f 4375 4899 4898
f 4899 4345 4344
f 4344 4347 4899
f 4627 4901 4347
f 4901 4899 4347
f 4627 4628 4629
f 4901 4627 4629
f 4901 4629 4628
f 5237 4628 4630
f 4350 4902 4630
f 4350 4633 4902
f 4631 4633 4352
f 4352 4353 4631
f 4631 4353 4632
f 4632 4353 4606
f 4903 4631 4634
f 4634 4631 4632
f 4903 4633 4631
f 4328 4606 4353
f 4029 4030 5240
f 4354 4355 5243
f 5243 4355 5244
f 4635 4906 4905
f 4636 4909 4908
f 4638 4637 4636
f 4637 4638 4906
f 4908 4638 4636
f 4639 4051 4913
f 4913 4917 5253
f 4356 3682 4641
f 3682 4640 4641
f 4640 4915 4641
f 4915 4640 4919
f 4356 4641 4917
f 4641 4915 4914
f 4917 4641 4914
f 4919 4640 4642
f 4642 4640 4358
f 4919 4642 4643
f 4642 4358 4643
f 4918 4643 4358
f 4919 4643 4918
f 4053 4647 4645
f 4359 4922 4644
f 4359 4645 4921
f 4645 4647 4921
f 4921 4920 4359
f 4920 4922 4359
f 4921 4647 4925
f 4362 4059 4646
f 4647 4363 4648
f 4926 4364 4362
f 4648 4363 4364
f 4926 4648 4364
f 4924 4362 4646
f 4924 4926 4362
f 4931 4365 4651
f 4931 5264 4650
f 5264 4649 4650
f 4930 4646 4649
f 5264 4930 4649
f 4060 4932 4651
f 4932 4060 4934
f 4931 4651 4932
f 5805 4932 4934
f 4933 4366 4652
f 4934 4366 4933
f 4652 4656 4653
f 4933 4652 4653
f 4655 4654 4657
f 4368 4658 4657
f 4658 4368 4369
f 4935 4369 4659
f 4655 4657 4658
f 4893 4661 4894
f 4660 4894 4661
f 4895 4894 4660
f 4660 4896 4895
f 4379 4969 4665
f 4395 4664 4669
f 4664 4395 4662
f 4663 4664 4662
f 4663 4665 4667
f 4667 4666 4663
f 4666 4664 4663
f 4664 4672 4670
f 4664 4666 4672
f 4665 4969 4667
f 4672 4666 4668
f 4956 4666 4667
f 4666 4956 4668
f 4667 4969 4956
f 4675 4669 4670
f 4670 4669 4664
f 4671 4675 4670
f 4957 4939 4671
f 4671 4939 4675
f 4670 4672 4957
f 4670 4957 4671
f 4672 4668 4957
f 4674 4397 4394
f 4678 4673 4674
f 4674 4394 4675
f 4674 4676 4678
f 4675 4676 4674
f 4680 4678 4676
f 4675 4937 4676
f 4939 4937 4675
f 4678 4679 4398
f 4677 4398 4679
f 4679 4681 4677
f 4679 4936 4681
f 4678 4680 4679
f 4679 4680 4936
f 4676 4937 4680
f 4937 4936 4680
f 4677 4682 4400
f 4400 4682 4399
f 4684 4399 4682
f 4682 4677 4681
f 4683 4685 4690
f 4686 4684 4682
f 4686 4685 4684
f 4683 4684 4685
f 4681 4686 4682
f 4688 4690 4685
f 4688 4691 4690
f 4687 4686 4681
f 4685 4686 4687
f 4685 4687 4688
f 4681 4689 4687
f 4689 4688 4687
f 4965 4691 4688
f 4965 4966 4691
f 4692 4691 4966
f 4965 4688 4689
f 4379 4401 4693
f 4703 4697 9367
f 4401 4702 9362
f 4379 4693 4969
f 4693 4696 4969
f 4401 9362 4693
f 4693 4695 4696
f 9362 4695 4693
f 4697 4694 4698
f 4694 4699 4698
f 4699 4705 4701
f 9360 9363 9364
f 4696 4695 9365
f 9361 4698 4699
f 4969 4696 4700
f 9366 9361 4701
f 4701 9361 4699
f 4692 4114 4691
f 4114 4692 4707
f 4692 4968 4707
f 4703 4704 4694
f 4703 4694 4697
f 4694 4704 4699
f 4704 4705 4699
f 4705 4971 4701
f 4706 4708 4975
f 4420 4707 4968
f 4979 4421 4968
f 4421 4981 4711
f 4706 4705 4419
f 4971 4705 4706
f 4708 4706 4419
f 4709 4975 4708
f 4710 4714 4983
f 4709 4710 4978
f 4981 4715 4711
f 4435 4715 4981
f 4712 4435 4981
f 4709 4708 4423
f 4709 4423 4714
f 4714 4425 4713
f 4709 4714 4710
f 4714 4713 4983
f 4986 4993 4712
f 4992 4990 4724
f 4716 4724 4990
f 4713 4425 4438
f 4438 4991 4713
f 4726 4718 4996
f 4427 4717 4995
f 4995 4718 4427
f 4995 4996 4718
f 4719 4430 4432
f 4719 4432 4720
f 4995 4717 4997
f 4717 4719 5000
f 4719 4720 5000
f 4721 4722 4433
f 4722 4720 4432
f 4433 4722 4432
f 4720 4722 5003
f 4722 4721 4723
f 4992 4436 4993
f 4437 4436 4992
f 4727 4445 5016
f 4725 4724 4716
f 5008 4725 4716
f 3805 4718 4726
f 4735 4726 5013
f 4726 4996 5014
f 4726 5014 5013
f 5017 5016 4445
f 4725 5008 4728
f 4730 4449 4729
f 4730 4734 4449
f 4729 4728 5008
f 4731 4730 4729
f 4731 4729 5008
f 4732 4733 4730
f 4730 4733 4734
f 4730 4731 4732
f 4732 4731 4733
f 5010 4734 4733
f 5009 4731 5008
f 5009 4733 4731
f 4449 5010 4160
f 5010 4449 4734
f 4994 4164 4740
f 5335 5017 4736
f 5010 4450 4160
f 4454 4453 4737
f 4737 4453 4450
f 5338 4738 5331
f 5339 3823 4741
f 4455 5021 4739
f 4741 3823 4744
f 4738 4743 4461
f 4738 5343 4743
f 4739 4745 4463
f 5021 4745 4739
f 4745 5023 4748
f 5024 4748 5023
f 5027 4742 4753
f 4462 4461 4746
f 4743 4746 4461
f 4743 4747 4746
f 4474 4762 4744
f 5024 4749 4748
f 4470 4468 4751
f 9342 9368 4751
f 4459 4470 4751
f 4752 4750 4478
f 4459 4751 4754
f 9369 4751 9368
f 4742 4459 4753
f 4753 4459 4754
f 4754 4751 4755
f 4753 4754 4756
f 4751 9369 4755
f 9369 4759 4755
f 4756 5027 4753
f 4757 4462 4746
f 4757 5035 4473
f 4473 5035 4472
f 4757 5037 5035
f 4757 5030 5037
f 5030 4757 4746
f 5031 4744 4762
f 4482 5028 5038
f 4759 4752 9370
f 4760 4758 9372
f 4472 4763 4761
f 4472 5044 4763
f 9371 4759 9370
f 4759 9371 5032
f 5035 5044 4472
f 5045 4762 4765
f 5356 4762 5045
f 4482 5038 5047
f 4484 4482 5047
f 9372 9373 4760
f 4764 4760 9373
f 9371 9375 5032
f 5043 4764 9373
f 4483 4766 4765
f 5045 4765 4766
f 4766 5046 5045
f 4484 5047 4767
f 4767 4486 4485
f 4767 4768 4486
f 4768 5050 4771
f 4769 4766 4483
f 4771 4486 4768
f 4772 4492 4488
f 4772 4488 4771
f 4773 4772 4771
f 4491 4775 4770
f 4492 4772 4774
f 4773 4774 4772
f 4774 4773 5058
f 4773 5056 5058
f 5058 4777 4776
f 4776 4774 5058
f 4775 4491 4494
f 4776 4777 4496
f 5058 5060 4777
f 5060 4780 4777
f 4496 4777 4780
f 4497 4780 4779
f 5070 4788 4779
f 4496 4780 4497
f 4779 4780 5061
f 5061 5070 4779
f 5062 5072 5377
f 4500 5062 4501
f 5062 4781 4501
f 5063 4781 5062
f 4790 4785 4786
f 4791 4790 4786
f 4782 9377 4785
f 4782 4785 4783
f 4789 4783 4784
f 4789 4784 4790
f 4785 4784 4783
f 4790 4784 4785
f 5380 4778 4787
f 4787 4792 5069
f 5380 4787 5069
f 5070 5071 4788
f 4788 4794 4516
f 5071 4794 4788
f 4790 4806 4804
f 4790 4804 4789
f 4790 4791 4806
f 4791 5085 4806
f 4791 4786 5073
f 5074 5069 4792
f 4792 4511 4793
f 4793 4511 4515
f 4515 4531 4807
f 4515 4807 4793
f 4793 4807 5075
f 4794 5076 4795
f 4794 4795 4516
f 4795 4796 4517
f 5087 4796 4795
f 5088 4796 5087
f 4519 4517 4796
f 4809 4519 4796
f 4521 4797 5072
f 4797 4520 4798
f 4813 4520 4536
f 4798 4520 4813
f 4798 4813 4799
f 4798 4799 5093
f 5093 4797 4798
f 5093 5077 4797
f 5077 5072 4797
f 4819 4800 5079
f 4800 4802 5078
f 5078 5079 4800
f 4802 4525 4801
f 5083 4801 4803
f 5083 4802 4801
f 4806 4805 4804
f 4806 5085 5116
f 5075 4807 5086
f 4531 4808 4807
f 4807 4808 5086
f 4810 4532 4809
f 5088 4809 4796
f 4810 4534 4532
f 4810 4811 4534
f 4534 4811 4812
f 5089 4811 4810
f 5090 4812 4811
f 4813 4536 4814
f 9381 9378 9352
f 4799 4813 4814
f 4817 4799 4814
f 5093 4799 4817
f 9379 4816 9386
f 9382 9383 9380
f 9384 4815 5092
f 9385 4818 4817
f 9387 9384 5092
f 4815 4819 5092
f 5092 4819 5102
f 4819 5079 5102
f 5081 5102 5079
f 5103 4529 4255
f 5430 5103 5710
f 5117 5710 5103
f 4805 5116 4826
f 4806 5116 4805
f 4826 4541 4805
f 4826 4545 4541
f 4820 4808 4242
f 4543 4544 4822
f 4820 4543 4822
f 4820 4822 5108
f 5108 4822 5109
f 4534 4812 4821
f 4821 4812 4824
f 4821 4824 4272
f 9388 4823 9313
f 4822 4823 5109
f 5109 4823 9388
f 4825 5109 9388
f 4827 4545 4826
f 5435 5117 4552
f 4545 5118 4547
f 5118 4545 4827
f 5118 4828 4547
f 4828 5118 5119
f 4831 4829 4828
f 4828 5121 4831
f 5119 5121 4828
f 5130 5121 5119
f 4829 9391 4542
f 4831 9391 4829
f 4830 5125 5123
f 4831 5120 9391
f 9391 5120 9432
f 4552 4555 5127
f 5127 5435 4552
f 4555 4554 4832
f 4830 5123 4557
f 5121 5122 4831
f 4831 5122 5120
f 4556 9354 5131
f 4556 9433 4834
f 5123 9434 4557
f 4274 4832 4554
f 5133 4833 5452
f 4556 4834 4833
f 4834 9433 5132
f 4834 5132 4833
f 9355 4838 9393
f 4838 9355 4835
f 4836 9392 4561
f 4840 4836 4561
f 9392 4836 9394
f 4837 5135 4842
f 4839 9394 4836
f 5135 5134 4842
f 4837 4842 4558
f 4840 4575 4841
f 4840 4841 4836
f 5145 4841 4575
f 4839 4836 4841
f 5144 4841 5145
f 4843 4564 4562
f 4843 4844 4564
f 4845 4844 4843
f 4846 4844 4845
f 4846 5187 4566
f 5779 5187 4846
f 5148 5149 4291
f 4291 5150 4847
f 4291 5149 5150
f 4849 4568 4300
f 4849 4852 4568
f 4851 4849 4848
f 9397 9398 9399
f 5151 9398 9396
f 4847 5150 9445
f 5151 9399 9398
f 4851 5155 4849
f 5155 4852 4849
f 4568 4852 4569
f 4852 5168 4854
f 4852 4854 4569
f 5168 5170 4854
f 4571 4853 4573
f 4853 4571 9401
f 4856 4573 4853
f 5171 4855 4854
f 5172 4853 9401
f 9454 5172 9401
f 5172 4856 4853
f 5171 4854 5170
f 4857 4575 4576
f 4575 4857 5145
f 5145 4857 5185
f 4857 4578 4858
f 4858 5185 4857
f 5186 4859 4862
f 4862 4581 4594
f 4862 4594 5194
f 4861 5490 5194
f 4861 4860 5490
f 9402 4871 5490
f 4605 4864 4586
f 4605 4586 4327
f 4586 4864 5148
f 4887 4588 4865
f 4884 4888 5495
f 4888 4887 4865
f 4865 4588 5496
f 4319 4866 4318
f 4318 4866 5190
f 4590 4867 4869
f 5190 4590 4869
f 4593 4870 4867
f 4868 4867 4870
f 4867 4868 4869
f 5193 4869 4868
f 4870 4573 4856
f 4870 4856 4868
f 5194 4594 4861
f 4872 4874 5198
f 5195 4871 4872
f 4874 4596 4597
f 4874 4597 4873
f 4874 4873 4875
f 4875 4873 4876
f 4874 4875 5198
f 5199 4876 4598
f 5202 4599 5203
f 4599 4600 5507
f 5204 3242 4601
f 5205 5231 5513
f 4877 4604 5207
f 4864 4877 5207
f 4877 4864 4605
f 4634 4632 5212
f 5212 4632 4606
f 4903 5209 4878
f 4634 5209 4903
f 5209 5210 4878
f 5212 5211 4634
f 5213 4606 4879
f 4879 4609 5215
f 4880 4608 4612
f 4881 4609 4608
f 4608 4880 4882
f 4609 4881 5215
f 5215 4881 4882
f 4881 4608 4882
f 4880 5218 5216
f 5215 4882 5216
f 4880 5216 4882
f 5218 4883 4884
f 4880 4612 4883
f 5218 4880 4883
f 4884 5188 5218
f 4614 4588 4887
f 4884 4610 4886
f 4886 4885 4887
f 4884 4886 4888
f 4888 4886 4887
f 4890 5222 4602
f 4890 4602 4889
f 4890 4889 4891
f 5221 4601 4602
f 5221 4602 5222
f 4337 5224 5223
f 4891 4337 5223
f 4892 4620 5225
f 5225 4620 5240
f 4603 5796 2845
f 5796 5226 2845
f 5227 5228 5229
f 4031 5230 4621
f 5230 5231 4621
f 5233 4655 5232
f 4655 4658 5232
f 5232 4658 5234
f 5236 4895 4896
f 4893 4894 5235
f 4900 4625 4626
f 4896 4374 4625
f 5236 4896 4897
f 4625 4897 4896
f 4900 4626 4898
f 4898 4899 4901
f 5237 4630 5238
f 4630 4902 5238
f 5238 4902 5239
f 4633 5239 4902
f 4878 5208 4633
f 5210 5208 4878
f 5208 5239 4633
f 4878 4633 4903
f 5240 4030 4339
f 5244 4635 4905
f 5242 4354 5243
f 4904 4354 5242
f 5244 4905 5246
f 4905 4906 5246
f 5247 5246 4906
f 4638 4908 4906
f 5248 4906 4908
f 5247 4906 5248
f 5248 4908 4907
f 4910 4909 4639
f 4909 5249 4908
f 4907 4908 5249
f 4910 4639 4911
f 4639 4912 4911
f 5249 4909 4910
f 5249 4910 4911
f 4911 4912 5545
f 4912 4639 4913
f 5251 4913 5253
f 4917 4914 4916
f 9403 4914 4915
f 4922 4918 4644
f 5256 4919 4918
f 5256 4918 4922
f 5258 4922 4920
f 4920 4921 4923
f 4921 4925 4923
f 5263 4923 4925
f 4647 4648 4925
f 4925 4648 4926
f 4926 4929 4925
f 4929 4926 4927
f 4926 4924 4927
f 4927 4924 4646
f 4928 4927 4646
f 4929 4927 4928
f 4928 5261 4929
f 4925 4929 5260
f 5263 4925 5260
f 4931 4932 5805
f 4928 4646 4930
f 5264 4931 5805
f 4928 4930 5264
f 4934 4933 5266
f 5266 4933 4653
f 4655 5233 4654
f 5233 4656 4654
f 4893 4935 4659
f 4369 4935 4658
f 5235 4935 4893
f 5234 4658 4935
f 4936 4942 4681
f 4937 4938 4936
f 4936 4938 4942
f 4937 4939 4938
f 4938 4940 4942
f 4938 4939 4941
f 4941 4940 4938
f 5267 5271 4940
f 4941 5267 4940
f 4943 4689 4681
f 4681 4942 4943
f 4943 4948 4689
f 4940 4944 4942
f 4942 4944 4943
f 4944 4945 4943
f 4945 4948 4943
f 4940 4946 4944
f 4946 4947 4944
f 4944 4947 4945
f 4945 4953 4948
f 5271 4946 4940
f 5270 4953 4945
f 4946 5271 4947
f 5271 5270 4947
f 4947 5270 4945
f 5270 5273 4953
f 4948 4965 4689
f 4950 4965 4949
f 4953 4949 4948
f 4948 4949 4965
f 4952 4949 4953
f 4952 4954 4950
f 4950 4954 4951
f 4950 4949 4952
f 4966 4950 4951
f 4953 4954 4952
f 4951 4954 4955
f 5273 4954 4953
f 4957 4963 4939
f 4956 4959 4668
f 4957 4960 4963
f 4668 4958 4957
f 4957 4958 4960
f 4959 4958 4668
f 4960 4958 4961
f 4958 4959 4961
f 4961 4964 4960
f 4961 5280 4964
f 4961 4959 4962
f 4962 5280 4961
f 4959 4970 4962
f 4962 4970 5290
f 4963 4941 4939
f 4963 4964 5276
f 4963 5276 4941
f 4963 4960 4964
f 4965 4950 4966
f 4951 4967 4966
f 4967 4692 4966
f 4692 4967 4968
f 4951 4955 4967
f 4968 4967 4955
f 4976 4968 5285
f 4969 4959 4956
f 4969 4700 4959
f 4700 4970 4959
f 9366 4701 4972
f 4970 9366 4972
f 4972 4701 4971
f 4972 4971 4974
f 4972 4973 4970
f 4973 4972 4974
f 4973 4974 5291
f 4974 4975 5291
f 4973 5292 4970
f 5290 4970 5292
f 5291 5292 4973
f 4968 4976 4979
f 4977 4980 4979
f 4977 4979 4976
f 5298 4980 4977
f 4977 4976 5286
f 4706 4975 4974
f 4974 4971 4706
f 4983 4984 5302
f 4978 4983 5302
f 5302 4984 5586
f 4979 4980 4421
f 4421 4980 4981
f 4981 4980 4982
f 4987 4982 5304
f 4975 4709 4978
f 4710 4983 4978
f 4984 4983 4991
f 4982 4712 4981
f 4982 4987 4712
f 4988 4712 4987
f 4986 4712 4988
f 4986 4988 4989
f 4992 4986 4989
f 4989 4990 4992
f 4988 4987 4985
f 4989 4988 4985
f 4989 4985 5306
f 4990 4989 5306
f 5312 4990 5309
f 4713 4991 4983
f 4992 4993 4986
f 4716 4990 5312
f 4716 5312 5008
f 5008 5312 5313
f 4994 5310 4991
f 5012 5310 4994
f 5012 4740 5310
f 4996 4995 4999
f 4996 4999 5014
f 4717 5000 4997
f 4995 4997 5002
f 4995 5002 4998
f 4995 4998 4999
f 4999 5332 5014
f 4999 5333 5332
f 5000 4720 5003
f 4997 5000 5001
f 5001 5000 5322
f 4997 5001 5002
f 5001 5322 5323
f 5003 4722 5005
f 4722 4723 5005
f 5326 5003 5005
f 5322 5000 5004
f 5000 5003 5004
f 5322 5003 5326
f 5004 5003 5322
f 4727 5006 4723
f 5005 4723 5007
f 5006 4727 5016
f 5007 4723 5006
f 5328 5006 5016
f 5313 5009 5008
f 5010 4733 5009
f 5313 5010 5009
f 5329 5010 5313
f 5329 5011 5010
f 5313 5314 5329
f 5012 4994 4740
f 5311 5310 4740
f 5013 5014 5015
f 5013 5015 5331
f 5014 5332 5015
f 5015 5332 5331
f 3823 5339 5335
f 4450 5011 4737
f 5011 4450 5010
f 5011 5315 4737
f 4454 4737 5315
f 5018 4454 5315
f 5019 5018 5330
f 5019 5330 5318
f 5018 4455 4454
f 5019 4455 5018
f 4735 5013 5331
f 3823 5335 4736
f 5337 5021 5020
f 4741 4744 5339
f 5021 4455 5020
f 4742 5340 4740
f 5021 5023 4745
f 4742 5027 5022
f 4742 5022 5340
f 5022 5027 5342
f 5025 5024 5023
f 5026 5024 5025
f 4749 5024 5026
f 5026 5025 5023
f 5026 5028 4749
f 5028 5026 5029
f 5354 5342 5027
f 5343 4747 4743
f 4756 4754 4755
f 4756 4755 5033
f 5036 5027 4756
f 5030 4746 4747
f 4747 5355 5030
f 5030 5355 5037
f 5355 4747 5343
f 5031 5348 4744
f 5028 5029 5038
f 5029 5040 5038
f 5040 5029 5345
f 9404 4755 4759
f 4759 5032 9404
f 5036 4756 5033
f 5034 5032 9375
f 5033 9405 5036
f 9404 5032 5034
f 9406 5034 9375
f 9406 5359 5034
f 5356 5031 4762
f 5040 5047 5038
f 5040 5349 5039
f 5040 5039 5041
f 5044 5042 4763
f 9374 5042 9407
f 5044 5055 5042
f 5044 5367 5055
f 5035 5367 5044
f 4769 5046 4766
f 5047 4768 4767
f 5048 4768 5047
f 5048 5047 5040
f 5051 4768 5048
f 5049 5048 5040
f 5051 5048 5049
f 5051 5049 5052
f 5049 5040 5041
f 5363 5049 5041
f 5365 5049 5363
f 4768 5051 5050
f 5050 5051 5052
f 5052 4771 5050
f 4773 5052 5056
f 5052 5049 5365
f 5052 5365 5056
f 9407 5042 5053
f 5042 5055 5053
f 9407 5053 5054
f 5054 5053 5055
f 5055 5368 5054
f 9406 9408 5359
f 5055 5367 5368
f 5046 4769 5372
f 5372 4769 4770
f 4773 4771 5052
f 4770 4775 5057
f 5372 4770 5057
f 5057 4775 5059
f 4778 5059 4775
f 5375 5060 5058
f 5060 5375 5061
f 5059 4778 5380
f 5060 5061 4780
f 5375 5665 5061
f 5063 4785 9377
f 5064 4785 5063
f 4785 9409 5065
f 4785 5065 4786
f 5063 5066 5064
f 5062 5067 5063
f 9410 5065 9409
f 9411 5068 9410
f 5067 5066 5063
f 5377 5067 5062
f 9410 5068 5065
f 9411 5378 5068
f 5377 9474 5067
f 5069 5386 5380
f 5665 5070 5061
f 5070 5665 5381
f 5381 5071 5070
f 5381 5387 5071
f 5387 5388 5071
f 5072 5383 5377
f 5377 5383 5376
f 5384 5072 5382
f 5072 5384 5383
f 5073 4786 5065
f 5068 5073 5065
f 5068 5385 5073
f 5385 5068 5378
f 5385 5391 5073
f 5073 5085 4791
f 5392 5074 4792
f 4792 4793 5075
f 5392 4792 5075
f 5071 5388 4794
f 4794 5388 5076
f 5076 5087 4795
f 5388 5389 5076
f 5389 5087 5076
f 5077 5093 5390
f 5382 5072 5077
f 5077 5390 5382
f 5080 5078 4802
f 5079 5078 5081
f 5078 5080 5081
f 5080 4802 5083
f 5081 5080 5082
f 5409 5081 5082
f 5080 5083 5408
f 5408 5083 5084
f 5408 5082 5080
f 5083 4803 5104
f 5104 4803 4529
f 4529 5103 5104
f 5084 5083 5104
f 5075 5393 5392
f 5075 5086 5393
f 5086 5107 5417
f 5106 5086 4808
f 5107 5086 5106
f 5398 4809 5088
f 5395 5088 5087
f 5088 5396 5398
f 5395 5396 5088
f 4812 5090 5110
f 5398 5089 4809
f 4809 5089 4810
f 5089 5398 5090
f 5090 4811 5089
f 5399 5090 5398
f 5423 5090 5399
f 4817 4818 5091
f 5093 4817 5091
f 9412 9387 5092
f 9413 5095 5094
f 9414 5093 5091
f 5092 9416 9412
f 5092 5102 9417
f 9418 5096 9415
f 5097 9419 9417
f 9414 9420 5093
f 5097 9417 5098
f 9417 5102 5098
f 9420 5099 5093
f 9419 5097 9422
f 5098 9422 5097
f 9421 5100 9423
f 5101 5100 9421
f 5098 5102 9426
f 5099 5401 5402
f 5093 5099 5402
f 5099 9424 5401
f 9475 9425 9427
f 5102 5081 5405
f 5081 5409 5404
f 5405 5081 5404
f 5412 5408 5084
f 5103 5105 5104
f 5415 5104 5105
f 5105 5103 5430
f 5084 5104 5413
f 5413 5104 5415
f 4808 4820 5106
f 5106 4820 5108
f 5107 5106 5108
f 5418 5107 5108
f 5420 5108 5113
f 5418 5108 5420
f 4824 4812 5110
f 5110 9389 4824
f 5110 5090 5112
f 5112 5111 5110
f 5111 9389 5110
f 5108 5109 5113
f 4825 5113 5109
f 9429 5113 4825
f 5112 5090 5423
f 5115 5113 9430
f 5115 5114 5113
f 5112 5422 5111
f 9478 5115 9431
f 9478 5114 5115
f 5416 5116 5085
f 5433 4826 5116
f 5435 5710 5117
f 5433 5434 4826
f 5436 4827 4826
f 4826 5434 5436
f 4827 5436 5118
f 5436 5437 5118
f 5437 5119 5118
f 5130 5119 5439
f 5439 5119 5437
f 5124 5121 5130
f 5122 5121 5124
f 5122 5124 5120
f 5130 5444 5124
f 5120 5124 9432
f 5125 5126 5123
f 5123 5126 9434
f 5443 5124 5444
f 9432 5124 5443
f 5128 5127 4555
f 5438 5127 5128
f 5451 5438 5128
f 4832 5128 4555
f 5129 5128 4832
f 4274 5129 4832
f 5133 5129 4274
f 5451 5128 5129
f 9434 5126 5446
f 9433 5453 5132
f 9487 9434 5446
f 5454 5132 5453
f 4833 5132 5454
f 4833 5454 5734
f 5135 4837 5136
f 9435 9393 4838
f 5137 9435 4838
f 9437 9394 4839
f 5138 5135 5136
f 5140 9437 4839
f 9438 9436 5139
f 9439 5141 5138
f 9440 9435 5137
f 9441 9437 5140
f 5141 5456 5138
f 9442 9441 5142
f 5142 9441 5140
f 5464 5142 5140
f 5141 5143 5456
f 5142 9443 9442
f 9443 5142 5464
f 5140 5465 5464
f 5135 5138 5134
f 4839 4841 5144
f 4839 5144 5140
f 5146 5140 5144
f 5134 5138 5456
f 5146 5465 5140
f 5146 5144 5145
f 4843 4842 5147
f 5134 5147 4842
f 5147 4845 4843
f 4845 5469 4846
f 5147 5469 4845
f 5469 5779 4846
f 5765 5469 5147
f 5148 5749 5149
f 5149 5749 5150
f 5749 5156 5150
f 5749 5161 5156
f 5150 5153 9445
f 5160 4852 5155
f 5150 5156 5153
f 9447 5154 9446
f 5154 5152 5151
f 5152 9399 5151
f 5152 9448 9399
f 9448 5152 5154
f 5153 5156 5157
f 9450 5158 5154
f 9447 9450 5154
f 5154 5158 9448
f 5159 5160 5155
f 5160 5166 4852
f 5156 5161 5157
f 5157 5161 5162
f 9452 5163 9450
f 5163 5158 9450
f 5163 9451 5158
f 5163 5164 9451
f 9449 5158 9451
f 5164 5160 5159
f 5167 5160 5164
f 5166 5160 5167
f 5163 9452 5165
f 5163 5165 5164
f 5161 5165 5162
f 5165 5167 5164
f 5166 5168 4852
f 5167 5471 5166
f 5166 5471 5168
f 9455 9453 5173
f 9456 9457 5174
f 9454 9460 5172
f 5175 4868 4856
f 5172 5175 4856
f 9458 5168 5181
f 9458 5181 5176
f 9459 9461 5177
f 5168 9458 5170
f 9462 5174 9457
f 9460 5179 5172
f 4868 5175 5193
f 9463 5179 9460
f 9461 9467 5178
f 5177 9461 5178
f 9464 5179 9463
f 5175 5172 5180
f 5180 5172 5179
f 5175 5169 5193
f 5180 5169 5175
f 9465 5181 5182
f 5179 5184 5180
f 5484 5169 5184
f 5180 5184 5169
f 9464 5183 5479
f 9469 9466 9468
f 5179 5479 5184
f 5479 5179 9464
f 5462 5477 5181
f 5477 5476 5181
f 5182 5181 5476
f 9468 9494 9469
f 5183 9495 5479
f 5484 5184 5487
f 5479 5487 5184
f 5146 5145 5185
f 4858 4579 4859
f 5185 4858 5489
f 5186 4862 5194
f 4859 5186 4858
f 4871 5196 5490
f 5186 5194 5491
f 5491 5194 5778
f 5188 4884 5495
f 5494 5188 5495
f 5495 4888 4865
f 5495 4865 5782
f 4588 5189 5497
f 5496 4588 5497
f 5190 4588 4318
f 5189 4588 5190
f 5189 5190 5192
f 5497 5189 5498
f 5189 5192 5498
f 5191 5190 4869
f 5192 5190 5191
f 5500 5192 5191
f 4869 5193 5191
f 5193 5501 5191
f 5193 5169 5501
f 5778 5194 5490
f 5196 4871 5195
f 5195 4872 5197
f 4872 5198 5197
f 5196 5195 5502
f 5195 5197 5502
f 5201 4875 4876
f 5197 5198 4875
f 5197 4875 5785
f 5785 4875 5787
f 5787 4875 5201
f 5199 4598 5200
f 5200 4598 5505
f 5201 4876 5199
f 5503 5199 5200
f 5504 5503 5200
f 5503 5201 5199
f 5504 5200 5786
f 5200 5505 5786
f 5787 5201 5503
f 5506 5202 5203
f 5203 4599 5507
f 5507 4600 5204
f 5507 5204 5508
f 5508 5204 5509
f 4601 5221 5511
f 5512 5796 4603
f 6072 5512 4603
f 5800 5205 5513
f 5205 5206 4340
f 5206 5205 5800
f 5206 6077 4341
f 5210 5214 5208
f 5239 5208 5214
f 5214 6101 5239
f 5209 5214 5210
f 5214 5209 5211
f 5209 4634 5211
f 5214 5211 5212
f 5213 5802 5212
f 5213 5212 4606
f 5213 5517 5802
f 5517 5213 4879
f 5215 5517 4879
f 5215 5216 5217
f 5215 5217 5517
f 5217 5216 5220
f 5216 5218 5220
f 5188 5219 5218
f 5219 5220 5218
f 5219 5494 5220
f 5188 5494 5219
f 5511 5221 5520
f 4890 5519 5222
f 5518 5519 4890
f 5518 4890 4891
f 5520 5221 5222
f 5521 4891 5223
f 5240 5537 5225
f 5226 5227 2845
f 5230 5229 5228
f 5228 5523 5230
f 5229 5230 4031
f 5524 5231 5230
f 5526 4656 5233
f 5527 4653 4656
f 4653 5527 5266
f 5526 5527 4656
f 5233 5232 5234
f 5528 5233 5234
f 5526 5233 5528
f 5234 4935 5235
f 5529 5234 5235
f 4894 5530 5235
f 4894 4895 5236
f 4894 5236 5531
f 5531 5236 4897
f 5531 4897 4625
f 4625 4900 5532
f 4900 4898 5532
f 5532 4898 5533
f 4898 4901 5533
f 4901 4628 5237
f 5534 4901 5237
f 5535 5237 5238
f 5536 5237 5535
f 5238 5239 5516
f 4904 5538 4339
f 5241 5538 4904
f 4339 5538 5240
f 5242 5243 5245
f 4904 5242 5241
f 5245 5243 5244
f 5242 5245 5815
f 5541 5244 5246
f 4907 5249 5248
f 5247 5248 5543
f 5248 5249 5543
f 5544 5543 5249
f 5250 5545 4912
f 5250 4912 4913
f 5250 4913 5251
f 5251 5253 5549
f 5252 4917 4916
f 5253 4917 5254
f 5252 5254 4917
f 4915 4919 5257
f 5255 9403 4915
f 5255 4915 5257
f 5551 9403 5255
f 5252 4916 5550
f 9403 5551 5550
f 5254 5553 5253
f 5553 5254 5252
f 5551 5255 5555
f 5256 4922 5258
f 5257 4919 5256
f 5258 5558 5256
f 5259 4920 4923
f 5259 5258 4920
f 5259 4923 5263
f 5559 5259 5560
f 5259 5559 5258
f 5559 5558 5258
f 5260 4929 5262
f 5262 4929 5261
f 5560 5259 5263
f 5260 5561 5263
f 5262 5561 5260
f 5261 5561 5262
f 5261 4928 5265
f 5265 4928 5264
f 5264 5805 5265
f 5562 5261 5265
f 5265 5805 6115
f 4934 5266 5805
f 5267 5268 5271
f 4941 5276 5269
f 4941 5269 5267
f 5267 5269 5268
f 5272 5270 5271
f 5268 5272 5271
f 5270 5272 5273
f 5273 5274 4954
f 5274 4955 4954
f 5284 4955 5274
f 5273 5275 5274
f 5275 5273 5272
f 5572 5288 5274
f 5272 5571 5275
f 5571 5274 5275
f 5284 5274 5288
f 5290 5280 4962
f 5280 5290 5277
f 5277 5290 5294
f 5276 4964 5278
f 5280 5277 5282
f 5294 5297 5277
f 5277 5297 5282
f 5276 5278 5269
f 5269 5279 5268
f 4964 5280 5278
f 5279 5269 5278
f 5278 5281 5279
f 5280 5281 5278
f 5567 5279 5281
f 5282 5563 5280
f 5272 5268 5283
f 5268 5279 5283
f 5279 5567 5283
f 5571 5572 5274
f 5288 4968 4955
f 5284 5288 4955
f 4968 5288 5285
f 5286 4976 5285
f 5287 5286 5285
f 5285 5288 5287
f 5574 5287 5288
f 5577 5287 5574
f 5298 5287 5577
f 5291 4975 5293
f 5290 5292 5294
f 5294 5292 5293
f 5292 5291 5293
f 4975 5296 5293
f 4978 5296 4975
f 5296 5297 5294
f 5293 5296 5294
f 5302 5295 5296
f 5585 5295 5302
f 5297 5296 5585
f 5296 5295 5585
f 5585 5302 5586
f 4977 5286 5298
f 5298 5286 5287
f 4982 4980 5298
f 5304 4982 5588
f 5289 4982 5298
f 5289 5588 4982
f 5588 5580 5300
f 5300 5580 5301
f 5304 5299 5305
f 5300 5304 5588
f 5300 5299 5304
f 5299 5300 5305
f 5589 5305 5300
f 5300 5301 5589
f 4978 5302 5296
f 4984 5587 5586
f 5863 5308 5595
f 5304 5305 5303
f 5303 4987 5304
f 4985 4987 5303
f 5303 5305 4985
f 4985 5305 5306
f 5589 5307 5306
f 5306 5305 5589
f 5591 5307 5589
f 4990 5306 5307
f 5309 5591 5593
f 4991 5308 4984
f 4984 5308 5863
f 4991 5310 5308
f 5595 5308 5310
f 5307 5309 4990
f 5309 5307 5591
f 5593 5312 5309
f 5593 5594 5312
f 5864 5594 5593
f 5312 5594 5313
f 5315 5313 5600
f 5313 5315 5314
f 5317 5316 5315
f 5317 5330 5316
f 5318 5330 5317
f 5601 5317 5315
f 5319 5311 4740
f 4998 5333 4999
f 5002 5320 4998
f 4998 5321 5333
f 5320 5321 4998
f 5320 5001 5323
f 5002 5001 5320
f 5320 5323 5325
f 5321 5320 5325
f 5321 5325 5604
f 5321 5604 5617
f 5321 5615 5333
f 5321 5617 5615
f 5323 5322 5324
f 5324 5322 5606
f 5322 5326 5606
f 5323 5324 5325
f 5608 5326 5005
f 5005 5007 5608
f 5326 5608 5609
f 5326 5609 5606
f 5327 5007 5006
f 5608 5007 5327
f 5328 5327 5006
f 5611 5327 5328
f 5314 5011 5329
f 5315 5011 5314
f 5330 5018 5315
f 5330 5315 5316
f 5019 5318 5602
f 4455 5019 5602
f 5020 4455 5602
f 5340 5319 4740
f 5331 5332 5334
f 5332 5333 5616
f 5332 5616 5334
f 5616 5333 5615
f 5328 5016 5017
f 5619 5335 5339
f 5335 5336 5017
f 5336 5335 5619
f 5328 5017 5336
f 5339 5892 5621
f 5622 5021 5337
f 5331 5334 5338
f 5338 5623 4738
f 5892 5339 5341
f 5622 5023 5021
f 5906 5340 5342
f 5623 5343 4738
f 5341 5339 4744
f 5344 5341 4744
f 5022 5342 5340
f 5625 5026 5023
f 5625 5345 5026
f 5343 5899 5901
f 4744 5348 5344
f 5345 5029 5026
f 5350 5345 5346
f 5346 5629 5347
f 5346 5347 5350
f 5629 5630 5347
f 5350 5349 5345
f 5040 5345 5349
f 5349 5351 5039
f 5349 5350 5352
f 5352 5351 5349
f 5350 5347 5352
f 5352 5347 5630
f 9405 5358 5036
f 5036 5354 5027
f 5354 5036 5353
f 5353 5036 5360
f 5354 5353 5927
f 5348 5031 5356
f 5356 5362 5357
f 5348 5356 5631
f 5356 5357 5632
f 5351 5041 5039
f 5634 5363 5041
f 5358 9405 9470
f 5036 5358 5360
f 9470 5361 5358
f 5358 5361 5360
f 5361 5353 5360
f 5361 9470 5366
f 5370 5035 5037
f 5037 5371 5370
f 5371 5037 5355
f 5355 5645 5371
f 5362 5356 5045
f 5046 5362 5045
f 5362 5046 5372
f 5635 5362 5372
f 5636 5357 5362
f 5635 5636 5362
f 5365 5363 5364
f 5365 5364 5056
f 5359 9408 9471
f 5640 5361 5366
f 5361 5640 5353
f 5035 5370 5367
f 5369 5054 5368
f 5369 5368 5658
f 5367 9516 5368
f 9517 9471 9472
f 9408 9472 9471
f 5645 5654 5371
f 5370 5371 5654
f 5372 5373 5646
f 5372 5646 5635
f 5373 5372 5057
f 5373 5057 5656
f 5056 5374 5058
f 5652 5643 9517
f 5057 5059 5656
f 5059 5933 5656
f 5945 5933 5059
f 5380 5945 5059
f 9473 5668 5379
f 5376 9474 5377
f 5385 5378 5379
f 9473 5379 5378
f 5951 5665 5375
f 5956 5381 5665
f 5387 5381 5956
f 5384 5666 5383
f 5666 5376 5383
f 5668 5391 5379
f 5085 5073 5391
f 5379 5391 5385
f 5074 5386 5069
f 5074 5673 5386
f 5673 5074 5392
f 5387 5670 5677
f 5677 5388 5387
f 5677 5389 5388
f 5382 5390 5671
f 5671 5384 5382
f 5085 5391 5416
f 5416 5391 5963
f 5393 5675 5392
f 5675 5393 5676
f 5086 5417 5393
f 5389 5395 5087
f 5389 5394 5395
f 5394 5397 5395
f 5677 5394 5389
f 5677 5397 5394
f 5397 5396 5395
f 5396 5397 5400
f 5397 5678 5400
f 5693 5400 5678
f 5398 5400 5399
f 5396 5400 5398
f 5400 5693 5399
f 5390 5093 5402
f 5401 5403 5402
f 9477 9476 9428
f 9477 9428 5429
f 5682 5390 5402
f 5402 5680 5682
f 5402 5403 5680
f 9426 5102 9483
f 9483 5102 5406
f 5404 5409 5407
f 5407 5405 5404
f 5407 5409 5411
f 5102 5405 5406
f 5407 5406 5405
f 5409 5082 5410
f 5410 5082 5408
f 5412 5084 5413
f 5408 5412 5410
f 5411 5409 5410
f 5410 5412 5414
f 5411 5410 5414
f 5414 5412 5684
f 5684 5412 5413
f 5684 5413 5415
f 5415 5105 5430
f 5701 5415 5430
f 5431 5116 5416
f 5689 5393 5417
f 5676 5393 5689
f 5417 5107 5418
f 5417 5418 5419
f 5419 5418 5420
f 5689 5417 5419
f 5113 5114 5420
f 5421 5420 5432
f 5420 5421 5419
f 5424 5422 5112
f 5114 9478 5425
f 5425 9479 9480
f 5423 5426 5112
f 5112 5426 5424
f 5426 5427 5424
f 9481 5425 9480
f 5420 5114 5432
f 5432 5114 5425
f 9481 5432 5425
f 5399 5428 5423
f 5423 5428 5426
f 5426 5428 5427
f 5399 5693 5428
f 5427 5428 5694
f 9484 9482 9522
f 5433 5116 5431
f 5431 5709 5433
f 5709 5434 5433
f 5709 5711 5434
f 5712 5710 5435
f 5127 5712 5435
f 5434 5714 5436
f 5439 5437 5436
f 5126 5448 9485
f 5125 5448 5126
f 5436 5717 5439
f 5440 5130 5439
f 5717 5719 5439
f 5719 5442 5439
f 5440 5444 5130
f 5439 5442 5440
f 5440 5442 5441
f 5443 5445 9432
f 9432 5445 9486
f 5445 5443 5447
f 5443 5444 5447
f 5445 5447 5450
f 5450 9486 5445
f 5440 5449 5444
f 5447 5449 5450
f 5447 5444 5449
f 5449 5440 5441
f 5725 5450 5449
f 5725 9486 5450
f 5441 5725 5449
f 5446 5721 9487
f 5442 5725 5441
f 5438 5451 5722
f 5722 5451 5129
f 5129 5729 5722
f 5129 5133 5729
f 5732 5133 5452
f 5452 4833 5734
f 5454 5453 5455
f 5728 9488 9487
f 9487 5721 5728
f 5454 5455 5726
f 5452 5734 5732
f 5458 5457 9443
f 9444 9490 9489
f 9491 5741 5740
f 5458 9543 5457
f 5458 5743 9543
f 5743 5458 5459
f 5459 5745 5743
f 5456 9491 5134
f 9491 5460 5134
f 9491 5740 5460
f 5740 6036 5460
f 5762 5745 5459
f 5749 6048 5750
f 5750 5461 5161
f 5473 5461 5750
f 5462 5463 5482
f 5482 5463 5485
f 9509 9493 5488
f 5462 5755 5463
f 9493 9554 5752
f 9493 5752 5488
f 9512 9548 5774
f 9443 5464 5458
f 5465 5466 5464
f 5467 5466 5465
f 5458 5464 5466
f 5458 5466 5459
f 5467 5465 5146
f 5762 5466 5467
f 5762 5459 5466
f 5776 5467 5146
f 5147 5134 5468
f 5147 5468 5765
f 5468 5134 5460
f 5468 5766 5765
f 5748 5468 5460
f 5748 5766 5468
f 5148 4864 5767
f 5148 6062 5749
f 5161 5470 5165
f 5470 5167 5165
f 5161 5749 5750
f 5161 5461 5470
f 5470 5472 5167
f 5471 5167 5472
f 5472 5470 5461
f 5461 5471 5472
f 5471 5473 5168
f 5471 5461 5473
f 5462 5168 5473
f 5784 5475 5770
f 5474 5169 5484
f 5501 5169 5474
f 5462 5181 5168
f 5501 5474 5475
f 9496 9498 5478
f 9500 5479 9497
f 5479 5486 5487
f 5462 5482 5477
f 5481 9499 5480
f 9504 5478 9498
f 9505 5486 5479
f 9505 5479 9500
f 5483 9501 9506
f 5482 9502 5477
f 9503 9508 9505
f 9508 5486 9505
f 5483 9506 9511
f 9510 5486 9507
f 9512 5486 9510
f 5484 5487 5775
f 5774 5486 9512
f 5484 5775 5474
f 5146 5185 5489
f 5146 5489 5776
f 5489 4858 5186
f 5186 5492 5489
f 5778 5490 5196
f 5491 5492 5186
f 5778 5196 5502
f 5778 5492 5491
f 5207 5493 4864
f 5493 5780 4864
f 4864 5780 5767
f 5517 5217 6080
f 5217 5220 6080
f 5494 6080 5220
f 5495 6080 5494
f 4865 5496 5782
f 5783 5496 5497
f 5497 5499 5783
f 5192 5500 5498
f 5498 5499 5497
f 5498 5784 5499
f 5784 5500 5475
f 5498 5500 5784
f 5501 5500 5191
f 5500 5501 5475
f 5502 5197 5785
f 5503 5786 5787
f 5786 5503 5504
f 5505 5202 5788
f 5788 5202 5506
f 5788 5506 5790
f 5790 5506 5203
f 5203 5507 5792
f 5792 5507 5508
f 5509 5204 4601
f 5509 4601 5510
f 5510 4601 5511
f 6091 5796 5512
f 5525 5798 5799
f 5231 5525 5799
f 5231 5799 6073
f 5513 6073 5800
f 4341 6077 5207
f 6099 6100 6499
f 5536 5514 5515
f 6100 6099 5536
f 5515 6100 5536
f 6101 6100 5515
f 5514 5238 5516
f 5514 5516 5515
f 5516 5239 6101
f 5516 6101 5515
f 5214 6501 6101
f 5214 6103 6501
f 6103 5214 5212
f 5802 6103 5212
f 6105 5511 5520
f 5518 4891 5521
f 5520 5222 5519
f 5522 5519 5518
f 5522 5518 5521
f 5519 5522 5520
f 5223 5224 5803
f 5521 5223 5803
f 5224 5225 6108
f 5803 5224 6108
f 5796 5228 5226
f 5226 5228 5227
f 5797 5524 6094
f 5524 5525 5231
f 5524 5797 5525
f 5797 5798 5525
f 5805 5266 5806
f 5806 5266 5527
f 5529 5528 5234
f 5235 5530 5529
f 5530 4894 5531
f 5531 4625 5532
f 5533 4901 6098
f 6099 5534 5237
f 5238 5514 5535
f 5514 5536 5535
f 6099 5237 5536
f 5240 5538 5537
f 5539 5225 5537
f 5537 5538 5539
f 5539 5538 6119
f 6108 5225 5539
f 5540 5241 5242
f 5538 5241 5813
f 5241 5540 5814
f 6119 5538 5813
f 5813 5241 5814
f 5540 5242 5815
f 5245 5244 5541
f 5245 5541 5815
f 5246 5247 5542
f 5542 5247 5543
f 5541 5246 5542
f 5543 5817 5542
f 5542 5817 5818
f 5821 5543 5544
f 5544 5249 4911
f 5544 4911 5822
f 5544 5822 6134
f 5821 5544 5820
f 5544 6134 5820
f 4911 5545 5822
f 5250 5546 5545
f 5251 5548 5547
f 5546 5250 5251
f 5547 5546 5251
f 5822 5545 5546
f 5822 5546 5547
f 6136 5822 5547
f 5251 5549 5548
f 5548 6136 5547
f 6136 5548 5826
f 5826 5548 5549
f 5549 5253 5553
f 5252 5550 5554
f 5554 5550 5552
f 5550 5551 5552
f 5555 5552 5551
f 5549 5553 5557
f 5252 5557 5553
f 5554 5552 5555
f 5556 5557 5554
f 5554 5557 5252
f 5556 5554 5555
f 5556 5824 5557
f 5824 5825 5557
f 5828 5256 5558
f 5555 5255 5257
f 5828 5257 5256
f 5257 5828 5555
f 5828 5558 5559
f 5562 5561 5261
f 5561 5560 5263
f 5561 5559 5560
f 6114 5561 5562
f 5562 5265 6115
f 5281 5280 5565
f 5281 5565 5567
f 5280 5563 5565
f 5282 5564 5563
f 5297 5564 5282
f 5564 5297 5585
f 5569 5565 5563
f 5563 5564 5569
f 5567 5565 5568
f 5568 5565 5569
f 5586 5569 5564
f 5585 5586 5564
f 5567 5566 5283
f 5283 5566 5272
f 5567 5568 5566
f 5570 5568 5569
f 5586 5587 5569
f 5569 5587 5570
f 5566 5571 5272
f 5566 5859 5571
f 5568 5570 5566
f 5858 5570 5587
f 5571 5576 5572
f 5571 5850 5576
f 5574 5288 5573
f 5572 5573 5288
f 5574 5578 5581
f 5572 5575 5573
f 5573 5575 5574
f 5575 5578 5574
f 5572 5576 5575
f 5578 5575 5576
f 5298 5577 5289
f 5581 5577 5574
f 5581 5578 5579
f 5289 5581 5588
f 5588 5581 5580
f 5581 5289 5577
f 5590 5580 5583
f 5583 5580 5581
f 5582 5583 5581
f 5581 5579 5582
f 5582 5853 5583
f 5832 5582 5579
f 5832 5853 5582
f 5854 5583 5853
f 5583 5589 5590
f 5584 5589 5583
f 5589 5584 5591
f 5584 5583 5854
f 5854 5855 5584
f 5580 5590 5301
f 5590 5589 5301
f 5584 5855 5591
f 5855 5856 5591
f 5591 5856 5592
f 5593 5591 5592
f 5592 5864 5593
f 5587 4984 5863
f 5865 5597 5594
f 5594 5864 5865
f 5598 5597 5865
f 5310 5311 5595
f 5600 5313 5594
f 5594 5596 5600
f 5596 5601 5600
f 5598 5601 5596
f 5599 5601 5598
f 5597 5596 5594
f 5597 5598 5596
f 6202 5599 5598
f 5599 5602 5601
f 5868 5602 5599
f 5599 6202 5868
f 5866 5595 5311
f 5601 5315 5600
f 5602 5318 5317
f 5602 5317 5601
f 5868 5603 5602
f 5319 5866 5311
f 5324 5607 5325
f 5325 5607 5605
f 5604 5325 5605
f 5617 5604 5605
f 5605 5883 5617
f 5607 5324 5606
f 5607 5606 5873
f 5607 5873 5874
f 5609 5877 5606
f 5873 5606 5877
f 5608 5327 5610
f 5876 5609 5608
f 5327 5611 5610
f 5611 5328 5336
f 5608 5610 5875
f 5875 5610 5611
f 5876 5608 5875
f 5612 5611 5336
f 5602 5613 5020
f 5603 5613 5602
f 5614 5613 5603
f 5613 5337 5020
f 5613 5614 5337
f 5603 5869 5614
f 5869 5337 5614
f 5622 5337 5869
f 5870 5622 5869
f 5622 5870 5881
f 5319 5340 5866
f 5617 5618 5615
f 5615 5618 5616
f 5334 5616 5624
f 5616 5618 5624
f 5612 5336 5619
f 5621 5619 5339
f 5620 5612 5619
f 5621 5620 5619
f 5334 5624 5338
f 5338 5624 5623
f 5889 5624 5618
f 5889 5623 5624
f 5881 5023 5622
f 5881 5625 5023
f 5343 5623 5899
f 5889 5899 5623
f 5626 5892 5341
f 5344 5626 5341
f 5345 5625 5893
f 5345 5894 5627
f 5342 5354 5906
f 5626 5344 5897
f 6604 5626 5897
f 5346 5345 5627
f 5628 5346 5627
f 5898 5628 5896
f 5897 5344 5348
f 5629 5628 5898
f 5629 5898 5903
f 5343 5901 5355
f 5628 5629 5346
f 5903 5630 5629
f 5630 5903 5908
f 5632 5631 5356
f 5633 5907 5632
f 5632 5907 5631
f 5630 5908 5352
f 5351 5352 5908
f 5351 5908 5634
f 5636 5632 5357
f 5633 5632 5636
f 5633 5636 5638
f 5351 5634 5041
f 5634 5639 5363
f 5915 5639 5634
f 5634 5908 5914
f 5634 5914 5915
f 5923 5639 5915
f 5642 5927 5353
f 5901 5645 5355
f 5638 5636 5637
f 5635 5637 5636
f 5639 5364 5363
f 5648 5056 5364
f 5923 5364 5639
f 5923 5648 5364
f 9517 5643 9471
f 5641 5353 5640
f 9513 5640 5366
f 9513 5644 5640
f 5640 5650 5641
f 9513 5649 5644
f 5641 5642 5353
f 5650 5640 5644
f 5649 5650 5644
f 5642 6289 5927
f 5642 5942 6289
f 5927 6289 6287
f 5654 5645 5938
f 5646 5373 5647
f 5928 5646 5647
f 5919 5637 5635
f 5919 5635 5646
f 5928 5919 5646
f 5647 5932 5928
f 5056 5648 5374
f 5661 5652 9517
f 9514 5643 5652
f 5653 5652 5661
f 5651 5650 5649
f 5651 9515 5652
f 5641 5650 5936
f 5642 5641 5936
f 5651 5652 5653
f 5653 5931 5651
f 5651 5931 5650
f 5650 5931 5936
f 5642 5936 5942
f 5373 5656 5647
f 5655 5647 5656
f 5655 5656 5933
f 5058 5374 5657
f 5648 5657 5374
f 5657 5648 5939
f 9517 5660 5661
f 9518 9516 5367
f 5654 5662 5370
f 5654 5937 5662
f 5938 5937 5654
f 5058 5657 5659
f 5367 5948 9518
f 5367 5370 5948
f 6294 5940 5661
f 5370 5662 5948
f 5058 5659 5375
f 5663 5661 5660
f 6294 5661 5663
f 9519 5664 5947
f 9518 5664 9520
f 9518 5948 5664
f 5666 5384 5671
f 5666 5669 5376
f 5666 5667 5669
f 5666 5672 5667
f 5963 5391 5668
f 9521 5668 9473
f 6317 5963 5668
f 9521 6317 5668
f 5380 5386 5960
f 5386 5673 5960
f 5670 5387 5956
f 5670 5962 5677
f 5666 5671 5672
f 5674 5673 5392
f 5964 5673 5674
f 5674 5392 5675
f 5964 5674 5675
f 5688 5964 5675
f 5962 5679 5677
f 5962 5692 5679
f 5679 5397 5677
f 5695 9477 5429
f 5680 5403 9523
f 5682 5681 5683
f 5680 5681 5682
f 9523 5696 5680
f 5681 5680 5696
f 5390 5682 5671
f 5671 5682 5683
f 5685 5407 5411
f 5699 5406 5407
f 5699 5407 5700
f 5685 5700 5407
f 5414 5684 5686
f 5414 5685 5411
f 5686 5685 5414
f 5686 5684 5687
f 5415 5687 5684
f 5687 5415 5701
f 5702 5686 5687
f 5685 5686 5702
f 5675 5676 5688
f 5676 5689 5688
f 5689 5690 5688
f 5689 5419 5690
f 5703 5690 5419
f 5984 5688 5690
f 5679 5678 5397
f 5678 5679 5691
f 5691 5693 5678
f 5972 5693 5691
f 5679 5692 5691
f 5692 5969 5691
f 5969 5972 5691
f 5428 5693 5706
f 5428 5706 5694
f 5706 5693 5972
f 5697 5696 9523
f 5695 5429 9524
f 5973 5696 5697
f 5681 5696 5973
f 5973 5683 5681
f 5976 5973 5697
f 5698 9483 5406
f 9483 5698 5977
f 5406 5699 5698
f 5700 5685 5702
f 5700 5702 5978
f 5701 5430 5710
f 5703 5704 5690
f 5419 5421 5703
f 5704 5703 5421
f 5704 5421 5705
f 5705 6000 5704
f 5694 5706 5707
f 9484 9522 9525
f 5707 5706 5708
f 5986 5421 5432
f 9569 9484 9525
f 9569 9525 9526
f 5972 5987 5706
f 5705 5421 5986
f 5987 5985 5706
f 5706 5985 5708
f 5710 6397 5701
f 5997 5701 6397
f 6397 5712 6398
f 6397 5710 5712
f 5434 5711 5714
f 5711 5716 5714
f 5712 5127 5438
f 5713 5712 5438
f 6398 5712 5713
f 5713 5722 6399
f 5438 5722 5713
f 5436 5714 5715
f 5717 5436 5715
f 5714 5716 5715
f 6003 5715 5716
f 5723 5719 5717
f 6003 5718 5715
f 5717 5715 5718
f 5718 5723 5717
f 6005 5723 5718
f 6006 5718 6003
f 5723 5724 5719
f 5724 5442 5719
f 5724 5725 5442
f 5448 5727 9485
f 9527 9485 5727
f 9486 5725 5720
f 9486 5720 9530
f 5727 5728 9527
f 6006 6005 5718
f 6004 6006 6003
f 5720 5725 9530
f 5724 6012 5725
f 6012 9530 5725
f 9528 9488 5728
f 6009 9528 5728
f 5727 6009 5728
f 6011 9528 6009
f 5722 5729 5731
f 5133 5730 5729
f 5729 5730 5731
f 5732 5730 5133
f 5730 5732 6018
f 9528 6011 5735
f 5726 5733 5454
f 9533 9531 9529
f 9532 9534 5736
f 5735 6011 6013
f 5737 5733 9535
f 5733 5734 5454
f 5737 5734 5733
f 5735 5738 9536
f 5735 6013 5738
f 9538 9537 9540
f 9541 5739 9539
f 5739 9541 6015
f 5734 5737 9542
f 5747 5746 6037
f 5740 5741 5742
f 9544 9543 5743
f 6027 5740 5742
f 6027 9545 5744
f 5743 9546 9544
f 9547 5743 5745
f 6042 9547 5745
f 5740 6027 6036
f 6044 6042 5745
f 5762 5764 5745
f 5745 5764 6044
f 6036 5746 5460
f 5746 5747 5460
f 6046 5460 5747
f 6037 6046 5747
f 6048 5751 5750
f 6049 5751 6048
f 5751 5473 5750
f 6049 5473 5751
f 6049 6039 5462
f 5753 5756 5754
f 9555 9492 9549
f 9552 5757 9550
f 9551 9558 9556
f 9559 5774 9548
f 9559 9548 9557
f 5774 5759 5487
f 5462 5756 5753
f 5758 5754 5756
f 9559 9553 9560
f 5756 5462 6039
f 9560 6053 9559
f 5761 5774 9559
f 6053 5761 9559
f 5761 5759 5774
f 5756 6039 5760
f 5760 9561 5756
f 5764 5762 5763
f 5763 5762 5467
f 5763 6056 5764
f 5467 5776 5763
f 5764 6056 6044
f 6057 5763 5776
f 5469 6060 5779
f 5765 6060 5469
f 6061 6060 5765
f 5496 5783 6064
f 5783 5768 6472
f 5462 5473 6049
f 5783 5499 5769
f 5783 5769 5768
f 6065 5769 6066
f 5784 5769 5499
f 5784 5770 5769
f 5771 5773 5770
f 5769 5770 6066
f 5474 5771 5475
f 5474 5772 5771
f 5475 5771 5770
f 5772 5773 5771
f 5774 5487 5486
f 5474 5775 5772
f 5759 5775 5487
f 5775 5759 5772
f 5777 5776 5489
f 5777 5489 5492
f 5776 5777 6069
f 5492 5778 5777
f 5777 5778 6070
f 6070 5778 5502
f 5187 5779 6072
f 6077 5493 5207
f 6078 5493 6077
f 5493 6078 5780
f 5767 5780 6484
f 6078 6484 5780
f 5767 6484 6924
f 6079 5802 5517
f 5495 5781 6080
f 5781 6470 6080
f 5781 5495 6081
f 6081 5495 5782
f 5496 6471 5782
f 5502 5785 6070
f 5787 5786 6082
f 6085 6082 5786
f 5790 5203 5789
f 5203 5791 5789
f 5789 5791 5793
f 5505 5788 5790
f 6085 5786 5505
f 5505 5790 6085
f 6085 5790 6086
f 5790 5789 6086
f 6086 5789 5793
f 6083 6082 6085
f 5791 5203 5792
f 5791 5792 6088
f 5792 5508 5509
f 5792 5509 5794
f 5794 5509 6090
f 6088 5792 5794
f 5794 6090 6089
f 6090 5509 5510
f 6090 5510 6490
f 5510 5511 5795
f 6490 5510 5795
f 6490 5795 6105
f 5795 5511 6105
f 6072 6091 5512
f 6092 5796 6091
f 5796 6092 5228
f 6092 6491 5228
f 5524 5804 6094
f 6094 5798 5797
f 5798 6480 5799
f 6073 5513 5231
f 6074 6073 6482
f 6074 5800 6073
f 5801 6098 4901
f 4901 5534 5801
f 6098 5801 6497
f 5802 6104 6103
f 5522 5521 6107
f 6105 5520 6106
f 6106 5520 5522
f 6491 5523 5228
f 5523 6491 6093
f 6093 5804 5523
f 5230 5523 5524
f 5523 5804 5524
f 5559 5561 6114
f 6115 6114 5562
f 5527 5807 5809
f 5807 5527 5526
f 5807 5526 5808
f 5526 6095 5808
f 5807 5808 5809
f 5809 5806 5527
f 5808 6095 5809
f 6095 5526 6117
f 5810 5528 5529
f 5528 5810 5526
f 5530 5531 5811
f 6496 5530 5811
f 6496 5811 5531
f 5530 6495 5529
f 5532 6496 5531
f 5532 5533 6098
f 6097 5532 6098
f 6108 5539 5812
f 5539 6119 5812
f 5813 5814 6121
f 6121 5814 6124
f 5814 5540 5815
f 5815 5541 5816
f 6124 5814 5815
f 5815 5816 6124
f 5816 5541 5542
f 6126 6124 5816
f 5816 5542 5818
f 5816 5818 6126
f 5817 5543 5821
f 6128 5818 5817
f 6128 5817 5819
f 5817 5821 5819
f 6128 6129 5818
f 6127 5818 6129
f 6128 5819 6131
f 5821 5820 6133
f 6133 5820 6134
f 6136 5823 5822
f 5822 5823 6134
f 6138 6136 5826
f 5826 6515 6138
f 5829 5556 5555
f 5549 5557 5825
f 6112 5824 5556
f 6140 5549 5825
f 6112 5825 5824
f 5826 5549 6140
f 5827 6112 5556
f 5825 6139 6140
f 6112 6139 5825
f 5829 5827 5556
f 5827 5829 6113
f 5828 5829 5555
f 5559 6114 5828
f 5828 6114 5829
f 5578 5833 5579
f 5833 5852 5830
f 5830 5831 6141
f 5848 5831 5830
f 5848 6181 5831
f 5832 5579 5833
f 5832 5833 5836
f 5834 5832 5836
f 5835 5853 5834
f 5837 5835 5834
f 5836 5837 5834
f 5835 5837 5842
f 5836 5838 5841
f 5838 5833 5830
f 5838 5836 5833
f 5839 5837 5836
f 5838 6145 5841
f 5837 5839 5840
f 5840 5843 5837
f 5830 6141 5838
f 5840 5839 5841
f 5839 5836 5841
f 5843 5840 6153
f 6141 6145 5838
f 6145 6146 5841
f 5854 5845 5855
f 5843 5842 5837
f 5845 5854 5842
f 5842 5843 5844
f 5844 5845 5842
f 6153 6154 5844
f 5843 6153 5844
f 6154 6155 5844
f 5845 5844 6155
f 6166 5845 6155
f 6164 5845 6166
f 5846 5855 5845
f 6165 5856 5846
f 5846 5845 6164
f 6165 5846 6164
f 5570 5858 5566
f 5858 5859 5566
f 5571 5859 5850
f 5861 5850 5859
f 5850 5861 5851
f 5849 5847 5576
f 5576 5847 5578
f 5849 5848 5847
f 5576 5850 5849
f 5849 6181 5848
f 5850 6175 5849
f 5850 5851 6175
f 5849 6175 6181
f 6200 6176 5851
f 5861 6200 5851
f 5578 5852 5833
f 5852 5578 5847
f 5848 5852 5847
f 5848 5830 5852
f 6181 6175 6183
f 5834 5853 5832
f 5853 5835 5854
f 5854 5835 5842
f 5856 5855 5846
f 5857 5864 5856
f 5857 5856 6188
f 5857 6188 6189
f 5587 5860 5858
f 5587 5863 5860
f 5858 5860 5859
f 5860 5863 5862
f 5861 5859 5860
f 5861 5860 5862
f 5862 5863 9597
f 5862 9597 5861
f 5856 5864 5592
f 5864 5857 6195
f 5864 6195 5865
f 5595 6552 5863
f 5865 6202 5598
f 5595 5866 5867
f 5867 5866 5340
f 5867 6204 5595
f 5603 5868 6206
f 5603 6206 5869
f 5869 6206 5870
f 5883 5882 5617
f 5607 5872 5605
f 5607 5874 5872
f 5883 5605 5872
f 5872 6207 5883
f 5874 5873 6211
f 6207 5872 5874
f 6211 6207 5874
f 5609 5876 5877
f 5873 5877 6209
f 5873 6209 6211
f 5611 5878 5875
f 5876 5875 5877
f 5877 5875 5878
f 5877 5878 6214
f 6210 5877 6214
f 5612 5880 5611
f 5878 5611 5880
f 5878 5880 5879
f 5879 6214 5878
f 6214 5879 6215
f 6215 5879 6217
f 5612 5620 5880
f 5880 6217 5879
f 6221 6217 5880
f 5871 5867 5887
f 5617 5882 5618
f 5882 5884 5618
f 5883 6207 6218
f 5883 5884 5882
f 5883 6218 5884
f 6221 5880 5620
f 5620 5621 5892
f 5620 5892 6222
f 5885 5893 5881
f 5885 5894 5893
f 5885 6224 5894
f 5867 5340 5886
f 5906 5886 5340
f 5867 5886 5887
f 5888 5887 5886
f 5888 6226 5887
f 5618 5884 5890
f 5618 5890 5889
f 5890 5891 5889
f 5893 5625 5881
f 5894 5895 5627
f 5894 6225 5895
f 5886 6236 5888
f 5626 6604 5892
f 5894 5345 5893
f 5628 5627 5895
f 5896 5628 5895
f 5906 6236 5886
f 5899 5889 6246
f 6246 5889 5891
f 6233 5898 5896
f 5898 6233 6234
f 6234 6239 5898
f 6239 6248 5898
f 6246 6252 5899
f 5898 5900 5903
f 6248 5900 5898
f 5900 6248 5908
f 5899 6252 5901
f 5897 5348 5902
f 5631 5902 5348
f 5908 5903 5900
f 5908 6248 5904
f 5904 6248 5905
f 5906 5354 5927
f 5906 5927 6268
f 6251 5906 6268
f 5902 5631 5907
f 6629 5902 5907
f 5907 6638 6629
f 5909 5910 5908
f 5908 5904 5909
f 5909 5904 5905
f 5905 5911 5909
f 5909 5911 5910
f 5905 6253 5911
f 5911 5912 5910
f 6253 6270 5911
f 6270 6271 5912
f 5911 6270 5912
f 5918 5912 6271
f 6268 5927 6269
f 5633 5638 5913
f 5913 5907 5633
f 5638 5920 5921
f 5913 5638 5921
f 6638 5907 5913
f 5914 5908 5910
f 5914 5910 5915
f 5910 5916 5915
f 5912 5916 5910
f 5917 5915 5916
f 5916 5912 5918
f 5917 5916 5918
f 6281 5917 5918
f 5637 5920 5638
f 5920 5637 5919
f 5929 5920 5919
f 5922 5920 5929
f 5921 5920 5922
f 6284 6283 5922
f 5924 5923 5915
f 5917 5925 5915
f 5925 5924 5915
f 5925 5926 5924
f 5926 5923 5924
f 6281 5925 5917
f 6281 5926 5925
f 6282 5927 6287
f 5928 5929 5919
f 5930 5928 5932
f 5929 5930 6284
f 5929 5928 5930
f 6284 5922 5929
f 6284 5930 6285
f 5934 6285 5930
f 5935 5648 5923
f 5935 5939 5648
f 5923 5926 6286
f 6286 5935 5923
f 5938 5645 6659
f 5647 5655 5932
f 5655 5933 5932
f 5934 5932 5933
f 5932 5934 5930
f 5933 6290 5934
f 5940 5653 5661
f 5653 5940 5941
f 5653 5941 5931
f 5936 5931 9563
f 5943 5942 5936
f 5939 5946 5657
f 5946 5939 6293
f 5659 5657 5946
f 5941 5940 9598
f 9599 6291 9563
f 5936 9563 5943
f 5942 5943 6296
f 5943 6295 6296
f 9563 6291 5943
f 5937 5944 5662
f 5662 5944 5948
f 6297 5944 5937
f 6297 6306 5944
f 5944 6306 5949
f 5937 5938 6297
f 5933 5945 6292
f 6292 6290 5933
f 6307 6292 5945
f 5659 5950 5375
f 5950 5659 5946
f 6294 5663 9564
f 5664 5948 5954
f 5953 5664 5954
f 9564 5952 6294
f 5948 5949 5954
f 5944 5949 5948
f 5380 5955 5945
f 5955 6307 5945
f 5375 5950 5951
f 5672 5957 5667
f 5669 5957 9606
f 5664 9565 5947
f 5953 9565 5664
f 6299 6294 5952
f 5952 5958 6299
f 5953 9566 9565
f 5959 9566 5953
f 5954 6318 5953
f 5960 5955 5380
f 5960 6321 5955
f 6309 5951 6308
f 5951 5956 5665
f 6309 5956 5951
f 5683 6310 5671
f 5672 5671 6310
f 5667 5957 5669
f 5957 6311 9606
f 5672 6310 5957
f 5953 6318 5959
f 6330 9566 5959
f 5956 5961 5670
f 6323 5961 5956
f 5961 5962 5670
f 5967 5962 5961
f 5683 6340 6324
f 5683 6324 6310
f 5416 5963 5983
f 5963 6342 5983
f 5960 5673 5965
f 5673 5964 5965
f 6346 5965 5964
f 5688 5966 5964
f 6346 5964 5966
f 5962 5970 5692
f 5968 5967 6339
f 5962 5967 5968
f 6339 6349 5968
f 5970 5969 5692
f 5970 5971 5969
f 5971 5988 5969
f 5962 5968 5970
f 5968 6349 5970
f 6349 5971 5970
f 5988 5972 5969
f 9524 5429 5975
f 9567 9483 5977
f 5974 5976 5697
f 5974 9524 5975
f 5975 5990 5974
f 5973 5976 6352
f 5991 5974 5990
f 5976 5974 5991
f 5976 5991 6352
f 6352 6340 5973
f 9567 5977 5992
f 5683 5973 6340
f 5698 5979 5977
f 5698 5699 5979
f 5978 5699 5700
f 5699 5980 5979
f 5977 5979 5993
f 5980 5699 5978
f 5981 5980 5978
f 5982 5981 5978
f 5980 5995 5979
f 5996 5995 5980
f 5687 5982 5702
f 5702 5982 5978
f 5982 5687 5701
f 5997 5982 5701
f 6363 5983 6342
f 5416 5983 5431
f 5431 5983 5709
f 5983 6363 5709
f 5984 6346 5966
f 5688 5984 5966
f 5998 6346 5984
f 5704 5998 5984
f 5690 5704 5984
f 5999 5998 5704
f 6000 5705 5986
f 5971 6348 5988
f 6349 6348 5971
f 5985 6002 5708
f 5987 6002 5985
f 9569 9526 6371
f 9612 5708 6002
f 5972 5988 5987
f 5987 5989 6002
f 5988 6351 5989
f 5989 5987 5988
f 6002 5989 6370
f 6348 6351 5988
f 9568 6378 9570
f 5990 9615 5991
f 6378 9568 6354
f 5994 9611 9567
f 6353 6352 5991
f 5992 5977 5993
f 5992 5993 5994
f 5992 5994 9567
f 5993 6357 5994
f 5979 5995 5993
f 6357 5993 5995
f 5980 5981 5996
f 5995 6358 6357
f 5996 6358 5995
f 5999 5704 6000
f 6367 5998 5999
f 6367 5999 6368
f 6368 5999 6001
f 6366 5998 6367
f 6372 6000 5986
f 6372 6001 6000
f 5999 6000 6001
f 6368 6001 6372
f 9569 6371 9613
f 6002 6370 9612
f 9613 6371 6393
f 5709 6389 5711
f 6809 5713 6399
f 6398 5713 6809
f 6003 6400 6004
f 5723 6005 6007
f 6006 6007 6005
f 6014 5723 6007
f 6006 6008 6007
f 6006 6004 6401
f 6401 6008 6006
f 6014 6007 6008
f 6400 6401 6004
f 6014 5724 5723
f 6405 6014 6008
f 5724 6014 6012
f 9571 9530 6012
f 6012 6010 9571
f 9572 9571 6010
f 6010 9573 9572
f 6012 9573 6010
f 6399 5722 6402
f 6399 6402 7246
f 6402 5722 5731
f 6013 9574 5738
f 9573 6012 6407
f 6013 6016 9574
f 6015 9575 5739
f 5734 9542 6017
f 9542 9576 6017
f 9576 6021 6017
f 6406 6016 6013
f 9573 6407 9622
f 6016 6406 6408
f 6022 6016 6408
f 6021 9576 6020
f 6022 9577 6016
f 6018 5731 5730
f 6415 6018 5732
f 6414 6018 6415
f 5732 5734 6019
f 6415 5732 6019
f 6017 6019 5734
f 6019 6017 6021
f 6423 6415 6019
f 6020 6023 6021
f 6022 9578 9577
f 6034 6443 6425
f 6027 5744 6024
f 9579 9547 6041
f 6025 6029 6027
f 6027 6024 6025
f 9580 9579 6026
f 6041 6026 9579
f 6027 6029 6036
f 6026 6041 6042
f 6029 6025 6028
f 6030 6032 6029
f 9581 6031 9583
f 9584 9588 9585
f 6432 6036 6029
f 9582 9580 9589
f 6026 9589 9580
f 6033 6443 6032
f 9592 9591 9586
f 9593 9587 9590
f 9589 6026 6035
f 6026 6042 6035
f 6034 6032 6443
f 6035 9594 9589
f 6032 6034 6425
f 6029 6032 6425
f 6432 6029 6425
f 9594 6035 6444
f 6037 5746 6036
f 6432 6037 6036
f 6432 7970 6037
f 6447 6038 6049
f 6039 6038 6448
f 6436 6451 6039
f 6039 6451 9595
f 6053 9658 6453
f 6453 6452 6053
f 6455 6055 6040
f 6042 6041 9547
f 6042 6044 6043
f 6042 6043 6035
f 6043 6044 6045
f 7970 6046 6037
f 5748 5460 6046
f 6461 5748 6046
f 6047 6062 6469
f 6047 5749 6062
f 6048 6447 6049
f 6049 6038 6039
f 5773 5772 6067
f 5759 6067 5772
f 6051 6067 5759
f 6052 6067 6051
f 6067 6052 6068
f 6464 6068 6052
f 6051 6466 6052
f 6051 6055 6466
f 6464 6052 6466
f 9595 5760 6039
f 9560 9562 6053
f 5761 6054 5759
f 6051 5759 6054
f 6040 6054 5761
f 6053 6040 5761
f 6055 6054 6040
f 6051 6054 6055
f 6045 6044 6056
f 6045 6056 6058
f 6056 5763 6057
f 6058 6056 6057
f 6467 6045 6058
f 6059 5748 6461
f 5748 6059 5766
f 5766 6061 5765
f 6059 6061 5766
f 6476 5779 6060
f 5148 5767 6062
f 6062 5767 6469
f 6063 6471 5496
f 5496 6064 6063
f 6064 5783 6472
f 6472 6065 6462
f 6462 6065 6463
f 6065 5768 5769
f 6472 5768 6065
f 5770 5773 6066
f 6068 6066 5773
f 6066 6050 6065
f 6068 6050 6066
f 5773 6067 6068
f 6069 6057 5776
f 6058 6057 6069
f 6070 6069 5777
f 6070 5785 6071
f 6084 6071 5785
f 6475 6071 6084
f 6070 6071 6926
f 6475 6926 6071
f 5779 6477 6072
f 5779 6476 6477
f 6480 6481 5799
f 6073 6481 6482
f 6074 6482 6483
f 6075 5800 6074
f 5206 6075 6076
f 5800 6075 5206
f 6076 6077 5206
f 6936 6078 6077
f 7358 6104 6079
f 6080 6079 5517
f 5782 6471 6081
f 6084 5785 5787
f 6084 5787 6082
f 6082 6083 6084
f 6086 5793 6087
f 6085 6086 6083
f 6083 6086 6486
f 6087 5793 6088
f 6088 5793 5791
f 6087 6088 6488
f 6487 5794 6089
f 6088 5794 6487
f 6088 6487 6488
f 6089 6090 6489
f 6090 6490 6489
f 6947 6093 6491
f 6093 6947 6492
f 6094 5804 6493
f 6094 6479 5798
f 6094 6478 6479
f 6073 5799 6481
f 6097 6098 6496
f 5801 5534 6497
f 6497 5534 6099
f 6099 6499 6498
f 6100 6102 6499
f 6100 6101 6102
f 6079 6104 5802
f 7358 6501 6103
f 7358 6103 6104
f 6105 6106 6502
f 5522 6107 6106
f 6502 6107 5521
f 6502 5521 5803
f 5803 6108 6109
f 6129 6110 6132
f 6132 6110 6509
f 6509 6110 6511
f 6511 6135 6510
f 6510 6137 6512
f 6512 6137 6514
f 6111 6514 6137
f 6140 6139 6112
f 6515 6140 6519
f 6112 6519 6140
f 6114 6519 6113
f 7375 6114 6115
f 7375 6115 6950
f 5806 6494 5805
f 6116 6494 5806
f 6117 6118 6095
f 6116 5806 5809
f 6096 6116 5809
f 6096 5809 6095
f 5810 6117 5526
f 5810 5529 6495
f 6118 6117 5810
f 6118 5810 6495
f 6495 5530 6496
f 6496 5532 6097
f 6108 5812 6120
f 5812 6119 6120
f 6120 6119 6123
f 6520 6120 6123
f 5813 6122 6119
f 6122 5813 6121
f 6119 6122 6123
f 6522 6124 6126
f 6522 6125 6124
f 6121 6124 6521
f 6521 6124 6125
f 6126 5818 6127
f 6127 6132 6522
f 6522 6126 6127
f 6130 6132 6127
f 6130 6127 6129
f 6110 6129 6128
f 6110 6128 6131
f 6131 5819 6135
f 6135 6511 6131
f 6132 6130 6129
f 6110 6131 6511
f 6510 6134 5823
f 6134 6135 6133
f 6133 5819 5821
f 5819 6133 6135
f 6134 6510 6135
f 5823 6137 6510
f 6136 6137 5823
f 6137 6136 6111
f 5826 6140 6515
f 6111 6136 6138
f 6113 6112 5827
f 5829 6114 6113
f 6142 6141 5831
f 6142 5831 6181
f 6142 6182 6143
f 6142 6143 6141
f 6182 6144 6143
f 6149 6144 6523
f 5841 6147 5840
f 6156 6153 6147
f 6153 5840 6147
f 6143 6145 6141
f 6149 6146 6145
f 5841 6146 6151
f 6151 6147 5841
f 6148 6156 6147
f 6143 6149 6145
f 6149 6151 6146
f 6148 6157 6156
f 6151 6148 6147
f 6143 6144 6149
f 6149 6523 6151
f 6148 6151 6150
f 6148 6150 6157
f 6151 6523 6152
f 6151 6152 6150
f 6152 6163 6150
f 6152 6523 6524
f 6156 6154 6153
f 6154 6158 6155
f 6156 6157 6154
f 6154 6157 6158
f 6155 6158 6166
f 6159 6158 6157
f 6150 6159 6157
f 6158 6160 6166
f 6160 6168 6166
f 6159 6160 6158
f 6162 6168 6160
f 6159 6161 6160
f 6150 6163 6159
f 6163 6161 6159
f 6162 6160 6161
f 6161 6525 6162
f 6166 6167 6164
f 6167 6165 6164
f 6188 5856 6165
f 6169 6165 6167
f 6168 6167 6166
f 6168 6170 6167
f 6169 6167 6170
f 6171 6169 6170
f 6171 6173 6169
f 6162 6526 6168
f 6526 6170 6168
f 6171 6170 6526
f 6171 6529 6528
f 6528 6173 6171
f 6162 6525 6526
f 6526 6529 6171
f 6173 6190 6169
f 6192 6190 6173
f 6172 6192 6174
f 6528 6174 6173
f 6173 6174 6192
f 6175 5851 6177
f 6176 9597 6201
f 6177 5851 6176
f 6185 6177 6178
f 6176 6179 6178
f 6178 6177 6176
f 6201 6179 6176
f 6178 6180 6185
f 6179 6180 6178
f 6179 6201 5863
f 6179 5863 6186
f 9596 6179 6186
f 6534 9596 6186
f 6175 6177 6183
f 6181 6182 6142
f 6177 6185 6183
f 6181 6184 6182
f 6184 6144 6182
f 6183 6184 6181
f 6183 6187 6184
f 6185 6187 6183
f 6184 6523 6144
f 6185 6180 6187
f 6534 6186 5863
f 6165 6190 6188
f 6190 6165 6169
f 6189 6188 6190
f 6189 6191 6195
f 6195 5857 6189
f 6189 6192 6191
f 6191 6196 6195
f 6190 6192 6189
f 6172 6191 6192
f 6193 6191 6172
f 6193 6196 6191
f 6194 6193 6172
f 6198 6193 6194
f 6198 6196 6193
f 6194 6172 6174
f 6533 6194 6174
f 5865 6197 6199
f 6195 6196 6197
f 6196 6198 6197
f 6198 6199 6197
f 6194 6199 6198
f 6533 6199 6194
f 6547 6199 6533
f 6549 6547 6533
f 6201 9597 5863
f 6195 6197 5865
f 6199 6202 5865
f 6199 6546 6202
f 6202 6546 5868
f 6546 6555 5868
f 6203 6552 5595
f 5595 6204 6203
f 5868 6555 6206
f 6565 6206 6555
f 6206 6205 5870
f 6205 6206 6565
f 6204 5867 5871
f 5871 6563 6204
f 5870 6205 5881
f 6566 5881 6205
f 5881 6566 5885
f 6207 6211 6208
f 6207 6208 6218
f 6213 6219 6208
f 6219 6218 6208
f 5877 6210 6209
f 6210 6214 6215
f 6209 6210 6212
f 6212 6210 6216
f 6212 6211 6209
f 6211 6212 6213
f 6213 6208 6211
f 6213 6574 6587
f 6213 6212 6574
f 6210 6215 6216
f 6212 6216 6573
f 6573 6574 6212
f 6215 6217 6575
f 6216 6215 6575
f 5885 6566 6224
f 6578 6224 6566
f 5871 5887 6226
f 5871 6226 6572
f 6572 6226 6584
f 6218 6220 5884
f 6220 6227 5884
f 6218 6586 6220
f 6218 6219 6586
f 6217 6221 6223
f 6221 5620 6222
f 6222 6223 6221
f 6224 6225 5894
f 6578 6225 6224
f 6230 6225 6579
f 5888 6236 6226
f 6599 6226 6236
f 6599 6584 6226
f 5884 6227 5890
f 5890 6228 5891
f 6227 6228 5890
f 5891 6228 6611
f 6220 6229 6227
f 6227 6229 6228
f 6603 5892 6604
f 5892 6597 6222
f 5895 6230 5896
f 5895 6225 6230
f 6230 6231 6234
f 6234 6231 6232
f 6236 6237 6599
f 6599 6237 6600
f 6246 5891 6611
f 6230 6233 5896
f 6230 6234 6233
f 6234 6235 6240
f 6232 6235 6234
f 6606 6235 6232
f 6236 6244 6237
f 6245 6237 6244
f 6237 6245 6238
f 6600 6237 6238
f 6238 6607 6608
f 6238 6245 6607
f 6245 6616 6607
f 6246 6611 6247
f 6611 6612 6247
f 6604 5897 7062
f 6240 6239 6234
f 6240 6248 6239
f 6248 6240 6241
f 6613 6242 6241
f 6242 6250 6249
f 6614 6622 6242
f 5906 6243 6236
f 6245 5906 6251
f 6243 6244 6236
f 6243 5906 6245
f 6244 6243 6245
f 6251 6616 6245
f 6247 6252 6246
f 6248 6249 5905
f 6254 5905 6249
f 6249 6250 6254
f 6241 6249 6248
f 6249 6241 6242
f 6242 6622 6250
f 6250 6261 6259
f 6622 6261 6250
f 6261 6622 6623
f 6261 6623 6265
f 6616 6251 6624
f 6251 6269 6624
f 5902 6629 6628
f 5905 6254 6253
f 6250 6256 6254
f 6254 6255 6253
f 6255 6254 6256
f 6259 6256 6250
f 6256 6257 6255
f 6256 6259 6257
f 6259 6260 6257
f 6255 6257 6258
f 6257 6260 6258
f 6255 6258 6272
f 6262 6260 6259
f 6262 6263 6260
f 6260 6263 6264
f 6258 6260 6264
f 6272 6258 6274
f 6258 6264 6274
f 6259 6261 6262
f 6262 6261 6265
f 6262 6265 6266
f 6263 6262 6266
f 6266 6267 6263
f 6263 6267 6264
f 6264 6267 6277
f 6274 6264 6277
f 6266 6265 6632
f 6631 6277 6267
f 6631 6641 6277
f 6269 6251 6268
f 6638 6630 6629
f 6280 5918 6271
f 6271 6273 6280
f 6255 6270 6253
f 6272 6270 6255
f 6272 6273 6270
f 6271 6270 6273
f 6281 6280 6273
f 6274 6275 6272
f 6272 6275 6273
f 6273 6276 6281
f 6276 6650 6281
f 6273 6275 6276
f 6277 6278 6274
f 6274 6278 6275
f 6279 6275 6278
f 6279 6276 6275
f 6278 6642 6279
f 6640 6276 6279
f 6650 6276 6640
f 6641 6278 6277
f 6641 6642 6278
f 6639 5913 5921
f 5913 6639 6638
f 6648 6639 5921
f 6648 5921 6283
f 6280 6281 5918
f 6650 6651 6281
f 6269 5927 6282
f 6282 7103 6269
f 5921 5922 6283
f 6653 6283 6284
f 6651 5926 6281
f 6651 6286 5926
f 7112 6286 6651
f 6659 5645 5901
f 6653 6284 6285
f 6285 6654 6653
f 6657 6285 5934
f 5934 6290 6288
f 6654 6285 6657
f 6655 6657 6288
f 6657 5934 6288
f 6655 6288 6290
f 5935 6286 6662
f 6662 5939 5935
f 6663 6287 6289
f 6659 6664 5938
f 6665 6660 6290
f 6292 6665 6290
f 5939 6661 6293
f 5942 6666 6289
f 5942 6296 6666
f 5943 6291 6295
f 6289 6666 6663
f 6664 6297 5938
f 5946 6293 5950
f 9599 6300 6291
f 6294 6299 9600
f 6291 6300 6295
f 6296 6295 6303
f 5949 6306 6305
f 6306 6297 7134
f 6297 6664 7134
f 6668 6292 6307
f 6292 6668 6665
f 6308 5951 5950
f 5950 6298 6308
f 5950 6293 6298
f 6679 6299 5958
f 6302 6295 6300
f 6295 6302 6304
f 6299 6301 9600
f 6300 9601 6302
f 6299 6679 6301
f 6304 6303 6295
f 6304 6671 6303
f 6304 6302 9601
f 5949 6305 5954
f 5954 6305 6318
f 6319 6305 6306
f 6668 6307 6320
f 6320 6674 6668
f 5955 6321 6307
f 6298 6677 6308
f 6309 6308 6677
f 5957 6310 6311
f 6310 6315 6312
f 6310 6312 6311
f 9606 6311 6312
f 9602 6313 6317
f 9602 6314 6313
f 6316 6313 6314
f 6310 6325 6315
f 9603 6312 6315
f 9604 9605 6316
f 6313 6316 6328
f 9605 6326 6316
f 6325 9607 6315
f 6326 6327 6316
f 6317 6313 5963
f 6329 6679 5958
f 9608 6329 5958
f 6331 5959 6318
f 6331 6330 5959
f 6305 6319 6318
f 6318 6716 6331
f 6319 6335 6318
f 6319 7150 6335
f 6335 6716 6318
f 6319 6306 7142
f 6323 5956 6309
f 6322 6323 6309
f 6322 6337 6323
f 6323 6337 5961
f 6324 6325 6310
f 6703 6325 6324
f 6342 6328 6327
f 6342 6327 6708
f 6316 6327 6328
f 6708 6327 6689
f 5963 6313 6328
f 5963 6328 6342
f 9608 6332 6329
f 6332 6333 6329
f 6333 6332 6334
f 6333 6694 6329
f 6330 6331 9609
f 9609 6331 9610
f 6331 6343 9610
f 6321 6320 6307
f 6321 6336 6320
f 6336 6719 6320
f 6344 6336 6321
f 6345 6336 6344
f 5960 6344 6321
f 6344 5960 5965
f 6337 6720 6338
f 6337 6338 5961
f 6347 5961 6338
f 6347 6339 5961
f 5967 5961 6339
f 6352 6341 6340
f 6340 6341 6324
f 6324 6341 6703
f 6341 6702 6703
f 6342 6708 6363
f 6694 6333 6712
f 9677 6333 6334
f 6343 6713 9610
f 6334 9678 9677
f 6716 6343 6331
f 6344 5965 6346
f 6346 6365 6344
f 6365 6346 6366
f 6339 6347 6722
f 6339 6722 6350
f 6349 6350 6348
f 6350 6349 6339
f 6369 6348 6350
f 6736 6369 6350
f 6374 5989 6351
f 6369 6351 6348
f 6351 6369 6374
f 6353 5991 9615
f 6381 6353 9615
f 6352 6353 6381
f 6352 6738 6341
f 6738 6352 6381
f 9611 5994 6355
f 6355 5994 6356
f 6357 6356 5994
f 6738 6723 6341
f 6359 5996 5981
f 5982 6359 5981
f 6359 5982 6362
f 6360 6358 5996
f 6359 6360 5996
f 6357 6358 6356
f 6358 6361 6356
f 6360 6361 6358
f 6383 6360 6359
f 6362 6383 6359
f 6388 6383 6362
f 6361 6384 6356
f 5982 5997 6362
f 6795 6362 5997
f 6388 6362 6795
f 6364 6389 6363
f 6363 6728 6364
f 6389 5709 6363
f 6733 6344 6365
f 6345 6344 6733
f 6365 6366 6390
f 6346 5998 6366
f 6391 6366 6367
f 6391 6367 6368
f 6394 6780 6368
f 6374 6370 5989
f 6374 6373 6370
f 6370 6373 9612
f 6373 9619 9612
f 6372 6394 6368
f 6369 6376 6374
f 6375 6374 6376
f 6374 6375 6373
f 6376 6752 6375
f 6736 6376 6369
f 6736 6752 6376
f 6377 6378 6354
f 6377 6379 6378
f 6355 9614 9611
f 6381 9615 6380
f 9618 9616 9617
f 6377 6396 6379
f 6381 6380 6759
f 6759 9618 9617
f 6382 6355 6356
f 6382 6356 6384
f 6382 9614 6355
f 9614 6765 9621
f 9614 6382 6765
f 6384 6387 6382
f 6382 6387 6765
f 6361 6386 6384
f 6360 6385 6361
f 6360 6383 6385
f 6383 6741 6385
f 6388 6741 6383
f 6385 6741 6742
f 6771 6741 6388
f 6385 6386 6361
f 6742 6386 6385
f 6386 6387 6384
f 6773 5997 6397
f 6795 5997 6773
f 5711 6389 6774
f 5716 5711 6774
f 6366 6391 6390
f 6748 6390 6392
f 6391 6368 6780
f 6780 6392 6391
f 6390 6391 6392
f 6393 9620 9613
f 6373 6395 9619
f 6373 6375 6395
f 6782 9620 6393
f 6375 6753 6395
f 6395 6753 6754
f 6751 9619 6395
f 6751 9684 9619
f 6773 6397 6398
f 5716 6774 6775
f 6775 6796 5716
f 6795 6398 6809
f 6796 6003 5716
f 6796 6400 6003
f 6403 6401 6400
f 7246 6809 6399
f 6405 6401 6403
f 6811 6405 6403
f 6401 6405 6008
f 6014 6407 6012
f 6014 6411 6407
f 6405 6404 6014
f 6014 6404 6411
f 6811 6404 6405
f 6827 6404 6811
f 6022 6408 6409
f 9623 9622 6407
f 6411 9623 6407
f 6412 6022 6409
f 9629 6410 9624
f 9625 9627 9626
f 9626 9627 9630
f 6827 6411 6404
f 9631 9628 6411
f 6022 6412 9578
f 9631 6830 6812
f 6411 6830 9631
f 6402 5731 6413
f 5731 6018 6414
f 6414 6413 5731
f 7293 6413 6414
f 6414 6415 6423
f 9694 9578 6412
f 6423 6019 6021
f 6021 6417 6423
f 9694 6419 9578
f 6021 6023 6416
f 6021 6416 6417
f 6416 6418 6417
f 9578 6419 9632
f 9633 9632 6419
f 6419 6420 9633
f 9634 6424 6417
f 9636 6422 9635
f 6424 6423 6417
f 9636 6421 6422
f 6423 7293 6414
f 6422 6424 9634
f 6430 6431 6883
f 6889 6432 9753
f 6891 6892 6434
f 6425 6443 6426
f 6427 6432 6425
f 6425 6426 6427
f 9638 9657 6444
f 6427 9647 6432
f 9753 6432 9647
f 9640 9639 6429
f 6444 9645 9638
f 9647 6427 6428
f 9642 9641 9646
f 6444 6445 9645
f 6431 6430 9643
f 9644 9645 6445
f 9648 9644 6445
f 7970 6432 7306
f 6434 6448 7316
f 6436 6448 6434
f 6434 7316 6433
f 6039 6448 6436
f 6434 6435 6436
f 6892 6437 6435
f 9650 6438 9649
f 6435 6437 6436
f 9649 6438 6454
f 9659 9653 6439
f 6892 6440 6437
f 9655 6441 9651
f 9656 9654 9652
f 6456 6439 6441
f 6441 6439 9653
f 6439 6456 9659
f 6892 6893 6440
f 6435 6434 6892
f 6442 6441 9655
f 6442 9655 9767
f 6442 6456 6441
f 6456 6902 6457
f 6904 6458 6457
f 6444 6035 6445
f 9594 6444 9657
f 6035 6043 6446
f 6445 6035 6446
f 6043 6459 6446
f 6445 6446 6907
f 6909 6447 6910
f 6447 6048 6910
f 6909 6038 6447
f 6909 6448 6038
f 6448 6909 7316
f 6911 6465 6450
f 6465 6911 7659
f 6465 6449 6450
f 6458 6450 6449
f 9649 6454 9658
f 9658 6454 6453
f 6040 6053 6452
f 6452 6455 6040
f 6449 6055 6455
f 6456 6453 9659
f 6456 6452 6453
f 6456 6457 6452
f 6457 6455 6452
f 6449 6455 6458
f 6455 6457 6458
f 6043 6045 6459
f 6459 6045 6460
f 6045 6467 6460
f 6459 6906 6446
f 6460 6906 6459
f 6913 6461 6046
f 6046 7970 6914
f 6913 6046 6914
f 6469 7319 6047
f 5749 6047 6048
f 6463 6916 6462
f 6065 6050 6463
f 6916 6463 7659
f 7659 6463 6465
f 6050 6068 6464
f 6465 6050 6464
f 6050 6465 6463
f 6465 6464 6466
f 6466 6449 6465
f 6449 6466 6055
f 6473 6058 6069
f 6917 6058 6473
f 6917 6467 6058
f 6473 6474 6917
f 6061 6468 6060
f 6919 6061 6059
f 6468 6061 6919
f 6476 6060 6468
f 6468 6920 6476
f 6078 6923 6484
f 6924 6469 5767
f 6469 6924 7322
f 5781 6081 6470
f 6081 6471 6470
f 6471 6063 6915
f 6472 6915 6063
f 6063 6064 6472
f 6473 6069 6474
f 6069 6070 6925
f 6925 6474 6069
f 6070 6926 6925
f 6926 6475 6084
f 6926 6084 6939
f 6477 6944 6072
f 6927 6944 6477
f 6093 6928 6493
f 6094 6930 6478
f 6930 6094 6493
f 6479 6478 6931
f 6478 6930 6931
f 6479 6480 5798
f 6481 6480 6932
f 6481 6932 6482
f 6932 6483 6482
f 6933 6934 6075
f 6075 6934 6935
f 6076 6936 6077
f 6078 6936 6923
f 6079 6485 7358
f 6080 6485 6079
f 6080 7340 6485
f 6939 6083 6486
f 6939 6084 6083
f 6486 6087 6488
f 6086 6087 6486
f 6939 6486 6488
f 6940 6488 6487
f 6487 6089 6489
f 6490 7363 6941
f 6487 6489 6942
f 6942 6489 6941
f 6490 6941 6489
f 6944 6091 6072
f 6944 6092 6091
f 6946 6491 6092
f 6946 6947 6491
f 6928 6093 6492
f 6093 6493 5804
f 5805 6494 6950
f 6952 6116 6096
f 6116 6952 6494
f 6494 6952 7354
f 7376 6095 6118
f 6095 7376 6096
f 6118 6495 6953
f 6495 6954 6953
f 6954 6496 6955
f 6954 6495 6496
f 6496 6098 6497
f 6498 6497 6099
f 6498 6499 6956
f 6956 6497 6498
f 6499 6102 6937
f 6937 6102 6500
f 6937 6500 6938
f 6499 6937 6956
f 6102 6101 6500
f 6500 6101 6501
f 6500 6501 6938
f 6502 7363 6490
f 6106 6107 6502
f 5803 6109 6503
f 6503 6109 6958
f 6503 6502 5803
f 6108 6504 6109
f 6505 6504 6108
f 6109 6504 6958
f 6505 6108 6120
f 6505 6120 6520
f 6505 6520 6504
f 6122 6121 6506
f 6506 6966 6122
f 6506 6521 6508
f 6125 6522 6508
f 6508 6522 6970
f 6970 6967 6508
f 6965 6966 6506
f 6965 6506 6508
f 6522 6509 6970
f 6509 6972 6970
f 6522 6132 6509
f 6972 6509 6973
f 6510 6512 6977
f 6977 6511 6510
f 6509 6511 6973
f 6977 6973 6511
f 6513 6111 6517
f 6513 6514 6111
f 6518 6514 6513
f 6517 6518 6513
f 6976 6977 6512
f 6514 6974 6512
f 6514 6518 6975
f 6512 6974 6976
f 6138 6515 6979
f 6138 6517 6111
f 6979 6515 6516
f 6517 6138 6979
f 6519 6516 6515
f 6517 6979 6518
f 6519 6979 6516
f 6113 6519 6112
f 6114 7375 6519
f 6950 6115 5805
f 6123 6122 6507
f 6520 6123 6507
f 6506 6121 6521
f 6125 6508 6521
f 6152 6524 6163
f 6163 6524 6543
f 6524 6538 6543
f 6161 6163 6525
f 6163 6543 6527
f 6163 6527 6525
f 6543 6981 6527
f 6525 6529 6526
f 6525 6527 6529
f 6529 6527 6531
f 6527 6980 6531
f 6527 6987 6980
f 6528 6530 6174
f 6529 6530 6528
f 6531 6532 6529
f 6529 6532 6530
f 6532 6545 6530
f 6980 6532 6531
f 6532 6993 6545
f 6980 6993 6532
f 6174 6530 6533
f 6549 6533 6530
f 6530 6545 6549
f 6184 6537 6523
f 5863 6552 6534
f 6537 6184 6187
f 6537 6187 6539
f 6187 6535 6539
f 6187 6180 6535
f 9596 6534 9660
f 6534 6536 9660
f 6536 6534 6552
f 6540 6539 6535
f 9661 9660 6536
f 6523 6537 6538
f 6524 6523 6538
f 6537 6539 6538
f 6539 6540 6538
f 6541 6538 6540
f 6552 6553 6536
f 6542 6536 6553
f 6536 9662 9661
f 6540 9663 6541
f 6544 6538 6541
f 6985 6544 6541
f 6541 9663 6983
f 6542 6553 9769
f 6543 6538 6544
f 6544 6981 6543
f 6544 6982 6981
f 6985 6982 6544
f 6527 6981 6987
f 6545 6551 6549
f 6993 6994 6545
f 6994 6551 6545
f 6547 6546 6199
f 6548 6546 6547
f 6546 6548 7006
f 6550 6547 6549
f 6547 6550 6548
f 7006 6548 6550
f 6549 6551 6996
f 6550 6549 6996
f 6997 6996 6551
f 7003 6550 6996
f 7006 6550 7003
f 6203 6553 6552
f 6203 6554 6553
f 6999 6553 6554
f 7006 6555 6546
f 6556 6555 7006
f 6556 7006 7007
f 6203 6204 6554
f 6204 6557 6554
f 6554 6557 6558
f 6563 6558 6557
f 6558 7017 7001
f 7017 6558 6559
f 6565 6555 6556
f 6565 6560 6568
f 6560 6565 6556
f 7009 6560 6556
f 6560 7011 7020
f 6560 7009 7011
f 6560 7020 6568
f 6569 6561 6562
f 6561 6569 7021
f 6569 6568 7021
f 6561 7024 6562
f 6204 6563 6557
f 6563 6559 6558
f 6563 6564 6559
f 6563 6571 6564
f 6566 6205 6565
f 6565 6568 6566
f 6570 6566 6567
f 6568 6569 6567
f 6568 6567 6566
f 6569 6570 6567
f 6569 6562 6570
f 6572 6563 5871
f 6563 6572 6571
f 6566 6570 6578
f 6570 6580 6578
f 7023 6580 6570
f 6580 7023 7031
f 6585 6572 6584
f 6572 6585 7032
f 6587 6219 6213
f 6576 6573 6577
f 6573 6216 6577
f 6574 6573 6576
f 6574 6576 7039
f 6216 6575 6577
f 7038 6576 6577
f 6581 6579 6580
f 6579 6583 6593
f 6582 6581 6580
f 6583 7029 6593
f 6583 6579 9664
f 6582 7029 6583
f 6583 9664 6582
f 6585 6584 6599
f 6588 6220 6586
f 6588 6589 6220
f 6589 6229 6220
f 6586 6587 6588
f 6219 6587 6586
f 6587 6590 6588
f 6590 7037 6588
f 6588 7037 6589
f 7037 7047 6589
f 6574 6590 6587
f 7039 6590 6574
f 6576 7038 7039
f 7036 7037 6590
f 6590 7039 7036
f 6577 6575 6591
f 6577 6591 7040
f 7038 6577 7040
f 6592 6217 6223
f 6591 6575 6592
f 6575 6217 6592
f 6578 6579 6225
f 6230 6579 6231
f 6579 6578 6580
f 6579 6593 6231
f 6593 6232 6231
f 7044 6232 6593
f 6232 7044 6598
f 7029 7044 6593
f 6594 6613 6598
f 6599 6601 6585
f 6600 6601 6599
f 6585 6601 6595
f 7035 6585 6595
f 6595 6610 6596
f 6229 7054 6228
f 7054 6229 7047
f 6589 7047 6229
f 6603 6597 5892
f 6597 6223 6222
f 7055 6597 6603
f 6606 6232 6598
f 6606 6598 6613
f 6601 6600 6602
f 6601 6602 6595
f 6602 6610 6595
f 6610 7046 6596
f 6610 7061 7046
f 6611 6228 7054
f 6611 7054 6612
f 7068 6612 7054
f 6605 6603 6604
f 6604 7062 7058
f 6605 6604 7058
f 7055 6603 6605
f 6606 6240 6235
f 6240 6606 6241
f 6241 6606 6613
f 7053 7066 6615
f 6608 6607 6609
f 6608 6600 6238
f 6600 6608 6602
f 6608 6609 6602
f 6602 6609 6610
f 6609 6619 6610
f 7061 6619 6625
f 6610 6619 7061
f 5897 5902 7062
f 6620 7064 7062
f 6242 6613 6614
f 6615 6622 6614
f 7053 6614 6613
f 7053 6615 6614
f 6617 6607 6616
f 6607 6617 6609
f 6609 6617 6619
f 6618 6619 6617
f 6619 6618 6625
f 6247 6626 6252
f 6612 6627 6247
f 6612 7068 6627
f 5902 6620 7062
f 5902 6628 6620
f 6621 7069 6620
f 7064 6620 7069
f 6623 6622 6615
f 6615 7066 6623
f 6623 7074 6634
f 7066 7074 6623
f 6616 6624 6617
f 6269 6625 6624
f 6617 6624 6618
f 6625 6618 6624
f 6247 6627 6626
f 6628 6621 6620
f 6628 6629 6621
f 7081 6630 6639
f 6623 6632 6265
f 6632 6267 6266
f 6632 6631 6267
f 6623 6634 6632
f 6632 6634 6633
f 6632 6633 6631
f 6631 6645 6641
f 6633 6645 6631
f 6635 6633 6634
f 6645 6633 6635
f 6645 6635 6637
f 6634 6636 6635
f 6636 6634 7085
f 6636 6637 6635
f 7083 6636 7085
f 7083 6637 6636
f 7084 7098 6637
f 7084 6637 7083
f 6269 7103 6625
f 6630 6638 6639
f 6644 6279 6642
f 6640 6279 6644
f 6645 6643 6641
f 6643 6642 6641
f 6643 6644 6642
f 6652 6640 6644
f 6645 6646 6643
f 6646 6644 6643
f 6647 6644 6646
f 6647 6652 6644
f 7098 6645 6637
f 7098 6646 6645
f 7097 6647 6646
f 7098 7097 6646
f 7093 6639 6648
f 7093 6648 6649
f 6653 6649 6648
f 6652 6650 6640
f 6651 6650 6652
f 6652 7106 6651
f 6282 6287 7483
f 6282 7483 7103
f 6648 6283 6653
f 6654 6656 7116
f 6653 6654 7116
f 6286 7112 6658
f 7483 6287 6663
f 6655 6656 6657
f 6657 6656 6654
f 6656 6655 6660
f 6286 6658 6662
f 7121 6658 7118
f 7501 7483 6663
f 6655 6290 6660
f 6661 6662 7126
f 7122 7126 6662
f 6662 6661 5939
f 6658 7121 6662
f 7121 7122 6662
f 6666 7501 6663
f 6660 6665 7125
f 6667 7125 6665
f 6670 6293 7128
f 6661 7126 6293
f 6303 6672 6296
f 6672 6666 6296
f 6665 6668 6667
f 6669 6293 6670
f 6293 6669 6298
f 6676 6669 6670
f 6303 6671 6672
f 6306 7134 7142
f 6683 6673 6684
f 6683 7138 6673
f 6673 6667 6674
f 6667 6668 6674
f 6669 6676 6678
f 6676 6675 6678
f 6686 6678 6675
f 6687 6686 6675
f 6687 6675 7149
f 6676 7133 7149
f 6675 6676 7149
f 7127 7133 6670
f 6676 6670 7133
f 6677 6298 6678
f 6298 6669 6678
f 6677 6678 6686
f 6691 6681 6679
f 6681 6691 6692
f 9667 9670 6680
f 6679 9666 6301
f 6304 9601 6680
f 6691 6679 6329
f 6671 6304 6682
f 6680 6682 6304
f 6680 9665 9667
f 6671 6682 7141
f 7141 6672 6671
f 7150 6319 7142
f 6684 6700 6683
f 6700 6684 6685
f 6673 6674 6684
f 6684 6674 6685
f 6674 6320 6685
f 6687 7149 7155
f 6701 6686 6687
f 6309 6677 6322
f 6677 6686 6701
f 6701 6322 6677
f 6703 6688 6325
f 6688 9607 6325
f 6689 6327 6326
f 6689 6326 9668
f 6690 6688 6703
f 9668 9669 6689
f 9669 6705 6689
f 6703 6706 6690
f 9674 6707 9669
f 9669 6707 6705
f 6692 6691 6329
f 6692 6329 6694
f 6695 6680 9670
f 6693 6695 9670
f 9672 6693 9670
f 9671 6694 6696
f 6696 6694 6697
f 6693 9673 6695
f 6698 6695 9673
f 6696 6697 6711
f 6698 9673 9676
f 6682 6680 6695
f 6682 6695 6698
f 7552 6682 6698
f 6700 6699 6683
f 6718 6717 6700
f 6700 6717 6699
f 6685 6718 6700
f 6685 6719 6718
f 6685 6320 6719
f 7163 6701 6687
f 6720 6701 7163
f 6701 6337 6322
f 6720 6337 6701
f 6703 6702 6704
f 6725 6704 6702
f 7156 6704 6725
f 6727 6708 6689
f 6689 6705 6727
f 6705 6707 6727
f 6703 6704 6706
f 6706 6704 7156
f 9674 9776 6707
f 6363 6708 6727
f 6709 6697 6712
f 6714 6709 6712
f 6710 6709 6714
f 6694 6712 6697
f 6709 6710 6729
f 6710 6746 6729
f 6697 6709 7158
f 7159 6697 7158
f 9678 9679 9677
f 6713 6715 9680
f 9680 6715 9675
f 6343 6730 6713
f 6730 6715 6713
f 6715 9681 9675
f 6730 9681 6715
f 6716 6335 7170
f 7160 6335 7150
f 6718 7174 6717
f 6732 6336 6345
f 6719 6336 6732
f 6720 6347 6338
f 6721 6347 6720
f 6347 6721 6722
f 6722 6721 6734
f 6735 6721 6720
f 6734 6350 6722
f 6734 6737 6350
f 6723 6702 6341
f 6724 6723 6738
f 6724 6702 6723
f 6725 6702 6724
f 6707 6726 6727
f 6727 6726 6743
f 7165 6743 6726
f 6727 6728 6363
f 6727 6743 6728
f 7158 6709 6729
f 7169 6729 6745
f 6716 6730 6343
f 7174 6718 7187
f 6718 6719 7197
f 6718 7197 7187
f 6731 6719 6732
f 6732 6345 6733
f 6733 6365 6747
f 6365 6390 6747
f 6735 6734 6721
f 6735 6737 6734
f 6735 7189 7200
f 6736 6350 6737
f 6749 6736 6737
f 6757 6736 6749
f 6735 6749 6737
f 6752 6736 6757
f 6381 6739 6738
f 6739 6381 6759
f 6739 6759 6760
f 6739 6740 6738
f 6739 6761 6740
f 6739 6760 6761
f 6738 6740 6724
f 6742 6387 6386
f 6742 6765 6387
f 6741 6771 6766
f 6741 6766 6742
f 6771 6388 6795
f 6744 6364 6728
f 6743 6744 6728
f 6743 7181 6744
f 7182 7181 6743
f 6744 6389 6364
f 6744 6774 6389
f 6729 6746 6745
f 6745 6746 7194
f 7187 7197 7196
f 6719 6731 7197
f 6731 6732 6777
f 7231 6731 6777
f 6732 6733 6776
f 6732 6776 6777
f 6776 6733 6747
f 6747 6390 6748
f 6747 6748 6776
f 6778 6748 6392
f 7200 6749 6735
f 6750 6757 6749
f 6755 6757 6750
f 6750 6749 7200
f 6753 6375 6752
f 6754 6751 6395
f 6783 6751 6754
f 6757 6755 6752
f 6755 6753 6752
f 6753 6755 6756
f 6756 6755 6784
f 6753 6756 6754
f 6754 6756 6783
f 6756 6784 6785
f 6756 6785 6783
f 6784 6755 6750
f 6759 9617 6758
f 9682 6379 6396
f 6396 6787 9682
f 6787 6788 9682
f 6758 9686 6759
f 6765 6793 9685
f 6760 6759 6762
f 6762 6759 9686
f 6761 6760 6762
f 6762 6764 6761
f 6763 6740 6761
f 6761 6764 6763
f 6740 6763 7190
f 7201 6763 6764
f 6763 7201 7190
f 6765 9685 9621
f 6765 6769 6793
f 6742 6767 6765
f 6765 6767 6769
f 6742 6766 6767
f 6766 6768 6767
f 6771 6768 6766
f 6771 6772 6768
f 6767 6768 6769
f 6768 6770 6769
f 6768 6772 6770
f 7221 6770 6772
f 6770 6794 6769
f 7221 6794 6770
f 7222 6771 6795
f 6771 7222 6772
f 6795 6773 6398
f 6774 6744 7181
f 6774 7181 6775
f 6813 6777 6776
f 6776 6748 6778
f 6776 6778 6813
f 6778 6392 6779
f 6779 6813 6778
f 6779 6392 6780
f 6779 6780 6797
f 6780 6781 6797
f 7199 6784 6750
f 7199 6785 6784
f 6781 6780 6394
f 9683 9620 6782
f 6751 6783 9684
f 9683 6782 6798
f 9684 6783 6799
f 6785 6786 6783
f 6783 6786 6799
f 6785 7215 6786
f 6786 7215 6799
f 6789 6788 6787
f 6762 9686 6790
f 6790 9686 6791
f 6791 9686 9687
f 6791 9687 6805
f 6790 6764 6762
f 7202 6764 6790
f 7202 6790 6791
f 7202 6791 6792
f 6792 6791 6805
f 7201 6764 7202
f 7220 7202 6792
f 6769 6794 6793
f 7221 7243 6794
f 7221 6772 7222
f 6796 6775 6810
f 7224 6810 6775
f 6796 6810 6400
f 6810 6403 6400
f 6813 7232 6777
f 6779 6797 6813
f 6781 9688 6797
f 6782 6800 6798
f 6800 6801 6798
f 9688 9689 6816
f 6799 6800 9684
f 6799 6802 6800
f 7216 6799 7215
f 6802 6799 7216
f 9690 6789 6787
f 6803 9690 6787
f 9685 6793 6803
f 6806 9690 6803
f 6803 6793 6804
f 6804 6806 6803
f 9691 9692 6807
f 6805 7220 6792
f 6805 9693 7220
f 6804 6793 6808
f 6808 6823 6804
f 6808 6793 7615
f 6824 6823 6808
f 7615 6793 6794
f 6824 6808 7615
f 6809 7246 7245
f 6810 7248 6403
f 7248 6825 6403
f 6828 6827 6811
f 6813 6797 6814
f 6815 6813 6814
f 6815 6814 6838
f 6797 6816 6814
f 6800 6817 6801
f 9695 6816 9689
f 6816 6797 9688
f 9696 6818 6816
f 6802 6817 6800
f 6802 6819 6817
f 9699 9698 9697
f 9699 6839 9698
f 6802 7237 6819
f 7237 9711 6819
f 6821 6806 6804
f 6822 9702 6820
f 9700 6821 6804
f 9703 6807 9692
f 7242 9693 9704
f 6843 6845 9705
f 6804 6823 9700
f 7936 7246 6413
f 7246 6402 6413
f 6403 6825 6811
f 6826 7282 6811
f 6411 6827 6833
f 6828 6833 6827
f 6828 6811 7282
f 6833 6828 7282
f 6832 6411 6833
f 6411 6832 6830
f 6829 6419 9694
f 6812 6830 9707
f 6419 6829 6831
f 9708 9707 6830
f 6831 6420 6419
f 6830 6832 9708
f 9708 6832 7283
f 9708 7283 7250
f 7283 6832 6833
f 6831 7249 9637
f 9637 6420 6831
f 9708 7250 9792
f 6422 6421 6834
f 6834 6849 6422
f 7249 9709 9637
f 7252 9709 7249
f 9709 7259 6836
f 9710 6849 6834
f 7259 9709 7252
f 7284 6849 9710
f 7259 6835 6836
f 6813 6815 7270
f 6814 6816 6837
f 6814 6837 6838
f 6815 6838 7270
f 7270 6838 6837
f 6818 6851 6816
f 6837 6816 6851
f 6839 9720 9698
f 6839 6840 9720
f 7237 7275 9711
f 7275 9712 9711
f 7275 6856 9712
f 6864 6842 6841
f 6863 6842 6864
f 9716 9706 9701
f 6841 9717 9700
f 6844 9717 6841
f 6841 9700 6823
f 6823 6864 6841
f 9714 9718 9713
f 9719 9715 6869
f 9738 6869 9715
f 6843 9719 6845
f 9719 6869 6845
f 6845 6869 7292
f 6823 6870 6864
f 6823 6824 6870
f 6824 6846 6870
f 6423 6424 6847
f 6423 6847 7296
f 6422 6848 6424
f 6848 6847 6424
f 6849 6848 6422
f 7284 6848 6849
f 7284 7298 6848
f 7286 6850 6872
f 6850 6837 6872
f 6876 6852 6877
f 6852 6853 6877
f 6853 6879 6877
f 9720 6854 6852
f 6851 6852 6837
f 6852 6876 6837
f 6854 6853 6852
f 9722 6855 9721
f 6855 9748 9721
f 6840 6854 9720
f 9712 6856 9722
f 6856 6855 9722
f 6888 6858 6884
f 9755 9726 6889
f 6857 6861 6860
f 9726 9732 6870
f 9734 9723 6862
f 9736 9724 9727
f 9726 9725 9732
f 9728 9764 9737
f 6859 6865 9740
f 9732 9729 6864
f 6867 9730 9733
f 6864 6870 9732
f 6867 9733 9735
f 6862 6868 9734
f 9741 9742 9739
f 9731 6866 9743
f 9743 6866 6869
f 9744 6866 9731
f 6866 9744 6868
f 6868 9744 9734
f 7314 6868 6862
f 9738 9743 6869
f 6869 6866 7292
f 6868 7292 6866
f 7292 6868 7314
f 9726 6870 6889
f 6870 6898 6889
f 6870 7306 6898
f 6870 6846 7306
f 7306 6846 7630
f 7307 6873 6890
f 6871 6873 7307
f 6871 7286 6872
f 6871 6872 6873
f 6837 6874 6872
f 6837 6876 6874
f 6873 6872 6874
f 6875 6893 6892
f 6892 6891 9745
f 6877 6879 9745
f 6876 6877 9745
f 9749 6878 9746
f 6878 9768 9746
f 6880 6855 6856
f 6855 6880 9748
f 6880 9747 9748
f 6895 6880 6881
f 7290 6880 6856
f 6880 7290 6881
f 7305 6881 7290
f 6882 9755 6889
f 6886 9750 9754
f 6882 6889 9753
f 6887 6886 9754
f 6883 6431 9762
f 6897 9763 9648
f 9756 9751 6885
f 9757 9758 9765
f 9752 9761 7314
f 9752 7314 9759
f 9760 7314 9766
f 9763 7314 9761
f 7314 9763 6897
f 9766 7314 6862
f 6889 6898 6432
f 6433 6890 6434
f 6873 6874 6890
f 9745 6891 6890
f 6891 6434 6890
f 6876 9745 6874
f 9745 6890 6874
f 9767 6903 6442
f 9747 6894 9767
f 6895 6903 6894
f 6894 6903 9767
f 6902 6903 6895
f 6905 6902 6896
f 6896 6902 6895
f 6894 6880 6895
f 9747 6880 6894
f 6896 6895 7304
f 6881 7304 6895
f 6896 7304 7312
f 6901 6896 7312
f 9648 6445 6897
f 6898 7306 6432
f 6433 7316 7307
f 6890 6433 7307
f 7317 7659 6911
f 6901 6899 6912
f 6911 6899 7317
f 6912 6899 6911
f 6900 6904 6905
f 6901 6912 6900
f 6900 6905 6901
f 6901 6905 6896
f 6901 7312 6899
f 6902 6456 6903
f 6903 6456 6442
f 6904 6457 6902
f 6458 6904 6900
f 6904 6902 6905
f 6906 6907 6446
f 6897 6445 6907
f 7318 6897 6907
f 6047 7319 6908
f 6908 6048 6047
f 6048 6908 6910
f 6908 6909 6910
f 6911 6450 6912
f 6912 6450 6458
f 6912 6458 6900
f 6906 6460 7321
f 6913 7328 6461
f 6915 6472 6916
f 6472 6462 6916
f 7659 7320 6916
f 6918 6467 6917
f 6460 6467 7321
f 6467 6918 7321
f 6474 6918 6917
f 6461 6919 6059
f 7328 6919 6461
f 6921 6920 6468
f 6468 6919 6921
f 7331 6920 6921
f 6920 7331 6477
f 6493 7333 6922
f 6931 6930 7665
f 6931 6932 6479
f 6933 7335 6934
f 6936 7339 6923
f 6923 6924 6484
f 6924 6923 7339
f 6470 7340 6080
f 7341 7340 6470
f 6471 7323 6470
f 6471 6915 7324
f 7327 6474 6925
f 6926 7342 6925
f 7342 7327 6925
f 7343 7342 6926
f 6920 6477 6476
f 7344 6477 7331
f 6927 6477 7344
f 6944 6927 7345
f 7345 6945 6944
f 7345 7347 6945
f 6928 7353 6929
f 6929 6493 6928
f 6929 7333 6493
f 6493 6922 7664
f 6479 6932 6480
f 6932 6933 6483
f 6932 7678 6933
f 6933 6074 6483
f 6075 6074 6933
f 6935 6934 7335
f 6936 6076 6935
f 6076 6075 6935
f 6936 6935 7338
f 7358 7701 6501
f 7358 6485 7340
f 6939 6488 6940
f 6939 6940 7682
f 6487 6943 6940
f 6487 6942 6943
f 6943 6942 7359
f 6942 6941 7359
f 6941 7363 7361
f 6945 6946 6944
f 6945 7347 6946
f 7347 7348 6946
f 6944 6946 6092
f 7348 7365 6946
f 6946 7365 6947
f 7365 7350 6947
f 7350 7351 6947
f 6492 7351 7352
f 6492 6947 7351
f 7353 6928 6492
f 7353 6492 7352
f 6973 6977 7372
f 6973 7372 7370
f 6974 6978 6976
f 6975 7373 6974
f 6974 7373 6978
f 7372 6977 6978
f 7373 6975 6948
f 6979 6949 6948
f 6949 6979 6519
f 7373 6948 6949
f 6951 7375 6950
f 6950 7354 6951
f 6950 6494 7354
f 7354 6952 7355
f 7355 6952 7376
f 6096 7376 6952
f 6118 6953 7376
f 7356 6953 6954
f 6954 6955 7356
f 6955 6496 7378
f 6496 6497 7378
f 6497 7357 7378
f 6497 6956 7357
f 6490 6105 6502
f 7380 7363 6502
f 7380 6502 6957
f 6502 6503 6957
f 6503 6958 6960
f 6957 6503 6960
f 6959 6504 6520
f 6504 6959 6958
f 6960 6958 6961
f 6961 6958 6959
f 6959 6520 6963
f 6961 7382 6960
f 7382 6961 6962
f 6962 6961 6959
f 6962 6959 6963
f 6963 7384 6962
f 6957 6960 7382
f 6507 6122 6966
f 6963 6520 6507
f 6507 6966 7389
f 6507 6964 6963
f 6507 7386 6964
f 7389 7386 6507
f 7387 6963 6964
f 7387 6964 7386
f 6969 6966 6965
f 6965 6508 6967
f 6969 7389 6966
f 6969 6965 6968
f 6965 6967 6968
f 6971 6968 6967
f 7388 6968 6971
f 6970 6972 7371
f 6967 6970 6971
f 7369 6971 6970
f 6970 7371 7369
f 6971 7369 7388
f 7370 6972 6973
f 6972 7370 7371
f 6974 6514 6975
f 6976 6978 6977
f 6518 6979 6948
f 6975 6518 6948
f 6985 6541 6983
f 9769 6553 6984
f 6982 6988 6981
f 6983 9770 6985
f 6984 6999 6986
f 6985 6989 6982
f 9771 6989 6985
f 6985 9770 9771
f 6987 6992 6980
f 6981 6988 6987
f 6987 6990 6992
f 6987 6988 6990
f 6982 6989 6988
f 6988 6989 6990
f 6989 9771 6991
f 6999 7002 6986
f 9773 9772 9774
f 6989 6991 6990
f 6992 6990 7391
f 6994 6993 6995
f 6995 6998 6994
f 6995 6993 6980
f 6995 6980 6992
f 6997 7004 6996
f 6994 6997 6551
f 6994 6998 6997
f 6998 7400 6997
f 7393 6998 6995
f 6996 7004 7003
f 6999 6984 6553
f 6999 6554 7000
f 6558 7000 6554
f 7000 6558 7001
f 6999 7000 7002
f 7000 7001 7002
f 7001 7018 7394
f 6997 7400 7004
f 7004 7400 7005
f 7005 7003 7004
f 6556 7010 7009
f 7010 6556 7007
f 7008 7006 7003
f 7008 7007 7006
f 7015 7007 7008
f 7015 7010 7007
f 7003 7005 7008
f 7005 7403 7008
f 7403 7015 7008
f 7012 7016 7022
f 7013 7011 7009
f 7012 7011 7013
f 7015 7009 7010
f 7013 7009 7015
f 7012 7013 7014
f 7016 7012 7014
f 7406 7015 7403
f 7013 7015 7406
f 7014 7013 7406
f 7411 7014 7406
f 7014 7410 7016
f 7411 7410 7014
f 7017 6559 7018
f 7018 7001 7017
f 6559 7019 7018
f 7019 6564 7028
f 7018 7019 7397
f 7397 7019 7028
f 7397 7028 7423
f 7012 7020 7011
f 7020 7012 7022
f 7020 7022 6568
f 7022 7021 6568
f 7021 7024 6561
f 7016 7410 7021
f 7022 7016 7021
f 7024 7021 7410
f 6562 7024 7023
f 7023 6570 6562
f 7023 7024 7025
f 7410 7026 7024
f 7024 7026 7025
f 7025 7418 7029
f 7027 7026 7410
f 7027 7025 7026
f 7418 7025 9775
f 6559 6564 7019
f 6571 7028 6564
f 7423 7028 7030
f 7025 7031 7023
f 7031 7025 7029
f 7419 7029 7418
f 7419 7044 7029
f 6571 7032 7030
f 6571 7030 7028
f 7030 7426 7423
f 7029 6582 7031
f 6582 6580 7031
f 7425 7034 7044
f 6585 7035 7032
f 6571 6572 7032
f 7032 7033 7030
f 7035 7033 7032
f 7035 7045 7033
f 7033 7426 7030
f 7033 7045 7429
f 7034 7425 7427
f 6595 6596 7045
f 7045 7035 6595
f 7045 7046 7429
f 7046 7452 7429
f 7039 7049 7036
f 7049 7037 7036
f 7038 7040 7042
f 7038 7042 7039
f 7042 7041 7039
f 7049 7039 7041
f 7040 6591 7435
f 7043 6591 6592
f 6591 7043 7435
f 7435 7042 7040
f 7435 7043 7436
f 7044 6594 6598
f 7034 6594 7044
f 7034 7427 6594
f 6594 7427 6613
f 7427 7053 6613
f 7432 7066 7053
f 7045 6596 7046
f 7037 7049 7047
f 7049 7048 7047
f 7047 7048 7054
f 7051 6223 6597
f 7050 6592 7052
f 6223 7052 6592
f 6592 7050 7043
f 7043 7050 7436
f 7436 7050 7438
f 7051 6597 7055
f 6223 7051 7052
f 7055 7056 7051
f 7050 7052 7438
f 7056 7057 7051
f 7051 7057 7052
f 7437 7052 7057
f 7432 7433 7066
f 7054 7048 7068
f 7056 7055 6605
f 7058 7056 6605
f 7059 7057 7056
f 7443 7437 7057
f 7059 7443 7057
f 7059 7058 7060
f 7059 7056 7058
f 7444 7059 7060
f 7453 7060 7063
f 7065 7062 7064
f 7063 7058 7062
f 7058 7063 7060
f 7065 7453 7063
f 7065 7064 7070
f 7070 7064 7069
f 7062 7065 7063
f 7454 7065 7072
f 7070 7072 7065
f 7455 7454 7072
f 7453 7065 7454
f 7074 7066 7067
f 7076 7067 7458
f 7076 7458 7078
f 7067 7450 7458
f 6621 7071 7069
f 6621 7080 7071
f 7069 7071 7070
f 7072 7070 7071
f 7463 7072 7071
f 7463 7455 7072
f 7080 7073 7071
f 7463 7071 7073
f 7073 7464 7463
f 7075 6634 7074
f 6634 7075 7085
f 7075 7077 7085
f 7074 7067 7076
f 7074 7076 7075
f 7075 7076 7078
f 7078 7077 7075
f 7078 7079 7077
f 6625 7470 7061
f 7068 7092 6627
f 6621 6629 7080
f 6630 7080 6629
f 6630 7081 7080
f 7073 7080 7082
f 7081 7082 7080
f 7464 7073 7082
f 7082 7081 7094
f 7083 7087 7084
f 7086 7085 7089
f 7083 7085 7086
f 7089 7088 7086
f 7086 7087 7083
f 7099 7084 7087
f 7099 7098 7084
f 7077 7089 7085
f 7087 7086 7088
f 7087 7088 7102
f 7102 7099 7087
f 7102 7101 7099
f 7079 7089 7077
f 7079 7090 7089
f 7090 7088 7089
f 7090 7102 7088
f 7469 7102 7090
f 7803 7090 7079
f 7091 6625 7103
f 6625 7091 7470
f 6252 6626 7104
f 6627 7092 6626
f 7828 7092 7068
f 7094 7081 6639
f 7095 7093 7096
f 7093 7094 6639
f 7095 7094 7093
f 7095 7472 7094
f 7100 7109 7097
f 7099 7100 7098
f 7100 7097 7098
f 7101 7100 7099
f 7109 7100 7101
f 7102 7475 7101
f 7475 7102 7469
f 7109 7101 7475
f 7483 7091 7103
f 6252 7110 5901
f 6252 7104 7110
f 7104 6626 7092
f 6649 7105 7093
f 7105 6649 6653
f 7096 7093 7105
f 7105 6653 7111
f 7476 7096 7105
f 7476 7105 7477
f 7477 7105 7111
f 7111 7485 7477
f 7107 7106 6652
f 7107 6652 6647
f 7107 7108 7106
f 7097 7107 6647
f 7097 7108 7107
f 7109 7108 7097
f 7114 5901 7110
f 7110 7104 7484
f 7104 7092 7484
f 7116 7111 6653
f 7485 7111 7116
f 7106 7112 6651
f 7108 7113 7106
f 7113 7112 7106
f 7486 7113 7108
f 7113 7486 7112
f 7501 7488 7483
f 7115 7116 6656
f 7115 6656 7117
f 6660 7117 6656
f 7492 7115 7117
f 7492 7117 7119
f 7112 7118 6658
f 7114 6659 5901
f 7134 6664 6659
f 7119 6660 7125
f 7117 6660 7119
f 7128 7122 7497
f 7499 7122 7121
f 6659 7114 7134
f 7493 7134 7114
f 7130 7120 7123
f 7120 7130 7496
f 6673 7124 6667
f 7124 7125 6667
f 7124 6673 7123
f 7124 7120 7119
f 7124 7119 7125
f 7123 7120 7124
f 7128 7126 7122
f 6293 7126 7128
f 6670 7128 7127
f 7136 7503 7129
f 7131 6673 7138
f 6673 7131 7123
f 7130 7131 7129
f 7123 7131 7130
f 7132 7133 7127
f 7510 7132 7505
f 7505 7132 7127
f 7143 7142 7134
f 7512 7143 7134
f 7136 7137 7135
f 7514 7136 7135
f 7129 7138 7137
f 7137 7138 7145
f 6683 7145 7138
f 7136 7129 7137
f 7129 7131 7138
f 7518 7140 7517
f 7518 7526 7140
f 7132 7510 7140
f 7133 7132 7139
f 7132 7140 7139
f 7140 7148 7139
f 7139 7149 7133
f 6672 7141 7527
f 6672 7519 6666
f 7527 7519 6672
f 7523 7514 7144
f 7523 7144 7152
f 7145 6683 7153
f 7135 7137 7145
f 7144 7135 7145
f 7144 7145 7153
f 7144 7514 7135
f 7526 7146 7148
f 7146 7526 7533
f 7140 7526 7148
f 7139 7148 7147
f 7147 7148 7146
f 7139 7147 7149
f 7149 7147 7155
f 7141 6682 7534
f 7141 7534 7527
f 7527 7534 7528
f 7143 7150 7142
f 7143 7151 7150
f 7520 7151 7143
f 7153 7162 7152
f 7152 7162 7161
f 7153 7152 7144
f 6683 6699 7153
f 7153 6699 7162
f 7532 7154 7146
f 7146 7154 7147
f 7155 7147 7154
f 6687 7155 7163
f 6707 9776 7157
f 6697 9777 6711
f 9778 6698 9676
f 7552 7534 6682
f 7150 7151 7160
f 7160 7151 7542
f 7152 7161 7538
f 7538 7161 7171
f 7162 7171 7161
f 6699 6717 7173
f 7173 7162 6699
f 7171 7162 7173
f 6717 7174 7173
f 7559 7155 7154
f 7163 7155 7175
f 7177 6725 6724
f 7156 6725 7164
f 6725 7177 7164
f 7166 7164 7167
f 6707 7157 7165
f 6707 7165 6726
f 9779 7157 9776
f 7157 9779 7165
f 7166 7156 7164
f 9779 7168 7165
f 7168 9779 9780
f 9778 9781 7551
f 6729 7169 7158
f 7159 7158 7169
f 6698 9778 7551
f 6698 7551 7552
f 6335 7160 7170
f 7185 7170 7160
f 7160 7542 7185
f 7172 7171 7173
f 7171 7172 7556
f 7174 7187 7173
f 7559 7577 7155
f 7577 7175 7155
f 7163 6735 6720
f 7163 7176 6735
f 7177 6724 6740
f 7164 7177 7178
f 7164 7178 7180
f 7180 7178 7561
f 7168 7179 7182
f 7183 7182 7179
f 7167 7164 7180
f 7168 7547 7179
f 7547 7183 7179
f 9780 9813 7168
f 6743 7165 7182
f 7168 7182 7165
f 7562 7181 7182
f 7183 7562 7182
f 7183 7547 7562
f 6745 7194 7193
f 7193 7169 6745
f 6730 7184 9681
f 7184 6716 7170
f 7184 6730 6716
f 7170 7185 7184
f 7184 7185 7573
f 7172 7186 7557
f 7172 7173 7186
f 7195 7186 7173
f 7173 7187 7195
f 7187 7196 7195
f 7175 7560 7163
f 7175 7578 7560
f 7176 7163 7188
f 7163 7560 7188
f 7209 7188 7560
f 6735 7176 7189
f 7189 7176 7188
f 7198 7189 7188
f 7189 7198 7200
f 7203 7190 7201
f 7178 6740 7190
f 7178 7177 6740
f 7178 7190 7561
f 7562 6775 7181
f 7548 7192 7191
f 7205 7191 7192
f 7191 7205 7571
f 7567 7571 7205
f 9782 7193 7194
f 7548 7193 7192
f 7586 9783 9784
f 7586 9784 9681
f 7184 7572 9681
f 7573 7572 7184
f 7208 7186 7195
f 7196 7208 7195
f 6731 7231 7197
f 7188 7209 7198
f 7198 7213 7200
f 7199 6750 7200
f 7211 7199 7200
f 7199 7211 7217
f 7213 7211 7200
f 7199 7217 6785
f 7201 7202 7203
f 7202 7220 7203
f 7203 7220 7923
f 7561 7190 7203
f 7561 7203 7908
f 6775 7590 7224
f 7590 6775 7204
f 7205 7230 7582
f 9790 9785 7206
f 7207 9783 7586
f 9785 9783 7206
f 9783 7207 7206
f 7231 6777 7232
f 7198 7209 7210
f 7198 7210 7213
f 7233 7213 7210
f 7233 7210 7598
f 7211 7214 7212
f 7212 7234 7219
f 7214 7211 7213
f 7234 7212 7214
f 7213 7233 7214
f 6785 7217 7215
f 7218 7215 7217
f 7215 7218 7216
f 7219 7217 7212
f 7218 7217 7219
f 7217 7211 7212
f 7240 7218 7219
f 7242 7220 9693
f 7242 7923 7220
f 7923 7242 7929
f 7243 7615 6794
f 7221 7222 7244
f 7221 7244 7243
f 7222 6795 7223
f 7222 7223 7244
f 7223 6795 6809
f 7223 6809 7245
f 7247 6810 7224
f 7265 7225 7266
f 7225 7226 7267
f 7266 7225 7267
f 7226 7268 7267
f 7226 7227 7268
f 7225 7593 7226
f 7593 7227 7226
f 7225 7265 7593
f 7229 7228 9787
f 7229 7919 7228
f 7228 9806 9787
f 9786 9788 9791
f 7206 7207 9790
f 7582 7230 9789
f 7596 7208 7608
f 7208 7196 7608
f 7196 7197 7608
f 7231 7624 7197
f 7624 7231 7232
f 7285 7624 7232
f 7232 6813 7270
f 7236 7233 7601
f 7214 7236 7234
f 7234 7236 7235
f 7240 7234 7235
f 7236 7274 7235
f 7236 7214 7233
f 6802 7216 7218
f 7238 6802 7218
f 7237 6802 7238
f 7276 7237 7238
f 7239 7218 7240
f 7218 7239 7238
f 7238 7239 7276
f 7219 7234 7240
f 7240 7241 7239
f 7239 7241 7277
f 7240 7235 7241
f 7241 7235 7272
f 7242 9704 9705
f 7929 7242 9705
f 9705 6845 7929
f 7616 7243 7244
f 7615 7243 7616
f 7248 6810 7247
f 6826 6811 6825
f 7281 6826 6825
f 9792 7250 9793
f 7250 7283 7251
f 7250 7251 9793
f 7259 7252 7254
f 7254 7252 7253
f 7257 7259 7254
f 7251 7253 9793
f 7253 7251 7255
f 7253 7255 7254
f 7255 7256 7254
f 7256 7257 7254
f 7255 7258 9794
f 9794 7258 9795
f 7255 7251 7258
f 7257 7260 7259
f 7260 6835 7259
f 9796 9795 7258
f 7262 6836 6835
f 7262 6835 7261
f 6835 7260 7606
f 9797 6835 7606
f 7263 9797 7606
f 7261 9799 7262
f 7264 7262 9799
f 9798 7919 9710
f 7269 7264 9799
f 9798 9801 7919
f 7919 9801 9808
f 9809 9800 9802
f 9803 9804 9810
f 9804 9805 9810
f 9805 9807 9810
f 9808 9806 7919
f 7228 7919 9806
f 7608 7197 7624
f 7285 7232 7270
f 7270 7271 7285
f 7271 7270 6837
f 6837 6850 7271
f 7614 7273 7274
f 7273 7288 7272
f 7289 7288 7273
f 7235 7274 7272
f 7274 7273 7272
f 7237 7276 7275
f 7276 6856 7275
f 7276 7290 6856
f 7278 7276 7277
f 7290 7276 7278
f 7291 7290 7278
f 7279 7277 7241
f 7277 7276 7239
f 7279 7278 7277
f 7279 7291 7278
f 7279 7241 7272
f 7288 7279 7272
f 7279 7288 7291
f 6824 7615 7630
f 7248 7619 6825
f 7619 7281 6825
f 7281 7282 6826
f 7281 7633 7282
f 6833 7282 7633
f 6833 7620 7283
f 7620 6833 7634
f 7621 7251 7283
f 7624 7299 7643
f 7624 7285 7299
f 7271 6850 7285
f 7285 6850 7286
f 7285 7286 7299
f 7299 7286 7307
f 7287 7289 7614
f 7289 7287 7303
f 7273 7614 7289
f 7288 7302 7291
f 7303 7302 7289
f 7288 7289 7302
f 7305 7290 7291
f 7291 7302 7305
f 7929 6845 7292
f 7630 6846 6824
f 7293 6423 7294
f 7280 6413 7293
f 7631 7280 7293
f 7936 7280 7631
f 7295 7293 7294
f 7631 7293 7295
f 6423 7296 7294
f 7294 7296 7295
f 7296 7297 7636
f 6847 7297 7296
f 6847 6848 7298
f 7297 6847 7298
f 7297 7298 7638
f 7298 7284 7641
f 7638 7298 7640
f 7298 7641 7640
f 7643 7299 7308
f 7308 7299 7307
f 7286 6871 7307
f 7645 7653 7300
f 7300 7653 7310
f 7287 7311 7303
f 7311 7287 7300
f 7312 7304 7301
f 7301 7304 7302
f 7302 7303 7301
f 7313 7301 7303
f 7303 7311 7313
f 7304 6881 7305
f 7304 7305 7302
f 7314 7646 7292
f 7630 7648 7306
f 7307 7650 7308
f 7300 7310 7311
f 7310 6899 7309
f 7309 7313 7311
f 7311 7310 7309
f 7309 7312 7313
f 6899 7312 7309
f 7313 7312 7301
f 6897 7318 7314
f 7318 7655 7314
f 7646 7314 7655
f 7315 7307 7316
f 7315 7652 7307
f 7316 6909 7315
f 7653 7659 7317
f 7317 7310 7653
f 7310 7317 6899
f 7318 6907 7655
f 7654 6907 6906
f 7654 6906 7321
f 7655 6907 7654
f 7319 7322 7983
f 7315 7319 7656
f 6908 7315 6909
f 7315 6908 7319
f 7659 7326 7320
f 6913 6914 7660
f 7328 6913 7660
f 7669 7322 6924
f 6469 7322 7319
f 7323 7324 7672
f 7323 6471 7324
f 7325 7324 6915
f 7325 6915 7326
f 7320 6915 6916
f 6915 7320 7326
f 6474 7327 6918
f 7329 6919 7328
f 6921 6919 7329
f 6921 7329 7330
f 6921 7330 7331
f 6929 7676 7334
f 6929 7332 7676
f 7333 7663 6922
f 7333 6929 7334
f 7663 7333 7334
f 7664 6922 7663
f 6493 7665 6930
f 6931 7677 6932
f 7677 6931 7665
f 7666 7677 7665
f 7677 7666 6932
f 7678 6932 7666
f 7335 6933 7678
f 7335 7336 6935
f 7335 7337 7336
f 7337 7335 7679
f 7336 7338 6935
f 7336 7337 7338
f 7339 7338 7680
f 7338 7339 6936
f 6924 7339 7669
f 7669 7339 7680
f 7340 7670 7358
f 7340 7341 7670
f 7341 7671 7670
f 7341 6470 7323
f 7327 7342 7343
f 7343 6926 6939
f 7343 6939 7682
f 7330 7344 7331
f 7684 7344 7330
f 7345 6927 7344
f 7344 7346 7345
f 7347 7345 7346
f 7346 7344 7684
f 7685 7348 7347
f 7347 7346 7685
f 7685 7349 7348
f 7365 7348 7349
f 7349 7350 7365
f 7686 7687 7349
f 7349 7687 7350
f 7351 7350 7687
f 7352 7351 7687
f 7352 7689 7690
f 7689 7352 7687
f 7353 7352 7690
f 7353 7332 6929
f 7693 6949 6519
f 7375 7694 6519
f 7693 6519 7694
f 7375 7354 7694
f 7355 7695 7354
f 7376 7377 7355
f 7377 8034 7355
f 7697 6955 7698
f 7697 7356 6955
f 7377 7356 7696
f 7698 6955 7378
f 7357 7699 7378
f 7698 7378 7699
f 6956 6937 7357
f 7357 6937 6938
f 6938 6501 7701
f 7357 6938 7699
f 7701 7358 7681
f 6940 6943 7360
f 6940 7360 7682
f 7360 6943 7359
f 7704 7360 7359
f 6941 7361 7362
f 7359 6941 7362
f 7362 7361 7702
f 7702 7361 7703
f 7361 7363 7709
f 7709 7363 7364
f 7709 7708 7361
f 7380 7364 7363
f 7380 7710 7364
f 7379 7710 7380
f 7367 7718 7390
f 7369 7371 7722
f 7369 7720 7367
f 7370 7722 7371
f 6978 7691 7372
f 7372 7691 7370
f 6949 7374 7373
f 7354 7375 6951
f 7376 6953 7377
f 7377 6953 7356
f 7381 7379 7380
f 8037 7379 7381
f 7381 7380 6957
f 7382 6962 7385
f 6962 7384 7385
f 7385 7713 7382
f 6957 7382 7383
f 7382 7713 7383
f 7715 7385 7384
f 7389 7390 7386
f 6963 7387 7384
f 7387 7386 7368
f 7387 7715 7384
f 7387 7368 7366
f 7387 7366 7715
f 6969 6968 7367
f 7389 6969 7367
f 6968 7388 7367
f 7390 7389 7367
f 7390 7368 7386
f 7369 7367 7388
f 9773 9774 9811
f 6990 7396 7391
f 6995 6992 7391
f 7391 7392 6995
f 7392 7393 6995
f 7396 7392 7391
f 7400 6998 7393
f 7400 7393 7399
f 7394 7002 7001
f 7018 7397 7398
f 6990 6991 7395
f 9773 9811 7395
f 7396 6990 7395
f 7395 9811 9812
f 7396 7395 9812
f 7723 7396 9812
f 7398 7394 7018
f 7723 7392 7396
f 7398 7397 7724
f 9812 7724 7723
f 7399 7393 7392
f 7742 7399 7392
f 7742 7402 7399
f 7401 7005 7400
f 7401 7404 7005
f 7402 7405 7401
f 7405 7404 7401
f 7402 7401 7400
f 7402 7400 7399
f 7005 7404 7403
f 7404 7409 7403
f 7404 7727 7409
f 7405 7727 7404
f 7403 7407 7406
f 7408 7411 7406
f 7403 7409 7407
f 7407 7408 7406
f 7407 7409 7408
f 7409 7414 7408
f 7409 7729 7414
f 7409 7727 7729
f 7412 7410 7411
f 7410 7412 7027
f 7411 7413 7412
f 7413 7415 7416
f 7416 7412 7413
f 7411 7408 7414
f 7411 7414 7413
f 7415 7413 7414
f 7415 7731 7732
f 7728 7415 7414
f 7728 7731 7415
f 7729 7728 7414
f 7418 9775 7412
f 7418 7412 7416
f 7416 7421 7418
f 7416 7415 7732
f 7732 7421 7416
f 7731 7733 7732
f 8054 7421 7732
f 7423 7417 7397
f 7734 7417 7424
f 7419 7420 7425
f 7418 7421 7419
f 7421 7420 7419
f 7422 7425 7420
f 7421 7422 7420
f 8054 7422 7421
f 7424 7417 7423
f 7424 7423 7426
f 7424 7741 7734
f 7425 7044 7419
f 7427 7425 7422
f 7748 7427 7422
f 7748 7053 7427
f 7748 7752 7428
f 7432 7428 7752
f 8061 7752 7748
f 7033 7429 7426
f 7426 7429 7430
f 7748 7428 7053
f 7432 7752 7754
f 7452 7434 7429
f 7429 7434 7431
f 7429 7431 7430
f 7053 7428 7432
f 7754 7433 7432
f 7754 7441 7433
f 7041 8101 7049
f 7042 8101 7041
f 7049 8101 7048
f 7435 7436 7759
f 7042 7435 7759
f 7436 7438 7767
f 7438 7052 7437
f 7437 7443 7439
f 7446 7439 7443
f 7437 7439 7438
f 7441 7440 7433
f 7433 7440 7066
f 7440 7441 7449
f 7442 7449 7441
f 7449 7442 7760
f 7046 7061 7452
f 7059 7444 7443
f 7446 7443 7444
f 7438 7439 7766
f 7767 7438 7766
f 7766 7439 7446
f 7445 7444 7060
f 7453 7445 7060
f 7445 7446 7444
f 7445 7453 7447
f 7446 7445 7448
f 7448 7445 7447
f 7448 7774 7446
f 7440 7067 7066
f 7067 7440 7449
f 7067 7449 7450
f 7451 7449 7760
f 7449 7451 7450
f 7451 7460 7450
f 7451 7760 7780
f 7460 7451 7780
f 7447 7453 7456
f 7456 7453 7454
f 7455 7456 7454
f 7457 7456 7455
f 7455 7465 7784
f 7456 7457 7447
f 7447 7457 7448
f 7455 7784 7457
f 7458 7450 7460
f 7459 7078 7458
f 7460 7459 7458
f 7460 7461 7459
f 7460 7780 7789
f 7460 7789 7790
f 7790 7461 7460
f 7790 7802 7461
f 7452 7061 7462
f 7462 7061 7470
f 7782 8146 7048
f 7463 7465 7455
f 7464 7465 7463
f 7797 7465 7464
f 7797 7464 7468
f 7797 7468 7805
f 7459 7079 7078
f 7461 7802 7459
f 7802 7079 7459
f 7803 7079 7802
f 7068 7820 7828
f 7048 8146 7068
f 7082 7468 7464
f 7468 7082 7467
f 7467 7082 7094
f 7467 7094 7472
f 7467 7472 7466
f 7468 7467 7466
f 7803 7469 7090
f 7809 7469 7803
f 7810 7469 7809
f 7810 7817 7469
f 7476 7473 7096
f 7471 7473 7480
f 7812 7471 7480
f 7473 7095 7096
f 7472 7095 7473
f 7471 7472 7473
f 7466 7471 7812
f 7472 7471 7466
f 7474 7109 7475
f 7475 7817 7474
f 7474 7817 7816
f 7817 7475 7469
f 7478 7476 7477
f 7478 7473 7476
f 7479 7477 7485
f 7479 7478 7477
f 7480 7473 7478
f 7480 7478 7479
f 7832 7481 7485
f 7481 7479 7485
f 7822 7480 7479
f 7822 7479 7481
f 7823 7481 7832
f 7108 7482 7486
f 7482 7108 7109
f 7474 7482 7109
f 7827 7482 7474
f 7827 7486 7482
f 7816 7827 7474
f 7485 7116 7115
f 7832 7485 7115
f 7827 7487 7112
f 7827 7112 7486
f 7110 7489 7114
f 7110 7484 7489
f 7484 7490 7489
f 7484 7836 7490
f 7491 7833 7492
f 7832 7115 7492
f 7112 7487 7118
f 7489 7490 7493
f 7491 7492 7119
f 7491 7496 7843
f 7499 7121 7118
f 7487 7499 7118
f 7850 7500 7499
f 7488 7501 7844
f 7114 7489 7493
f 7493 7490 7494
f 7491 7120 7496
f 7120 7491 7119
f 7498 7505 7497
f 7498 7497 7500
f 7850 7498 7500
f 7497 7122 7499
f 7500 7497 7499
f 7501 7511 7844
f 7493 7512 7134
f 7493 7494 7512
f 7502 7512 7494
f 7494 7845 7502
f 7502 7845 7507
f 7508 7852 7503
f 7852 7508 7507
f 7503 7495 7130
f 7503 7852 7495
f 7496 7130 7495
f 7504 7505 7853
f 7505 7504 7510
f 7505 7127 7128
f 7128 7497 7505
f 7505 7498 7853
f 7501 6666 7506
f 7506 7511 7501
f 7502 7513 7512
f 7502 7507 7513
f 7508 7522 7507
f 7508 7503 7514
f 7129 7503 7130
f 7515 7509 7858
f 7857 7515 7858
f 7509 7517 7510
f 7509 7510 7858
f 7509 7515 7517
f 7858 7510 7504
f 6666 7519 7506
f 7506 7519 7511
f 7520 7512 7513
f 7513 7529 7520
f 7522 7529 7513
f 7513 7507 7522
f 7508 7514 7523
f 7522 7508 7523
f 7514 7503 7136
f 7525 7516 7515
f 7515 7516 7517
f 7526 7518 7516
f 7517 7516 7518
f 7510 7517 7140
f 7863 7511 7519
f 7512 7520 7143
f 7522 7523 7521
f 7522 7521 7529
f 7521 7537 7529
f 7521 7523 7152
f 7866 7870 7524
f 7866 7524 7525
f 7516 7524 7526
f 7516 7525 7524
f 7528 7519 7527
f 7528 7534 7535
f 7519 7528 7863
f 7520 7536 7151
f 7520 7529 7536
f 7538 7537 7521
f 7537 7538 7556
f 7521 7152 7538
f 7531 7524 7870
f 7876 7531 7870
f 7524 7530 7526
f 7524 7531 7530
f 7530 7533 7526
f 7533 7540 7532
f 7146 7533 7532
f 7552 7535 7534
f 7535 7552 7871
f 7151 7536 7542
f 7536 7554 7542
f 7529 7537 7536
f 7537 7556 7536
f 7556 7538 7171
f 7531 7876 7539
f 7540 7530 7531
f 7540 7531 7539
f 7532 7540 7541
f 7533 7530 7540
f 7532 7541 7154
f 7154 7546 7559
f 7542 7553 7185
f 7542 7554 7553
f 7536 7555 7554
f 7536 7556 7555
f 7172 7557 7556
f 7544 7540 7543
f 7539 7543 7540
f 7543 7884 7889
f 7543 7889 7544
f 7544 7541 7540
f 7544 7545 7541
f 7546 7154 7541
f 7541 7545 7546
f 7167 7180 9814
f 7180 7561 9814
f 9814 7561 7564
f 9781 9815 7549
f 9815 7550 7549
f 7169 7193 7548
f 9781 7549 7551
f 7892 7893 7551
f 7892 7551 7549
f 7553 7573 7185
f 7556 7895 7555
f 7575 7556 7557
f 7905 7895 7556
f 7558 7545 7544
f 7545 7576 7546
f 7558 7576 7545
f 7546 7576 7559
f 7577 7578 7175
f 7563 7547 7564
f 7561 7565 7564
f 7563 7562 7547
f 7563 7566 7562
f 7566 7563 7564
f 7564 7565 7566
f 7566 7900 7562
f 7566 7565 7899
f 7565 7561 9843
f 9817 7568 9819
f 7568 9817 7584
f 7583 7568 7584
f 9819 7568 7585
f 7548 7191 9816
f 7569 7191 7571
f 9816 7191 7569
f 7570 7550 9818
f 7549 7550 7570
f 9818 9820 7570
f 7549 7570 7585
f 7570 9819 7585
f 7587 7572 7573
f 7572 7587 7912
f 7573 7574 7587
f 7573 7553 7574
f 7555 7895 7554
f 7905 7556 7575
f 7557 7186 7575
f 7575 7186 7588
f 7208 7588 7186
f 7898 7576 7558
f 7560 7578 7209
f 7579 6775 7562
f 7579 7580 6775
f 7900 7579 7562
f 7579 7900 7580
f 7902 7580 7900
f 7580 7204 6775
f 9789 7581 7582
f 7582 7583 7584
f 7581 7583 7582
f 9823 9821 7911
f 7567 7205 9824
f 7582 9824 7205
f 7568 9823 7585
f 7585 9823 7911
f 9681 7572 7586
f 7586 7572 7594
f 7572 7912 7594
f 7587 7920 7912
f 7905 7575 7595
f 7575 7588 7595
f 7208 7596 7588
f 7209 7578 7589
f 7589 7578 7597
f 7209 7589 7210
f 7203 7923 7908
f 7561 7908 7903
f 7580 7909 7204
f 7590 7247 7224
f 7603 7247 7590
f 7590 7204 7909
f 7591 7265 7263
f 9825 7592 9828
f 9827 9826 7910
f 7593 7265 7591
f 9822 9828 7592
f 9821 9827 7910
f 8257 9821 7910
f 9821 8257 7911
f 7227 7581 9789
f 7593 7581 7227
f 7207 7919 7229
f 7586 7919 7207
f 7919 7586 7594
f 7588 7596 7595
f 7623 7595 7596
f 7623 7596 7608
f 7922 7577 7559
f 7597 7609 7589
f 7600 7589 7609
f 7210 7589 7598
f 7598 7589 7600
f 7599 7598 7600
f 7598 7599 7601
f 7601 7599 7613
f 7601 7233 7598
f 7236 7601 7274
f 7602 7617 7223
f 7616 7244 7617
f 7244 7223 7617
f 7602 7223 7245
f 7602 7245 7618
f 7245 7246 7618
f 7603 7604 7247
f 7604 7603 7917
f 7247 7926 7248
f 7604 7926 7247
f 7604 7925 7926
f 7605 7258 7251
f 7258 7605 9796
f 7607 9796 7605
f 9796 7607 9829
f 7607 7605 7918
f 7263 7606 7591
f 9829 7607 9826
f 9826 7607 7918
f 7918 7910 9826
f 7609 7597 7928
f 7609 7928 7610
f 7609 7610 7626
f 7600 7611 7612
f 7609 7611 7600
f 7609 7626 7611
f 7600 7612 7599
f 7599 7612 7613
f 7626 7614 7612
f 7614 7626 7629
f 7612 7611 7626
f 7274 7601 7613
f 7614 7613 7612
f 7274 7613 7614
f 7617 7930 7616
f 7618 7246 7924
f 7924 7602 7618
f 7932 7602 7924
f 7617 7602 7933
f 7602 7932 7933
f 7246 7936 7924
f 7936 6413 7280
f 7926 7619 7248
f 7632 7633 7281
f 7619 7632 7281
f 7633 7634 6833
f 7620 7621 7283
f 7621 7620 7639
f 7621 7944 7622
f 7621 7622 7251
f 7605 7251 7622
f 9710 7641 7284
f 7641 9710 7919
f 7623 7608 7946
f 7643 7946 7608
f 7624 7643 7608
f 7610 7928 7949
f 7644 7625 7949
f 7949 7625 7610
f 7610 7625 7626
f 7625 7627 7626
f 7628 7629 7627
f 7627 7645 7628
f 7626 7627 7629
f 7629 7287 7614
f 7629 7628 7287
f 7630 7615 7647
f 7616 7951 7615
f 7951 7647 7615
f 7631 7959 7936
f 7959 7631 7960
f 7960 7631 7295
f 7619 7939 7632
f 7296 7960 7295
f 7635 7634 7633
f 7635 7637 7634
f 7620 7943 7639
f 7634 7637 7620
f 7620 7637 7943
f 7637 7942 7943
f 7297 7638 7636
f 7640 7962 7638
f 7639 7944 7621
f 7641 7919 8292
f 7949 7651 7644
f 7653 7644 7651
f 7644 7653 7645
f 7644 7645 7627
f 7627 7625 7644
f 7628 7645 7300
f 7300 7287 7628
f 7292 7646 7929
f 7648 7630 7647
f 7648 7966 7306
f 7951 7648 7647
f 7961 7636 7638
f 7962 7961 7638
f 7652 7963 7649
f 7652 7649 7650
f 7649 7642 7650
f 7643 7308 7650
f 7642 7643 7650
f 7307 7652 7650
f 7658 7653 7651
f 7970 7306 7965
f 7306 7966 7965
f 7656 8335 7652
f 7983 7984 7656
f 7656 7984 8335
f 7315 7656 7652
f 7658 7659 7653
f 7988 7655 7654
f 7654 7321 7988
f 7970 7661 6914
f 7983 8003 7982
f 7322 7669 7983
f 7669 8003 7983
f 7319 7983 7656
f 7325 7326 7657
f 7657 7986 7985
f 7658 7326 7659
f 7657 7326 7658
f 6918 7327 7673
f 7673 7321 6918
f 7321 7673 7988
f 7989 7988 7673
f 7328 7660 7990
f 7661 7660 6914
f 7660 7661 7991
f 7990 7660 7991
f 7662 7328 7990
f 7675 8015 7676
f 7663 7334 8358
f 7664 7665 6493
f 7664 7666 7665
f 7664 7976 7666
f 7335 7678 7667
f 7667 8000 7679
f 7667 7977 8000
f 7679 8000 7337
f 8000 7668 7337
f 8001 7668 8000
f 7680 7668 8002
f 7668 8001 8002
f 7341 7672 7671
f 7672 7985 7671
f 7671 7985 7670
f 7324 7657 7672
f 7341 7323 7672
f 7985 7672 7657
f 7324 7325 7657
f 8005 7327 7343
f 8005 7673 7327
f 8005 7343 8006
f 7328 7662 7329
f 7329 7674 7330
f 7674 7684 7330
f 7685 7684 8007
f 7690 7675 7353
f 7690 8015 7675
f 7689 8014 7690
f 7332 7353 7675
f 7676 7332 7675
f 7676 8358 7334
f 7335 7667 7679
f 7338 7337 7680
f 7680 7337 7668
f 8023 7701 7681
f 7358 7670 7681
f 8026 7343 7682
f 8028 7682 7683
f 7360 7683 7682
f 7683 7704 8027
f 7707 8029 7704
f 8035 8029 7707
f 7685 7346 7684
f 8009 7686 7685
f 7349 7685 7686
f 7688 7687 7686
f 7688 7686 8011
f 7687 7688 7689
f 7720 7722 8033
f 8033 8032 7720
f 7722 7370 7691
f 8033 7722 7691
f 8033 7691 8382
f 8634 8382 7691
f 7691 6978 7692
f 6978 7373 7692
f 7692 7374 8383
f 7374 7692 7373
f 8634 7691 8016
f 7693 7374 6949
f 7354 8018 7694
f 8018 7354 7695
f 8034 7695 7355
f 7377 7696 8034
f 7696 8019 8034
f 7696 7356 7697
f 8020 7696 7697
f 7697 7698 7700
f 7698 7699 7700
f 7699 7701 8023
f 7699 8023 7700
f 7699 6938 7701
f 7683 7360 7704
f 7704 7359 7705
f 7705 7359 7362
f 7705 7362 7702
f 7708 7703 7361
f 7705 7702 7706
f 7702 7703 7706
f 7703 7708 7706
f 7707 7704 7705
f 7707 7705 7706
f 7707 7706 8035
f 8035 7706 8036
f 7709 7706 7708
f 7709 8036 7706
f 7709 7710 8036
f 7710 7379 8037
f 7709 7364 7710
f 8037 7381 7711
f 7711 7381 7383
f 7383 7713 7712
f 7712 7711 7383
f 7715 7714 7385
f 7385 7714 7713
f 7712 7713 7714
f 8038 7712 7714
f 7714 7715 7716
f 7715 7366 7716
f 8038 7716 8030
f 7716 7366 8030
f 7714 7716 8038
f 7718 7367 7720
f 7366 7368 7717
f 7368 7390 7717
f 7718 7717 7390
f 7718 7719 7717
f 7719 7718 7720
f 8030 7366 7717
f 7720 7721 7719
f 8030 7717 7719
f 7369 7722 7720
f 8032 7721 7720
f 7381 6957 7383
f 7735 7392 7723
f 9830 7723 7724
f 7397 7417 7724
f 7392 7735 7742
f 7417 7736 7724
f 7724 7736 9830
f 7402 7725 7405
f 7405 7725 7726
f 7725 7743 7746
f 7725 7746 7726
f 7405 7726 7727
f 7726 8039 7727
f 7726 8040 8039
f 7728 7729 7731
f 7727 7730 7729
f 7729 7733 7731
f 7727 8039 7730
f 7730 8043 7729
f 7729 8043 7733
f 7730 8045 8043
f 8043 8044 7733
f 8054 7732 7733
f 7734 7739 7417
f 7739 7734 7741
f 7737 9830 7736
f 7739 7741 7740
f 7738 7735 9831
f 7735 7738 7742
f 7739 7737 7736
f 7417 7739 7736
f 9833 9832 9835
f 7741 7744 7740
f 7742 7738 9837
f 9834 9836 9838
f 7742 7743 7402
f 9837 7743 7742
f 7725 7402 7743
f 9837 9839 7743
f 7741 7747 7744
f 7743 9839 7745
f 7746 7743 7745
f 9840 7744 7747
f 9840 7747 9841
f 7748 7422 7749
f 7749 7422 8054
f 8060 7749 8054
f 8061 7748 7749
f 7426 7751 7424
f 7424 7750 7741
f 7741 7750 7747
f 7424 7751 7750
f 8057 7747 7750
f 7426 7753 7751
f 7753 8471 7751
f 7752 8061 8064
f 7426 7430 7753
f 7431 7753 7430
f 7752 8064 7754
f 8064 7755 7754
f 7755 7441 7754
f 7753 7431 8073
f 8073 8074 7753
f 7755 7756 7761
f 7761 7756 7763
f 8076 7763 7756
f 7434 7758 7757
f 7431 7434 7757
f 8073 7431 7757
f 7759 7436 7767
f 7769 7759 7767
f 7441 7755 7442
f 7761 7442 7755
f 7760 7442 7761
f 7760 7761 7762
f 7763 7762 7761
f 8096 7762 7763
f 7763 8086 8096
f 7434 7452 7758
f 7764 7758 7452
f 8088 7758 7764
f 8089 7765 8097
f 7770 7042 7759
f 7769 7770 7759
f 7770 7771 7042
f 7771 8101 7042
f 7446 7774 7766
f 7768 7767 7766
f 7768 7766 7774
f 7774 7776 7768
f 7767 7768 7769
f 7769 7768 7778
f 7778 7772 7769
f 7770 7769 7772
f 7772 7771 7770
f 7773 7778 7779
f 7772 7778 7773
f 7775 7774 7448
f 7775 7776 7774
f 7777 7776 7775
f 7768 7776 7778
f 7778 7776 7777
f 7783 7777 7775
f 7779 7778 7777
f 7779 7777 7783
f 7780 7760 7762
f 7762 7789 7780
f 7789 7762 8096
f 7452 7793 7764
f 7793 7781 7764
f 7781 8097 7764
f 7765 7764 8097
f 7048 8101 7782
f 8101 8102 7782
f 8102 8146 7782
f 7785 7775 7448
f 7785 7783 7775
f 8107 7783 8108
f 7779 7783 8107
f 7457 7785 7448
f 7784 7785 7457
f 7784 7786 7785
f 7786 7784 7465
f 7786 7465 7798
f 7785 7786 7787
f 7783 7785 7787
f 7787 7786 7788
f 7786 7798 7788
f 7783 7787 8108
f 8132 7787 7788
f 8108 7787 8132
f 7791 7790 7789
f 7791 7792 7790
f 7792 7802 7790
f 8096 7791 7789
f 8117 7791 8096
f 8117 7792 7791
f 7452 7462 7793
f 7795 7793 7462
f 7781 7793 7794
f 7781 7794 7796
f 7781 7796 8097
f 7796 7794 7804
f 7793 7795 7794
f 7795 7804 7794
f 8139 7796 7804
f 8097 7796 8091
f 7799 7797 7805
f 7798 7465 7797
f 7799 7798 7797
f 7800 7798 7799
f 7799 7805 7806
f 7801 7800 7799
f 7798 7800 7788
f 7801 8131 7800
f 8131 7801 8155
f 7799 7806 7801
f 7801 7806 8155
f 7792 7803 7802
f 8117 7803 7792
f 7819 7804 7795
f 8162 8139 7804
f 7068 8146 8167
f 7805 7468 7466
f 7812 7805 7466
f 7814 7807 7812
f 7805 7812 7806
f 7812 7807 7806
f 7806 7807 7808
f 7808 7807 8176
f 7462 7470 7811
f 7795 7462 7811
f 7811 7819 7795
f 7819 8180 7804
f 7068 8167 7820
f 7830 8167 8168
f 7813 7812 7480
f 7813 7814 7812
f 7814 8176 7807
f 7814 7813 7815
f 7814 7815 8176
f 8178 8194 7816
f 7817 7810 7816
f 7811 7470 7818
f 7470 7091 7818
f 7811 7818 7819
f 7819 7818 8180
f 7830 7820 8167
f 7821 7825 7834
f 7822 7481 7823
f 7825 7823 7832
f 7813 7480 7822
f 7824 7813 7822
f 7824 7822 7823
f 7824 7823 7825
f 7813 7824 7815
f 7815 7824 7826
f 7826 7825 8187
f 7826 7824 7825
f 8187 7825 7821
f 7818 7091 8205
f 7484 7092 7828
f 7828 7836 7484
f 7828 7837 7836
f 7820 7829 7828
f 7830 7829 7820
f 7830 7838 7829
f 7830 7831 7838
f 7831 7839 7838
f 7831 8196 7839
f 8210 8202 8200
f 7833 7834 7832
f 7833 7832 7492
f 7835 7834 7833
f 7835 7833 7842
f 7835 8203 7834
f 7825 7832 7834
f 7091 7488 7844
f 7483 7488 7091
f 7091 7844 8205
f 7490 7836 7494
f 7828 7829 7837
f 7837 7494 7836
f 7837 7845 7494
f 7829 7838 7837
f 7838 7845 7837
f 7838 7839 7845
f 7845 7839 7846
f 7839 7840 7846
f 8196 7840 7839
f 8209 7840 8208
f 7496 7841 7843
f 8210 7843 7841
f 7842 7833 7491
f 7491 7843 7842
f 8200 7842 7843
f 8200 7835 7842
f 8210 8200 7843
f 8205 7844 8212
f 7847 7852 7840
f 8209 7847 7840
f 8209 7841 7847
f 7841 7496 7495
f 7853 7848 7849
f 7849 7854 7853
f 7848 7498 7850
f 7487 7850 7499
f 7511 8212 7844
f 8212 7511 7855
f 7851 7507 7845
f 7845 7846 7851
f 7846 7840 7851
f 7840 7852 7851
f 7847 7495 7852
f 7841 7495 7847
f 7856 8214 8217
f 7853 7854 7504
f 8545 8214 7854
f 8214 7856 7854
f 7848 7853 7498
f 7852 7507 7851
f 7856 8217 7858
f 7504 7856 7858
f 7856 7504 7854
f 7859 7855 7511
f 7862 7857 8222
f 8220 7857 7858
f 8220 8222 7857
f 8217 8220 7858
f 7511 7864 7859
f 7859 7860 7855
f 7861 7862 8222
f 7857 7862 7515
f 7862 7861 7866
f 7515 7862 7525
f 7866 7525 7862
f 7511 7863 7864
f 7859 7864 7867
f 7867 7860 7859
f 7867 8221 7860
f 8224 7867 8227
f 7866 7865 7869
f 7865 7868 7869
f 7861 7865 7866
f 9852 7868 7865
f 7864 7863 7872
f 7873 7867 7864
f 7867 8230 8227
f 7868 9852 8228
f 9857 7868 8228
f 7866 7869 7870
f 7869 7876 7870
f 7535 7871 7528
f 7863 7528 7871
f 7863 7871 7872
f 7872 7871 7877
f 7864 7872 7873
f 7873 7872 7880
f 7867 7873 7874
f 8230 7874 8229
f 7867 7874 8230
f 7873 7880 7874
f 7868 9857 7875
f 7876 7875 7883
f 7875 9857 8231
f 7868 7876 7869
f 7875 7876 7868
f 7871 7552 7886
f 7877 7871 7886
f 7872 7877 7878
f 7872 7878 7880
f 7874 7880 7879
f 7874 7879 8229
f 7875 8231 7883
f 7881 8231 8232
f 7883 7882 7885
f 8231 7881 7883
f 7883 7881 7882
f 7888 7882 7881
f 7539 7885 7543
f 7884 7543 7885
f 7882 7884 7885
f 7882 7891 7884
f 7884 7891 7889
f 7885 7539 7876
f 7876 7883 7885
f 7551 7893 7894
f 7894 7886 7552
f 7886 7894 8239
f 7877 7886 8239
f 7878 7877 8233
f 7879 7880 8234
f 8234 7880 7878
f 7887 7882 7888
f 7882 7887 7891
f 7887 7896 7891
f 8244 7887 8238
f 7890 7889 7891
f 7890 7558 7889
f 7544 7889 7558
f 7891 7896 7890
f 7898 7558 7890
f 7892 7549 7911
f 7551 7894 7552
f 7553 7904 7574
f 7554 7904 7553
f 7887 8244 7896
f 7896 8244 7906
f 7897 7898 7890
f 7897 7890 7896
f 7906 8258 7897
f 7896 7906 7897
f 7921 7898 7897
f 7900 7566 7899
f 7900 7899 7901
f 7900 7901 7902
f 9843 7561 7903
f 9844 9843 7903
f 7907 7580 7902
f 7902 7901 9845
f 9846 7902 9845
f 7549 7585 7911
f 7894 7893 8255
f 7587 7913 7920
f 7574 7913 7587
f 7554 7895 7904
f 7895 7914 7904
f 7574 7904 7913
f 7913 7904 7914
f 7895 7905 7915
f 7905 8265 7915
f 7595 8265 7905
f 7921 7897 8258
f 7906 8571 8258
f 9846 9845 9847
f 7907 7909 7580
f 7907 8251 7909
f 9863 9846 9847
f 8251 8250 7909
f 7909 7916 7590
f 7920 7594 7912
f 7914 7895 7915
f 7898 7921 7576
f 7922 7576 7921
f 7559 7576 7922
f 7577 7922 7578
f 7909 8250 7916
f 7916 7917 7590
f 7917 7603 7590
f 7917 7925 7604
f 7917 8256 7925
f 8256 7917 7916
f 8257 7910 7918
f 7594 7920 7919
f 7913 8261 7920
f 7578 7922 7597
f 7597 7922 7928
f 7922 7927 7928
f 7921 7927 7922
f 7923 8579 8573
f 7932 7924 7935
f 8259 8268 7925
f 7926 7925 8268
f 7622 7944 7945
f 7622 8275 7605
f 7605 8260 7918
f 7921 8258 8267
f 8267 7948 7927
f 7921 8267 7927
f 7928 7927 7948
f 7923 7929 8579
f 7951 7616 7931
f 7933 7930 7617
f 7930 7931 7616
f 7930 7934 7931
f 7933 7934 7930
f 7934 7951 7931
f 7932 7935 7933
f 7934 7933 7952
f 7933 7935 7956
f 7933 7956 7952
f 7937 7935 7924
f 7935 7937 7957
f 7957 7956 7935
f 7957 7937 8314
f 8314 7937 7924
f 7959 7924 7936
f 7926 8268 8269
f 7938 7619 7926
f 8269 7938 7926
f 8270 7938 8269
f 8269 8268 8582
f 7938 7939 7619
f 8270 7939 7938
f 7632 7940 7633
f 7940 7632 7939
f 7635 7633 7940
f 7941 7635 7940
f 7939 8271 7940
f 7635 7942 7637
f 7941 7942 7635
f 7942 8273 7943
f 7639 7943 7944
f 7943 8273 7944
f 8273 8274 7944
f 7945 7944 8274
f 7945 8275 7622
f 8285 7623 7946
f 8285 7946 7642
f 7642 7946 7643
f 7969 7948 7964
f 7964 7948 7947
f 7949 7928 7948
f 7966 7648 7950
f 7950 7648 7951
f 7950 7968 7966
f 7951 7934 7953
f 7953 7968 7951
f 7951 7968 7950
f 7934 7952 7953
f 7953 7955 7968
f 7952 7954 7953
f 7953 7954 7955
f 7952 7956 7954
f 7957 8287 7956
f 8287 7957 8288
f 8314 8288 7957
f 7958 7924 7959
f 7958 8314 7924
f 7959 7960 8289
f 8289 7958 7959
f 8314 7958 8289
f 7636 7961 7296
f 7961 8316 7960
f 7296 7961 7960
f 7961 7962 8318
f 7640 7641 7962
f 7962 7641 8292
f 8301 8285 7642
f 8301 7642 8302
f 7963 7642 7649
f 7642 7963 8302
f 7652 8335 7963
f 8303 7969 7964
f 7969 7658 7651
f 7948 7969 7651
f 7948 7651 7949
f 7646 7655 8304
f 7970 7965 7971
f 7966 7967 7965
f 7971 7965 7967
f 7968 7967 7966
f 7967 7968 8306
f 7968 7955 8306
f 7954 8307 7955
f 7955 8305 8306
f 7987 7986 8303
f 8303 7658 7969
f 8303 7986 7658
f 7658 7986 7657
f 7655 8337 8304
f 7988 8337 7655
f 7970 7971 7972
f 7661 7970 7972
f 7991 7661 7972
f 7971 7973 7972
f 7967 7973 7971
f 7973 7974 7972
f 7974 7991 7972
f 7991 7974 7992
f 7992 7974 8339
f 8306 7973 7967
f 8306 8338 7973
f 8338 8339 7973
f 7974 7973 8339
f 8322 8358 7676
f 8358 8323 7975
f 7976 7975 8323
f 7666 7976 7977
f 7976 8359 7977
f 7979 7980 8002
f 7979 8364 7980
f 8002 7980 8003
f 8003 7980 7982
f 8364 7981 7980
f 7982 7980 7981
f 7981 7984 7982
f 7981 8335 7984
f 7982 7984 7983
f 7985 7986 7987
f 8337 7988 7989
f 7992 7990 7991
f 7993 7662 7990
f 7992 7993 7990
f 7994 7662 7993
f 8339 7993 7992
f 8368 7993 8339
f 7994 7995 7662
f 7674 7662 7995
f 7993 8368 7994
f 7995 8370 8007
f 7996 7995 7994
f 7995 7996 8370
f 8012 7997 8013
f 7997 8012 8379
f 7999 8014 7997
f 7998 8015 8014
f 7999 7998 8014
f 7998 8322 8015
f 8015 8322 7676
f 7975 7663 8358
f 7664 7663 7975
f 7976 7664 7975
f 7977 7678 7666
f 7667 7678 7977
f 8000 7977 7978
f 8000 7978 8001
f 8002 8001 7979
f 8001 7978 8362
f 7979 8001 8362
f 7680 8002 7669
f 7669 8002 8003
f 7670 8025 7681
f 7987 8004 7985
f 7985 8004 7670
f 8005 7989 7673
f 8391 8005 8006
f 8391 7989 8005
f 8393 8006 8026
f 7674 7329 7662
f 7684 7674 8007
f 7995 8007 7674
f 8007 8008 8009
f 8008 8007 8370
f 8008 8370 8373
f 8009 7685 8007
f 8010 8009 8008
f 8010 8008 8373
f 8010 8373 8374
f 7686 8009 8011
f 8011 8009 8010
f 8011 8010 8012
f 8011 8013 7688
f 7688 8013 7689
f 8011 8012 8013
f 7689 8013 8014
f 7997 8014 8013
f 8015 7690 8014
f 8381 8397 8033
f 7691 7692 8016
f 7692 8383 8635
f 7692 8635 8016
f 7374 7693 8017
f 8383 7374 8017
f 8384 7693 7694
f 7694 8398 8384
f 8398 7694 8018
f 8398 8018 8034
f 8018 7695 8034
f 8019 8398 8034
f 7696 8020 8019
f 8400 8020 8021
f 8022 8400 8021
f 8024 8022 7700
f 8022 8021 7700
f 7700 8023 8024
f 8025 8024 8023
f 8025 8023 7681
f 8025 7670 8389
f 8026 8006 7343
f 8026 7682 8028
f 8026 8028 8393
f 8028 7683 8027
f 8401 8028 8027
f 7704 8029 8027
f 8402 8027 8029
f 8402 8029 8035
f 8401 8027 8402
f 8403 8402 8035
f 8035 8036 8403
f 8404 8038 8405
f 8038 8030 8396
f 8038 8396 8405
f 8030 7719 8031
f 8030 8031 8397
f 7721 8031 7719
f 8032 8031 7721
f 8032 8397 8031
f 8032 8033 8397
f 8020 7697 8021
f 7700 8021 7697
f 7710 8037 8036
f 8037 8403 8036
f 7711 8404 8037
f 7711 7712 8038
f 7711 8038 8404
f 8040 7726 7746
f 8039 8045 7730
f 8045 8039 8047
f 8040 8041 8039
f 8041 8047 8039
f 8041 8040 8042
f 8041 8049 8047
f 8042 8049 8041
f 7746 8059 8040
f 8042 8040 8059
f 8059 8412 8042
f 8043 8046 8044
f 8045 8046 8043
f 8048 8045 8047
f 8045 8048 8046
f 8047 8050 8048
f 8049 8050 8047
f 8050 8051 8048
f 8051 8053 8048
f 8049 8042 8406
f 8052 8051 8050
f 8407 8051 8052
f 8049 8406 8050
f 8046 8056 8044
f 8044 8056 8055
f 8053 8046 8048
f 8046 8053 8056
f 8053 8419 8056
f 8053 8051 8407
f 8419 8053 8407
f 8044 8054 7733
f 8044 8055 8054
f 8060 8054 8055
f 8055 8417 8060
f 8055 8416 8417
f 8056 8416 8055
f 9842 9848 7746
f 8408 7746 8058
f 7746 9848 8058
f 8057 8063 8058
f 8063 8424 8058
f 8059 7746 8408
f 8425 8408 8058
f 8056 8419 8416
f 8061 7749 8060
f 8421 8060 8417
f 8421 8061 8060
f 7750 8063 8057
f 8063 7750 8062
f 7750 7751 8062
f 8062 8424 8063
f 8421 8440 8061
f 8061 8440 8068
f 8449 8068 8440
f 7751 8458 8062
f 7751 8471 8458
f 8426 8062 8458
f 8065 8064 8061
f 8065 8066 8064
f 8066 8067 8064
f 8064 8067 7755
f 7755 8067 8071
f 8065 8061 8068
f 8068 8066 8065
f 8068 8070 8066
f 8070 8069 8067
f 8066 8070 8067
f 8071 8067 8069
f 8071 8069 8072
f 8466 8069 8460
f 8069 8070 8460
f 8072 8069 8466
f 8449 8070 8068
f 8072 8466 8472
f 7755 8071 7756
f 7756 8071 8077
f 8071 8072 8077
f 8472 8077 8072
f 8473 8077 8472
f 7753 8074 8471
f 8471 8074 8075
f 8083 8478 8075
f 8077 8076 7756
f 8473 8086 8077
f 7758 8078 7757
f 8073 7757 8078
f 8078 7758 8088
f 8074 8073 8078
f 8074 8078 8079
f 8078 8088 8079
f 8090 8079 8088
f 8079 8090 8080
f 8082 8080 8083
f 8090 8092 8080
f 8083 8092 8084
f 8083 8080 8092
f 8079 8081 8074
f 8074 8081 8082
f 8081 8079 8080
f 8080 8082 8081
f 8075 8074 8082
f 8082 8083 8075
f 8083 8084 8085
f 8084 8094 8085
f 8083 8085 8478
f 8478 8085 8094
f 8076 8086 7763
f 8076 8077 8086
f 8086 8087 8096
f 8486 8096 8087
f 7764 7765 8090
f 7764 8090 8088
f 8092 8089 8091
f 8090 8089 8092
f 8089 8090 7765
f 8091 8089 8097
f 8084 8092 8091
f 8084 8091 8093
f 8094 8084 8093
f 8094 8093 8493
f 7771 8095 8101
f 7772 8095 7771
f 8095 8103 8101
f 8095 7772 7773
f 8487 8137 8096
f 8486 8487 8096
f 8091 8098 8093
f 8099 8093 8098
f 8093 8099 8100
f 8101 8106 8102
f 8102 8106 8124
f 7773 7779 8109
f 8104 7773 8109
f 8104 8103 8095
f 7773 8104 8095
f 8104 8109 8113
f 8113 8105 8104
f 8103 8106 8101
f 8104 8105 8103
f 8105 8113 8126
f 8123 8105 8126
f 8105 8106 8103
f 8106 8105 8123
f 8123 8126 8130
f 8111 8107 8110
f 8108 8110 8107
f 8107 8109 7779
f 8109 8107 8111
f 8132 8110 8108
f 8132 8116 8110
f 8112 8109 8111
f 8111 8115 8112
f 8111 8110 8115
f 8115 8114 8112
f 8112 8113 8109
f 8114 8113 8112
f 8113 8114 8126
f 8116 8115 8110
f 8114 8127 8126
f 8114 8115 8127
f 8117 8096 8137
f 8496 8137 8495
f 8495 8137 8487
f 8139 8118 7796
f 8118 8139 8119
f 8091 7796 8118
f 8098 8091 8118
f 8118 8119 8098
f 8120 8098 8119
f 8119 8142 8120
f 8099 8098 8120
f 8099 8120 8121
f 8120 8141 8121
f 8100 8099 8122
f 8099 8121 8122
f 8497 8100 8122
f 8121 8144 8122
f 8122 8144 8145
f 8122 8145 8497
f 8497 8498 8100
f 8102 8124 8146
f 8124 8147 8146
f 8106 8123 8124
f 8125 8147 8124
f 8123 8125 8124
f 8130 8125 8123
f 8130 8152 8125
f 8132 8134 8116
f 8127 8115 8116
f 8128 8116 8134
f 8128 8134 8136
f 8130 8126 8127
f 8116 8128 8127
f 8127 8128 8129
f 8128 8136 8129
f 8136 8157 8129
f 8129 8150 8127
f 8127 8152 8130
f 8127 8150 8152
f 8133 8132 7788
f 7800 8133 7788
f 7800 8131 8133
f 8131 8135 8133
f 8131 8155 8135
f 8132 8133 8134
f 8135 8134 8133
f 8134 8135 8136
f 8136 8135 8157
f 8117 8137 7803
f 8137 7809 7803
f 8138 7809 8137
f 7809 8138 8161
f 8502 8161 8138
f 8502 8138 8496
f 8496 8138 8137
f 8119 8139 8140
f 8140 8139 8162
f 8119 8140 8142
f 8140 8162 8142
f 8162 8163 8142
f 8121 8141 8144
f 8120 8142 8141
f 8165 8141 8142
f 8143 8144 8141
f 8143 8145 8144
f 8141 8165 8143
f 8143 8511 8145
f 8146 8168 8167
f 8147 8168 8146
f 8147 8171 8168
f 8125 8152 8147
f 8148 8171 8147
f 8147 8152 8148
f 8149 8157 8158
f 8149 8158 8177
f 8151 8129 8157
f 8174 8151 8149
f 8177 8174 8149
f 8129 8151 8150
f 8157 8149 8151
f 8151 8174 8154
f 8153 8152 8150
f 8150 8151 8153
f 8152 8153 8154
f 8154 8153 8151
f 8155 7806 7808
f 8155 7808 8156
f 8156 7808 8158
f 7808 8176 8158
f 8135 8155 8156
f 8158 8157 8156
f 8135 8156 8157
f 8161 7810 7809
f 8161 8160 7810
f 8160 7816 7810
f 8159 8160 8161
f 8159 8179 8160
f 8502 8159 8161
f 8180 8162 7804
f 8162 8181 8163
f 8164 8142 8163
f 8166 8164 8510
f 8164 8163 8522
f 8522 8510 8164
f 8165 8142 8164
f 8164 8166 8165
f 8165 8166 8143
f 8143 8166 8511
f 8170 8175 8186
f 8175 8191 8186
f 8148 8152 8169
f 8152 8154 8169
f 8154 8175 8169
f 8148 8169 8171
f 8171 8169 8170
f 8169 8175 8170
f 8173 8177 8172
f 8190 8173 8172
f 8173 8174 8177
f 8175 8174 8173
f 8175 8173 8191
f 8190 8191 8173
f 8175 8154 8174
f 8172 8177 7815
f 8176 8177 8158
f 8176 7815 8177
f 7816 8160 8178
f 8179 8178 8160
f 8526 8194 8178
f 8179 8526 8178
f 7818 8182 8180
f 8162 8180 8182
f 8181 8162 8182
f 8522 8181 8182
f 8163 8181 8522
f 8168 7831 7830
f 8183 7831 8168
f 8183 8184 8199
f 8199 8184 8198
f 8184 8185 8198
f 8185 8202 8198
f 8171 8184 8168
f 8168 8184 8183
f 8192 8203 8201
f 8201 8202 8192
f 8202 8186 8192
f 8186 8202 8185
f 8171 8170 8184
f 8170 8186 8184
f 8186 8185 8184
f 8172 7815 7826
f 8187 8172 7826
f 7821 7834 8188
f 8188 7834 8203
f 8190 8172 8187
f 8189 8187 8188
f 8187 7821 8188
f 8192 8189 8203
f 8203 8189 8188
f 8190 8187 8189
f 8191 8190 8189
f 8186 8191 8192
f 8189 8192 8191
f 7827 8194 8193
f 8526 8193 8194
f 8194 7827 7816
f 8205 8195 7818
f 7818 8195 8182
f 8196 8183 8197
f 8196 8197 7840
f 8183 8208 8197
f 8196 7831 8183
f 8199 8198 8208
f 8183 8199 8208
f 7841 8211 8210
f 8210 8211 8198
f 8202 8201 8200
f 7835 8200 8201
f 8201 8203 7835
f 8198 8202 8210
f 7487 7827 8204
f 8204 7850 7487
f 8193 8204 7827
f 8533 8204 8193
f 8204 8533 7850
f 8195 8205 8206
f 8205 8212 8206
f 8206 8212 8207
f 8213 8207 8212
f 8195 8206 8536
f 8207 8536 8206
f 8208 7840 8197
f 7841 8209 8211
f 8208 8198 8209
f 8198 8211 8209
f 8550 7849 7848
f 8550 8547 7849
f 8550 7848 7850
f 7855 8215 8212
f 8213 8212 8215
f 8207 8213 8551
f 7854 7849 8547
f 8213 8215 8555
f 7855 8216 8215
f 8216 8555 8215
f 8216 7855 8218
f 7855 8221 8218
f 8221 8219 8218
f 8219 8216 8218
f 8216 8219 8554
f 8222 8220 9849
f 8220 9867 9849
f 7855 7860 8221
f 9850 8219 8221
f 8223 8221 8225
f 8223 9850 8221
f 8222 9851 7861
f 8225 8221 7867
f 8224 8225 7867
f 9851 7865 7861
f 8226 7865 9851
f 8226 9852 7865
f 9854 8223 8225
f 9853 9854 8225
f 8224 8227 9855
f 8227 9858 9855
f 8230 8229 9859
f 8231 9856 8232
f 8229 7879 9860
f 7879 8235 9860
f 7881 8232 8237
f 7888 7881 8237
f 8235 7879 8234
f 7878 8233 8234
f 8234 8233 8240
f 8235 8234 8241
f 8235 8236 9860
f 8241 8236 8235
f 8237 8238 7888
f 7888 8238 7887
f 8238 8237 9861
f 8242 8238 9861
f 8232 9861 8237
f 7894 8245 8239
f 8239 8245 8246
f 8233 7877 8239
f 8246 8233 8239
f 8234 8240 8241
f 8241 8240 8249
f 8249 8240 8248
f 8233 8248 8240
f 8241 8243 8236
f 9861 9862 8242
f 8557 8242 9862
f 8241 8556 8243
f 8243 8556 8557
f 8238 8242 8244
f 8244 8242 8557
f 8571 8244 8557
f 8253 7892 7911
f 7893 8253 8255
f 7894 8255 8245
f 8245 8255 8246
f 8233 8246 8248
f 8556 8241 8247
f 8241 8249 8247
f 8247 8249 8556
f 8556 8249 8557
f 8571 7906 8244
f 9863 9847 8560
f 8560 8252 9863
f 8251 9864 8250
f 8250 9864 8566
f 8562 8252 8560
f 7911 8577 8253
f 7893 7892 8253
f 8577 8254 8253
f 8255 8253 8254
f 8255 8254 8568
f 8246 8255 8568
f 7908 7923 9869
f 9869 7923 8573
f 9864 8562 8566
f 7916 8566 8256
f 8250 8566 7916
f 8256 8566 7925
f 8576 8257 7918
f 8257 8577 7911
f 8576 8577 8257
f 7914 8262 7913
f 7915 8262 7914
f 8266 8258 8571
f 8566 8259 7925
f 8566 8268 8259
f 8268 8566 8582
f 7605 8275 8260
f 8260 8576 7918
f 8261 8278 7920
f 8279 8278 8261
f 8279 8261 8280
f 7913 8262 8261
f 8280 8261 8262
f 8263 8262 7915
f 8263 8281 8262
f 8280 8262 8590
f 8262 8281 8590
f 8263 7915 8265
f 8264 8263 8265
f 8263 8264 8281
f 8265 8283 8264
f 8282 8281 8264
f 8265 7623 8283
f 7595 7623 8265
f 8266 8267 8258
f 8266 8618 8267
f 8579 7929 8596
f 8269 8598 8270
f 8270 8271 7939
f 8598 8271 8270
f 8598 8601 8271
f 7941 8272 7942
f 7940 8271 7941
f 8272 7941 8290
f 8273 7942 8272
f 8274 8584 7945
f 8584 8275 7945
f 8275 8585 8260
f 8294 8293 8276
f 8277 8294 8276
f 7919 7920 8276
f 7920 8277 8276
f 7920 8278 8277
f 8277 8587 8296
f 8279 8277 8278
f 8592 8591 8281
f 8283 8282 8264
f 8283 8284 8282
f 8282 8592 8281
f 8283 7623 8285
f 8283 8285 8284
f 8285 8299 8284
f 7947 8618 8617
f 8267 8618 7947
f 7947 7948 8267
f 8286 7929 7646
f 7929 8286 8620
f 8620 8596 7929
f 8287 7954 7956
f 8287 8307 7954
f 8288 8309 8287
f 8271 8290 7941
f 8601 8290 8271
f 8290 8291 8272
f 8602 8291 8290
f 8272 8291 8273
f 8319 8318 8292
f 8292 8318 7962
f 8276 8292 7919
f 8276 8293 8292
f 8293 8294 8325
f 8294 8295 8325
f 8277 8296 8294
f 8294 8296 8604
f 8294 8604 8295
f 8615 8298 8612
f 8297 8284 8299
f 8297 8300 8298
f 8299 8300 8297
f 8285 8301 8299
f 8301 8302 8299
f 8334 8302 7963
f 8334 7963 8335
f 8300 8299 8302
f 7947 8303 7964
f 8336 8303 7947
f 8336 7947 8629
f 8286 7646 8304
f 8286 8304 8619
f 8305 7955 8307
f 8307 8308 8305
f 8305 8308 8306
f 8306 8308 8338
f 8338 8308 8340
f 8308 8310 8340
f 8287 8309 8307
f 8310 8308 8307
f 8307 8309 8310
f 8312 8309 8288
f 8312 8311 8309
f 8309 8311 8310
f 8311 8342 8310
f 8312 8313 8311
f 8311 8313 8344
f 8311 8344 8342
f 8312 8288 8314
f 8312 8352 8313
f 8313 8350 8344
f 8312 8314 8315
f 8315 8314 8316
f 8352 8312 8315
f 8289 7960 8316
f 8289 8316 8314
f 8316 8317 8315
f 8352 8317 8354
f 8352 8315 8317
f 8318 8316 7961
f 8318 8317 8316
f 8354 8317 8320
f 8318 8319 8317
f 8319 8320 8317
f 8354 8320 8355
f 8292 8321 8319
f 8321 8320 8319
f 8321 8292 8293
f 8325 8322 8356
f 8321 8293 8320
f 8293 8325 8320
f 8320 8325 8357
f 8325 8356 8357
f 8324 8322 8325
f 8322 8324 8358
f 8323 8358 8324
f 8295 8327 8325
f 8327 8324 8325
f 8323 8324 8328
f 8328 8324 8326
f 8327 8326 8324
f 8327 8605 8326
f 8329 8328 8326
f 8622 8361 8329
f 8623 8330 8622
f 8331 8332 8363
f 8330 8331 8363
f 8612 8332 8331
f 8331 8330 8623
f 8364 8363 8332
f 8332 8298 8333
f 8333 8364 8332
f 8612 8298 8332
f 8300 8333 8298
f 8335 8300 8334
f 8300 8335 8333
f 8364 8333 8335
f 8300 8302 8334
f 8629 8367 8336
f 8336 7987 8303
f 8630 8304 8337
f 8619 8304 8630
f 8630 8337 8647
f 8338 8340 8339
f 8339 8343 8368
f 8343 8339 8340
f 8310 8342 8340
f 8343 8341 8368
f 8342 8343 8340
f 8343 8342 8345
f 8343 8345 8341
f 8344 8345 8342
f 8341 8347 8369
f 8347 8348 8369
f 8344 8350 8346
f 8344 8346 8345
f 8346 8347 8345
f 8350 8351 8346
f 8341 8345 8347
f 8346 8351 8348
f 8348 8347 8346
f 8352 8350 8313
f 8348 8351 8349
f 8352 8353 8350
f 8350 8353 8351
f 8353 8355 8351
f 8355 8349 8351
f 8355 8377 8349
f 8352 8354 8353
f 8354 8355 8353
f 8377 8355 8357
f 8380 8379 8356
f 8355 8320 8357
f 8356 7998 8380
f 8322 7998 8356
f 8328 7976 8323
f 7976 8328 8359
f 8328 8329 8359
f 8360 7977 8359
f 8360 8359 8361
f 8361 8359 8329
f 7978 7977 8360
f 7978 8360 8361
f 8330 8361 8622
f 8363 8361 8330
f 8362 7978 8361
f 8362 8361 8363
f 8363 7979 8362
f 7979 8363 8364
f 7981 8364 8335
f 8365 8366 8367
f 8367 8644 8365
f 8366 7987 8367
f 7987 8336 8367
f 7989 8646 8337
f 8391 8646 7989
f 8337 8646 8647
f 7996 7994 8368
f 8341 8369 7996
f 8341 7996 8368
f 7996 8371 8370
f 7996 8369 8371
f 8371 8369 8372
f 8372 8369 8348
f 8370 8371 8373
f 8372 8373 8371
f 8349 8372 8348
f 8375 8374 8373
f 8373 8372 8375
f 8349 8377 8375
f 8375 8372 8349
f 8376 8012 8374
f 8012 8010 8374
f 8375 8377 8376
f 8374 8375 8376
f 8012 8376 8379
f 8378 8379 8376
f 8376 8377 8378
f 8378 8356 8379
f 8357 8378 8377
f 8356 8378 8357
f 8379 8380 7997
f 7997 8380 7999
f 7998 7999 8380
f 8635 8634 8016
f 8657 8636 8383
f 7693 8384 8017
f 8383 8017 8657
f 8017 8384 8657
f 8385 8384 8398
f 8384 8385 8658
f 8019 8385 8398
f 8386 8639 8385
f 8387 8659 8386
f 8388 8390 8662
f 8024 8390 8388
f 8389 8024 8025
f 8389 8390 8024
f 8365 8390 8389
f 8662 8390 8365
f 8389 7670 8004
f 8389 8004 8366
f 8365 8389 8366
f 8366 8004 7987
f 8393 8392 8006
f 8392 8391 8006
f 8391 8392 8649
f 8649 8646 8391
f 8393 8663 8392
f 8401 8394 8393
f 8664 8393 8394
f 8664 8394 8665
f 8402 8669 8395
f 8395 8665 8394
f 8665 8395 8667
f 8667 8395 8669
f 8405 8396 8671
f 8397 8655 8396
f 8381 8655 8397
f 8382 8381 8033
f 8019 8386 8385
f 8020 8399 8019
f 8019 8399 8386
f 8386 8399 8387
f 8400 8399 8020
f 8399 8400 8387
f 8388 8387 8400
f 8400 8022 8388
f 8022 8024 8388
f 8393 8028 8401
f 8394 8401 8395
f 8401 8402 8395
f 8403 8669 8402
f 8037 8668 8403
f 8037 8404 8668
f 8404 8671 8668
f 8405 8671 8404
f 8030 8397 8396
f 8406 8042 8412
f 8050 8406 8052
f 8052 8406 8411
f 8052 8411 8407
f 8411 8415 8407
f 8058 8424 8425
f 8408 8425 8427
f 8408 8412 8059
f 8412 8408 8409
f 8412 8409 8410
f 8409 8408 8427
f 8427 8430 8409
f 8410 8409 8430
f 8411 8406 8412
f 8411 8412 8414
f 8411 8414 8413
f 8412 8410 8414
f 8415 8672 8407
f 8413 8415 8411
f 8672 8415 8413
f 8672 8413 8414
f 8417 8416 8418
f 8672 8439 8407
f 8417 8418 8422
f 8418 8416 8419
f 8439 8419 8407
f 8420 8419 8439
f 8423 8418 8419
f 8419 8420 8423
f 8443 8441 8421
f 8421 8417 8422
f 8422 8443 8421
f 8418 8423 8422
f 8422 8423 8443
f 8424 8062 8426
f 8425 8424 8427
f 8427 8424 8429
f 8424 8428 9865
f 8428 8424 8426
f 8427 8429 8430
f 9865 8428 8431
f 8429 8431 8430
f 8430 8431 8432
f 8431 8428 8426
f 8426 8434 8431
f 8431 8434 8432
f 8430 8432 8433
f 8426 8458 8436
f 8430 8433 8410
f 8433 8437 8410
f 8434 8433 8432
f 8433 8434 8435
f 8433 8435 8437
f 8426 8436 8434
f 8434 8436 9866
f 9866 8436 8437
f 8410 8437 8414
f 8436 8438 8437
f 8439 8676 8420
f 8441 8440 8421
f 8447 8423 8420
f 8423 8447 8443
f 8676 8675 8420
f 8420 8675 8447
f 8442 8440 8441
f 8442 8450 8440
f 8443 8444 8441
f 8444 8442 8441
f 8443 8445 8444
f 8444 8445 8446
f 8443 8447 8445
f 8448 8445 8447
f 8448 8446 8445
f 8448 8456 8446
f 8678 8448 8447
f 8679 8448 8678
f 8679 8456 8448
f 8449 8440 8450
f 8449 8451 8070
f 8452 8442 8444
f 8452 8450 8442
f 8450 8452 8453
f 8450 8453 8451
f 8451 8449 8450
f 8451 8453 8463
f 8452 8444 8446
f 8454 8452 8446
f 8454 8453 8452
f 8454 8455 8453
f 8463 8453 8455
f 8456 8454 8446
f 8456 8457 8454
f 8454 8457 8455
f 8691 8455 8457
f 8456 8681 8457
f 8681 8691 8457
f 8458 8471 8479
f 8438 8436 8458
f 8438 8458 8459
f 8459 8682 8437
f 8459 8458 8682
f 8437 8438 8459
f 8682 8458 8479
f 8070 8451 8461
f 8461 8460 8070
f 8461 8462 8460
f 8461 8451 8463
f 8464 8461 8463
f 8468 8462 8461
f 8464 8468 8461
f 8463 8455 8465
f 8463 8465 8464
f 8692 8464 8465
f 8464 8692 8470
f 8455 8691 8465
f 8465 8691 8692
f 8467 8472 8466
f 8472 8467 8473
f 8466 8460 8462
f 8462 8467 8466
f 8468 8467 8462
f 8469 8467 8468
f 8473 8467 8469
f 8468 8464 8470
f 8470 8469 8468
f 8469 8470 8475
f 8470 8476 8475
f 8470 8692 8698
f 8470 8698 8476
f 8479 8471 8075
f 8474 8087 8473
f 8473 8475 8474
f 8475 8473 8469
f 8477 8474 8475
f 8475 8476 8477
f 8476 8710 8477
f 8476 8698 8710
f 8711 8477 8710
f 8478 8479 8075
f 8478 8480 8479
f 8480 8699 8479
f 8087 8086 8473
f 8482 8477 8711
f 8094 8480 8478
f 8484 8480 8094
f 8474 8486 8087
f 8481 8486 8474
f 8481 8488 8486
f 8481 8474 8477
f 8482 8481 8477
f 8482 8489 8481
f 8482 8483 8489
f 8720 8482 8711
f 8720 8483 8482
f 8484 8094 8493
f 8493 8485 8484
f 8485 8480 8484
f 8488 8487 8486
f 8488 8495 8487
f 8490 8495 8488
f 8481 8489 8488
f 8489 8490 8488
f 8491 8490 8489
f 8483 8491 8489
f 8728 8490 8491
f 8493 8093 8100
f 8498 8493 8100
f 8493 8498 8492
f 8494 8492 8499
f 8493 8492 8494
f 8493 8494 8485
f 8485 8494 8727
f 8500 8727 8494
f 8490 8496 8495
f 8490 8728 8496
f 8498 8497 8505
f 8499 8498 8505
f 8497 8503 8505
f 8492 8498 8499
f 8494 8499 8500
f 8500 8499 8736
f 8501 8509 8507
f 8731 8732 8501
f 8732 8509 8501
f 8501 8502 8496
f 8496 8731 8501
f 8497 8145 8503
f 8503 8145 8514
f 8505 8503 8504
f 8505 8504 8506
f 8503 8514 8504
f 8499 8505 8506
f 8736 8499 8506
f 8736 8506 8518
f 8502 8507 8159
f 8507 8521 8159
f 8502 8501 8507
f 8509 8508 8507
f 8508 8521 8507
f 8509 8734 8508
f 8166 8510 8512
f 8510 8523 8512
f 8512 8511 8166
f 8513 8514 8511
f 8514 8513 8515
f 8511 8512 8513
f 8145 8511 8514
f 8504 8514 8515
f 8504 8515 8516
f 8506 8504 8516
f 8516 8515 8524
f 8517 8506 8516
f 8506 8517 8518
f 8516 8524 8517
f 8517 8740 8518
f 8520 8519 8508
f 8520 8528 8519
f 8508 8734 8520
f 8734 8738 8520
f 8521 8179 8159
f 8519 8526 8179
f 8521 8519 8179
f 8508 8519 8521
f 8523 8531 8512
f 8510 8522 8523
f 8523 8522 8531
f 8531 8513 8512
f 8513 8531 8515
f 8531 8532 8515
f 8532 8745 8515
f 8515 8745 8525
f 8515 8525 8524
f 8525 8740 8524
f 8517 8524 8740
f 8526 8527 8193
f 8193 8527 8533
f 8519 8527 8526
f 8528 8527 8519
f 8528 8534 8527
f 8738 8528 8520
f 8742 8743 8528
f 8743 8534 8528
f 8738 8742 8528
f 8195 8529 8182
f 8522 8182 8529
f 8529 8195 8536
f 8522 8529 8531
f 8536 8537 8529
f 8529 8530 8531
f 8537 8530 8529
f 8530 8543 8531
f 8531 8543 8532
f 7850 8533 8550
f 8550 8534 8535
f 8533 8534 8550
f 8534 8533 8527
f 8551 8536 8207
f 8551 8538 8536
f 8537 8538 8539
f 8536 8538 8537
f 8551 8539 8538
f 8540 8530 8537
f 8530 8540 8541
f 8539 8540 8537
f 8540 8539 8552
f 8540 8552 8544
f 8541 8543 8530
f 8541 8540 8542
f 8542 8540 8544
f 8543 8541 8766
f 8541 8542 8766
f 8766 8542 8544
f 8532 8543 8766
f 8214 8767 8553
f 8767 8214 8545
f 8546 8769 8545
f 8548 8549 8547
f 7854 8547 8549
f 8546 8545 7854
f 8549 8546 7854
f 8550 8548 8547
f 8762 8548 8535
f 8548 8550 8535
f 8762 8549 8548
f 8555 8551 8213
f 8551 8555 8552
f 8552 9868 8544
f 8552 8539 8551
f 8544 8217 8553
f 8214 8553 8217
f 8216 8554 8555
f 9868 9867 8220
f 9868 8220 8217
f 9868 8217 8544
f 8558 8246 8568
f 8248 8246 8558
f 8248 8558 8249
f 8249 8558 8569
f 8249 8559 8557
f 8559 8249 8569
f 8557 8559 8570
f 8562 8560 8563
f 8563 9869 8561
f 8573 8561 9869
f 8563 8561 8565
f 8562 8563 8564
f 8564 8563 8565
f 8561 8573 8565
f 8562 8567 8566
f 8564 8575 8562
f 8575 8567 8562
f 8770 8254 8577
f 8770 8778 8254
f 8254 8778 8568
f 8568 8773 8772
f 8558 8568 8772
f 8559 8569 8570
f 8569 8558 8772
f 8570 8569 8772
f 8570 8266 8571
f 8557 8570 8571
f 8570 8772 8266
f 8565 8572 8574
f 8565 8574 8564
f 8565 8573 8572
f 8572 8573 8579
f 8572 8579 8574
f 8564 8574 8575
f 8574 8580 8575
f 8580 8581 8575
f 8567 8582 8566
f 8575 8581 8567
f 8576 8586 8577
f 8586 8887 8770
f 8586 8770 8577
f 8772 8578 8266
f 8266 8595 8618
f 8579 8596 8784
f 8574 8579 8785
f 8582 8567 8581
f 8574 8785 8580
f 8583 8582 8581
f 8580 8597 8581
f 8599 8582 8583
f 8581 8597 8583
f 8599 8583 8597
f 8582 8598 8269
f 8598 8582 8599
f 8275 8584 8585
f 8584 8792 8585
f 8792 8884 8585
f 8585 8775 8260
f 8585 8884 8775
f 8260 8775 8576
f 8586 8576 8775
f 8587 8277 8279
f 8588 8587 8279
f 8587 8588 8607
f 8280 8588 8279
f 8280 8589 8588
f 8280 8590 8589
f 8613 8589 8590
f 8588 8589 8609
f 8589 8613 8609
f 8590 8281 8591
f 8591 8592 8593
f 8613 8590 8591
f 8593 8613 8591
f 8592 8594 8593
f 8282 8594 8592
f 8282 8284 8594
f 8594 8615 8593
f 8594 8297 8615
f 8297 8594 8284
f 8783 8782 8578
f 8266 8578 8595
f 8578 8782 8595
f 8782 8616 8618
f 8595 8782 8618
f 8286 8619 8620
f 8596 8620 8784
f 8785 8786 8580
f 8597 8788 8599
f 8600 8598 8599
f 8788 8600 8599
f 8789 8600 8788
f 8598 8600 8601
f 8602 8601 8600
f 8600 8815 8602
f 8815 8600 8789
f 8602 8290 8601
f 8291 8603 8273
f 8602 8790 8291
f 8273 8603 8274
f 8603 8291 8790
f 8790 8880 8603
f 8603 8584 8274
f 8603 8791 8584
f 8295 8605 8327
f 8587 8604 8296
f 8604 8606 8295
f 8295 8606 8605
f 8606 8621 8605
f 8621 8622 8329
f 8587 8607 8604
f 8607 8606 8604
f 8606 8608 8621
f 8621 8608 8622
f 8588 8609 8607
f 8607 8609 8606
f 8606 8609 8608
f 8608 8609 8611
f 8608 8611 8622
f 8610 8623 8611
f 8610 8612 8623
f 8609 8613 8610
f 8609 8610 8611
f 8593 8615 8614
f 8614 8615 8612
f 8610 8614 8612
f 8593 8614 8613
f 8613 8614 8610
f 8297 8298 8615
f 8826 8626 8616
f 8618 8616 8617
f 8616 8626 8617
f 8626 8629 8617
f 8617 8629 7947
f 8620 8619 8632
f 8619 8630 8632
f 8620 8632 8802
f 8605 8621 8326
f 8621 8329 8326
f 8611 8623 8622
f 8331 8623 8612
f 8843 8641 8642
f 8626 8826 8627
f 8826 8624 8627
f 8627 8624 8628
f 8643 8628 8624
f 8624 8642 8643
f 8627 8625 8626
f 8628 8625 8627
f 8629 8644 8367
f 8625 8629 8626
f 8625 8644 8629
f 8647 8631 8630
f 8630 8631 8632
f 8631 8827 8632
f 8655 8381 8633
f 8656 8655 8633
f 8382 8634 8633
f 8635 8839 8634
f 8635 8637 8839
f 8634 8839 8633
f 8636 8637 8635
f 8638 8637 8636
f 8638 8840 8637
f 8821 8637 8840
f 8657 8840 8638
f 8639 8840 8658
f 8840 8639 8841
f 8842 8841 8639
f 8842 8639 8659
f 8660 8842 8659
f 8659 8387 8660
f 8842 8660 8641
f 8662 8640 8661
f 8661 8640 8641
f 8640 8643 8642
f 8641 8640 8642
f 8645 8643 8640
f 8662 8645 8640
f 8628 8643 8645
f 8662 8365 8645
f 8365 8644 8645
f 8645 8644 8628
f 8625 8628 8644
f 8646 8648 8647
f 8648 8646 8649
f 8631 8647 8648
f 8631 8648 8828
f 8649 8663 8650
f 8648 8649 8651
f 8649 8650 8651
f 8650 8652 8651
f 8648 8651 8828
f 8844 8828 8651
f 8844 8651 8652
f 8653 8652 8666
f 8652 8653 8845
f 8671 8836 8654
f 8655 8656 8396
f 8837 8671 8396
f 8656 8837 8396
f 8381 8382 8633
f 8636 8635 8383
f 8657 8638 8636
f 8658 8657 8384
f 8658 8840 8657
f 8658 8385 8639
f 8386 8659 8639
f 8660 8387 8661
f 8661 8641 8660
f 8662 8661 8388
f 8387 8388 8661
f 8663 8649 8392
f 8664 8663 8393
f 8664 8650 8663
f 8650 8664 8666
f 8666 8652 8650
f 8664 8665 8666
f 8653 8665 8667
f 8665 8653 8666
f 8667 8670 8653
f 8669 8403 8670
f 8403 8668 8670
f 8668 8654 8670
f 8670 8667 8669
f 8847 8670 8654
f 8668 8671 8654
f 8683 8414 8437
f 8676 8439 8672
f 8672 8414 8674
f 8672 8674 8673
f 8672 8673 8676
f 8676 8673 8677
f 8674 8414 8684
f 8674 8685 8673
f 8678 8447 8675
f 8676 8677 8675
f 8675 8677 8680
f 8673 8685 8677
f 8678 8680 8679
f 8680 8687 8679
f 8675 8680 8678
f 8680 8677 8688
f 8456 8679 8681
f 8681 8679 8687
f 8683 8437 8682
f 8683 8682 8700
f 8684 8414 8700
f 8414 8683 8700
f 8685 8684 8701
f 8674 8684 8685
f 8685 8689 8677
f 8685 8686 8689
f 8686 8685 8701
f 8702 8686 8701
f 8680 8688 8687
f 8689 8688 8677
f 8696 8687 8688
f 8688 8690 8696
f 8690 8697 8696
f 8690 8688 8689
f 8686 8702 8689
f 8689 8702 8690
f 8690 8707 8697
f 8702 8707 8690
f 8681 8693 8691
f 8693 8692 8691
f 8694 8698 8692
f 8693 8681 8687
f 8694 8693 8695
f 8692 8693 8694
f 8694 8703 8698
f 8696 8693 8687
f 8695 8693 8696
f 8697 8695 8696
f 8694 8695 8697
f 8694 8697 8705
f 8697 8708 8705
f 8699 8682 8479
f 8682 8699 8700
f 8699 8849 8700
f 8684 8848 8701
f 8848 8684 8700
f 8702 8701 8851
f 8851 8707 8702
f 8710 8698 8703
f 8711 8710 8703
f 8703 8704 8711
f 8694 8705 8703
f 8703 8705 8704
f 8705 8706 8704
f 8712 8706 8713
f 8706 8712 8704
f 8704 8712 8711
f 8705 8708 8706
f 8697 8707 8708
f 8706 8708 8709
f 8708 8707 8709
f 8706 8709 8713
f 8699 8480 8849
f 8712 8713 8718
f 8709 8719 8713
f 8849 8480 8714
f 8714 8850 8849
f 8709 8707 8856
f 8709 8715 8719
f 8716 8720 8712
f 8724 8720 8716
f 8712 8718 8716
f 8717 8716 8718
f 8724 8716 8717
f 8719 8726 8717
f 8713 8719 8718
f 8719 8717 8718
f 8711 8712 8720
f 8724 8483 8720
f 8721 8480 8485
f 8721 8714 8480
f 8723 8485 8722
f 8721 8485 8723
f 8727 8722 8485
f 8721 8723 8714
f 8722 8852 8723
f 8861 8852 8722
f 8726 8715 8860
f 8860 8715 8856
f 8483 8724 8491
f 8724 8728 8491
f 8729 8728 8724
f 8725 8724 8717
f 8729 8724 8725
f 8725 8717 8726
f 8719 8715 8726
f 8861 8722 8727
f 8861 8727 8859
f 8725 8726 8733
f 8733 8726 8730
f 8860 8730 8726
f 8728 8731 8496
f 8729 8731 8728
f 8729 8725 8733
f 8729 8733 8731
f 8859 8727 8869
f 8735 8732 8733
f 8733 8730 8735
f 8733 8732 8731
f 8869 8500 8736
f 8500 8869 8727
f 8734 8732 8735
f 8739 8734 8735
f 8730 8865 8735
f 8739 8735 8866
f 8509 8732 8734
f 8736 8518 8740
f 8869 8736 8870
f 8738 8737 8742
f 8739 8737 8738
f 8737 8739 8872
f 8739 8738 8734
f 8740 8752 8756
f 8874 8740 8756
f 8765 8873 8761
f 8763 8743 8741
f 8764 8763 8741
f 8764 8741 8765
f 8876 8741 8744
f 8765 8741 8876
f 8765 8876 8873
f 8743 8535 8534
f 8744 8743 8742
f 8744 8742 8737
f 8744 8741 8743
f 8532 8766 8745
f 8745 8544 8749
f 8525 8747 8746
f 8525 8745 8749
f 8749 8747 8525
f 8740 8525 8746
f 8746 8752 8740
f 8746 8747 8748
f 8746 8748 8751
f 8752 8746 8751
f 8748 8747 8749
f 8750 9870 9871
f 9872 9870 8750
f 8553 9873 8750
f 8768 9873 8553
f 8768 8769 8754
f 8752 8753 8756
f 9873 8768 8754
f 8752 8751 8753
f 8753 8751 9874
f 8756 8753 9874
f 8756 9874 8757
f 9875 8754 8769
f 8759 8755 8769
f 8755 8759 8760
f 8769 8755 9875
f 8549 8762 8758
f 8758 8759 8546
f 8759 8758 8760
f 8760 8758 8764
f 8758 8762 8764
f 8765 8760 8764
f 8765 8761 8760
f 8535 8763 8762
f 8743 8763 8535
f 8763 8764 8762
f 8766 8544 8745
f 9871 8544 8553
f 8750 9871 8553
f 8545 8769 8767
f 8553 8767 8768
f 8767 8769 8768
f 8549 8758 8546
f 8759 8769 8546
f 8778 8773 8568
f 8774 8578 8772
f 8774 8772 8773
f 8774 8773 8778
f 8771 8783 8774
f 8578 8774 8783
f 8778 8771 8774
f 8783 8771 8780
f 8887 8586 8775
f 8796 8887 8775
f 8776 8770 8887
f 8778 8770 8779
f 8770 8776 8779
f 8778 8779 8781
f 8777 8798 8779
f 8779 8798 8797
f 8778 8781 8771
f 8780 8771 8781
f 8781 8797 8780
f 8781 8779 8797
f 8780 8800 8783
f 8797 8800 8780
f 8784 8620 8802
f 8579 8784 8803
f 8579 8787 8785
f 8579 8803 8787
f 8787 8803 8806
f 8785 8787 8786
f 8786 8787 8806
f 8580 8786 8597
f 8786 8788 8597
f 8810 8786 8806
f 8786 8810 8788
f 8788 8810 8789
f 8812 8789 8810
f 8812 8815 8789
f 8817 8602 8815
f 8790 8602 8817
f 8817 8878 8790
f 8878 8880 8790
f 8882 8791 8603
f 8880 8882 8603
f 8882 8792 8791
f 8791 8792 8584
f 8792 8883 8793
f 9877 9886 8794
f 8794 9886 8820
f 8792 8885 8884
f 9877 8794 9887
f 8794 8795 9887
f 8885 8796 8884
f 8795 8822 9887
f 8884 8796 8775
f 8886 8796 8885
f 8888 8886 8822
f 8888 8822 8823
f 8823 8889 8888
f 8779 8889 8777
f 8777 8889 8824
f 8824 8889 8823
f 8777 8824 8798
f 8824 8825 8798
f 8797 8798 8799
f 8797 8799 8800
f 8801 8783 8800
f 8799 8801 8800
f 8799 8825 8624
f 8798 8825 8799
f 8783 8801 8782
f 8782 8801 8616
f 8801 8826 8616
f 8801 8799 8826
f 8802 8632 8827
f 8784 8802 8804
f 8803 8784 8804
f 8803 8804 8805
f 8803 8805 8806
f 8804 8829 8805
f 8829 8830 8805
f 8808 8806 8805
f 8830 8807 8805
f 8805 8807 8809
f 8810 8806 8808
f 8805 8809 8808
f 8808 8809 8835
f 8811 8808 8835
f 8808 8811 8810
f 8814 8811 8836
f 8810 8813 8812
f 8816 8812 8813
f 8813 8810 8811
f 9878 8814 8816
f 8811 8814 9878
f 8837 8814 8836
f 8817 8815 8816
f 8812 8816 8815
f 8837 8818 8814
f 8816 8814 8818
f 8816 8818 8817
f 8890 8818 8837
f 8890 8837 8879
f 8837 8838 8819
f 8837 8819 8879
f 9886 8819 8838
f 8819 8881 8879
f 8819 9886 8881
f 8820 8838 8656
f 8820 9886 8838
f 8633 8839 8794
f 8794 8839 8821
f 8794 8821 8795
f 8821 8840 8822
f 8821 8822 8795
f 8841 8822 8840
f 8841 8842 8822
f 8842 8823 8822
f 8824 8823 8825
f 8825 8823 8843
f 8843 8823 8842
f 8825 8642 8624
f 8825 8843 8642
f 8624 8826 8799
f 8804 8802 8827
f 8827 8631 8828
f 8831 8828 8844
f 8829 8804 8827
f 8830 8829 8828
f 8827 8828 8829
f 8828 8831 8830
f 8845 8832 8831
f 8832 8845 8846
f 8832 8830 8831
f 8832 8846 8833
f 8807 8833 8809
f 8807 8830 8832
f 8807 8832 8833
f 8833 8846 8834
f 8846 8847 8834
f 8833 8834 8835
f 8835 8809 8833
f 8834 8847 8836
f 8835 8834 8836
f 8811 8835 8836
f 8671 8837 8836
f 8838 8837 8656
f 8656 8633 8820
f 8820 8633 8794
f 8821 8839 8637
f 8842 8641 8843
f 8844 8652 8845
f 8844 8845 8831
f 8845 8653 8846
f 8846 8653 8670
f 8847 8846 8670
f 8836 8847 8654
f 8700 8849 8848
f 8850 8848 8849
f 8848 8851 8701
f 8850 8851 8848
f 8851 8850 8853
f 8851 8853 8707
f 8709 8856 8715
f 8714 8723 8850
f 8850 8723 8852
f 8850 8852 8853
f 8853 8852 8854
f 8854 8855 8853
f 8853 8855 8707
f 8856 8707 8855
f 8861 8854 8852
f 8856 8855 8857
f 8854 8861 8857
f 8854 8857 8855
f 8857 8858 8856
f 8857 8861 8858
f 8866 8735 8865
f 8862 8860 8856
f 8859 8869 8867
f 8862 8865 8860
f 8862 8856 8864
f 9880 8859 8863
f 8864 9879 8862
f 8859 8867 8863
f 9879 8867 8862
f 9880 8858 8861
f 8859 9880 8861
f 8856 8858 8864
f 8865 8730 8860
f 8868 8866 8865
f 8872 8739 8866
f 8868 8869 8866
f 8869 8872 8866
f 8862 8867 8868
f 8862 8868 8865
f 8867 8869 8868
f 8744 8737 8871
f 8875 8871 8870
f 8875 8876 8871
f 8871 8876 8744
f 8737 8872 8871
f 8870 8871 8869
f 8869 8871 8872
f 8736 8740 8875
f 8740 8874 8875
f 8874 8873 8875
f 8873 8874 8877
f 8873 9881 8761
f 8756 8877 8874
f 8870 8736 8875
f 8875 8873 8876
f 8756 8757 8877
f 9881 9875 8755
f 8755 8760 9881
f 9881 8760 8761
f 8779 8776 8887
f 8887 8889 8779
f 8818 9882 8817
f 8890 9882 8818
f 9883 8880 8878
f 8880 9883 9884
f 9882 8890 8879
f 8882 8880 9884
f 9886 9876 9885
f 9885 8881 9886
f 8885 8792 8793
f 8886 9887 8822
f 8887 8796 8886
f 8887 8886 8888
f 8887 8888 8889
